n_km,e_km,befolkning
3497,4445,15
3497,4446,93
3497,4447,1
3497,4448,6
3498,4445,430
3498,4446,156
3498,4447,4
3498,4448,4
3499,4445,17
3499,4446,19
3499,4447,14
3499,4448,9
3500,4445,5
3500,4446,10
3500,4447,28
3500,4448,8
3501,4445,13
3501,4446,127
3501,4447,27
3501,4448,5
3502,4416,1
3502,4444,15
3502,4445,5
3503,4412,3
3503,4443,13
3503,4444,11
3504,4411,2
3504,4412,32
3504,4413,5
3504,4415,7
3504,4418,2
3504,4420,1
3504,4443,60
3504,4444,57
3505,4411,6
3505,4412,12
3505,4413,1
3505,4415,14
3505,4416,9
3505,4417,21
3505,4418,14
3505,4419,20
3505,4420,29
3505,4443,33
3505,4444,6
3506,4407,45
3506,4408,343
3506,4409,2
3506,4410,9
3506,4411,15
3506,4412,11
3506,4413,7
3506,4414,12
3506,4415,31
3506,4416,16
3506,4417,20
3506,4418,11
3506,4419,4
3506,4420,4
3506,4432,8
3506,4433,22
3506,4434,3
3506,4435,17
3506,4436,9
3506,4437,12
3506,4438,1
3506,4439,2
3506,4442,4
3506,4443,32
3506,4446,72
3506,4447,35
3507,4407,55
3507,4408,374
3507,4409,360
3507,4410,8
3507,4411,1
3507,4412,1
3507,4413,21
3507,4414,3
3507,4416,16
3507,4417,144
3507,4418,27
3507,4419,3
3507,4422,13
3507,4423,5
3507,4424,2
3507,4427,7
3507,4429,9
3507,4430,39
3507,4432,380
3507,4433,269
3507,4434,17
3507,4435,34
3507,4436,40
3507,4437,23
3507,4438,21
3507,4441,6
3507,4442,11
3507,4443,14
3507,4446,83
3507,4447,56
3508,4406,2
3508,4407,6
3508,4408,6
3508,4409,445
3508,4410,10
3508,4411,3
3508,4412,17
3508,4413,23
3508,4414,63
3508,4415,11
3508,4416,22
3508,4417,127
3508,4418,5
3508,4419,5
3508,4420,4
3508,4421,2
3508,4422,5
3508,4423,14
3508,4424,15
3508,4425,2
3508,4427,4
3508,4428,13
3508,4429,17
3508,4430,29
3508,4431,3
3508,4432,495
3508,4433,172
3508,4434,8
3508,4435,21
3508,4436,9
3508,4437,1
3508,4441,8
3508,4442,8
3508,4443,22
3508,4446,50
3508,4447,40
3509,4405,21
3509,4406,6
3509,4408,18
3509,4409,39
3509,4410,293
3509,4411,10
3509,4412,23
3509,4413,3
3509,4414,44
3509,4415,28
3509,4416,8
3509,4417,11
3509,4419,3
3509,4420,1
3509,4421,9
3509,4422,4
3509,4423,8
3509,4424,5
3509,4425,11
3509,4427,7
3509,4428,15
3509,4429,23
3509,4430,49
3509,4431,10
3509,4433,13
3509,4434,23
3509,4435,6
3509,4436,3
3509,4442,10
3509,4443,120
3509,4444,7
3509,4445,3
3509,4446,36
3509,4447,100
3510,4406,2
3510,4408,3
3510,4409,64
3510,4410,1131
3510,4411,230
3510,4412,19
3510,4413,20
3510,4414,5
3510,4415,7
3510,4416,21
3510,4417,29
3510,4419,3
3510,4420,18
3510,4421,10
3510,4422,111
3510,4423,10
3510,4424,21
3510,4425,37
3510,4426,14
3510,4427,11
3510,4428,60
3510,4429,6
3510,4430,6
3510,4431,7
3510,4432,74
3510,4433,21
3510,4434,20
3510,4435,12
3510,4436,11
3510,4437,5
3510,4438,2
3510,4439,12
3510,4440,5
3510,4442,10
3510,4443,19
3510,4444,17
3510,4446,58
3510,4447,185
3511,4401,13
3511,4402,32
3511,4403,10
3511,4404,2
3511,4405,1
3511,4407,6
3511,4409,12
3511,4410,144
3511,4411,180
3511,4413,6
3511,4414,41
3511,4415,8
3511,4416,22
3511,4418,11
3511,4420,21
3511,4421,32
3511,4422,37
3511,4423,60
3511,4424,11
3511,4425,160
3511,4426,88
3511,4427,10
3511,4428,104
3511,4429,4
3511,4430,29
3511,4431,39
3511,4432,313
3511,4433,138
3511,4434,26
3511,4435,11
3511,4436,21
3511,4437,21
3511,4438,13
3511,4443,25
3511,4444,43
3511,4445,11
3511,4446,40
3511,4447,291
3511,4448,19
3512,4399,27
3512,4400,11
3512,4401,5
3512,4402,7
3512,4406,2
3512,4407,2
3512,4408,4
3512,4409,4
3512,4410,51
3512,4411,7
3512,4412,47
3512,4414,161
3512,4415,692
3512,4416,309
3512,4417,125
3512,4418,45
3512,4419,96
3512,4420,10
3512,4421,9
3512,4422,4
3512,4423,14
3512,4424,9
3512,4425,12
3512,4426,35
3512,4427,1
3512,4428,36
3512,4429,20
3512,4430,13
3512,4431,19
3512,4432,40
3512,4433,12
3512,4434,134
3512,4435,99
3512,4436,22
3512,4437,4
3512,4443,5
3512,4444,94
3512,4445,343
3512,4446,22
3512,4447,97
3512,4448,116
3513,4396,1
3513,4397,2
3513,4398,13
3513,4399,6
3513,4400,1
3513,4401,2
3513,4406,3
3513,4407,19
3513,4408,16
3513,4409,7
3513,4410,11
3513,4411,8
3513,4412,1
3513,4413,26
3513,4414,4
3513,4415,281
3513,4416,8
3513,4417,14
3513,4419,59
3513,4420,17
3513,4421,6
3513,4423,27
3513,4424,13
3513,4425,2
3513,4427,2
3513,4428,124
3513,4429,4
3513,4430,15
3513,4431,13
3513,4432,17
3513,4433,16
3513,4434,20
3513,4435,35
3513,4436,18
3513,4444,235
3513,4445,731
3513,4446,64
3513,4447,26
3513,4448,59
3513,4449,37
3514,4364,5
3514,4365,8
3514,4366,4
3514,4367,10
3514,4393,5
3514,4394,12
3514,4395,6
3514,4396,5
3514,4397,6
3514,4398,5
3514,4399,4
3514,4400,6
3514,4401,10
3514,4402,7
3514,4406,25
3514,4407,77
3514,4408,63
3514,4409,3
3514,4410,3
3514,4411,9
3514,4412,4
3514,4413,14
3514,4414,6
3514,4415,19
3514,4417,10
3514,4418,39
3514,4419,23
3514,4423,5
3514,4424,31
3514,4426,6
3514,4427,15
3514,4428,29
3514,4429,8
3514,4430,24
3514,4431,12
3514,4433,7
3514,4434,23
3514,4435,26
3514,4436,24
3514,4442,159
3514,4443,49
3514,4444,16
3514,4445,22
3514,4446,35
3514,4447,33
3514,4448,2
3514,4449,14
3514,4450,4
3515,4364,78
3515,4365,3
3515,4366,27
3515,4367,4
3515,4392,8
3515,4393,12
3515,4394,6
3515,4395,9
3515,4396,6
3515,4397,13
3515,4398,14
3515,4399,2
3515,4400,6
3515,4401,8
3515,4402,5
3515,4404,5
3515,4405,10
3515,4406,12
3515,4407,22
3515,4408,93
3515,4409,10
3515,4410,33
3515,4411,3
3515,4412,21
3515,4413,7
3515,4414,9
3515,4415,13
3515,4416,66
3515,4417,26
3515,4419,2
3515,4420,3
3515,4423,4
3515,4424,11
3515,4425,11
3515,4426,17
3515,4428,28
3515,4429,40
3515,4430,55
3515,4431,15
3515,4432,11
3515,4433,47
3515,4435,8
3515,4436,13
3515,4437,2
3515,4438,1
3515,4439,3
3515,4441,4
3515,4442,18
3515,4443,24
3515,4444,36
3515,4445,24
3515,4446,59
3515,4447,35
3515,4448,29
3515,4449,14
3515,4450,14
3515,4451,1
3516,4364,359
3516,4365,38
3516,4366,41
3516,4367,19
3516,4368,7
3516,4388,2
3516,4389,47
3516,4390,1
3516,4391,6
3516,4393,13
3516,4394,7
3516,4395,9
3516,4396,6
3516,4397,11
3516,4398,13
3516,4399,4
3516,4400,6
3516,4404,6
3516,4405,15
3516,4406,47
3516,4407,14
3516,4408,41
3516,4409,24
3516,4410,58
3516,4411,24
3516,4412,15
3516,4413,13
3516,4414,19
3516,4415,39
3516,4416,26
3516,4417,9
3516,4418,6
3516,4420,6
3516,4422,1
3516,4424,12
3516,4425,8
3516,4426,17
3516,4427,8
3516,4428,11
3516,4429,3
3516,4430,8
3516,4431,25
3516,4432,6
3516,4433,40
3516,4434,17
3516,4435,28
3516,4436,40
3516,4437,37
3516,4438,8
3516,4439,132
3516,4440,3
3516,4441,202
3516,4442,15
3516,4444,32
3516,4446,205
3516,4447,460
3516,4448,121
3516,4449,34
3516,4450,54
3516,4451,10
3517,4364,1
3517,4365,2
3517,4366,21
3517,4367,9
3517,4368,4
3517,4387,4
3517,4388,9
3517,4389,4
3517,4390,4
3517,4391,12
3517,4392,6
3517,4393,11
3517,4394,21
3517,4395,6
3517,4396,47
3517,4397,182
3517,4398,82
3517,4399,53
3517,4400,23
3517,4401,2
3517,4402,18
3517,4403,44
3517,4404,33
3517,4405,6
3517,4406,8
3517,4407,64
3517,4408,27
3517,4409,30
3517,4410,27
3517,4411,10
3517,4412,10
3517,4413,37
3517,4414,126
3517,4415,36
3517,4416,12
3517,4423,3
3517,4424,17
3517,4425,60
3517,4426,32
3517,4427,30
3517,4428,52
3517,4429,12
3517,4430,9
3517,4431,26
3517,4432,32
3517,4434,28
3517,4435,157
3517,4436,298
3517,4437,14
3517,4438,10
3517,4439,405
3517,4440,37
3517,4441,14
3517,4442,978
3517,4443,15
3517,4445,15
3517,4446,226
3517,4447,121
3517,4448,93
3517,4449,16
3517,4450,9
3517,4451,8
3517,4452,2
3518,4364,18
3518,4365,1
3518,4366,24
3518,4367,16
3518,4368,9
3518,4387,4
3518,4388,20
3518,4389,16
3518,4390,15
3518,4391,19
3518,4392,30
3518,4393,18
3518,4394,20
3518,4395,92
3518,4396,25
3518,4397,108
3518,4399,5
3518,4400,2
3518,4401,2
3518,4402,20
3518,4403,4
3518,4404,25
3518,4405,23
3518,4406,47
3518,4407,7
3518,4408,3
3518,4409,11
3518,4410,7
3518,4411,10
3518,4412,9
3518,4413,64
3518,4414,15
3518,4415,48
3518,4418,83
3518,4419,28
3518,4420,2
3518,4421,7
3518,4422,13
3518,4423,25
3518,4424,72
3518,4425,25
3518,4426,47
3518,4427,35
3518,4428,42
3518,4429,11
3518,4430,4
3518,4431,6
3518,4432,5
3518,4433,9
3518,4434,27
3518,4435,112
3518,4436,55
3518,4437,15
3518,4438,23
3518,4439,383
3518,4440,633
3518,4441,680
3518,4442,3534
3518,4443,1016
3518,4444,212
3518,4445,36
3518,4446,12
3518,4448,2
3518,4449,6
3518,4450,11
3518,4451,7
3518,4452,10
3519,4363,6
3519,4364,12
3519,4365,10
3519,4366,26
3519,4367,19
3519,4368,3
3519,4384,6
3519,4385,19
3519,4386,36
3519,4387,35
3519,4388,87
3519,4389,20
3519,4390,51
3519,4391,17
3519,4392,2
3519,4393,12
3519,4394,49
3519,4395,3
3519,4396,10
3519,4397,25
3519,4398,7
3519,4399,73
3519,4400,16
3519,4401,8
3519,4402,17
3519,4403,4
3519,4404,31
3519,4405,9
3519,4406,6
3519,4408,1
3519,4409,4
3519,4411,10
3519,4412,1
3519,4413,7
3519,4414,16
3519,4415,11
3519,4416,422
3519,4417,1323
3519,4418,1619
3519,4419,923
3519,4420,41
3519,4421,16
3519,4422,9
3519,4423,10
3519,4424,9
3519,4425,20
3519,4426,22
3519,4427,9
3519,4428,8
3519,4430,10
3519,4431,7
3519,4432,10
3519,4433,25
3519,4434,211
3519,4435,2
3519,4436,41
3519,4437,15
3519,4438,7
3519,4439,857
3519,4440,987
3519,4441,3329
3519,4442,1409
3519,4443,21
3519,4444,71
3519,4445,10
3519,4446,27
3519,4447,18
3519,4448,71
3519,4449,32
3519,4450,11
3519,4451,10
3520,4363,3
3520,4364,14
3520,4365,17
3520,4366,76
3520,4367,16
3520,4368,7
3520,4369,9
3520,4384,12
3520,4385,5
3520,4387,3
3520,4388,5
3520,4389,4
3520,4390,10
3520,4391,53
3520,4392,24
3520,4393,7
3520,4394,2
3520,4395,14
3520,4396,22
3520,4399,23
3520,4402,17
3520,4403,28
3520,4404,40
3520,4405,14
3520,4406,12
3520,4410,3
3520,4411,15
3520,4413,50
3520,4414,21
3520,4415,5
3520,4416,6
3520,4417,474
3520,4418,378
3520,4419,347
3520,4420,22
3520,4421,12
3520,4422,14
3520,4423,19
3520,4424,8
3520,4425,5
3520,4426,4
3520,4427,1
3520,4428,24
3520,4430,8
3520,4431,39
3520,4432,36
3520,4433,1
3520,4434,104
3520,4435,75
3520,4436,4
3520,4439,161
3520,4440,977
3520,4441,2804
3520,4442,5
3520,4443,5
3520,4444,9
3520,4445,56
3520,4447,16
3520,4448,84
3520,4449,9
3520,4450,7
3520,4451,4
3520,4452,3
3521,4275,3
3521,4278,15
3521,4364,10
3521,4365,32
3521,4366,65
3521,4367,11
3521,4368,20
3521,4369,17
3521,4384,14
3521,4385,3
3521,4391,125
3521,4392,26
3521,4393,11
3521,4394,4
3521,4395,14
3521,4396,28
3521,4397,6
3521,4399,18
3521,4401,1
3521,4403,38
3521,4404,4
3521,4405,5
3521,4406,4
3521,4407,4
3521,4408,22
3521,4409,10
3521,4410,19
3521,4411,11
3521,4412,13
3521,4413,14
3521,4414,2
3521,4415,45
3521,4416,25
3521,4417,107
3521,4418,80
3521,4419,143
3521,4420,19
3521,4421,2
3521,4422,120
3521,4423,47
3521,4425,9
3521,4426,185
3521,4428,46
3521,4429,154
3521,4430,46
3521,4431,47
3521,4432,51
3521,4433,1
3521,4434,9
3521,4435,13
3521,4438,3
3521,4440,1404
3521,4441,425
3521,4442,7
3521,4443,359
3521,4444,133
3521,4445,64
3521,4446,27
3521,4447,23
3521,4448,17
3521,4449,4
3521,4450,16
3521,4451,60
3521,4452,17
3521,4453,5
3522,4272,5
3522,4275,6
3522,4276,7
3522,4277,6
3522,4278,1
3522,4362,4
3522,4363,21
3522,4364,2
3522,4365,14
3522,4366,91
3522,4367,15
3522,4368,5
3522,4369,20
3522,4385,3
3522,4386,7
3522,4387,1
3522,4388,1
3522,4391,3
3522,4392,9
3522,4393,1
3522,4394,57
3522,4396,4
3522,4397,3
3522,4398,15
3522,4399,12
3522,4400,15
3522,4401,15
3522,4402,185
3522,4403,39
3522,4404,26
3522,4405,13
3522,4406,12
3522,4407,12
3522,4408,4
3522,4409,3
3522,4410,9
3522,4411,16
3522,4412,86
3522,4413,9
3522,4414,16
3522,4415,47
3522,4416,16
3522,4417,72
3522,4418,171
3522,4419,73
3522,4420,35
3522,4421,23
3522,4422,35
3522,4423,36
3522,4424,59
3522,4425,1293
3522,4426,1333
3522,4427,292
3522,4428,15
3522,4429,39
3522,4430,4
3522,4431,23
3522,4432,14
3522,4436,21
3522,4437,2
3522,4438,3
3522,4440,20
3522,4441,376
3522,4442,528
3522,4443,19
3522,4444,17
3522,4445,53
3522,4446,86
3522,4447,124
3522,4448,13
3522,4449,22
3522,4451,110
3522,4452,17
3522,4453,30
3522,4454,4
3523,4275,11
3523,4276,4
3523,4278,1
3523,4279,774
3523,4280,201
3523,4362,12
3523,4363,18
3523,4364,39
3523,4365,1
3523,4366,23
3523,4367,23
3523,4368,17
3523,4369,13
3523,4385,7
3523,4386,285
3523,4391,6
3523,4392,1
3523,4393,1
3523,4394,35
3523,4395,5
3523,4396,14
3523,4397,35
3523,4398,68
3523,4399,7
3523,4400,10
3523,4401,20
3523,4402,798
3523,4403,157
3523,4404,4
3523,4405,2
3523,4406,6
3523,4407,11
3523,4408,8
3523,4409,13
3523,4410,8
3523,4411,42
3523,4412,219
3523,4413,197
3523,4414,5
3523,4415,11
3523,4416,15
3523,4418,18
3523,4419,12
3523,4420,15
3523,4421,17
3523,4422,5
3523,4423,5
3523,4424,29
3523,4425,289
3523,4426,986
3523,4427,205
3523,4428,29
3523,4430,22
3523,4431,36
3523,4432,18
3523,4433,2
3523,4434,18
3523,4435,15
3523,4436,7
3523,4437,20
3523,4439,5
3523,4440,17
3523,4441,513
3523,4442,310
3523,4443,23
3523,4444,31
3523,4445,13
3523,4446,53
3523,4447,24
3523,4448,30
3523,4449,300
3523,4450,74
3523,4451,3
3523,4452,19
3523,4454,20
3523,4455,10
3523,4456,2
3524,4275,1
3524,4277,2
3524,4278,278
3524,4279,1102
3524,4280,262
3524,4347,2
3524,4348,13
3524,4361,61
3524,4362,9
3524,4363,4
3524,4364,13
3524,4365,227
3524,4366,70
3524,4367,11
3524,4368,6
3524,4369,13
3524,4385,2
3524,4393,26
3524,4394,663
3524,4395,319
3524,4396,4
3524,4397,12
3524,4398,65
3524,4399,30
3524,4400,23
3524,4401,30
3524,4402,151
3524,4403,6
3524,4404,11
3524,4406,16
3524,4407,23
3524,4408,17
3524,4409,5
3524,4410,8
3524,4411,19
3524,4412,1
3524,4413,27
3524,4414,1
3524,4415,2
3524,4418,1
3524,4419,23
3524,4420,9
3524,4421,4
3524,4423,1
3524,4424,17
3524,4425,57
3524,4426,16
3524,4427,10
3524,4428,23
3524,4429,22
3524,4430,12
3524,4433,32
3524,4434,56
3524,4435,2
3524,4437,5
3524,4438,19
3524,4439,11
3524,4440,12
3524,4441,356
3524,4442,14
3524,4443,204
3524,4444,11
3524,4445,32
3524,4446,10
3524,4447,12
3524,4448,4
3524,4449,36
3524,4450,4
3524,4451,25
3524,4452,49
3524,4453,15
3524,4454,28
3524,4455,13
3524,4456,22
3525,4271,3
3525,4272,8
3525,4273,9
3525,4274,22
3525,4279,117
3525,4280,583
3525,4281,10
3525,4283,400
3525,4284,4
3525,4285,17
3525,4303,3
3525,4345,14
3525,4346,16
3525,4347,27
3525,4348,17
3525,4349,4
3525,4359,2
3525,4360,2
3525,4361,13
3525,4362,2
3525,4363,2
3525,4364,30
3525,4365,154
3525,4366,216
3525,4367,10
3525,4368,4
3525,4370,1
3525,4392,331
3525,4393,491
3525,4394,1507
3525,4395,1174
3525,4396,164
3525,4397,2
3525,4398,10
3525,4399,36
3525,4400,9
3525,4401,24
3525,4402,13
3525,4403,12
3525,4405,4
3525,4406,12
3525,4407,10
3525,4408,13
3525,4409,5
3525,4410,2
3525,4411,1
3525,4412,31
3525,4413,23
3525,4414,35
3525,4416,9
3525,4418,2
3525,4419,8
3525,4420,8
3525,4421,1
3525,4423,7
3525,4424,43
3525,4425,2
3525,4426,32
3525,4427,51
3525,4428,4
3525,4429,8
3525,4432,9
3525,4433,17
3525,4434,23
3525,4435,10
3525,4437,2
3525,4438,60
3525,4439,8
3525,4440,10
3525,4441,46
3525,4442,61
3525,4443,30
3525,4444,53
3525,4445,10
3525,4446,9
3525,4447,9
3525,4448,20
3525,4449,15
3525,4450,4
3525,4451,24
3525,4452,52
3525,4453,294
3525,4454,56
3525,4455,12
3525,4456,13
3526,4271,10
3526,4273,3
3526,4277,29
3526,4279,463
3526,4280,550
3526,4281,71
3526,4282,244
3526,4283,40
3526,4284,2
3526,4285,872
3526,4286,175
3526,4287,19
3526,4302,5
3526,4303,10
3526,4304,21
3526,4305,1
3526,4344,7
3526,4345,15
3526,4346,5
3526,4347,44
3526,4348,31
3526,4349,11
3526,4351,15
3526,4352,13
3526,4353,15
3526,4363,5
3526,4364,16
3526,4365,54
3526,4366,119
3526,4367,7
3526,4368,5
3526,4369,8
3526,4392,1209
3526,4393,1524
3526,4394,2284
3526,4395,1527
3526,4396,143
3526,4397,2
3526,4398,3
3526,4399,1
3526,4400,21
3526,4401,26
3526,4402,4
3526,4403,1
3526,4405,3
3526,4406,26
3526,4407,18
3526,4408,287
3526,4409,123
3526,4410,11
3526,4411,14
3526,4412,11
3526,4413,15
3526,4414,24
3526,4415,155
3526,4416,321
3526,4418,2
3526,4423,17
3526,4424,1
3526,4425,36
3526,4426,99
3526,4427,10
3526,4428,22
3526,4429,27
3526,4430,21
3526,4431,28
3526,4432,69
3526,4433,2
3526,4435,2
3526,4437,5
3526,4438,16
3526,4439,16
3526,4440,43
3526,4441,41
3526,4442,19
3526,4443,7
3526,4444,8
3526,4446,7
3526,4447,8
3526,4448,2
3526,4449,5
3526,4450,15
3526,4451,5
3526,4452,34
3526,4453,251
3526,4454,17
3526,4455,20
3526,4456,12
3526,4458,28
3526,4459,4
3527,4271,3
3527,4272,33
3527,4273,7
3527,4274,14
3527,4275,11
3527,4276,8
3527,4277,41
3527,4279,26
3527,4280,85
3527,4281,649
3527,4282,519
3527,4283,48
3527,4284,18
3527,4285,6
3527,4286,110
3527,4287,130
3527,4288,10
3527,4299,3
3527,4302,4
3527,4303,25
3527,4304,8
3527,4316,4
3527,4317,7
3527,4318,18
3527,4319,18
3527,4320,10
3527,4343,8
3527,4344,13
3527,4345,4
3527,4346,106
3527,4347,159
3527,4348,28
3527,4349,3
3527,4350,2
3527,4351,48
3527,4352,155
3527,4353,455
3527,4354,1126
3527,4364,14
3527,4366,15
3527,4367,28
3527,4368,38
3527,4370,3
3527,4371,6
3527,4389,18
3527,4391,7
3527,4392,65
3527,4393,117
3527,4394,280
3527,4395,468
3527,4396,259
3527,4397,28
3527,4398,7
3527,4399,63
3527,4400,17
3527,4401,17
3527,4402,14
3527,4403,20
3527,4404,10
3527,4405,12
3527,4406,8
3527,4407,2
3527,4408,10
3527,4409,16
3527,4410,10
3527,4411,20
3527,4413,24
3527,4414,99
3527,4415,3
3527,4423,6
3527,4424,4
3527,4425,15
3527,4426,5
3527,4427,32
3527,4428,17
3527,4429,2
3527,4430,11
3527,4431,35
3527,4432,42
3527,4437,5
3527,4438,13
3527,4439,51
3527,4440,35
3527,4441,13
3527,4442,8
3527,4443,21
3527,4444,5
3527,4445,3
3527,4447,13
3527,4448,34
3527,4449,68
3527,4450,18
3527,4451,19
3527,4452,56
3527,4453,35
3527,4454,19
3527,4455,47
3527,4456,29
3527,4457,9
3528,4268,12
3528,4270,7
3528,4271,1
3528,4272,35
3528,4273,10
3528,4274,3
3528,4275,4
3528,4276,41
3528,4277,147
3528,4278,33
3528,4279,5
3528,4280,8
3528,4281,27
3528,4282,46
3528,4283,5
3528,4284,8
3528,4285,15
3528,4286,10
3528,4287,2
3528,4288,115
3528,4289,6
3528,4297,26
3528,4298,9
3528,4299,21
3528,4300,3
3528,4301,68
3528,4302,18
3528,4303,273
3528,4304,24
3528,4305,7
3528,4314,14
3528,4315,30
3528,4316,53
3528,4317,28
3528,4318,29
3528,4319,12
3528,4320,14
3528,4343,9
3528,4344,29
3528,4345,60
3528,4346,12
3528,4347,10
3528,4348,77
3528,4349,1
3528,4350,2
3528,4351,100
3528,4352,7
3528,4353,142
3528,4354,333
3528,4364,16
3528,4365,9
3528,4366,27
3528,4367,223
3528,4368,23
3528,4369,27
3528,4370,7
3528,4371,18
3528,4389,3
3528,4391,4
3528,4392,152
3528,4393,10
3528,4394,7
3528,4395,35
3528,4396,31
3528,4397,15
3528,4398,6
3528,4399,38
3528,4400,6
3528,4401,3
3528,4402,75
3528,4403,26
3528,4404,7
3528,4405,9
3528,4406,7
3528,4407,1
3528,4408,5
3528,4409,5
3528,4410,17
3528,4411,24
3528,4412,19
3528,4413,11
3528,4414,14
3528,4425,2
3528,4426,6
3528,4427,45
3528,4428,23
3528,4431,13
3528,4432,11
3528,4436,1
3528,4438,21
3528,4439,143
3528,4440,265
3528,4441,5
3528,4442,70
3528,4443,28
3528,4444,18
3528,4445,17
3528,4446,7
3528,4447,7
3528,4448,1
3528,4449,7
3528,4450,17
3528,4451,21
3528,4452,21
3528,4453,20
3528,4454,28
3528,4455,16
3528,4456,34
3528,4457,19
3528,4458,1
3528,4459,1
3529,4259,13
3529,4260,4
3529,4261,23
3529,4263,14
3529,4266,7
3529,4267,1
3529,4268,15
3529,4269,19
3529,4271,2
3529,4272,22
3529,4276,1
3529,4277,5
3529,4278,20
3529,4279,8
3529,4280,2
3529,4281,3
3529,4282,17
3529,4283,3
3529,4285,34
3529,4286,22
3529,4287,11
3529,4288,5
3529,4289,31
3529,4290,41
3529,4297,42
3529,4298,45
3529,4299,42
3529,4300,11
3529,4301,9
3529,4302,14
3529,4303,18
3529,4304,10
3529,4313,22
3529,4314,84
3529,4315,3
3529,4316,35
3529,4317,37
3529,4318,2
3529,4320,11
3529,4321,6
3529,4322,20
3529,4342,28
3529,4343,68
3529,4344,67
3529,4345,19
3529,4346,56
3529,4347,13
3529,4348,15
3529,4351,5
3529,4352,292
3529,4353,9
3529,4364,16
3529,4365,9
3529,4366,5
3529,4367,60
3529,4368,41
3529,4369,28
3529,4370,3
3529,4371,20
3529,4372,8
3529,4388,7
3529,4389,5
3529,4390,18
3529,4391,7
3529,4392,16
3529,4393,44
3529,4395,21
3529,4396,30
3529,4397,30
3529,4398,8
3529,4399,13
3529,4400,30
3529,4401,39
3529,4402,30
3529,4403,8
3529,4404,2
3529,4405,4
3529,4406,15
3529,4408,3
3529,4409,12
3529,4410,67
3529,4411,24
3529,4412,52
3529,4415,1
3529,4428,20
3529,4431,127
3529,4432,18
3529,4434,7
3529,4435,7
3529,4436,10
3529,4437,8
3529,4438,18
3529,4439,14
3529,4440,29
3529,4441,502
3529,4442,528
3529,4443,31
3529,4444,19
3529,4445,28
3529,4446,22
3529,4447,8
3529,4448,6
3529,4449,1
3529,4450,4
3529,4451,19
3529,4452,30
3529,4453,5
3529,4454,30
3529,4455,16
3529,4456,16
3529,4457,2
3530,4258,7
3530,4259,3
3530,4261,3
3530,4262,16
3530,4263,3
3530,4264,1
3530,4265,7
3530,4266,11
3530,4267,7
3530,4268,1
3530,4269,2
3530,4271,1
3530,4272,3
3530,4273,2
3530,4274,8
3530,4275,6
3530,4276,8
3530,4277,61
3530,4281,17
3530,4283,16
3530,4284,5
3530,4285,17
3530,4286,10
3530,4287,58
3530,4289,28
3530,4290,60
3530,4291,34
3530,4292,6
3530,4293,31
3530,4299,71
3530,4300,16
3530,4301,37
3530,4302,80
3530,4303,15
3530,4312,2
3530,4313,21
3530,4314,31
3530,4315,25
3530,4316,32
3530,4320,156
3530,4321,33
3530,4322,19
3530,4324,17
3530,4325,5
3530,4342,23
3530,4343,41
3530,4344,20
3530,4345,2
3530,4346,21
3530,4347,21
3530,4351,22
3530,4364,9
3530,4366,9
3530,4367,9
3530,4368,33
3530,4369,17
3530,4370,55
3530,4371,12
3530,4372,3
3530,4387,2
3530,4388,21
3530,4389,21
3530,4390,274
3530,4391,70
3530,4392,13
3530,4393,11
3530,4394,1
3530,4395,21
3530,4396,51
3530,4397,8
3530,4398,18
3530,4399,43
3530,4400,15
3530,4401,16
3530,4402,1
3530,4403,18
3530,4404,2
3530,4405,17
3530,4406,1
3530,4407,3
3530,4408,2
3530,4409,19
3530,4410,26
3530,4411,3
3530,4412,2
3530,4427,6
3530,4428,16
3530,4430,14
3530,4432,413
3530,4433,68
3530,4434,10
3530,4435,7
3530,4436,54
3530,4437,17
3530,4438,84
3530,4439,8
3530,4440,7
3530,4441,10
3530,4442,30
3530,4443,43
3530,4444,17
3530,4445,22
3530,4446,19
3530,4447,5
3530,4448,31
3530,4449,16
3530,4450,133
3530,4451,18
3530,4452,9
3530,4453,12
3530,4454,71
3530,4455,48
3530,4456,15
3530,4457,2
3531,4256,14
3531,4258,3
3531,4259,8
3531,4260,4
3531,4261,5
3531,4263,12
3531,4264,15
3531,4265,39
3531,4266,2
3531,4269,7
3531,4271,7
3531,4273,13
3531,4274,2
3531,4275,3
3531,4276,2
3531,4277,2
3531,4282,29
3531,4283,22
3531,4284,68
3531,4285,77
3531,4287,9
3531,4288,71
3531,4289,21
3531,4290,25
3531,4291,56
3531,4292,386
3531,4293,21
3531,4298,365
3531,4299,1257
3531,4300,1425
3531,4301,26
3531,4302,9
3531,4303,2
3531,4309,1
3531,4313,4
3531,4314,27
3531,4315,1
3531,4317,1
3531,4318,8
3531,4319,8
3531,4320,179
3531,4321,18
3531,4322,32
3531,4323,22
3531,4324,21
3531,4340,54
3531,4341,85
3531,4342,10
3531,4343,7
3531,4344,27
3531,4345,5
3531,4346,205
3531,4347,620
3531,4350,3
3531,4351,5
3531,4367,11
3531,4368,28
3531,4369,8
3531,4370,7
3531,4371,9
3531,4372,8
3531,4386,15
3531,4387,26
3531,4388,19
3531,4389,13
3531,4390,18
3531,4391,8
3531,4392,6
3531,4393,1
3531,4395,4
3531,4396,23
3531,4397,1
3531,4398,14
3531,4399,23
3531,4400,8
3531,4401,6
3531,4403,14
3531,4404,7
3531,4405,15
3531,4406,12
3531,4407,10
3531,4408,24
3531,4409,2
3531,4427,10
3531,4428,25
3531,4429,22
3531,4433,57
3531,4434,22
3531,4435,6
3531,4436,8
3531,4437,39
3531,4438,25
3531,4439,35
3531,4440,64
3531,4441,11
3531,4442,35
3531,4443,33
3531,4444,24
3531,4445,47
3531,4446,26
3531,4447,8
3531,4448,39
3531,4449,11
3531,4450,15
3531,4451,15
3531,4452,4
3531,4453,16
3531,4454,11
3531,4455,30
3531,4456,30
3532,4238,28
3532,4240,30
3532,4241,72
3532,4242,14
3532,4247,4
3532,4257,1
3532,4259,1
3532,4260,10
3532,4261,10
3532,4262,217
3532,4263,35
3532,4266,4
3532,4267,6
3532,4268,6
3532,4269,9
3532,4270,15
3532,4271,3
3532,4272,2
3532,4273,1
3532,4274,12
3532,4275,4
3532,4276,14
3532,4277,5
3532,4278,2
3532,4280,31
3532,4282,7
3532,4283,4
3532,4284,160
3532,4285,189
3532,4286,5
3532,4287,19
3532,4288,93
3532,4289,7
3532,4290,9
3532,4291,17
3532,4292,592
3532,4293,165
3532,4296,94
3532,4297,47
3532,4298,107
3532,4299,186
3532,4300,105
3532,4301,53
3532,4305,2
3532,4307,11
3532,4308,1451
3532,4309,677
3532,4311,18
3532,4312,25
3532,4314,2
3532,4316,3
3532,4317,29
3532,4318,15
3532,4319,61
3532,4320,28
3532,4321,322
3532,4322,72
3532,4323,20
3532,4324,16
3532,4338,2
3532,4339,15
3532,4340,49
3532,4341,16
3532,4342,25
3532,4343,6
3532,4344,1
3532,4346,101
3532,4347,36
3532,4359,5
3532,4360,23
3532,4367,7
3532,4368,45
3532,4369,36
3532,4370,20
3532,4371,11
3532,4372,11
3532,4387,7
3532,4388,4
3532,4389,12
3532,4390,4
3532,4391,7
3532,4392,5
3532,4393,3
3532,4394,10
3532,4395,2
3532,4396,18
3532,4397,26
3532,4398,10
3532,4399,13
3532,4400,41
3532,4402,2
3532,4403,3
3532,4404,24
3532,4405,5
3532,4406,38
3532,4407,11
3532,4408,9
3532,4416,5
3532,4417,15
3532,4426,4
3532,4427,25
3532,4428,18
3532,4433,22
3532,4434,14
3532,4435,74
3532,4436,24
3532,4437,24
3532,4438,30
3532,4439,20
3532,4440,12
3532,4441,20
3532,4442,8
3532,4443,18
3532,4445,14
3532,4446,38
3532,4447,64
3532,4448,22
3532,4449,4
3532,4450,40
3532,4451,190
3532,4452,115
3532,4453,261
3532,4454,33
3532,4455,1
3532,4456,5
3532,4458,11
3532,4459,12
3532,4460,3
3532,4461,4
3533,4237,8
3533,4238,11
3533,4240,18
3533,4241,16
3533,4242,2
3533,4244,72
3533,4245,154
3533,4246,17
3533,4248,5
3533,4249,6
3533,4250,6
3533,4251,16
3533,4256,27
3533,4257,18
3533,4258,11
3533,4260,3
3533,4261,2
3533,4262,2
3533,4263,1
3533,4264,18
3533,4265,5
3533,4266,66
3533,4267,13
3533,4268,5
3533,4269,26
3533,4270,1
3533,4271,4
3533,4272,19
3533,4273,46
3533,4274,88
3533,4275,14
3533,4276,16
3533,4277,9
3533,4278,3
3533,4280,22
3533,4281,8
3533,4282,11
3533,4283,11
3533,4284,7
3533,4285,10
3533,4286,12
3533,4287,6
3533,4288,30
3533,4289,13
3533,4290,7
3533,4291,17
3533,4292,54
3533,4293,223
3533,4294,695
3533,4295,753
3533,4296,694
3533,4297,15
3533,4298,38
3533,4299,14
3533,4300,21
3533,4301,21
3533,4302,92
3533,4303,236
3533,4304,115
3533,4305,437
3533,4306,1125
3533,4307,2454
3533,4308,2898
3533,4309,1780
3533,4311,30
3533,4312,10
3533,4313,116
3533,4314,559
3533,4315,186
3533,4316,35
3533,4317,22
3533,4318,45
3533,4319,5
3533,4320,23
3533,4321,92
3533,4322,31
3533,4323,43
3533,4324,8
3533,4338,9
3533,4339,8
3533,4340,23
3533,4341,11
3533,4359,3
3533,4360,121
3533,4366,1
3533,4367,8
3533,4368,31
3533,4369,44
3533,4370,46
3533,4371,74
3533,4372,10
3533,4373,6
3533,4387,6
3533,4388,16
3533,4389,9
3533,4390,2
3533,4391,53
3533,4392,64
3533,4393,22
3533,4394,1
3533,4395,14
3533,4396,3
3533,4397,14
3533,4398,9
3533,4399,9
3533,4400,38
3533,4401,6
3533,4402,18
3533,4403,17
3533,4404,31
3533,4405,4
3533,4406,91
3533,4407,6
3533,4408,3
3533,4416,17
3533,4426,12
3533,4427,2
3533,4428,5
3533,4433,18
3533,4434,85
3533,4435,23
3533,4436,163
3533,4437,6
3533,4438,37
3533,4439,41
3533,4440,384
3533,4441,1439
3533,4442,62
3533,4443,54
3533,4445,9
3533,4446,10
3533,4447,25
3533,4448,59
3533,4449,29
3533,4450,388
3533,4451,783
3533,4452,481
3533,4453,52
3533,4454,20
3533,4455,6
3533,4456,1
3533,4457,5
3533,4458,65
3533,4459,25
3533,4460,13
3533,4461,46
3533,4462,10
3533,4463,5
3534,4235,31
3534,4236,19
3534,4237,13
3534,4240,12
3534,4241,3
3534,4242,5
3534,4243,5
3534,4245,5
3534,4246,8
3534,4247,7
3534,4249,5
3534,4250,123
3534,4251,53
3534,4252,2
3534,4253,7
3534,4254,4
3534,4255,11
3534,4256,24
3534,4257,8
3534,4260,5
3534,4261,26
3534,4262,9
3534,4263,9
3534,4265,7
3534,4266,2
3534,4267,4
3534,4269,50
3534,4270,3
3534,4271,17
3534,4273,6
3534,4274,2
3534,4275,8
3534,4276,8
3534,4278,2
3534,4279,15
3534,4280,11
3534,4281,7
3534,4282,90
3534,4283,24
3534,4284,6
3534,4285,8
3534,4286,26
3534,4287,10
3534,4288,246
3534,4289,15
3534,4291,11
3534,4292,5
3534,4293,557
3534,4294,795
3534,4295,241
3534,4296,24
3534,4297,2
3534,4298,4
3534,4299,6
3534,4300,193
3534,4301,18
3534,4302,691
3534,4303,1266
3534,4304,21
3534,4305,1118
3534,4306,1027
3534,4307,2775
3534,4308,3418
3534,4309,1675
3534,4310,182
3534,4311,154
3534,4312,61
3534,4313,444
3534,4314,1344
3534,4315,48
3534,4317,39
3534,4319,6
3534,4320,4
3534,4321,23
3534,4322,2
3534,4323,12
3534,4337,9
3534,4338,27
3534,4339,72
3534,4340,52
3534,4341,3
3534,4346,2
3534,4359,33
3534,4360,24
3534,4366,8
3534,4367,39
3534,4368,21
3534,4369,55
3534,4370,18
3534,4371,38
3534,4372,15
3534,4373,3
3534,4388,2
3534,4389,4
3534,4390,3
3534,4391,6
3534,4392,16
3534,4393,9
3534,4394,7
3534,4395,6
3534,4396,8
3534,4397,47
3534,4398,261
3534,4399,320
3534,4400,10
3534,4401,9
3534,4402,12
3534,4403,6
3534,4404,7
3534,4405,43
3534,4406,28
3534,4407,15
3534,4415,2
3534,4416,4
3534,4426,1
3534,4433,8
3534,4434,28
3534,4435,28
3534,4436,136
3534,4437,12
3534,4438,21
3534,4439,8
3534,4440,40
3534,4441,340
3534,4442,83
3534,4443,63
3534,4444,8
3534,4445,126
3534,4446,10
3534,4447,13
3534,4448,15
3534,4456,2
3534,4458,2
3534,4459,39
3534,4460,137
3534,4461,21
3534,4462,9
3534,4463,2
3535,4236,4
3535,4238,10
3535,4239,4
3535,4240,4
3535,4243,11
3535,4244,11
3535,4245,10
3535,4246,24
3535,4247,2
3535,4248,26
3535,4249,9
3535,4250,13
3535,4252,4
3535,4253,5
3535,4254,7
3535,4255,4
3535,4258,21
3535,4259,25
3535,4260,7
3535,4261,61
3535,4262,2
3535,4263,4
3535,4266,1
3535,4268,9
3535,4269,4
3535,4270,6
3535,4271,20
3535,4272,197
3535,4273,4
3535,4275,2
3535,4276,10
3535,4277,8
3535,4278,23
3535,4279,10
3535,4280,8
3535,4281,5
3535,4282,9
3535,4283,15
3535,4285,75
3535,4286,19
3535,4287,6
3535,4288,93
3535,4289,15
3535,4290,8
3535,4291,1
3535,4294,679
3535,4295,1031
3535,4298,8
3535,4299,108
3535,4300,870
3535,4301,65
3535,4302,7
3535,4303,35
3535,4304,31
3535,4305,62
3535,4306,448
3535,4307,1385
3535,4308,677
3535,4309,2020
3535,4310,632
3535,4311,665
3535,4312,179
3535,4313,7
3535,4314,212
3535,4315,18
3535,4316,50
3535,4317,11
3535,4318,167
3535,4319,262
3535,4320,178
3535,4321,20
3535,4322,33
3535,4323,81
3535,4337,5
3535,4338,33
3535,4339,33
3535,4340,11
3535,4365,36
3535,4366,23
3535,4367,76
3535,4368,75
3535,4369,54
3535,4370,16
3535,4371,48
3535,4372,27
3535,4373,11
3535,4374,2
3535,4389,4
3535,4390,7
3535,4391,8
3535,4392,24
3535,4393,4
3535,4394,10
3535,4395,47
3535,4396,8
3535,4397,94
3535,4398,14
3535,4399,28
3535,4400,34
3535,4401,50
3535,4402,4
3535,4403,10
3535,4404,4
3535,4407,71
3535,4408,2
3535,4433,5
3535,4434,73
3535,4435,6
3535,4436,5
3535,4437,11
3535,4438,32
3535,4439,18
3535,4440,30
3535,4441,26
3535,4442,9
3535,4443,17
3535,4444,2
3535,4445,6
3535,4446,5
3535,4447,9
3535,4448,6
3535,4453,3
3535,4456,2
3535,4457,6
3535,4458,27
3535,4459,27
3535,4460,38
3535,4461,38
3535,4462,16
3535,4463,3
3535,4464,5
3536,4236,4
3536,4238,10
3536,4239,6
3536,4243,9
3536,4246,17
3536,4247,454
3536,4248,80
3536,4249,14
3536,4250,4
3536,4251,68
3536,4252,31
3536,4254,8
3536,4255,9
3536,4256,17
3536,4257,28
3536,4258,8
3536,4259,16
3536,4260,6
3536,4261,25
3536,4262,4
3536,4263,1
3536,4264,28
3536,4266,14
3536,4267,1
3536,4268,9
3536,4271,334
3536,4272,1089
3536,4273,501
3536,4276,8
3536,4277,99
3536,4278,68
3536,4279,13
3536,4280,12
3536,4281,8
3536,4282,411
3536,4283,334
3536,4285,324
3536,4286,1
3536,4287,19
3536,4288,322
3536,4289,31
3536,4290,23
3536,4291,10
3536,4292,24
3536,4293,29
3536,4294,8
3536,4295,81
3536,4296,92
3536,4297,7
3536,4298,9
3536,4299,26
3536,4301,46
3536,4302,13
3536,4303,77
3536,4304,36
3536,4305,7
3536,4307,114
3536,4308,172
3536,4309,429
3536,4310,68
3536,4311,12
3536,4312,4
3536,4313,35
3536,4314,28
3536,4315,59
3536,4316,15
3536,4317,10
3536,4318,44
3536,4319,21
3536,4320,15
3536,4321,61
3536,4322,18
3536,4323,6
3536,4336,3
3536,4337,175
3536,4338,24
3536,4339,21
3536,4353,9
3536,4365,4
3536,4366,592
3536,4367,1215
3536,4368,43
3536,4369,102
3536,4370,28
3536,4371,7
3536,4372,39
3536,4373,100
3536,4374,91
3536,4389,4
3536,4390,7
3536,4391,15
3536,4392,11
3536,4394,9
3536,4395,32
3536,4397,83
3536,4398,3
3536,4399,40
3536,4400,12
3536,4401,41
3536,4402,52
3536,4403,23
3536,4404,7
3536,4411,2
3536,4434,40
3536,4437,23
3536,4438,10
3536,4439,26
3536,4440,5
3536,4441,22
3536,4444,18
3536,4445,38
3536,4446,17
3536,4447,43
3536,4448,4
3536,4450,4
3536,4451,23
3536,4452,271
3536,4453,75
3536,4454,4
3536,4456,5
3536,4457,17
3536,4458,13
3536,4459,231
3536,4460,150
3536,4461,44
3536,4462,27
3536,4463,8
3536,4464,26
3536,4465,5
3537,4235,1
3537,4238,1
3537,4243,6
3537,4244,226
3537,4245,2
3537,4246,79
3537,4247,1739
3537,4248,2339
3537,4249,121
3537,4250,5
3537,4251,75
3537,4252,9
3537,4253,26
3537,4254,417
3537,4255,10
3537,4256,8
3537,4260,7
3537,4261,105
3537,4262,605
3537,4263,139
3537,4264,15
3537,4266,11
3537,4267,9
3537,4268,4
3537,4269,1
3537,4270,13
3537,4272,87
3537,4273,542
3537,4275,13
3537,4276,9
3537,4277,9
3537,4279,19
3537,4280,12
3537,4281,19
3537,4282,417
3537,4283,48
3537,4284,4
3537,4285,5
3537,4286,25
3537,4287,8
3537,4288,9
3537,4289,18
3537,4290,22
3537,4291,34
3537,4292,18
3537,4293,16
3537,4294,24
3537,4295,42
3537,4296,244
3537,4297,28
3537,4298,4
3537,4299,3
3537,4300,7
3537,4301,465
3537,4302,74
3537,4303,10
3537,4304,26
3537,4305,21
3537,4306,51
3537,4307,58
3537,4308,15
3537,4311,5
3537,4312,461
3537,4313,117
3537,4314,3
3537,4315,4
3537,4316,20
3537,4317,4
3537,4318,23
3537,4319,5
3537,4320,27
3537,4321,59
3537,4322,20
3537,4336,15
3537,4337,260
3537,4366,1027
3537,4367,1154
3537,4368,94
3537,4369,88
3537,4370,14
3537,4371,33
3537,4372,11
3537,4373,9
3537,4374,6
3537,4391,7
3537,4392,4
3537,4393,14
3537,4394,1
3537,4395,8
3537,4397,45
3537,4398,10
3537,4399,10
3537,4400,2
3537,4401,3
3537,4402,12
3537,4403,3
3537,4404,4
3537,4409,44
3537,4410,15
3537,4411,9
3537,4412,2
3537,4430,3
3537,4431,4
3537,4432,4
3537,4434,100
3537,4435,147
3537,4436,23
3537,4437,32
3537,4438,144
3537,4439,9
3537,4440,12
3537,4441,11
3537,4442,1
3537,4444,10
3537,4445,14
3537,4446,26
3537,4447,41
3537,4449,24
3537,4450,24
3537,4451,27
3537,4452,515
3537,4453,25
3537,4454,1
3537,4456,11
3537,4457,26
3537,4458,10
3537,4459,93
3537,4460,149
3537,4461,36
3537,4463,1
3537,4464,6
3537,4465,58
3538,4238,1
3538,4239,5
3538,4240,10
3538,4241,12
3538,4242,28
3538,4243,295
3538,4244,298
3538,4245,7
3538,4246,167
3538,4247,883
3538,4248,939
3538,4249,696
3538,4250,14
3538,4252,1
3538,4254,81
3538,4255,22
3538,4257,17
3538,4258,9
3538,4259,7
3538,4260,22
3538,4262,124
3538,4263,329
3538,4264,7
3538,4265,14
3538,4266,11
3538,4268,9
3538,4269,84
3538,4271,2
3538,4274,15
3538,4275,7
3538,4276,13
3538,4278,4
3538,4279,5
3538,4280,4
3538,4281,4
3538,4282,6
3538,4283,7
3538,4284,7
3538,4285,22
3538,4287,3
3538,4288,13
3538,4289,3
3538,4290,4
3538,4291,34
3538,4292,17
3538,4293,23
3538,4294,23
3538,4295,25
3538,4296,25
3538,4297,11
3538,4298,9
3538,4299,46
3538,4300,24
3538,4301,719
3538,4302,222
3538,4303,95
3538,4304,12
3538,4306,44
3538,4307,1
3538,4308,19
3538,4311,16
3538,4312,677
3538,4313,1705
3538,4314,103
3538,4315,2
3538,4316,7
3538,4317,37
3538,4318,39
3538,4319,18
3538,4320,35
3538,4321,55
3538,4322,14
3538,4335,10
3538,4360,3
3538,4365,12
3538,4367,202
3538,4368,174
3538,4369,53
3538,4370,23
3538,4371,4
3538,4372,79
3538,4373,12
3538,4374,20
3538,4392,38
3538,4393,4
3538,4394,7
3538,4395,4
3538,4396,3
3538,4397,3
3538,4398,23
3538,4399,7
3538,4400,1
3538,4401,3
3538,4402,6
3538,4403,6
3538,4409,82
3538,4410,65
3538,4411,39
3538,4412,21
3538,4413,16
3538,4414,2
3538,4415,4
3538,4432,7
3538,4433,1
3538,4434,18
3538,4435,11
3538,4436,10
3538,4437,24
3538,4438,21
3538,4439,56
3538,4440,129
3538,4441,26
3538,4447,12
3538,4449,32
3538,4451,27
3538,4452,97
3538,4453,30
3538,4457,12
3538,4458,19
3538,4459,24
3538,4460,10
3538,4461,35
3538,4462,16
3538,4464,34
3538,4465,9
3538,4466,9
3539,4236,10
3539,4237,41
3539,4241,7
3539,4242,3
3539,4243,17
3539,4244,55
3539,4245,31
3539,4247,4
3539,4248,39
3539,4249,2
3539,4250,76
3539,4251,22
3539,4252,26
3539,4253,2
3539,4255,4
3539,4256,7
3539,4257,14
3539,4258,1
3539,4259,26
3539,4260,29
3539,4261,6
3539,4262,2
3539,4263,19
3539,4265,18
3539,4266,9
3539,4267,21
3539,4268,18
3539,4269,9
3539,4273,24
3539,4274,7
3539,4275,19
3539,4276,13
3539,4277,9
3539,4278,13
3539,4279,6
3539,4281,7
3539,4282,4
3539,4283,14
3539,4285,3
3539,4286,11
3539,4287,2
3539,4288,15
3539,4289,21
3539,4290,4
3539,4291,8
3539,4292,36
3539,4293,18
3539,4294,16
3539,4295,30
3539,4296,5
3539,4297,9
3539,4298,403
3539,4299,59
3539,4300,6
3539,4301,33
3539,4303,15
3539,4304,6
3539,4306,14
3539,4307,9
3539,4311,78
3539,4312,18
3539,4313,249
3539,4314,39
3539,4315,37
3539,4316,53
3539,4317,16
3539,4318,186
3539,4319,12
3539,4320,49
3539,4321,68
3539,4335,10
3539,4352,7
3539,4356,4
3539,4357,11
3539,4358,58
3539,4359,21
3539,4360,23
3539,4361,2
3539,4365,9
3539,4367,17
3539,4368,37
3539,4369,6
3539,4370,6
3539,4371,255
3539,4372,459
3539,4373,22
3539,4374,7
3539,4375,2
3539,4396,9
3539,4397,8
3539,4398,11
3539,4399,6
3539,4400,3
3539,4401,3
3539,4407,2
3539,4408,2
3539,4412,77
3539,4413,35
3539,4414,5
3539,4432,3
3539,4433,13
3539,4434,12
3539,4435,14
3539,4437,3
3539,4438,5
3539,4439,200
3539,4440,71
3539,4441,29
3539,4458,18
3539,4459,15
3539,4460,18
3539,4462,27
3539,4463,140
3539,4464,19
3539,4465,16
3539,4466,15
3539,4467,3
3540,4235,2
3540,4236,43
3540,4237,715
3540,4238,119
3540,4239,7
3540,4240,24
3540,4241,12
3540,4242,27
3540,4243,12
3540,4244,3
3540,4245,8
3540,4246,3
3540,4249,9
3540,4250,8
3540,4251,4
3540,4252,16
3540,4253,1
3540,4255,4
3540,4256,5
3540,4257,29
3540,4258,2
3540,4260,3
3540,4261,25
3540,4262,14
3540,4264,20
3540,4265,10
3540,4266,11
3540,4267,7
3540,4270,7
3540,4271,35
3540,4272,18
3540,4273,39
3540,4274,2
3540,4275,3
3540,4276,231
3540,4277,19
3540,4278,3
3540,4279,12
3540,4281,6
3540,4285,4
3540,4286,1
3540,4287,10
3540,4288,29
3540,4289,57
3540,4290,119
3540,4291,12
3540,4292,11
3540,4293,6
3540,4294,23
3540,4295,11
3540,4296,23
3540,4297,20
3540,4298,21
3540,4299,323
3540,4300,7
3540,4301,33
3540,4302,18
3540,4303,26
3540,4304,58
3540,4305,20
3540,4306,6
3540,4313,2
3540,4314,166
3540,4315,4
3540,4316,40
3540,4317,79
3540,4318,57
3540,4319,6
3540,4320,109
3540,4321,30
3540,4334,1
3540,4346,1
3540,4347,30
3540,4348,16
3540,4355,9
3540,4356,39
3540,4357,66
3540,4358,23
3540,4359,236
3540,4360,132
3540,4361,28
3540,4362,8
3540,4369,23
3540,4370,8
3540,4371,33
3540,4372,38
3540,4373,18
3540,4374,13
3540,4408,2
3540,4411,23
3540,4412,1
3540,4413,5
3540,4414,2
3540,4419,2
3540,4420,2
3540,4432,1
3540,4434,10
3540,4435,1
3540,4438,4
3540,4439,222
3540,4440,9
3540,4448,5
3540,4457,7
3540,4458,12
3540,4459,131
3540,4460,20
3540,4461,56
3540,4463,55
3540,4464,22
3540,4465,39
3540,4466,8
3540,4467,7
3540,4468,5
3540,4481,1
3540,4482,3
3540,4483,3
3541,4236,12
3541,4237,305
3541,4240,43
3541,4242,89
3541,4243,5
3541,4244,13
3541,4245,8
3541,4246,4
3541,4247,15
3541,4248,116
3541,4249,16
3541,4250,18
3541,4251,4
3541,4252,7
3541,4253,8
3541,4254,3
3541,4255,28
3541,4256,5
3541,4258,2
3541,4259,26
3541,4263,23
3541,4265,24
3541,4266,34
3541,4267,1
3541,4268,23
3541,4269,14
3541,4270,4
3541,4271,2
3541,4272,7
3541,4273,15
3541,4274,10
3541,4275,4
3541,4276,8
3541,4277,11
3541,4278,19
3541,4279,7
3541,4280,8
3541,4281,2
3541,4282,5
3541,4283,6
3541,4285,15
3541,4287,19
3541,4288,317
3541,4289,700
3541,4290,69
3541,4291,8
3541,4292,101
3541,4293,15
3541,4294,15
3541,4295,15
3541,4296,21
3541,4297,28
3541,4298,3
3541,4299,14
3541,4300,13
3541,4301,15
3541,4302,83
3541,4303,28
3541,4304,5
3541,4310,3
3541,4312,77
3541,4313,26
3541,4314,26
3541,4315,109
3541,4316,204
3541,4317,55
3541,4318,11
3541,4319,86
3541,4320,74
3541,4321,4
3541,4344,7
3541,4346,6
3541,4347,2
3541,4355,8
3541,4356,17
3541,4357,65
3541,4358,30
3541,4359,5
3541,4360,20
3541,4361,27
3541,4362,12
3541,4363,83
3541,4364,14
3541,4369,2
3541,4370,11
3541,4371,2
3541,4372,6
3541,4373,25
3541,4374,6
3541,4375,3
3541,4376,1
3541,4417,3
3541,4418,6
3541,4419,32
3541,4420,7
3541,4421,2
3541,4438,3
3541,4452,3
3541,4457,5
3541,4458,7
3541,4459,5
3541,4460,9
3541,4463,21
3541,4464,89
3541,4465,40
3541,4466,49
3541,4467,32
3541,4468,12
3541,4469,8
3541,4470,5
3541,4478,4
3541,4479,148
3541,4480,2
3541,4481,13
3541,4482,4
3541,4483,7
3542,4235,8
3542,4236,51
3542,4237,23
3542,4238,20
3542,4240,4
3542,4242,11
3542,4244,3
3542,4245,9
3542,4246,11
3542,4247,15
3542,4248,351
3542,4249,64
3542,4250,10
3542,4251,29
3542,4252,8
3542,4253,8
3542,4254,19
3542,4255,13
3542,4256,10
3542,4257,36
3542,4258,5
3542,4259,4
3542,4260,5
3542,4261,24
3542,4262,5
3542,4263,5
3542,4264,4
3542,4265,20
3542,4267,4
3542,4268,15
3542,4269,4
3542,4270,23
3542,4271,6
3542,4272,13
3542,4274,81
3542,4275,324
3542,4276,1
3542,4277,16
3542,4278,4
3542,4279,16
3542,4280,40
3542,4281,74
3542,4282,62
3542,4283,17
3542,4284,4
3542,4285,137
3542,4286,6
3542,4287,27
3542,4288,40
3542,4289,28
3542,4290,56
3542,4291,15
3542,4292,25
3542,4293,9
3542,4294,14
3542,4295,18
3542,4296,11
3542,4297,14
3542,4298,60
3542,4299,417
3542,4300,19
3542,4301,7
3542,4307,31
3542,4308,4
3542,4309,28
3542,4310,89
3542,4311,151
3542,4312,1098
3542,4313,216
3542,4314,12
3542,4315,46
3542,4316,7
3542,4317,3
3542,4318,32
3542,4319,539
3542,4320,197
3542,4355,36
3542,4356,17
3542,4357,13
3542,4358,43
3542,4359,144
3542,4360,17
3542,4361,1
3542,4363,5
3542,4364,24
3542,4372,1
3542,4373,13
3542,4374,3
3542,4375,3
3542,4376,8
3542,4377,2
3542,4417,4
3542,4418,5
3542,4419,45
3542,4420,1
3542,4442,9
3542,4448,89
3542,4449,26
3542,4450,3
3542,4451,12
3542,4452,4
3542,4453,3
3542,4454,3
3542,4458,6
3542,4459,12
3542,4460,9
3542,4461,12
3542,4462,8
3542,4463,50
3542,4464,32
3542,4465,20
3542,4466,36
3542,4467,4
3542,4468,44
3542,4469,13
3542,4470,10
3542,4471,16
3542,4472,13
3542,4473,14
3542,4474,28
3542,4475,6
3542,4479,12
3542,4480,19
3542,4482,20
3542,4483,3
3543,4235,36
3543,4237,80
3543,4238,25
3543,4241,28
3543,4242,28
3543,4243,6
3543,4245,18
3543,4246,17
3543,4247,2
3543,4248,8
3543,4249,20
3543,4250,6
3543,4251,8
3543,4252,4
3543,4253,13
3543,4254,23
3543,4255,18
3543,4256,11
3543,4258,4
3543,4259,10
3543,4262,3
3543,4263,14
3543,4265,4
3543,4266,8
3543,4268,7
3543,4269,65
3543,4270,40
3543,4271,9
3543,4272,16
3543,4273,49
3543,4274,414
3543,4275,309
3543,4276,5
3543,4277,1
3543,4278,7
3543,4279,5
3543,4281,17
3543,4283,65
3543,4284,834
3543,4285,6
3543,4286,2
3543,4287,6
3543,4288,17
3543,4289,15
3543,4290,21
3543,4291,27
3543,4292,49
3543,4293,73
3543,4294,437
3543,4295,23
3543,4296,12
3543,4297,19
3543,4298,62
3543,4299,25
3543,4306,5
3543,4307,4
3543,4308,12
3543,4309,77
3543,4311,46
3543,4312,833
3543,4313,11
3543,4314,127
3543,4315,20
3543,4316,10
3543,4317,10
3543,4318,123
3543,4319,9
3543,4354,11
3543,4355,5
3543,4356,13
3543,4357,11
3543,4358,39
3543,4359,251
3543,4360,116
3543,4361,19
3543,4363,1
3543,4364,48
3543,4365,3
3543,4373,6
3543,4374,25
3543,4375,65
3543,4376,13
3543,4377,13
3543,4378,1
3543,4418,1
3543,4420,2
3543,4441,24
3543,4442,46
3543,4447,8
3543,4448,78
3543,4449,23
3543,4450,26
3543,4451,56
3543,4452,100
3543,4453,32
3543,4454,3
3543,4456,2
3543,4461,52
3543,4464,6
3543,4465,9
3543,4466,1150
3543,4467,11
3543,4468,21
3543,4469,11
3543,4470,33
3543,4471,33
3543,4472,9
3543,4473,45
3543,4474,21
3543,4475,15
3543,4477,15
3543,4478,15
3543,4479,76
3543,4480,6
3543,4481,8
3544,4235,6
3544,4236,7
3544,4237,68
3544,4238,12
3544,4239,20
3544,4241,10
3544,4242,30
3544,4243,18
3544,4244,9
3544,4247,15
3544,4249,13
3544,4250,4
3544,4251,4
3544,4252,33
3544,4254,25
3544,4257,9
3544,4258,55
3544,4259,464
3544,4260,10
3544,4264,26
3544,4265,144
3544,4267,29
3544,4268,17
3544,4269,4
3544,4270,1
3544,4272,6
3544,4273,20
3544,4274,14
3544,4275,2
3544,4276,20
3544,4277,1
3544,4278,16
3544,4279,8
3544,4281,14
3544,4282,27
3544,4283,46
3544,4284,271
3544,4285,50
3544,4286,9
3544,4287,1
3544,4288,14
3544,4289,13
3544,4290,6
3544,4291,42
3544,4292,24
3544,4293,10
3544,4294,17
3544,4295,12
3544,4296,18
3544,4297,21
3544,4298,19
3544,4299,4
3544,4301,11
3544,4308,5
3544,4309,283
3544,4310,64
3544,4311,37
3544,4312,22
3544,4314,29
3544,4315,12
3544,4316,44
3544,4317,16
3544,4318,7
3544,4342,7
3544,4350,9
3544,4351,20
3544,4353,1
3544,4354,5
3544,4355,28
3544,4356,46
3544,4357,67
3544,4358,128
3544,4359,70
3544,4360,4
3544,4373,9
3544,4374,1
3544,4375,13
3544,4376,4
3544,4377,18
3544,4441,68
3544,4442,171
3544,4447,30
3544,4448,69
3544,4449,10
3544,4450,74
3544,4451,14
3544,4452,12
3544,4453,18
3544,4454,76
3544,4455,5
3544,4456,2
3544,4460,3
3544,4466,57
3544,4467,1152
3544,4469,4
3544,4470,4
3544,4471,14
3544,4472,10
3544,4473,20
3544,4474,23
3544,4475,12
3544,4476,23
3544,4477,11
3544,4478,12
3544,4479,60
3544,4480,47
3544,4481,22
3544,4482,9
3545,4235,2
3545,4237,3
3545,4238,18
3545,4239,32
3545,4240,5
3545,4241,8
3545,4242,121
3545,4243,238
3545,4244,25
3545,4245,18
3545,4246,8
3545,4247,24
3545,4248,7
3545,4249,18
3545,4250,3
3545,4251,2
3545,4253,2
3545,4254,4
3545,4256,4
3545,4257,4
3545,4258,9
3545,4259,9
3545,4260,11
3545,4261,5
3545,4262,13
3545,4263,4
3545,4264,161
3545,4265,118
3545,4266,12
3545,4267,5
3545,4268,6
3545,4269,2
3545,4270,4
3545,4271,13
3545,4272,1
3545,4273,3
3545,4274,5
3545,4275,35
3545,4276,14
3545,4278,1
3545,4279,7
3545,4282,3
3545,4283,2
3545,4284,7
3545,4285,186
3545,4286,314
3545,4287,29
3545,4288,44
3545,4289,33
3545,4290,22
3545,4291,20
3545,4292,12
3545,4293,433
3545,4294,29
3545,4295,18
3545,4301,48
3545,4302,5
3545,4303,10
3545,4304,15
3545,4308,12
3545,4309,1
3545,4310,5
3545,4311,10
3545,4312,7
3545,4313,17
3545,4314,4
3545,4315,6
3545,4338,2
3545,4339,3
3545,4340,4
3545,4341,6
3545,4342,2
3545,4356,16
3545,4357,16
3545,4358,67
3545,4359,34
3545,4361,1
3545,4374,7
3545,4375,4
3545,4376,2
3545,4377,1
3545,4441,370
3545,4442,1711
3545,4443,71
3545,4444,6
3545,4445,99
3545,4446,841
3545,4447,498
3545,4448,13
3545,4449,144
3545,4450,1207
3545,4451,109
3545,4452,28
3545,4453,45
3545,4454,199
3545,4455,24
3545,4456,6
3545,4457,395
3545,4458,66
3545,4459,436
3545,4466,442
3545,4467,819
3545,4468,68
3545,4469,37
3545,4470,59
3545,4471,82
3545,4472,32
3545,4473,120
3545,4474,77
3545,4475,29
3545,4476,22
3545,4477,83
3545,4478,82
3545,4479,26
3545,4480,44
3545,4481,11
3545,4482,7
3546,4234,10
3546,4235,24
3546,4237,6
3546,4238,12
3546,4239,30
3546,4240,2
3546,4241,18
3546,4242,16
3546,4243,38
3546,4244,9
3546,4245,5
3546,4246,29
3546,4247,91
3546,4248,16
3546,4249,5
3546,4250,3
3546,4251,9
3546,4254,9
3546,4255,6
3546,4256,5
3546,4259,9
3546,4260,3
3546,4261,1
3546,4262,7
3546,4263,14
3546,4264,4
3546,4265,14
3546,4266,7
3546,4267,9
3546,4268,12
3546,4269,7
3546,4271,7
3546,4272,16
3546,4273,5
3546,4274,1
3546,4275,20
3546,4276,590
3546,4277,201
3546,4278,2
3546,4279,27
3546,4280,7
3546,4281,4
3546,4282,9
3546,4283,229
3546,4284,187
3546,4285,3
3546,4289,2
3546,4290,36
3546,4291,17
3546,4292,15
3546,4293,14
3546,4294,6
3546,4295,26
3546,4299,9
3546,4300,16
3546,4301,18
3546,4302,91
3546,4303,34
3546,4304,84
3546,4306,17
3546,4307,86
3546,4309,53
3546,4310,297
3546,4311,44
3546,4336,2
3546,4337,10
3546,4338,31
3546,4357,9
3546,4358,47
3546,4359,116
3546,4360,92
3546,4361,13
3546,4362,13
3546,4374,3
3546,4375,17
3546,4376,20
3546,4439,7
3546,4440,654
3546,4441,305
3546,4442,1265
3546,4443,2837
3546,4444,662
3546,4445,16
3546,4446,743
3546,4447,382
3546,4448,7
3546,4450,2
3546,4451,34
3546,4452,48
3546,4453,113
3546,4454,41
3546,4455,31
3546,4456,5
3546,4457,73
3546,4458,149
3546,4459,35
3546,4466,53
3546,4467,107
3546,4468,58
3546,4469,124
3546,4470,34
3546,4471,17
3546,4472,8
3546,4473,30
3546,4474,13
3546,4475,9
3546,4476,16
3546,4477,92
3546,4478,41
3546,4479,8
3546,4481,5
3546,4482,2
3547,4234,6
3547,4235,27
3547,4237,1
3547,4239,3
3547,4241,5
3547,4245,1
3547,4246,24
3547,4249,4
3547,4250,8
3547,4251,13
3547,4255,1
3547,4259,20
3547,4260,21
3547,4261,19
3547,4262,4
3547,4263,25
3547,4264,3
3547,4265,18
3547,4266,17
3547,4267,12
3547,4268,71
3547,4269,15
3547,4271,7
3547,4272,2
3547,4273,5
3547,4274,9
3547,4275,40
3547,4276,825
3547,4277,16
3547,4278,20
3547,4279,49
3547,4280,1
3547,4281,430
3547,4282,1657
3547,4283,1633
3547,4284,2
3547,4291,4
3547,4292,4
3547,4293,14
3547,4294,22
3547,4295,9
3547,4299,4
3547,4300,3
3547,4301,26
3547,4302,47
3547,4303,2
3547,4304,110
3547,4305,111
3547,4306,7
3547,4307,623
3547,4308,32
3547,4309,114
3547,4310,174
3547,4311,9
3547,4312,2
3547,4331,3
3547,4336,3
3547,4337,40
3547,4353,19
3547,4354,169
3547,4355,338
3547,4356,27
3547,4357,1
3547,4358,18
3547,4359,27
3547,4360,79
3547,4361,235
3547,4362,500
3547,4363,44
3547,4364,108
3547,4365,20
3547,4375,17
3547,4376,17
3547,4377,94
3547,4378,2
3547,4438,2
3547,4439,27
3547,4441,17
3547,4442,1163
3547,4443,317
3547,4444,14
3547,4445,2
3547,4446,5
3547,4447,34
3547,4451,9
3547,4453,19
3547,4454,11
3547,4455,1
3547,4456,17
3547,4457,98
3547,4458,22
3547,4467,12
3547,4468,31
3547,4469,36
3547,4470,7
3547,4471,2
3547,4472,18
3547,4473,38
3547,4474,5
3547,4475,13
3547,4476,10
3547,4477,1
3547,4478,10
3547,4479,8
3547,4480,3
3547,4481,1
3548,4233,7
3548,4237,11
3548,4241,6
3548,4242,4
3548,4243,5
3548,4244,12
3548,4246,4
3548,4249,4
3548,4250,8
3548,4251,6
3548,4252,5
3548,4254,4
3548,4255,4
3548,4256,4
3548,4257,16
3548,4258,44
3548,4259,14
3548,4260,5
3548,4261,3
3548,4262,2
3548,4263,11
3548,4264,13
3548,4266,43
3548,4270,13
3548,4271,23
3548,4272,28
3548,4273,12
3548,4275,23
3548,4276,3
3548,4277,13
3548,4278,35
3548,4279,17
3548,4280,1
3548,4281,5
3548,4282,454
3548,4283,2099
3548,4284,144
3548,4285,2
3548,4298,4
3548,4299,18
3548,4302,15
3548,4303,16
3548,4305,90
3548,4306,9
3548,4307,776
3548,4308,85
3548,4309,2
3548,4310,7
3548,4311,6
3548,4329,8
3548,4330,49
3548,4331,13
3548,4346,1
3548,4347,2
3548,4348,17
3548,4349,18
3548,4350,13
3548,4351,108
3548,4352,34
3548,4353,14
3548,4354,181
3548,4355,751
3548,4356,565
3548,4357,326
3548,4358,18
3548,4359,730
3548,4360,743
3548,4361,528
3548,4362,479
3548,4363,597
3548,4364,18
3548,4365,22
3548,4366,48
3548,4376,11
3548,4377,76
3548,4378,24
3548,4408,4
3548,4438,5
3548,4439,1
3548,4440,38
3548,4441,685
3548,4442,316
3548,4443,14
3548,4444,47
3548,4445,51
3548,4447,20
3548,4448,13
3548,4449,10
3548,4450,11
3548,4451,31
3548,4452,1
3548,4453,13
3548,4455,11
3548,4456,81
3548,4457,64
3548,4458,3
3548,4467,13
3548,4468,12
3548,4469,2
3548,4470,3
3548,4472,9
3548,4473,2
3548,4474,8
3548,4475,6
3548,4476,2
3548,4477,2
3548,4478,4
3548,4479,1
3549,4233,3
3549,4234,7
3549,4237,6
3549,4241,4
3549,4242,2
3549,4243,15
3549,4244,53
3549,4245,23
3549,4246,35
3549,4248,4
3549,4249,6
3549,4250,66
3549,4251,36
3549,4252,8
3549,4253,132
3549,4254,8
3549,4256,13
3549,4257,7
3549,4258,5
3549,4259,9
3549,4260,5
3549,4261,5
3549,4262,28
3549,4263,6
3549,4264,18
3549,4265,7
3549,4266,30
3549,4267,13
3549,4268,7
3549,4269,12
3549,4270,4
3549,4271,4
3549,4272,2
3549,4275,31
3549,4276,17
3549,4277,110
3549,4278,81
3549,4279,32
3549,4281,69
3549,4282,938
3549,4283,2567
3549,4284,1171
3549,4285,5
3549,4286,19
3549,4287,86
3549,4288,8
3549,4289,34
3549,4298,16
3549,4299,19
3549,4300,56
3549,4301,248
3549,4302,69
3549,4303,6
3549,4304,434
3549,4305,936
3549,4306,848
3549,4307,242
3549,4308,19
3549,4310,2
3549,4311,7
3549,4329,4
3549,4330,4
3549,4331,1
3549,4343,3
3549,4344,2
3549,4345,7
3549,4346,13
3549,4347,16
3549,4348,17
3549,4349,27
3549,4350,26
3549,4351,38
3549,4352,28
3549,4353,18
3549,4354,95
3549,4355,34
3549,4356,108
3549,4357,625
3549,4358,1520
3549,4359,705
3549,4360,882
3549,4361,30
3549,4362,308
3549,4363,1119
3549,4364,766
3549,4365,48
3549,4366,9
3549,4375,4
3549,4377,26
3549,4378,9
3549,4436,2
3549,4437,9
3549,4438,22
3549,4439,15
3549,4440,191
3549,4441,569
3549,4442,546
3549,4443,14
3549,4444,32
3549,4445,152
3549,4446,547
3549,4447,23
3549,4448,10
3549,4449,14
3549,4450,37
3549,4451,5
3549,4452,33
3549,4453,6
3549,4454,15
3549,4455,32
3549,4456,37
3549,4457,29
3549,4458,1
3549,4466,14
3549,4467,62
3549,4468,24
3549,4469,2
3550,4234,42
3550,4236,9
3550,4237,57
3550,4240,11
3550,4241,14
3550,4242,46
3550,4243,13
3550,4244,5
3550,4245,619
3550,4246,450
3550,4247,24
3550,4248,1
3550,4249,7
3550,4250,1
3550,4251,6
3550,4252,8
3550,4253,616
3550,4254,1004
3550,4255,11
3550,4256,9
3550,4257,3
3550,4258,9
3550,4259,11
3550,4260,10
3550,4261,8
3550,4262,8
3550,4263,96
3550,4264,147
3550,4265,7
3550,4266,5
3550,4267,4
3550,4268,65
3550,4269,8
3550,4270,3
3550,4272,11
3550,4274,2
3550,4275,4
3550,4276,13
3550,4277,783
3550,4278,811
3550,4279,7
3550,4280,5
3550,4281,219
3550,4282,1819
3550,4283,816
3550,4284,917
3550,4285,3
3550,4286,27
3550,4287,4
3550,4288,17
3550,4289,5
3550,4290,8
3550,4301,21
3550,4302,4
3550,4303,230
3550,4304,1171
3550,4305,414
3550,4306,4
3550,4308,5
3550,4309,10
3550,4333,1
3550,4334,1
3550,4341,38
3550,4342,16
3550,4343,9
3550,4344,20
3550,4345,114
3550,4346,32
3550,4347,24
3550,4348,21
3550,4349,40
3550,4350,14
3550,4351,21
3550,4352,72
3550,4353,17
3550,4354,46
3550,4355,12
3550,4356,59
3550,4357,268
3550,4358,2178
3550,4359,3038
3550,4360,1269
3550,4361,511
3550,4362,409
3550,4363,2
3550,4364,8
3550,4366,10
3550,4376,19
3550,4377,27
3550,4378,2
3550,4379,10
3550,4433,1
3550,4434,8
3550,4435,18
3550,4438,51
3550,4439,26
3550,4440,98
3550,4441,9
3550,4443,22
3550,4445,20
3550,4446,1101
3550,4447,96
3550,4448,35
3550,4449,92
3550,4450,56
3550,4451,59
3550,4452,386
3550,4453,2
3550,4454,3
3550,4455,49
3550,4456,36
3550,4461,35
3550,4466,7
3550,4467,14
3551,4234,26
3551,4236,3
3551,4237,31
3551,4241,5
3551,4242,7
3551,4243,5
3551,4244,22
3551,4245,229
3551,4246,83
3551,4247,11
3551,4248,9
3551,4249,20
3551,4250,11
3551,4251,2
3551,4252,3
3551,4253,490
3551,4254,675
3551,4255,14
3551,4256,1
3551,4257,10
3551,4258,28
3551,4259,24
3551,4260,8
3551,4261,10
3551,4262,19
3551,4263,219
3551,4264,16
3551,4265,13
3551,4266,21
3551,4267,4
3551,4268,70
3551,4269,6
3551,4270,10
3551,4271,27
3551,4272,12
3551,4273,49
3551,4274,6
3551,4275,33
3551,4276,42
3551,4277,67
3551,4278,1454
3551,4279,146
3551,4280,4
3551,4281,181
3551,4282,994
3551,4283,108
3551,4284,60
3551,4285,24
3551,4286,94
3551,4287,96
3551,4288,6
3551,4289,7
3551,4290,6
3551,4291,6
3551,4300,4
3551,4301,9
3551,4302,24
3551,4303,33
3551,4304,37
3551,4305,70
3551,4306,8
3551,4307,6
3551,4308,2
3551,4333,30
3551,4334,170
3551,4335,12
3551,4336,14
3551,4337,10
3551,4340,8
3551,4341,19
3551,4342,39
3551,4343,21
3551,4345,57
3551,4346,48
3551,4347,143
3551,4348,76
3551,4349,252
3551,4350,258
3551,4351,109
3551,4352,805
3551,4353,515
3551,4354,7
3551,4355,7
3551,4357,326
3551,4358,1570
3551,4359,2816
3551,4360,2183
3551,4361,2531
3551,4362,809
3551,4363,131
3551,4364,36
3551,4365,18
3551,4366,41
3551,4367,224
3551,4368,71
3551,4376,9
3551,4377,14
3551,4378,33
3551,4379,5
3551,4380,6
3551,4432,5
3551,4433,11
3551,4437,36
3551,4438,62
3551,4439,1
3551,4440,33
3551,4444,18
3551,4445,20
3551,4446,23
3551,4447,9
3551,4448,6
3551,4449,8
3551,4450,1
3551,4451,108
3551,4452,500
3551,4453,28
3551,4454,11
3551,4455,23
3551,4456,29
3551,4464,20
3551,4465,4
3551,4466,1
3552,4235,69
3552,4236,12
3552,4237,4
3552,4239,7
3552,4240,1
3552,4241,6
3552,4242,4
3552,4243,3
3552,4244,2
3552,4246,9
3552,4247,1
3552,4251,6
3552,4252,362
3552,4253,177
3552,4254,35
3552,4255,26
3552,4256,2
3552,4257,14
3552,4258,18
3552,4259,1
3552,4260,13
3552,4261,30
3552,4262,8
3552,4263,6
3552,4267,13
3552,4268,13
3552,4269,14
3552,4270,460
3552,4271,64
3552,4272,12
3552,4273,37
3552,4274,19
3552,4275,18
3552,4276,205
3552,4277,1373
3552,4278,860
3552,4279,81
3552,4280,7
3552,4281,37
3552,4282,12
3552,4284,11
3552,4285,18
3552,4286,74
3552,4287,23
3552,4289,8
3552,4290,1
3552,4291,19
3552,4301,1
3552,4302,20
3552,4303,44
3552,4304,7
3552,4325,1
3552,4326,3
3552,4331,2
3552,4332,9
3552,4333,10
3552,4334,9
3552,4335,3
3552,4339,59
3552,4340,67
3552,4341,15
3552,4342,145
3552,4343,23
3552,4344,5
3552,4345,132
3552,4346,2
3552,4347,294
3552,4348,205
3552,4349,297
3552,4350,293
3552,4351,57
3552,4352,124
3552,4353,20
3552,4354,22
3552,4355,22
3552,4356,36
3552,4357,59
3552,4358,96
3552,4359,51
3552,4360,1966
3552,4361,2474
3552,4362,375
3552,4363,39
3552,4364,44
3552,4365,30
3552,4366,33
3552,4367,13
3552,4368,81
3552,4376,6
3552,4377,12
3552,4378,15
3552,4379,7
3552,4380,6
3552,4430,1
3552,4431,2
3552,4437,83
3552,4438,2
3552,4439,58
3552,4440,177
3552,4441,12
3552,4442,25
3552,4443,16
3552,4444,8
3552,4445,28
3552,4446,8
3552,4447,9
3552,4448,4
3552,4449,43
3552,4451,23
3552,4452,18
3552,4453,13
3552,4454,13
3552,4455,8
3552,4456,114
3553,4234,6
3553,4235,145
3553,4236,88
3553,4237,18
3553,4238,6
3553,4239,31
3553,4240,6
3553,4241,2
3553,4242,33
3553,4243,10
3553,4244,9
3553,4245,10
3553,4246,12
3553,4247,6
3553,4248,2
3553,4249,22
3553,4250,11
3553,4251,10
3553,4252,86
3553,4253,14
3553,4254,5
3553,4255,7
3553,4256,9
3553,4257,12
3553,4258,21
3553,4259,12
3553,4260,10
3553,4261,3
3553,4262,8
3553,4263,6
3553,4265,11
3553,4266,2
3553,4267,6
3553,4268,35
3553,4269,11
3553,4270,8
3553,4271,8
3553,4273,4
3553,4274,43
3553,4275,23
3553,4276,1
3553,4277,11
3553,4278,21
3553,4279,13
3553,4281,29
3553,4282,8
3553,4283,23
3553,4284,151
3553,4285,75
3553,4286,938
3553,4287,24
3553,4288,32
3553,4289,59
3553,4290,38
3553,4291,4
3553,4326,7
3553,4327,4
3553,4328,5
3553,4330,8
3553,4331,19
3553,4332,16
3553,4333,30
3553,4334,22
3553,4335,6
3553,4337,765
3553,4338,718
3553,4339,76
3553,4340,49
3553,4341,9
3553,4342,65
3553,4343,42
3553,4344,253
3553,4345,452
3553,4346,12
3553,4347,21
3553,4348,25
3553,4349,64
3553,4350,12
3553,4351,45
3553,4352,13
3553,4353,24
3553,4355,4
3553,4356,16
3553,4357,17
3553,4358,5
3553,4359,33
3553,4360,1102
3553,4361,146
3553,4363,12
3553,4364,127
3553,4365,225
3553,4366,30
3553,4367,16
3553,4368,14
3553,4369,15
3553,4377,10
3553,4378,82
3553,4379,122
3553,4380,3
3553,4435,8
3553,4436,5
3553,4437,14
3553,4438,15
3553,4439,24
3553,4440,73
3553,4441,78
3553,4442,57
3553,4443,25
3553,4444,6
3553,4445,18
3553,4446,34
3553,4447,2
3553,4448,14
3553,4449,85
3553,4450,11
3553,4451,17
3553,4452,14
3553,4453,9
3553,4454,7
3553,4455,21
3554,4227,6
3554,4228,175
3554,4229,6
3554,4235,41
3554,4236,11
3554,4238,1
3554,4239,34
3554,4240,8
3554,4241,5
3554,4242,3
3554,4244,13
3554,4245,20
3554,4246,26
3554,4248,15
3554,4250,18
3554,4251,9
3554,4252,13
3554,4253,23
3554,4254,8
3554,4255,2
3554,4256,3
3554,4257,13
3554,4258,19
3554,4261,1
3554,4262,2
3554,4263,1
3554,4266,20
3554,4267,10
3554,4268,7
3554,4269,10
3554,4270,12
3554,4271,5
3554,4272,32
3554,4273,9
3554,4274,60
3554,4275,4
3554,4276,17
3554,4277,19
3554,4278,16
3554,4279,19
3554,4280,3
3554,4281,12
3554,4283,2
3554,4284,2
3554,4285,4
3554,4286,857
3554,4287,408
3554,4288,10
3554,4289,13
3554,4290,3
3554,4326,8
3554,4327,24
3554,4328,24
3554,4329,25
3554,4330,18
3554,4331,24
3554,4332,23
3554,4333,56
3554,4334,17
3554,4335,117
3554,4336,1651
3554,4337,680
3554,4338,16
3554,4339,20
3554,4340,6
3554,4341,7
3554,4342,55
3554,4343,91
3554,4344,25
3554,4345,15
3554,4346,19
3554,4347,28
3554,4348,99
3554,4349,43
3554,4350,29
3554,4351,24
3554,4352,14
3554,4353,66
3554,4355,11
3554,4356,16
3554,4357,24
3554,4358,52
3554,4359,64
3554,4360,24
3554,4361,69
3554,4362,15
3554,4363,60
3554,4364,403
3554,4365,1111
3554,4366,27
3554,4367,13
3554,4368,15
3554,4369,1
3554,4377,8
3554,4378,77
3554,4379,9
3554,4380,14
3554,4434,7
3554,4435,10
3554,4436,14
3554,4437,60
3554,4439,17
3554,4440,12
3554,4441,14
3554,4442,42
3554,4443,11
3554,4444,5
3554,4445,64
3554,4446,3
3554,4447,9
3554,4448,8
3554,4449,3
3554,4450,87
3554,4451,142
3554,4452,6
3554,4453,37
3554,4454,21
3554,4455,9
3554,4456,1
3554,4457,1
3554,4458,22
3554,4640,7
3554,4641,1
3554,4642,1
3554,4645,5
3555,4227,44
3555,4228,59
3555,4235,14
3555,4238,8
3555,4239,6
3555,4240,13
3555,4245,5
3555,4246,50
3555,4248,1
3555,4249,3
3555,4250,17
3555,4251,15
3555,4252,26
3555,4253,5
3555,4254,6
3555,4255,21
3555,4256,6
3555,4257,30
3555,4258,18
3555,4259,6
3555,4260,28
3555,4261,13
3555,4262,27
3555,4263,21
3555,4264,22
3555,4265,18
3555,4266,11
3555,4267,21
3555,4268,10
3555,4269,3
3555,4270,2
3555,4271,9
3555,4272,14
3555,4273,6
3555,4275,6
3555,4276,7
3555,4277,3
3555,4278,14
3555,4280,3
3555,4281,7
3555,4285,21
3555,4286,6
3555,4287,6
3555,4288,20
3555,4289,17
3555,4290,44
3555,4326,2
3555,4327,241
3555,4328,49
3555,4329,22
3555,4330,42
3555,4331,464
3555,4332,136
3555,4333,21
3555,4334,733
3555,4335,1452
3555,4336,594
3555,4337,40
3555,4338,97
3555,4339,270
3555,4340,57
3555,4341,4
3555,4342,5
3555,4343,10
3555,4344,7
3555,4345,22
3555,4346,14
3555,4347,29
3555,4348,209
3555,4349,9
3555,4350,5
3555,4351,14
3555,4352,13
3555,4353,61
3555,4354,75
3555,4355,102
3555,4356,11
3555,4357,25
3555,4358,7
3555,4359,25
3555,4360,39
3555,4361,57
3555,4362,39
3555,4363,4
3555,4366,302
3555,4367,19
3555,4368,12
3555,4369,9
3555,4370,9
3555,4377,6
3555,4378,16
3555,4379,12
3555,4380,1
3555,4433,8
3555,4434,7
3555,4435,1
3555,4436,27
3555,4437,30
3555,4440,96
3555,4441,33
3555,4442,37
3555,4443,4
3555,4444,6
3555,4445,1
3555,4446,2
3555,4447,19
3555,4448,16
3555,4449,20
3555,4450,92
3555,4451,4
3555,4452,11
3555,4453,39
3555,4455,7
3555,4456,11
3555,4457,46
3555,4458,48
3555,4459,2
3555,4638,6
3555,4639,18
3555,4640,33
3555,4641,10
3555,4642,3
3555,4643,10
3555,4644,3
3555,4645,14
3555,4646,2
3555,4647,1
3556,4225,2
3556,4227,6
3556,4228,3
3556,4238,3
3556,4239,8
3556,4244,5
3556,4245,9
3556,4246,1
3556,4248,37
3556,4249,30
3556,4250,2
3556,4252,14
3556,4253,10
3556,4254,17
3556,4255,16
3556,4256,9
3556,4257,8
3556,4259,4
3556,4260,2
3556,4262,2
3556,4263,4
3556,4264,14
3556,4265,6
3556,4266,21
3556,4267,14
3556,4268,6
3556,4269,9
3556,4270,7
3556,4271,3
3556,4272,2
3556,4273,41
3556,4274,10
3556,4278,10
3556,4279,48
3556,4280,106
3556,4281,7
3556,4282,16
3556,4283,10
3556,4284,119
3556,4285,68
3556,4286,4
3556,4287,18
3556,4288,21
3556,4289,3
3556,4290,3
3556,4328,15
3556,4329,7
3556,4330,41
3556,4331,165
3556,4332,55
3556,4333,7
3556,4334,50
3556,4335,148
3556,4336,28
3556,4337,35
3556,4338,30
3556,4339,41
3556,4340,6
3556,4341,5
3556,4342,7
3556,4343,10
3556,4344,7
3556,4345,6
3556,4346,7
3556,4347,9
3556,4348,19
3556,4349,29
3556,4350,4
3556,4352,47
3556,4353,60
3556,4354,470
3556,4355,183
3556,4356,28
3556,4357,13
3556,4358,7
3556,4359,20
3556,4360,11
3556,4361,11
3556,4362,38
3556,4363,30
3556,4364,47
3556,4365,21
3556,4366,158
3556,4367,54
3556,4368,31
3556,4369,7
3556,4370,3
3556,4377,10
3556,4378,22
3556,4379,10
3556,4432,8
3556,4433,13
3556,4434,12
3556,4436,10
3556,4437,61
3556,4438,8
3556,4440,16
3556,4441,19
3556,4442,19
3556,4443,34
3556,4444,56
3556,4445,12
3556,4446,30
3556,4447,58
3556,4449,9
3556,4450,40
3556,4451,24
3556,4452,9
3556,4453,20
3556,4454,35
3556,4455,57
3556,4456,22
3556,4457,29
3556,4458,40
3556,4459,64
3556,4637,3
3556,4638,16
3556,4639,3
3556,4640,4
3556,4641,6
3556,4642,12
3556,4643,20
3556,4644,9
3556,4645,24
3556,4646,14
3556,4647,11
3557,4227,6
3557,4228,13
3557,4240,13
3557,4241,98
3557,4242,3
3557,4243,5
3557,4244,237
3557,4245,58
3557,4246,5
3557,4247,6
3557,4248,9
3557,4249,24
3557,4250,4
3557,4251,14
3557,4252,9
3557,4253,8
3557,4254,21
3557,4255,13
3557,4257,4
3557,4259,9
3557,4260,12
3557,4261,193
3557,4262,24
3557,4264,13
3557,4265,15
3557,4266,18
3557,4267,6
3557,4268,15
3557,4269,7
3557,4270,12
3557,4271,10
3557,4272,1
3557,4273,10
3557,4274,6
3557,4276,14
3557,4277,7
3557,4278,24
3557,4279,4
3557,4280,21
3557,4281,15
3557,4282,2
3557,4283,3
3557,4284,402
3557,4285,161
3557,4286,30
3557,4287,7
3557,4292,14
3557,4293,1
3557,4322,3
3557,4323,2
3557,4331,6
3557,4332,25
3557,4333,4
3557,4334,12
3557,4335,210
3557,4336,37
3557,4337,7
3557,4338,11
3557,4339,7
3557,4341,15
3557,4342,8
3557,4343,2
3557,4347,4
3557,4348,37
3557,4349,10
3557,4350,14
3557,4351,8
3557,4352,10
3557,4353,217
3557,4354,58
3557,4355,27
3557,4356,44
3557,4357,12
3557,4358,6
3557,4359,12
3557,4360,31
3557,4361,21
3557,4362,16
3557,4363,69
3557,4364,51
3557,4365,18
3557,4366,66
3557,4367,451
3557,4368,35
3557,4369,27
3557,4370,10
3557,4377,1
3557,4378,13
3557,4379,6
3557,4381,4
3557,4431,20
3557,4432,71
3557,4433,9
3557,4434,7
3557,4435,14
3557,4436,33
3557,4437,265
3557,4438,15
3557,4439,32
3557,4440,583
3557,4441,243
3557,4442,14
3557,4443,17
3557,4444,9
3557,4445,50
3557,4446,43
3557,4447,5
3557,4448,8
3557,4449,9
3557,4450,316
3557,4451,19
3557,4452,39
3557,4453,124
3557,4454,16
3557,4456,19
3557,4457,101
3557,4458,47
3557,4459,49
3557,4634,23
3557,4635,12
3557,4636,4
3557,4637,3
3557,4638,14
3557,4639,14
3557,4640,50
3557,4641,5
3557,4642,24
3557,4643,17
3557,4644,36
3557,4645,24
3557,4646,28
3557,4647,229
3557,4648,9
3558,4228,10
3558,4239,1
3558,4241,24
3558,4242,2
3558,4244,38
3558,4245,63
3558,4246,7
3558,4250,3
3558,4251,14
3558,4252,1
3558,4253,3
3558,4254,8
3558,4255,2
3558,4256,3
3558,4257,40
3558,4258,9
3558,4259,24
3558,4260,6
3558,4261,80
3558,4262,21
3558,4263,6
3558,4264,274
3558,4265,814
3558,4266,78
3558,4267,5
3558,4268,8
3558,4269,12
3558,4271,16
3558,4273,3
3558,4275,6
3558,4276,48
3558,4277,26
3558,4278,210
3558,4279,5
3558,4280,1
3558,4281,6
3558,4282,6
3558,4283,10
3558,4284,23
3558,4285,19
3558,4286,42
3558,4287,35
3558,4288,21
3558,4289,2
3558,4319,2
3558,4320,16
3558,4321,7
3558,4322,40
3558,4323,37
3558,4331,13
3558,4332,17
3558,4333,80
3558,4334,403
3558,4335,51
3558,4336,42
3558,4339,15
3558,4340,16
3558,4341,7
3558,4343,17
3558,4345,4
3558,4348,26
3558,4349,6
3558,4350,52
3558,4351,25
3558,4352,290
3558,4353,858
3558,4354,24
3558,4355,18
3558,4356,62
3558,4357,6
3558,4358,23
3558,4359,20
3558,4360,74
3558,4361,33
3558,4362,20
3558,4363,46
3558,4364,40
3558,4365,67
3558,4366,89
3558,4367,23
3558,4368,33
3558,4369,19
3558,4370,7
3558,4378,91
3558,4379,76
3558,4380,12
3558,4381,14
3558,4430,20
3558,4431,11
3558,4432,5
3558,4434,25
3558,4435,12
3558,4436,362
3558,4437,9
3558,4438,5
3558,4440,21
3558,4441,43
3558,4442,91
3558,4443,16
3558,4444,20
3558,4445,6
3558,4446,14
3558,4447,53
3558,4448,26
3558,4449,12
3558,4450,129
3558,4451,766
3558,4452,1213
3558,4453,75
3558,4454,5
3558,4455,37
3558,4456,4
3558,4457,10
3558,4458,24
3558,4459,30
3558,4631,5
3558,4632,4
3558,4633,15
3558,4634,5
3558,4635,24
3558,4636,9
3558,4637,9
3558,4638,17
3558,4639,33
3558,4640,179
3558,4641,7
3558,4642,15
3558,4643,18
3558,4644,12
3558,4645,14
3558,4646,15
3558,4647,399
3558,4648,67
3559,4224,2
3559,4227,7
3559,4228,66
3559,4241,9
3559,4242,42
3559,4244,4
3559,4245,22
3559,4246,2
3559,4248,27
3559,4251,2
3559,4252,12
3559,4255,2
3559,4256,17
3559,4257,23
3559,4258,14
3559,4259,19
3559,4260,21
3559,4261,14
3559,4262,15
3559,4263,13
3559,4264,39
3559,4265,61
3559,4266,7
3559,4267,7
3559,4268,11
3559,4269,5
3559,4270,30
3559,4273,2
3559,4274,2
3559,4275,8
3559,4277,21
3559,4278,85
3559,4279,5
3559,4280,58
3559,4281,8
3559,4282,18
3559,4283,6
3559,4284,8
3559,4285,11
3559,4286,1
3559,4287,5
3559,4288,53
3559,4321,1
3559,4322,50
3559,4330,40
3559,4331,158
3559,4332,16
3559,4333,30
3559,4334,9
3559,4335,4
3559,4336,21
3559,4337,10
3559,4339,23
3559,4340,37
3559,4341,472
3559,4342,265
3559,4343,7
3559,4344,7
3559,4347,5
3559,4348,4
3559,4349,5
3559,4350,11
3559,4351,25
3559,4352,145
3559,4353,310
3559,4354,92
3559,4355,57
3559,4356,19
3559,4357,21
3559,4358,11
3559,4359,12
3559,4360,19
3559,4361,5
3559,4362,33
3559,4363,15
3559,4364,32
3559,4365,47
3559,4366,18
3559,4367,3
3559,4369,23
3559,4370,339
3559,4371,7
3559,4378,155
3559,4379,136
3559,4380,3
3559,4381,2
3559,4430,2
3559,4431,2
3559,4434,22
3559,4435,4
3559,4436,223
3559,4437,9
3559,4438,5
3559,4439,23
3559,4440,11
3559,4441,15
3559,4442,17
3559,4443,9
3559,4444,24
3559,4445,446
3559,4446,16
3559,4447,15
3559,4449,6
3559,4450,158
3559,4451,1033
3559,4452,635
3559,4453,7
3559,4454,12
3559,4455,11
3559,4456,54
3559,4457,26
3559,4458,2
3559,4626,72
3559,4628,3
3559,4629,3
3559,4630,10
3559,4631,10
3559,4632,12
3559,4633,20
3559,4634,8
3559,4635,16
3559,4636,24
3559,4637,6
3559,4638,14
3559,4639,23
3559,4640,36
3559,4641,16
3559,4642,23
3559,4643,10
3559,4644,52
3559,4645,47
3559,4646,76
3559,4647,90
3560,4224,4
3560,4225,2
3560,4227,4
3560,4228,14
3560,4241,5
3560,4243,4
3560,4244,5
3560,4246,1
3560,4247,3
3560,4249,4
3560,4251,9
3560,4252,8
3560,4253,15
3560,4254,67
3560,4255,8
3560,4256,1
3560,4257,6
3560,4258,21
3560,4259,8
3560,4260,8
3560,4261,15
3560,4262,12
3560,4264,11
3560,4265,9
3560,4266,8
3560,4267,10
3560,4268,6
3560,4269,12
3560,4270,109
3560,4271,2
3560,4272,7
3560,4274,14
3560,4275,14
3560,4276,18
3560,4277,20
3560,4278,4
3560,4279,2
3560,4281,10
3560,4282,4
3560,4283,3
3560,4284,13
3560,4285,9
3560,4286,6
3560,4287,5
3560,4288,17
3560,4321,4
3560,4322,38
3560,4330,283
3560,4331,4
3560,4332,1
3560,4333,11
3560,4334,16
3560,4335,7
3560,4336,12
3560,4337,7
3560,4338,7
3560,4339,3
3560,4341,133
3560,4342,182
3560,4343,24
3560,4344,2
3560,4347,18
3560,4348,26
3560,4349,9
3560,4350,67
3560,4351,53
3560,4352,33
3560,4353,2
3560,4354,4
3560,4355,34
3560,4356,20
3560,4358,13
3560,4359,26
3560,4360,17
3560,4362,9
3560,4363,30
3560,4364,21
3560,4365,509
3560,4366,188
3560,4367,4
3560,4368,5
3560,4369,19
3560,4370,103
3560,4380,6
3560,4381,4
3560,4394,18
3560,4437,25
3560,4438,40
3560,4439,83
3560,4440,50
3560,4441,8
3560,4442,17
3560,4443,27
3560,4444,40
3560,4445,65
3560,4446,8
3560,4449,41
3560,4450,2
3560,4452,11
3560,4457,31
3560,4625,4
3560,4626,77
3560,4627,11
3560,4628,13
3560,4629,9
3560,4630,18
3560,4631,2
3560,4632,21
3560,4633,9
3560,4634,20
3560,4635,12
3560,4636,36
3560,4637,28
3560,4638,30
3560,4639,18
3560,4640,8
3560,4641,4
3560,4642,16
3560,4643,15
3560,4644,23
3560,4645,4
3560,4646,16
3560,4647,138
3561,4226,2
3561,4228,16
3561,4238,1
3561,4240,115
3561,4241,590
3561,4242,1144
3561,4243,145
3561,4244,54
3561,4245,73
3561,4246,40
3561,4247,24
3561,4248,5
3561,4249,7
3561,4252,27
3561,4253,26
3561,4254,258
3561,4255,18
3561,4256,2
3561,4257,2
3561,4258,11
3561,4259,49
3561,4260,6
3561,4262,11
3561,4263,23
3561,4264,7
3561,4265,7
3561,4266,16
3561,4267,3
3561,4268,12
3561,4269,16
3561,4270,30
3561,4271,7
3561,4273,86
3561,4274,14
3561,4275,8
3561,4276,28
3561,4277,18
3561,4279,6
3561,4280,2
3561,4281,8
3561,4282,1
3561,4283,7
3561,4285,9
3561,4286,6
3561,4287,104
3561,4288,40
3561,4289,34
3561,4290,6
3561,4320,2
3561,4321,8
3561,4329,7
3561,4330,54
3561,4331,3
3561,4332,2
3561,4333,4
3561,4334,27
3561,4335,19
3561,4336,26
3561,4337,10
3561,4338,15
3561,4341,14
3561,4342,14
3561,4343,24
3561,4344,21
3561,4345,28
3561,4346,16
3561,4347,34
3561,4348,25
3561,4349,60
3561,4350,29
3561,4351,35
3561,4352,29
3561,4353,15
3561,4354,2
3561,4355,17
3561,4356,17
3561,4357,20
3561,4358,6
3561,4359,4
3561,4360,4
3561,4361,4
3561,4362,16
3561,4363,434
3561,4364,61
3561,4365,210
3561,4366,77
3561,4367,19
3561,4368,15
3561,4369,14
3561,4370,1
3561,4380,14
3561,4381,6
3561,4394,10
3561,4437,7
3561,4438,5
3561,4439,2
3561,4440,203
3561,4441,55
3561,4442,29
3561,4443,25
3561,4444,21
3561,4445,8
3561,4446,9
3561,4447,13
3561,4448,11
3561,4449,36
3561,4623,18
3561,4625,8
3561,4626,9
3561,4627,4
3561,4628,16
3561,4629,21
3561,4630,11
3561,4631,9
3561,4632,17
3561,4633,27
3561,4634,99
3561,4635,185
3561,4636,46
3561,4637,21
3561,4638,12
3561,4639,23
3561,4640,10
3561,4642,11
3561,4643,34
3561,4644,39
3561,4645,16
3561,4646,17
3561,4647,31
3561,4648,165
3562,4228,44
3562,4240,5
3562,4241,86
3562,4242,1073
3562,4243,19
3562,4244,2
3562,4245,5
3562,4246,9
3562,4249,3
3562,4250,17
3562,4252,2
3562,4253,10
3562,4254,38
3562,4255,11
3562,4259,4
3562,4260,24
3562,4261,3
3562,4262,12
3562,4263,2
3562,4265,4
3562,4266,17
3562,4267,8
3562,4268,3
3562,4269,7
3562,4270,2
3562,4273,7
3562,4274,10
3562,4275,9
3562,4277,21
3562,4278,2
3562,4279,5
3562,4280,20
3562,4281,95
3562,4282,1
3562,4284,12
3562,4285,20
3562,4286,20
3562,4287,2
3562,4289,3
3562,4290,17
3562,4320,8
3562,4329,3
3562,4331,19
3562,4332,109
3562,4333,18
3562,4334,32
3562,4335,33
3562,4336,14
3562,4337,59
3562,4338,28
3562,4340,3
3562,4341,10
3562,4342,9
3562,4343,38
3562,4344,35
3562,4345,44
3562,4346,46
3562,4347,157
3562,4348,53
3562,4349,61
3562,4350,26
3562,4351,34
3562,4352,2
3562,4353,1
3562,4354,156
3562,4355,195
3562,4356,52
3562,4357,26
3562,4358,15
3562,4359,22
3562,4360,1
3562,4361,17
3562,4362,43
3562,4363,63
3562,4364,3
3562,4365,43
3562,4366,3
3562,4367,226
3562,4368,20
3562,4369,39
3562,4371,20
3562,4380,3
3562,4381,2
3562,4394,41
3562,4395,4
3562,4428,4
3562,4431,8
3562,4432,4
3562,4433,21
3562,4434,2
3562,4435,8
3562,4436,69
3562,4437,20
3562,4438,11
3562,4439,23
3562,4440,12
3562,4441,11
3562,4442,7
3562,4443,5
3562,4444,4
3562,4446,46
3562,4447,15
3562,4448,26
3562,4449,36
3562,4621,50
3562,4622,133
3562,4623,31
3562,4624,4
3562,4625,13
3562,4626,45
3562,4627,87
3562,4628,142
3562,4629,313
3562,4630,60
3562,4631,24
3562,4632,17
3562,4633,21
3562,4634,689
3562,4635,1211
3562,4636,28
3562,4637,13
3562,4638,26
3562,4639,25
3562,4640,31
3562,4641,15
3562,4642,10
3562,4643,14
3562,4644,33
3562,4645,27
3562,4646,33
3562,4647,200
3562,4648,2280
3563,4227,2
3563,4228,34
3563,4238,1
3563,4239,12
3563,4240,15
3563,4241,7
3563,4242,4
3563,4243,6
3563,4244,14
3563,4245,20
3563,4248,2
3563,4249,5
3563,4250,12
3563,4254,6
3563,4255,18
3563,4256,4
3563,4257,4
3563,4258,5
3563,4259,8
3563,4260,2
3563,4262,13
3563,4263,2
3563,4264,12
3563,4265,12
3563,4266,1
3563,4267,30
3563,4268,2
3563,4269,4
3563,4270,3
3563,4271,31
3563,4272,5
3563,4273,5
3563,4274,11
3563,4275,7
3563,4276,3
3563,4277,19
3563,4278,2
3563,4279,11
3563,4280,8
3563,4281,26
3563,4282,4
3563,4283,8
3563,4284,14
3563,4285,118
3563,4286,263
3563,4287,4
3563,4288,11
3563,4289,11
3563,4290,6
3563,4291,8
3563,4323,2
3563,4324,15
3563,4325,14
3563,4326,2
3563,4330,6
3563,4331,13
3563,4332,17
3563,4333,241
3563,4334,15
3563,4335,7
3563,4336,9
3563,4337,64
3563,4338,19
3563,4339,5
3563,4340,31
3563,4341,3
3563,4342,5
3563,4343,52
3563,4344,47
3563,4345,17
3563,4346,47
3563,4347,18
3563,4348,19
3563,4349,17
3563,4350,7
3563,4352,36
3563,4353,1
3563,4354,1078
3563,4355,65
3563,4356,26
3563,4357,19
3563,4358,6
3563,4359,8
3563,4360,6
3563,4361,19
3563,4362,17
3563,4363,28
3563,4364,18
3563,4365,20
3563,4366,32
3563,4367,172
3563,4368,504
3563,4369,28
3563,4370,13
3563,4371,19
3563,4372,2
3563,4394,79
3563,4395,11
3563,4396,2
3563,4426,39
3563,4427,155
3563,4431,16
3563,4433,15
3563,4434,9
3563,4435,47
3563,4436,4
3563,4437,16
3563,4438,83
3563,4439,504
3563,4440,28
3563,4441,35
3563,4442,11
3563,4443,12
3563,4444,140
3563,4445,22
3563,4446,99
3563,4447,414
3563,4448,13
3563,4449,80
3563,4450,12
3563,4454,7
3563,4621,612
3563,4622,648
3563,4623,38
3563,4624,3
3563,4625,12
3563,4626,8
3563,4627,11
3563,4628,20
3563,4629,21
3563,4630,9
3563,4631,14
3563,4632,12
3563,4633,27
3563,4634,49
3563,4635,23
3563,4636,14
3563,4637,14
3563,4638,21
3563,4639,17
3563,4640,1
3563,4642,6
3563,4643,12
3563,4644,8
3563,4645,16
3563,4646,8
3563,4647,38
3563,4648,969
3563,4649,60
3564,4228,9
3564,4229,21
3564,4238,21
3564,4239,29
3564,4240,7
3564,4241,9
3564,4245,2
3564,4246,2
3564,4248,2
3564,4249,2
3564,4250,9
3564,4251,3
3564,4252,3
3564,4254,8
3564,4256,12
3564,4257,22
3564,4258,15
3564,4259,9
3564,4260,43
3564,4261,874
3564,4262,570
3564,4263,15
3564,4264,13
3564,4265,7
3564,4266,2
3564,4267,6
3564,4268,9
3564,4270,6
3564,4271,7
3564,4272,20
3564,4273,58
3564,4275,8
3564,4277,16
3564,4278,20
3564,4279,13
3564,4280,10
3564,4281,29
3564,4282,13
3564,4284,16
3564,4285,21
3564,4286,264
3564,4287,29
3564,4288,21
3564,4289,8
3564,4290,104
3564,4291,13
3564,4292,5
3564,4293,8
3564,4294,6
3564,4298,20
3564,4322,4
3564,4323,19
3564,4324,23
3564,4325,50
3564,4326,4
3564,4327,14
3564,4328,8
3564,4330,37
3564,4331,14
3564,4332,10
3564,4333,14
3564,4334,14
3564,4335,12
3564,4336,18
3564,4337,14
3564,4338,13
3564,4339,2
3564,4340,90
3564,4341,41
3564,4342,9
3564,4343,39
3564,4344,9
3564,4345,21
3564,4346,28
3564,4347,8
3564,4348,19
3564,4349,14
3564,4350,2
3564,4352,31
3564,4353,30
3564,4354,280
3564,4355,53
3564,4356,5
3564,4357,28
3564,4358,28
3564,4359,7
3564,4360,2
3564,4361,12
3564,4362,7
3564,4363,26
3564,4364,7
3564,4366,10
3564,4367,30
3564,4368,23
3564,4369,22
3564,4370,11
3564,4371,6
3564,4372,11
3564,4425,205
3564,4426,173
3564,4427,138
3564,4428,1
3564,4431,6
3564,4432,67
3564,4433,46
3564,4434,5
3564,4435,14
3564,4436,6
3564,4437,39
3564,4438,51
3564,4439,290
3564,4440,42
3564,4441,70
3564,4442,15
3564,4443,89
3564,4444,38
3564,4445,20
3564,4446,367
3564,4447,333
3564,4448,14
3564,4449,29
3564,4450,85
3564,4451,20
3564,4454,7
3564,4620,1398
3564,4621,2434
3564,4622,1355
3564,4623,69
3564,4624,35
3564,4625,15
3564,4626,13
3564,4627,18
3564,4628,5
3564,4629,27
3564,4630,28
3564,4631,8
3564,4632,54
3564,4633,10
3564,4634,44
3564,4635,32
3564,4636,9
3564,4637,8
3564,4643,4
3564,4644,9
3564,4645,17
3564,4646,10
3564,4647,3
3564,4648,27
3564,4649,52
3565,4229,2
3565,4238,15
3565,4239,17
3565,4240,17
3565,4242,1
3565,4245,14
3565,4246,13
3565,4247,5
3565,4249,3
3565,4251,1
3565,4254,3
3565,4255,2
3565,4257,12
3565,4258,29
3565,4259,11
3565,4260,244
3565,4261,1199
3565,4262,387
3565,4263,25
3565,4264,11
3565,4265,2
3565,4266,2
3565,4267,4
3565,4268,13
3565,4269,18
3565,4270,127
3565,4271,10
3565,4272,3
3565,4273,2
3565,4274,10
3565,4275,1
3565,4276,589
3565,4277,75
3565,4278,28
3565,4279,15
3565,4280,263
3565,4281,15
3565,4282,30
3565,4283,7
3565,4284,9
3565,4285,4
3565,4286,34
3565,4287,36
3565,4288,33
3565,4289,14
3565,4290,308
3565,4291,9
3565,4292,98
3565,4293,71
3565,4294,112
3565,4295,59
3565,4296,13
3565,4297,5
3565,4299,11
3565,4320,11
3565,4321,9
3565,4322,14
3565,4323,16
3565,4324,30
3565,4325,7
3565,4326,26
3565,4327,7
3565,4328,30
3565,4329,23
3565,4330,204
3565,4331,48
3565,4332,16
3565,4333,25
3565,4334,21
3565,4335,32
3565,4336,196
3565,4337,146
3565,4338,17
3565,4340,2
3565,4341,44
3565,4342,19
3565,4343,138
3565,4344,14
3565,4345,22
3565,4346,18
3565,4347,34
3565,4348,23
3565,4349,19
3565,4350,24
3565,4351,9
3565,4352,48
3565,4353,14
3565,4354,24
3565,4355,139
3565,4356,33
3565,4357,14
3565,4358,32
3565,4359,37
3565,4361,13
3565,4362,19
3565,4363,5
3565,4364,3
3565,4365,7
3565,4366,32
3565,4367,146
3565,4368,23
3565,4369,78
3565,4370,6
3565,4371,11
3565,4372,20
3565,4398,1
3565,4412,1
3565,4413,5
3565,4424,23
3565,4425,465
3565,4426,560
3565,4430,14
3565,4431,18
3565,4432,24
3565,4433,28
3565,4434,36
3565,4435,3
3565,4436,17
3565,4437,74
3565,4438,389
3565,4439,1268
3565,4440,75
3565,4441,10
3565,4442,6
3565,4443,7
3565,4444,19
3565,4445,1
3565,4446,400
3565,4447,146
3565,4448,14
3565,4449,5
3565,4450,10
3565,4451,31
3565,4452,79
3565,4453,16
3565,4454,26
3565,4455,2
3565,4620,1144
3565,4621,2711
3565,4622,674
3565,4623,54
3565,4624,46
3565,4625,23
3565,4626,33
3565,4627,13
3565,4628,49
3565,4629,45
3565,4630,38
3565,4631,15
3565,4632,4
3565,4634,19
3565,4635,18
3565,4636,4
3565,4637,2
3565,4638,5
3565,4644,4
3565,4647,8
3565,4648,11
3565,4649,15
3566,4237,1
3566,4238,7
3566,4239,143
3566,4240,238
3566,4241,24
3566,4242,18
3566,4243,3
3566,4244,3
3566,4245,11
3566,4247,11
3566,4248,4
3566,4249,3
3566,4250,26
3566,4251,3
3566,4255,11
3566,4257,6
3566,4259,2
3566,4260,8
3566,4262,6
3566,4263,8
3566,4264,7
3566,4265,21
3566,4266,10
3566,4267,9
3566,4268,6
3566,4269,93
3566,4270,533
3566,4271,4
3566,4273,2
3566,4274,8
3566,4275,15
3566,4276,428
3566,4277,87
3566,4278,22
3566,4279,20
3566,4280,109
3566,4281,23
3566,4282,35
3566,4283,9
3566,4284,15
3566,4285,62
3566,4287,2
3566,4288,3
3566,4289,49
3566,4290,95
3566,4291,44
3566,4292,89
3566,4293,4
3566,4295,14
3566,4296,2
3566,4297,5
3566,4298,96
3566,4299,27
3566,4300,9
3566,4320,32
3566,4321,63
3566,4322,5
3566,4323,14
3566,4324,23
3566,4325,12
3566,4326,15
3566,4327,19
3566,4328,114
3566,4329,25
3566,4330,70
3566,4331,74
3566,4332,26
3566,4333,7
3566,4334,12
3566,4335,9
3566,4336,135
3566,4337,14
3566,4338,1
3566,4339,25
3566,4340,67
3566,4341,11
3566,4342,37
3566,4343,84
3566,4344,16
3566,4345,15
3566,4346,75
3566,4347,469
3566,4348,6
3566,4349,106
3566,4350,102
3566,4351,48
3566,4352,41
3566,4353,24
3566,4354,21
3566,4355,14
3566,4356,37
3566,4357,19
3566,4358,20
3566,4359,30
3566,4360,3
3566,4361,13
3566,4362,11
3566,4363,12
3566,4364,10
3566,4365,4
3566,4366,2
3566,4367,26
3566,4368,24
3566,4369,24
3566,4370,31
3566,4371,21
3566,4372,16
3566,4396,5
3566,4404,3
3566,4411,5
3566,4412,22
3566,4413,4
3566,4416,13
3566,4420,9
3566,4421,28
3566,4422,46
3566,4423,6
3566,4424,18
3566,4425,49
3566,4426,418
3566,4430,12
3566,4431,31
3566,4432,697
3566,4433,79
3566,4434,20
3566,4435,28
3566,4436,2
3566,4438,5
3566,4439,15
3566,4440,12
3566,4441,31
3566,4442,9
3566,4443,81
3566,4444,21
3566,4445,32
3566,4446,20
3566,4447,105
3566,4448,5
3566,4449,3
3566,4450,6
3566,4451,11
3566,4452,24
3566,4453,66
3566,4454,4
3566,4455,19
3566,4620,90
3566,4621,1882
3566,4622,310
3566,4623,4
3566,4624,186
3566,4625,28
3566,4626,8
3566,4627,26
3566,4628,222
3566,4629,28
3566,4630,2
3566,4632,2
3566,4633,5
3566,4634,46
3566,4635,25
3566,4638,4
3566,4639,10
3566,4640,5
3566,4641,3
3566,4642,9
3566,4643,3
3566,4644,3
3566,4645,4
3566,4646,6
3566,4647,8
3566,4648,18
3566,4649,37
3567,4237,17
3567,4238,15
3567,4240,10
3567,4241,8
3567,4242,3
3567,4243,1
3567,4244,1
3567,4245,18
3567,4246,5
3567,4248,3
3567,4249,36
3567,4250,16
3567,4251,2
3567,4252,8
3567,4253,13
3567,4254,4
3567,4255,3
3567,4257,5
3567,4258,12
3567,4259,15
3567,4260,30
3567,4261,7
3567,4262,21
3567,4263,19
3567,4265,10
3567,4266,35
3567,4267,13
3567,4268,33
3567,4269,10
3567,4270,7
3567,4271,2
3567,4272,4
3567,4273,4
3567,4274,8
3567,4275,10
3567,4276,3
3567,4277,8
3567,4278,16
3567,4279,13
3567,4280,5
3567,4281,29
3567,4282,15
3567,4283,5
3567,4284,105
3567,4285,582
3567,4286,50
3567,4287,14
3567,4288,16
3567,4289,21
3567,4290,3
3567,4291,15
3567,4292,7
3567,4293,14
3567,4294,7
3567,4295,25
3567,4296,146
3567,4297,32
3567,4298,11
3567,4300,6
3567,4319,12
3567,4320,32
3567,4321,7
3567,4322,66
3567,4323,160
3567,4324,41
3567,4325,26
3567,4326,60
3567,4327,43
3567,4328,778
3567,4329,92
3567,4330,8
3567,4331,5
3567,4332,6
3567,4333,32
3567,4334,14
3567,4335,26
3567,4336,29
3567,4337,15
3567,4338,10
3567,4339,15
3567,4340,30
3567,4341,9
3567,4342,95
3567,4343,18
3567,4344,43
3567,4345,63
3567,4346,55
3567,4347,36
3567,4348,126
3567,4349,18
3567,4350,42
3567,4351,54
3567,4352,75
3567,4353,24
3567,4354,35
3567,4355,38
3567,4356,47
3567,4357,63
3567,4358,339
3567,4359,101
3567,4360,41
3567,4361,24
3567,4362,2
3567,4363,14
3567,4364,24
3567,4365,24
3567,4366,8
3567,4367,7
3567,4368,18
3567,4369,24
3567,4370,18
3567,4371,31
3567,4372,44
3567,4396,52
3567,4397,51
3567,4403,2
3567,4404,1
3567,4410,6
3567,4411,5
3567,4416,329
3567,4417,24
3567,4418,19
3567,4419,3
3567,4420,4
3567,4421,15
3567,4422,9
3567,4423,55
3567,4424,18
3567,4425,15
3567,4426,14
3567,4432,1093
3567,4433,1544
3567,4434,56
3567,4435,39
3567,4436,19
3567,4437,12
3567,4438,75
3567,4439,17
3567,4440,12
3567,4441,22
3567,4442,56
3567,4443,33
3567,4444,30
3567,4445,100
3567,4446,13
3567,4447,35
3567,4448,38
3567,4450,2
3567,4451,26
3567,4452,20
3567,4453,100
3567,4454,49
3567,4455,30
3567,4456,1
3567,4621,307
3567,4622,1
3567,4623,14
3567,4624,19
3567,4625,10
3567,4626,32
3567,4627,23
3567,4628,26
3567,4629,28
3567,4630,30
3567,4631,16
3567,4632,2
3567,4634,14
3567,4635,2
3567,4636,1
3567,4638,7
3567,4639,13
3567,4640,11
3567,4641,12
3567,4642,20
3567,4643,14
3567,4644,25
3567,4645,32
3567,4646,11
3567,4647,16
3567,4648,94
3567,4649,219
3568,4237,11
3568,4238,7
3568,4239,1
3568,4242,14
3568,4243,14
3568,4244,18
3568,4245,38
3568,4246,217
3568,4247,46
3568,4248,17
3568,4250,6
3568,4251,1
3568,4253,7
3568,4254,7
3568,4255,4
3568,4258,7
3568,4259,2
3568,4260,29
3568,4263,3
3568,4264,14
3568,4265,23
3568,4266,5
3568,4267,3
3568,4268,4
3568,4269,13
3568,4272,1
3568,4276,4
3568,4277,9
3568,4279,9
3568,4280,14
3568,4281,10
3568,4283,20
3568,4284,1
3568,4285,12
3568,4286,14
3568,4287,7
3568,4288,24
3568,4289,14
3568,4290,4
3568,4291,13
3568,4292,26
3568,4293,17
3568,4294,36
3568,4295,7
3568,4296,119
3568,4297,22
3568,4298,6
3568,4316,4
3568,4317,2
3568,4318,15
3568,4319,8
3568,4320,7
3568,4321,34
3568,4322,21
3568,4323,69
3568,4324,8
3568,4325,16
3568,4326,20
3568,4327,13
3568,4328,671
3568,4329,659
3568,4330,24
3568,4331,60
3568,4332,36
3568,4333,12
3568,4334,18
3568,4335,2
3568,4336,11
3568,4337,46
3568,4339,2
3568,4341,6
3568,4342,66
3568,4343,6
3568,4344,29
3568,4345,19
3568,4346,51
3568,4347,34
3568,4348,17
3568,4349,26
3568,4350,87
3568,4351,51
3568,4352,26
3568,4353,69
3568,4354,32
3568,4355,14
3568,4356,38
3568,4357,12
3568,4358,126
3568,4359,834
3568,4360,7
3568,4362,24
3568,4363,12
3568,4364,282
3568,4365,17
3568,4366,15
3568,4367,119
3568,4368,27
3568,4369,48
3568,4370,6
3568,4371,12
3568,4372,11
3568,4396,66
3568,4397,5
3568,4400,8
3568,4401,12
3568,4402,8
3568,4403,27
3568,4404,14
3568,4406,5
3568,4407,4
3568,4408,2
3568,4409,6
3568,4410,52
3568,4414,19
3568,4416,172
3568,4417,23
3568,4418,8
3568,4419,25
3568,4420,9
3568,4421,262
3568,4422,2
3568,4423,20
3568,4424,5
3568,4425,9
3568,4426,2
3568,4427,6
3568,4428,188
3568,4429,76
3568,4430,30
3568,4431,143
3568,4432,2650
3568,4433,3331
3568,4434,907
3568,4435,15
3568,4436,76
3568,4437,4
3568,4438,129
3568,4439,83
3568,4440,37
3568,4441,15
3568,4442,12
3568,4443,18
3568,4444,51
3568,4445,195
3568,4446,27
3568,4447,30
3568,4448,29
3568,4449,16
3568,4450,103
3568,4451,14
3568,4452,18
3568,4453,84
3568,4454,16
3568,4455,20
3568,4456,5
3568,4457,219
3568,4622,9
3568,4623,23
3568,4624,56
3568,4625,9
3568,4626,9
3568,4627,33
3568,4628,16
3568,4629,26
3568,4630,16
3568,4631,16
3568,4634,1
3568,4638,12
3568,4639,12
3568,4640,12
3568,4641,32
3568,4642,12
3568,4643,16
3568,4644,14
3568,4645,9
3568,4646,17
3568,4647,16
3568,4648,13
3568,4649,20
3569,4238,2
3569,4239,29
3569,4241,9
3569,4242,12
3569,4243,3
3569,4244,14
3569,4245,7
3569,4246,4
3569,4247,14
3569,4248,3
3569,4249,8
3569,4251,7
3569,4252,13
3569,4254,1
3569,4255,10
3569,4256,46
3569,4257,30
3569,4259,2
3569,4260,5
3569,4261,8
3569,4263,5
3569,4264,8
3569,4265,33
3569,4266,15
3569,4267,2
3569,4268,6
3569,4275,19
3569,4277,20
3569,4278,21
3569,4279,63
3569,4280,6
3569,4281,3
3569,4282,7
3569,4285,4
3569,4286,16
3569,4287,13
3569,4288,814
3569,4289,37
3569,4290,56
3569,4291,18
3569,4292,57
3569,4293,1
3569,4294,2
3569,4295,10
3569,4296,3
3569,4297,14
3569,4298,35
3569,4301,22
3569,4302,10
3569,4315,1
3569,4316,14
3569,4317,21
3569,4318,23
3569,4319,12
3569,4320,19
3569,4321,14
3569,4322,45
3569,4323,32
3569,4324,16
3569,4325,19
3569,4326,8
3569,4327,4
3569,4328,3
3569,4329,284
3569,4330,56
3569,4331,36
3569,4332,16
3569,4333,9
3569,4334,1
3569,4335,59
3569,4336,175
3569,4337,828
3569,4338,12
3569,4340,2
3569,4341,8
3569,4342,70
3569,4343,22
3569,4344,13
3569,4345,21
3569,4346,187
3569,4347,42
3569,4348,19
3569,4349,33
3569,4350,713
3569,4351,1427
3569,4352,134
3569,4353,34
3569,4354,181
3569,4355,294
3569,4356,41
3569,4357,46
3569,4358,36
3569,4359,9
3569,4360,8
3569,4361,17
3569,4362,9
3569,4363,12
3569,4364,9
3569,4365,18
3569,4367,14
3569,4368,11
3569,4369,39
3569,4370,64
3569,4371,24
3569,4372,4
3569,4395,1
3569,4396,2
3569,4400,12
3569,4401,42
3569,4402,9
3569,4403,28
3569,4404,24
3569,4405,13
3569,4407,20
3569,4408,57
3569,4409,27
3569,4410,71
3569,4411,22
3569,4412,5
3569,4413,7
3569,4414,16
3569,4415,2
3569,4416,26
3569,4417,49
3569,4418,14
3569,4419,42
3569,4420,63
3569,4421,16
3569,4422,5
3569,4423,26
3569,4424,1
3569,4426,39
3569,4427,17
3569,4428,35
3569,4429,11
3569,4430,27
3569,4431,1103
3569,4432,2300
3569,4433,1776
3569,4434,1174
3569,4435,9
3569,4436,563
3569,4437,1
3569,4438,27
3569,4439,43
3569,4440,33
3569,4441,13
3569,4442,33
3569,4443,34
3569,4444,17
3569,4445,1
3569,4447,29
3569,4448,10
3569,4449,25
3569,4450,27
3569,4451,9
3569,4452,25
3569,4453,134
3569,4454,5
3569,4456,17
3569,4457,164
3569,4458,256
3569,4621,30
3569,4622,10
3569,4623,127
3569,4624,588
3569,4625,29
3569,4626,19
3569,4627,12
3569,4628,5
3569,4629,20
3569,4630,19
3569,4631,14
3569,4632,27
3569,4637,31
3569,4638,58
3569,4639,31
3569,4640,28
3569,4641,26
3569,4642,20
3569,4643,27
3569,4644,3
3569,4645,7
3569,4646,9
3569,4647,17
3569,4648,16
3569,4649,10
3570,4237,1
3570,4238,18
3570,4239,192
3570,4240,73
3570,4241,6
3570,4242,3
3570,4245,5
3570,4246,15
3570,4247,48
3570,4248,9
3570,4250,7
3570,4251,9
3570,4254,33
3570,4255,17
3570,4256,14
3570,4258,3
3570,4259,11
3570,4260,2
3570,4261,3
3570,4262,4
3570,4263,12
3570,4264,16
3570,4265,53
3570,4267,8
3570,4268,1
3570,4270,1
3570,4271,8
3570,4272,87
3570,4273,192
3570,4274,36
3570,4275,39
3570,4276,154
3570,4277,62
3570,4278,29
3570,4279,14
3570,4280,14
3570,4281,14
3570,4282,63
3570,4283,7
3570,4284,26
3570,4285,139
3570,4286,6
3570,4287,438
3570,4288,2059
3570,4289,888
3570,4290,161
3570,4291,1221
3570,4292,590
3570,4293,15
3570,4294,4
3570,4295,27
3570,4297,5
3570,4298,2
3570,4299,60
3570,4300,24
3570,4301,8
3570,4302,11
3570,4314,36
3570,4315,5
3570,4316,2
3570,4317,2
3570,4318,189
3570,4319,709
3570,4320,67
3570,4321,7
3570,4322,40
3570,4323,19
3570,4324,15
3570,4325,216
3570,4326,28
3570,4327,5
3570,4328,8
3570,4329,34
3570,4330,35
3570,4331,4
3570,4332,4
3570,4333,28
3570,4334,18
3570,4335,12
3570,4336,3
3570,4337,30
3570,4338,6
3570,4339,10
3570,4340,27
3570,4341,3
3570,4342,5
3570,4343,34
3570,4344,4
3570,4345,18
3570,4346,9
3570,4347,15
3570,4348,178
3570,4349,124
3570,4350,391
3570,4351,1735
3570,4352,61
3570,4353,8
3570,4354,843
3570,4355,323
3570,4356,181
3570,4357,13
3570,4358,37
3570,4360,3
3570,4362,6
3570,4363,4
3570,4364,28
3570,4365,15
3570,4366,214
3570,4367,47
3570,4368,35
3570,4369,20
3570,4370,231
3570,4371,16
3570,4372,34
3570,4395,5
3570,4400,4
3570,4401,17
3570,4403,14
3570,4404,56
3570,4405,125
3570,4406,33
3570,4407,31
3570,4408,30
3570,4409,31
3570,4410,13
3570,4411,13
3570,4412,9
3570,4413,23
3570,4414,249
3570,4415,11
3570,4416,120
3570,4417,19
3570,4418,15
3570,4419,24
3570,4420,31
3570,4421,15
3570,4422,20
3570,4423,12
3570,4424,9
3570,4425,20
3570,4426,36
3570,4427,10
3570,4428,5
3570,4429,9
3570,4430,346
3570,4431,2010
3570,4432,3010
3570,4433,3625
3570,4434,2250
3570,4435,15
3570,4436,2
3570,4438,18
3570,4439,77
3570,4440,45
3570,4441,28
3570,4442,33
3570,4443,79
3570,4444,18
3570,4446,5
3570,4447,8
3570,4448,9
3570,4449,7
3570,4450,39
3570,4451,76
3570,4452,11
3570,4453,32
3570,4454,3
3570,4456,23
3570,4457,45
3570,4458,813
3570,4459,1188
3570,4460,24
3570,4621,335
3570,4622,11
3570,4623,31
3570,4624,20
3570,4625,33
3570,4626,19
3570,4627,11
3570,4628,14
3570,4629,9
3570,4630,17
3570,4631,77
3570,4632,8
3570,4634,26
3570,4635,17
3570,4636,14
3570,4637,11
3570,4638,22
3570,4639,31
3570,4640,452
3570,4641,50
3570,4642,24
3570,4643,30
3570,4644,11
3570,4645,16
3570,4646,14
3570,4647,47
3570,4648,742
3570,4649,160
3571,4238,13
3571,4239,3
3571,4240,2
3571,4241,7
3571,4243,3
3571,4244,7
3571,4245,8
3571,4246,94
3571,4247,16
3571,4248,8
3571,4249,19
3571,4250,21
3571,4251,23
3571,4252,11
3571,4254,23
3571,4255,293
3571,4257,9
3571,4258,4
3571,4263,6
3571,4264,10
3571,4265,3
3571,4266,2
3571,4268,14
3571,4269,5
3571,4270,10
3571,4271,32
3571,4272,25
3571,4273,574
3571,4274,12
3571,4275,214
3571,4276,2019
3571,4277,1389
3571,4278,278
3571,4279,13
3571,4280,17
3571,4281,743
3571,4282,167
3571,4283,5
3571,4284,1
3571,4285,245
3571,4286,493
3571,4287,811
3571,4288,3558
3571,4289,1213
3571,4290,70
3571,4291,442
3571,4292,41
3571,4293,19
3571,4294,22
3571,4295,23
3571,4296,44
3571,4297,27
3571,4298,262
3571,4299,4
3571,4300,41
3571,4301,9
3571,4302,11
3571,4305,17
3571,4314,170
3571,4315,8
3571,4316,107
3571,4317,60
3571,4318,40
3571,4319,171
3571,4320,60
3571,4321,2
3571,4322,22
3571,4323,14
3571,4324,7
3571,4325,307
3571,4326,2
3571,4327,31
3571,4328,11
3571,4329,38
3571,4330,55
3571,4331,48
3571,4332,39
3571,4333,26
3571,4334,331
3571,4335,593
3571,4336,32
3571,4337,32
3571,4338,34
3571,4339,1
3571,4340,130
3571,4341,22
3571,4342,11
3571,4343,8
3571,4344,223
3571,4346,35
3571,4347,19
3571,4348,9
3571,4349,60
3571,4350,1028
3571,4351,582
3571,4352,87
3571,4353,36
3571,4354,66
3571,4355,162
3571,4356,29
3571,4358,12
3571,4359,66
3571,4360,12
3571,4361,21
3571,4362,2
3571,4363,59
3571,4364,15
3571,4365,30
3571,4366,219
3571,4367,13
3571,4368,38
3571,4369,2
3571,4370,29
3571,4371,26
3571,4372,22
3571,4399,3
3571,4400,5
3571,4403,7
3571,4404,114
3571,4405,44
3571,4406,25
3571,4407,77
3571,4408,10
3571,4409,17
3571,4410,22
3571,4411,69
3571,4412,43
3571,4413,12
3571,4414,40
3571,4416,15
3571,4417,117
3571,4418,151
3571,4419,26
3571,4420,23
3571,4421,9
3571,4422,30
3571,4423,12
3571,4424,21
3571,4425,24
3571,4426,6
3571,4427,14
3571,4428,15
3571,4429,4
3571,4430,112
3571,4431,1244
3571,4432,878
3571,4433,2927
3571,4434,3659
3571,4435,46
3571,4436,15
3571,4437,6
3571,4438,26
3571,4439,23
3571,4440,38
3571,4441,16
3571,4442,23
3571,4443,7
3571,4444,39
3571,4445,6
3571,4447,16
3571,4448,36
3571,4449,10
3571,4450,59
3571,4451,29
3571,4452,36
3571,4453,12
3571,4454,35
3571,4455,5
3571,4456,14
3571,4457,33
3571,4458,177
3571,4459,132
3571,4621,167
3571,4622,30
3571,4623,13
3571,4624,21
3571,4625,22
3571,4626,41
3571,4627,12
3571,4628,7
3571,4629,21
3571,4630,23
3571,4631,23
3571,4632,36
3571,4633,10
3571,4634,17
3571,4635,15
3571,4636,11
3571,4637,11
3571,4638,4
3571,4639,13
3571,4640,43
3571,4641,36
3571,4643,12
3571,4644,19
3571,4645,15
3571,4646,171
3571,4647,98
3571,4648,95
3572,4237,18
3572,4238,56
3572,4239,13
3572,4245,20
3572,4246,200
3572,4247,12
3572,4248,2
3572,4249,2
3572,4250,5
3572,4251,73
3572,4252,9
3572,4253,6
3572,4254,97
3572,4255,142
3572,4256,9
3572,4257,5
3572,4262,4
3572,4263,7
3572,4264,30
3572,4265,16
3572,4266,35
3572,4267,83
3572,4269,26
3572,4270,10
3572,4271,13
3572,4272,4
3572,4273,26
3572,4274,315
3572,4275,821
3572,4276,898
3572,4277,13
3572,4278,18
3572,4279,29
3572,4280,197
3572,4281,8
3572,4282,4
3572,4284,33
3572,4285,145
3572,4286,932
3572,4287,2882
3572,4288,2465
3572,4289,2336
3572,4290,1067
3572,4291,294
3572,4292,9
3572,4294,9
3572,4295,8
3572,4296,14
3572,4297,52
3572,4298,142
3572,4299,39
3572,4300,64
3572,4301,42
3572,4302,278
3572,4304,82
3572,4305,12
3572,4314,61
3572,4315,26
3572,4316,8
3572,4317,28
3572,4318,30
3572,4319,32
3572,4320,8
3572,4321,28
3572,4322,31
3572,4323,3
3572,4324,26
3572,4325,69
3572,4326,20
3572,4327,9
3572,4328,194
3572,4329,220
3572,4330,5
3572,4331,28
3572,4333,23
3572,4334,139
3572,4335,231
3572,4336,215
3572,4337,26
3572,4338,45
3572,4339,13
3572,4341,13
3572,4342,32
3572,4343,10
3572,4344,9
3572,4345,15
3572,4346,70
3572,4347,25
3572,4348,2
3572,4349,8
3572,4350,73
3572,4351,19
3572,4352,5
3572,4353,71
3572,4354,14
3572,4356,4
3572,4357,9
3572,4359,38
3572,4360,14
3572,4361,20
3572,4362,52
3572,4363,1193
3572,4364,60
3572,4365,23
3572,4366,26
3572,4367,26
3572,4368,14
3572,4369,17
3572,4370,13
3572,4371,14
3572,4400,12
3572,4401,288
3572,4402,978
3572,4403,2296
3572,4404,616
3572,4405,40
3572,4406,13
3572,4407,68
3572,4408,74
3572,4409,27
3572,4410,20
3572,4411,33
3572,4412,11
3572,4413,14
3572,4414,11
3572,4415,19
3572,4416,2
3572,4417,82
3572,4418,15
3572,4419,42
3572,4420,12
3572,4421,20
3572,4422,84
3572,4423,9
3572,4424,49
3572,4425,3
3572,4426,2
3572,4427,132
3572,4428,6
3572,4429,13
3572,4430,36
3572,4431,4
3572,4432,298
3572,4433,1551
3572,4434,345
3572,4435,4
3572,4436,14
3572,4437,33
3572,4438,28
3572,4439,19
3572,4440,61
3572,4441,57
3572,4442,4
3572,4443,20
3572,4444,31
3572,4445,1
3572,4446,3
3572,4447,21
3572,4448,25
3572,4449,10
3572,4450,233
3572,4451,194
3572,4452,14
3572,4453,10
3572,4454,56
3572,4455,344
3572,4456,62
3572,4457,29
3572,4458,28
3572,4459,12
3572,4460,2
3572,4461,2
3572,4463,5
3572,4467,18
3572,4468,13
3572,4621,20
3572,4622,8
3572,4623,6
3572,4624,3
3572,4625,5
3572,4626,69
3572,4627,11
3572,4628,9
3572,4629,19
3572,4630,8
3572,4631,14
3572,4632,11
3572,4633,11
3572,4634,14
3572,4635,35
3572,4636,54
3572,4637,74
3572,4638,12
3572,4639,11
3572,4640,28
3572,4641,15
3572,4642,3
3572,4643,10
3572,4644,32
3572,4645,2
3573,4237,44
3573,4238,2
3573,4239,18
3573,4240,13
3573,4241,26
3573,4242,4
3573,4243,8
3573,4244,19
3573,4245,24
3573,4246,68
3573,4247,6
3573,4248,22
3573,4249,16
3573,4250,54
3573,4251,79
3573,4252,12
3573,4254,17
3573,4256,3
3573,4257,9
3573,4260,16
3573,4261,16
3573,4262,124
3573,4263,10
3573,4264,7
3573,4265,8
3573,4266,4
3573,4267,11
3573,4268,6
3573,4269,41
3573,4270,8
3573,4271,10
3573,4272,8
3573,4273,6
3573,4274,361
3573,4275,31
3573,4276,16
3573,4277,16
3573,4278,11
3573,4279,8
3573,4280,5
3573,4281,7
3573,4282,2
3573,4283,1
3573,4284,15
3573,4285,5
3573,4286,7
3573,4287,379
3573,4288,135
3573,4289,337
3573,4290,300
3573,4291,3
3573,4292,81
3573,4293,12
3573,4294,1
3573,4295,14
3573,4296,13
3573,4297,41
3573,4298,9
3573,4299,7
3573,4300,11
3573,4301,16
3573,4302,8
3573,4303,11
3573,4304,23
3573,4305,1
3573,4313,14
3573,4314,1660
3573,4315,987
3573,4316,12
3573,4317,44
3573,4318,16
3573,4319,30
3573,4320,33
3573,4321,8
3573,4322,73
3573,4323,35
3573,4324,16
3573,4325,53
3573,4326,21
3573,4327,423
3573,4328,210
3573,4329,47
3573,4330,32
3573,4331,13
3573,4332,9
3573,4333,7
3573,4334,8
3573,4335,17
3573,4336,8
3573,4337,30
3573,4338,9
3573,4339,20
3573,4340,115
3573,4341,482
3573,4342,127
3573,4343,20
3573,4344,53
3573,4345,8
3573,4346,20
3573,4347,35
3573,4348,24
3573,4349,25
3573,4350,43
3573,4351,15
3573,4352,23
3573,4353,16
3573,4354,50
3573,4355,4
3573,4357,1
3573,4358,10
3573,4359,36
3573,4360,23
3573,4361,36
3573,4362,34
3573,4363,265
3573,4364,105
3573,4365,16
3573,4366,23
3573,4367,35
3573,4368,37
3573,4369,18
3573,4371,3
3573,4400,55
3573,4401,253
3573,4402,628
3573,4403,351
3573,4404,878
3573,4405,169
3573,4406,19
3573,4407,38
3573,4408,12
3573,4409,11
3573,4410,17
3573,4411,19
3573,4412,15
3573,4413,67
3573,4414,13
3573,4415,8
3573,4416,13
3573,4417,205
3573,4418,58
3573,4419,35
3573,4420,22
3573,4421,1
3573,4422,407
3573,4423,33
3573,4424,14
3573,4425,17
3573,4426,17
3573,4427,26
3573,4428,35
3573,4429,25
3573,4430,40
3573,4432,887
3573,4433,1869
3573,4434,567
3573,4435,147
3573,4436,20
3573,4437,62
3573,4438,384
3573,4439,71
3573,4440,736
3573,4441,11
3573,4442,29
3573,4443,19
3573,4444,10
3573,4445,2
3573,4446,2
3573,4447,49
3573,4448,28
3573,4449,214
3573,4450,780
3573,4451,96
3573,4452,23
3573,4453,3
3573,4454,225
3573,4455,1470
3573,4456,27
3573,4457,68
3573,4459,25
3573,4460,13
3573,4461,2
3573,4462,2
3573,4463,1
3573,4464,24
3573,4465,34
3573,4466,18
3573,4467,55
3573,4468,13
3573,4469,20
3573,4470,53
3573,4471,9
3573,4620,575
3573,4621,505
3573,4622,20
3573,4623,20
3573,4624,3
3573,4625,20
3573,4626,195
3573,4627,377
3573,4628,9
3573,4629,16
3573,4630,20
3573,4631,9
3573,4632,4
3573,4633,10
3573,4634,7
3573,4635,14
3573,4636,37
3573,4637,172
3573,4638,16
3573,4639,4
3573,4640,20
3573,4641,7
3573,4642,6
3573,4643,2
3574,4237,31
3574,4238,53
3574,4239,29
3574,4240,52
3574,4243,5
3574,4244,3
3574,4245,13
3574,4248,17
3574,4249,6
3574,4250,1
3574,4251,1
3574,4252,11
3574,4256,5
3574,4257,101
3574,4258,85
3574,4259,7
3574,4260,27
3574,4261,20
3574,4262,15
3574,4263,7
3574,4264,15
3574,4265,15
3574,4266,17
3574,4268,348
3574,4269,152
3574,4270,2
3574,4271,17
3574,4272,10
3574,4273,4
3574,4274,18
3574,4275,7
3574,4276,129
3574,4278,3
3574,4279,12
3574,4280,2
3574,4281,5
3574,4282,13
3574,4283,15
3574,4284,22
3574,4285,10
3574,4286,14
3574,4288,15
3574,4289,84
3574,4290,38
3574,4291,3
3574,4292,59
3574,4293,19
3574,4294,21
3574,4295,7
3574,4296,9
3574,4297,54
3574,4298,11
3574,4299,8
3574,4314,1740
3574,4315,1316
3574,4316,4
3574,4317,22
3574,4318,1
3574,4319,30
3574,4320,2
3574,4321,11
3574,4322,62
3574,4323,13
3574,4324,18
3574,4325,27
3574,4326,45
3574,4327,1161
3574,4328,212
3574,4329,26
3574,4330,18
3574,4331,3
3574,4332,33
3574,4333,19
3574,4334,14
3574,4335,19
3574,4336,11
3574,4337,22
3574,4338,6
3574,4339,6
3574,4340,303
3574,4341,213
3574,4342,14
3574,4343,15
3574,4344,22
3574,4345,23
3574,4346,4
3574,4347,36
3574,4348,72
3574,4349,61
3574,4350,18
3574,4351,13
3574,4352,27
3574,4353,17
3574,4354,53
3574,4355,21
3574,4356,10
3574,4359,304
3574,4360,210
3574,4361,70
3574,4362,22
3574,4363,19
3574,4364,24
3574,4365,3
3574,4366,21
3574,4367,11
3574,4368,35
3574,4369,10
3574,4370,3
3574,4400,4
3574,4401,39
3574,4402,8
3574,4404,30
3574,4405,32
3574,4406,18
3574,4407,22
3574,4408,8
3574,4409,53
3574,4410,106
3574,4411,27
3574,4412,12
3574,4413,42
3574,4414,27
3574,4415,20
3574,4416,17
3574,4417,421
3574,4418,118
3574,4419,35
3574,4420,5
3574,4421,16
3574,4422,49
3574,4423,27
3574,4424,9
3574,4425,43
3574,4426,179
3574,4427,25
3574,4428,16
3574,4429,30
3574,4430,67
3574,4431,63
3574,4432,190
3574,4433,771
3574,4434,532
3574,4435,171
3574,4436,5
3574,4437,19
3574,4438,730
3574,4439,111
3574,4440,80
3574,4441,19
3574,4442,26
3574,4443,34
3574,4444,19
3574,4445,25
3574,4446,24
3574,4447,25
3574,4448,117
3574,4449,681
3574,4450,343
3574,4451,5
3574,4452,9
3574,4453,13
3574,4454,375
3574,4455,1487
3574,4456,20
3574,4457,60
3574,4458,10
3574,4459,54
3574,4460,32
3574,4461,4
3574,4462,60
3574,4463,3
3574,4464,27
3574,4465,9
3574,4466,13
3574,4467,30
3574,4468,8
3574,4469,1
3574,4470,81
3574,4471,548
3574,4472,480
3574,4620,592
3574,4621,10
3574,4622,8
3574,4623,4
3574,4624,33
3574,4625,15
3574,4626,8
3574,4627,58
3574,4628,12
3574,4629,6
3574,4630,38
3574,4631,5
3574,4633,2
3574,4634,15
3574,4635,16
3574,4636,27
3574,4637,8
3574,4638,13
3574,4639,13
3574,4640,24
3574,4641,12
3575,4227,16
3575,4228,15
3575,4237,1
3575,4238,7
3575,4239,380
3575,4240,334
3575,4243,9
3575,4244,15
3575,4245,16
3575,4246,86
3575,4247,24
3575,4248,20
3575,4250,2
3575,4253,1
3575,4254,22
3575,4255,8
3575,4256,5
3575,4257,8
3575,4258,13
3575,4259,75
3575,4260,372
3575,4261,134
3575,4262,4
3575,4263,16
3575,4264,7
3575,4266,15
3575,4267,12
3575,4268,10
3575,4269,14
3575,4270,43
3575,4271,11
3575,4272,26
3575,4273,22
3575,4274,7
3575,4275,203
3575,4276,104
3575,4277,9
3575,4278,6
3575,4279,110
3575,4280,11
3575,4281,4
3575,4282,15
3575,4283,11
3575,4285,12
3575,4286,149
3575,4287,4
3575,4289,45
3575,4290,5
3575,4291,26
3575,4292,27
3575,4293,9
3575,4294,23
3575,4295,96
3575,4296,65
3575,4297,5
3575,4299,13
3575,4314,224
3575,4315,56
3575,4316,67
3575,4317,6
3575,4319,53
3575,4320,14
3575,4321,24
3575,4322,17
3575,4323,28
3575,4324,29
3575,4325,7
3575,4326,54
3575,4327,677
3575,4328,187
3575,4329,39
3575,4330,9
3575,4331,59
3575,4332,80
3575,4333,50
3575,4334,70
3575,4335,4
3575,4336,7
3575,4337,22
3575,4338,28
3575,4339,24
3575,4340,17
3575,4341,30
3575,4342,140
3575,4343,30
3575,4344,334
3575,4345,558
3575,4346,12
3575,4347,107
3575,4348,33
3575,4349,31
3575,4350,94
3575,4351,125
3575,4352,102
3575,4353,24
3575,4354,88
3575,4355,154
3575,4356,21
3575,4357,5
3575,4358,2
3575,4359,74
3575,4360,64
3575,4361,37
3575,4362,28
3575,4363,78
3575,4364,492
3575,4365,20
3575,4366,13
3575,4367,8
3575,4368,165
3575,4400,12
3575,4401,35
3575,4402,36
3575,4404,16
3575,4405,8
3575,4406,5
3575,4407,34
3575,4408,21
3575,4409,34
3575,4410,4
3575,4411,31
3575,4412,76
3575,4413,83
3575,4414,11
3575,4415,76
3575,4416,28
3575,4417,19
3575,4418,18
3575,4419,98
3575,4420,6
3575,4421,22
3575,4422,22
3575,4423,7
3575,4424,61
3575,4425,20
3575,4426,28
3575,4427,22
3575,4428,26
3575,4429,7
3575,4430,28
3575,4431,42
3575,4432,19
3575,4433,6
3575,4434,337
3575,4435,1020
3575,4436,465
3575,4437,16
3575,4439,35
3575,4440,24
3575,4441,51
3575,4442,9
3575,4443,2
3575,4445,54
3575,4446,4
3575,4448,6
3575,4449,56
3575,4450,40
3575,4451,16
3575,4453,11
3575,4454,67
3575,4455,241
3575,4456,14
3575,4457,14
3575,4458,9
3575,4459,31
3575,4460,77
3575,4461,15
3575,4462,22
3575,4463,19
3575,4464,14
3575,4465,12
3575,4466,10
3575,4467,11
3575,4468,28
3575,4469,21
3575,4470,14
3575,4471,254
3575,4472,511
3575,4473,69
3575,4620,14
3575,4621,15
3575,4622,40
3575,4623,12
3575,4624,9
3575,4625,2
3575,4626,19
3575,4627,25
3575,4628,27
3575,4629,24
3575,4630,17
3575,4631,13
3575,4632,3
3575,4633,8
3575,4634,11
3575,4635,7
3575,4636,9
3575,4637,3
3575,4638,3
3575,4639,3
3575,4640,2
3576,4228,2
3576,4236,34
3576,4237,119
3576,4238,17
3576,4239,278
3576,4240,155
3576,4241,3
3576,4243,9
3576,4244,9
3576,4245,7
3576,4246,53
3576,4247,15
3576,4248,2
3576,4250,6
3576,4251,3
3576,4253,8
3576,4254,19
3576,4255,6
3576,4256,4
3576,4257,11
3576,4258,13
3576,4259,316
3576,4260,1296
3576,4261,105
3576,4262,2
3576,4263,4
3576,4266,7
3576,4268,3
3576,4269,4
3576,4270,11
3576,4271,14
3576,4272,4
3576,4273,6
3576,4274,6
3576,4275,14
3576,4276,7
3576,4277,12
3576,4278,5
3576,4279,96
3576,4281,9
3576,4282,11
3576,4285,186
3576,4286,50
3576,4287,13
3576,4288,17
3576,4289,42
3576,4290,8
3576,4292,17
3576,4293,8
3576,4294,4
3576,4295,3
3576,4296,39
3576,4297,5
3576,4298,22
3576,4299,23
3576,4314,11
3576,4316,74
3576,4317,8
3576,4318,33
3576,4319,34
3576,4320,5
3576,4321,11
3576,4322,15
3576,4323,24
3576,4324,86
3576,4325,45
3576,4326,2
3576,4328,4
3576,4329,53
3576,4330,7
3576,4331,16
3576,4332,40
3576,4333,72
3576,4334,444
3576,4335,175
3576,4336,88
3576,4337,3
3576,4338,7
3576,4339,38
3576,4340,24
3576,4341,39
3576,4342,21
3576,4344,27
3576,4345,257
3576,4346,299
3576,4347,49
3576,4348,28
3576,4349,61
3576,4350,166
3576,4351,33
3576,4352,31
3576,4353,14
3576,4354,30
3576,4355,31
3576,4356,55
3576,4357,68
3576,4359,25
3576,4360,37
3576,4361,22
3576,4362,23
3576,4363,51
3576,4364,81
3576,4365,64
3576,4366,48
3576,4367,29
3576,4368,47
3576,4370,19
3576,4373,5
3576,4400,8
3576,4401,22
3576,4402,53
3576,4403,16
3576,4404,5
3576,4405,27
3576,4406,183
3576,4407,9
3576,4408,19
3576,4409,70
3576,4410,23
3576,4411,61
3576,4412,18
3576,4413,12
3576,4414,36
3576,4415,24
3576,4416,30
3576,4417,24
3576,4418,4
3576,4419,17
3576,4420,22
3576,4421,7
3576,4422,7
3576,4423,34
3576,4424,12
3576,4425,15
3576,4426,15
3576,4427,19
3576,4428,15
3576,4429,29
3576,4430,20
3576,4431,71
3576,4432,26
3576,4434,875
3576,4435,1088
3576,4436,1218
3576,4437,17
3576,4438,6
3576,4441,1
3576,4442,4
3576,4443,4
3576,4444,5
3576,4445,6
3576,4447,26
3576,4448,22
3576,4449,35
3576,4450,35
3576,4451,3
3576,4452,3
3576,4453,4
3576,4455,3
3576,4456,12
3576,4457,65
3576,4458,10
3576,4459,26
3576,4460,56
3576,4461,15
3576,4462,244
3576,4463,15
3576,4464,142
3576,4466,264
3576,4467,85
3576,4468,79
3576,4469,170
3576,4470,28
3576,4471,71
3576,4472,115
3576,4473,57
3576,4474,26
3576,4475,17
3576,4620,13
3576,4621,24
3576,4622,34
3576,4623,15
3576,4624,7
3576,4625,9
3576,4626,9
3576,4627,13
3576,4628,16
3576,4630,9
3576,4631,24
3576,4632,9
3576,4633,13
3576,4634,13
3576,4635,2
3576,4636,11
3576,4637,3
3576,4638,12
3577,4236,63
3577,4237,110
3577,4238,2
3577,4239,1
3577,4240,28
3577,4241,24
3577,4242,6
3577,4243,16
3577,4244,2
3577,4245,26
3577,4246,31
3577,4247,33
3577,4248,15
3577,4252,16
3577,4254,8
3577,4256,2
3577,4258,6
3577,4259,19
3577,4260,257
3577,4261,26
3577,4262,1
3577,4263,2
3577,4264,1
3577,4265,1
3577,4266,10
3577,4267,2
3577,4268,25
3577,4271,3
3577,4273,17
3577,4274,12
3577,4275,6
3577,4276,6
3577,4277,10
3577,4279,7
3577,4280,35
3577,4281,123
3577,4282,12
3577,4283,11
3577,4284,4
3577,4285,13
3577,4286,10
3577,4287,13
3577,4288,10
3577,4289,24
3577,4290,5
3577,4291,32
3577,4292,8
3577,4293,92
3577,4294,46
3577,4296,13
3577,4297,61
3577,4298,6
3577,4309,2
3577,4314,4
3577,4315,18
3577,4316,45
3577,4317,16
3577,4318,28
3577,4319,29
3577,4320,337
3577,4321,22
3577,4322,26
3577,4323,13
3577,4324,49
3577,4326,3
3577,4328,2
3577,4329,44
3577,4330,155
3577,4331,51
3577,4332,60
3577,4333,37
3577,4334,63
3577,4335,3
3577,4336,20
3577,4337,101
3577,4338,36
3577,4339,22
3577,4340,95
3577,4341,44
3577,4342,13
3577,4343,27
3577,4344,21
3577,4345,625
3577,4346,910
3577,4347,21
3577,4348,46
3577,4349,318
3577,4350,1173
3577,4351,297
3577,4352,351
3577,4353,32
3577,4354,53
3577,4355,16
3577,4356,18
3577,4357,23
3577,4358,40
3577,4359,30
3577,4360,51
3577,4361,16
3577,4362,39
3577,4363,32
3577,4364,15
3577,4365,23
3577,4366,14
3577,4367,146
3577,4368,4
3577,4369,580
3577,4370,577
3577,4371,6
3577,4372,54
3577,4397,3
3577,4398,16
3577,4399,2
3577,4400,6
3577,4401,100
3577,4402,13
3577,4403,7
3577,4404,3
3577,4405,10
3577,4406,16
3577,4407,16
3577,4408,44
3577,4409,23
3577,4410,383
3577,4411,523
3577,4412,17
3577,4413,30
3577,4414,18
3577,4415,27
3577,4416,47
3577,4417,17
3577,4418,18
3577,4419,150
3577,4420,137
3577,4421,22
3577,4422,3
3577,4423,4
3577,4424,26
3577,4425,15
3577,4426,34
3577,4427,80
3577,4428,13
3577,4429,28
3577,4430,22
3577,4431,8
3577,4432,630
3577,4433,48
3577,4434,32
3577,4435,19
3577,4436,68
3577,4439,6
3577,4440,1
3577,4441,39
3577,4442,5
3577,4444,6
3577,4445,7
3577,4446,16
3577,4447,37
3577,4448,96
3577,4449,19
3577,4450,58
3577,4451,8
3577,4452,10
3577,4453,5
3577,4455,41
3577,4456,41
3577,4457,31
3577,4458,17
3577,4459,12
3577,4460,7
3577,4461,4
3577,4462,67
3577,4463,28
3577,4464,18
3577,4465,2
3577,4466,23
3577,4467,20
3577,4468,18
3577,4469,13
3577,4470,16
3577,4471,17
3577,4472,29
3577,4473,8
3577,4474,3
3577,4475,115
3577,4476,69
3577,4620,14
3577,4621,9
3577,4622,43
3577,4623,39
3577,4624,16
3577,4625,17
3577,4626,19
3577,4627,13
3577,4628,13
3577,4629,14
3577,4630,7
3577,4631,4
3577,4632,74
3577,4633,13
3577,4634,18
3577,4635,11
3577,4636,57
3577,4637,348
3577,4638,24
3578,4237,26
3578,4238,35
3578,4240,5
3578,4241,33
3578,4242,31
3578,4243,174
3578,4244,15
3578,4245,6
3578,4246,20
3578,4247,31
3578,4248,2
3578,4251,2
3578,4252,2
3578,4255,16
3578,4256,27
3578,4257,10
3578,4258,2
3578,4259,6
3578,4261,8
3578,4262,11
3578,4263,43
3578,4264,7
3578,4265,14
3578,4266,312
3578,4267,113
3578,4268,11
3578,4269,3
3578,4270,4
3578,4271,12
3578,4272,18
3578,4273,4
3578,4275,257
3578,4277,6
3578,4278,22
3578,4279,41
3578,4280,2
3578,4281,10
3578,4283,15
3578,4284,16
3578,4287,15
3578,4288,9
3578,4289,138
3578,4290,10
3578,4291,17
3578,4292,6
3578,4293,16
3578,4294,31
3578,4295,9
3578,4296,13
3578,4298,1
3578,4308,22
3578,4309,7
3578,4314,22
3578,4315,19
3578,4316,11
3578,4317,57
3578,4318,8
3578,4319,25
3578,4320,35
3578,4321,16
3578,4322,30
3578,4323,32
3578,4324,40
3578,4325,2
3578,4326,9
3578,4328,12
3578,4329,26
3578,4330,27
3578,4331,19
3578,4332,40
3578,4333,31
3578,4334,127
3578,4335,47
3578,4336,9
3578,4337,28
3578,4338,9
3578,4339,16
3578,4340,139
3578,4341,273
3578,4342,30
3578,4343,21
3578,4344,114
3578,4345,100
3578,4346,36
3578,4347,13
3578,4348,31
3578,4349,16
3578,4350,140
3578,4351,1026
3578,4352,694
3578,4353,24
3578,4354,148
3578,4355,22
3578,4356,22
3578,4357,166
3578,4358,857
3578,4359,29
3578,4360,71
3578,4361,40
3578,4362,32
3578,4363,29
3578,4364,25
3578,4365,41
3578,4366,28
3578,4367,367
3578,4368,394
3578,4369,1179
3578,4370,1784
3578,4371,3429
3578,4372,541
3578,4373,53
3578,4395,7
3578,4396,2
3578,4397,3
3578,4398,51
3578,4399,21
3578,4400,66
3578,4401,630
3578,4402,22
3578,4403,4
3578,4404,11
3578,4405,2
3578,4406,18
3578,4407,13
3578,4408,23
3578,4409,28
3578,4410,35
3578,4411,46
3578,4412,1
3578,4413,42
3578,4414,33
3578,4415,16
3578,4416,15
3578,4417,46
3578,4418,545
3578,4419,1260
3578,4420,94
3578,4421,24
3578,4422,10
3578,4423,1
3578,4426,13
3578,4427,11
3578,4428,20
3578,4429,24
3578,4430,5
3578,4431,50
3578,4432,579
3578,4433,41
3578,4434,16
3578,4435,4
3578,4439,17
3578,4440,205
3578,4441,131
3578,4442,17
3578,4443,12
3578,4444,80
3578,4445,19
3578,4446,2
3578,4447,1
3578,4448,24
3578,4449,28
3578,4450,19
3578,4451,15
3578,4452,46
3578,4453,10
3578,4454,9
3578,4455,14
3578,4456,14
3578,4458,2
3578,4459,13
3578,4460,13
3578,4461,67
3578,4462,14
3578,4463,5
3578,4464,9
3578,4465,31
3578,4466,40
3578,4467,20
3578,4468,83
3578,4469,25
3578,4470,21
3578,4471,5
3578,4472,4
3578,4473,53
3578,4474,3
3578,4475,17
3578,4476,20
3578,4620,13
3578,4621,20
3578,4622,23
3578,4623,15
3578,4624,11
3578,4625,17
3578,4626,9
3578,4627,8
3578,4628,10
3578,4629,13
3578,4630,7
3578,4631,6
3578,4632,115
3578,4633,28
3578,4634,8
3578,4636,27
3578,4637,325
3579,4238,6
3579,4239,76
3579,4240,439
3579,4241,338
3579,4242,91
3579,4243,196
3579,4244,23
3579,4245,28
3579,4246,47
3579,4247,4
3579,4248,85
3579,4249,7
3579,4253,2
3579,4254,8
3579,4255,15
3579,4256,231
3579,4257,13
3579,4258,16
3579,4260,7
3579,4261,27
3579,4262,4
3579,4263,34
3579,4264,23
3579,4265,5
3579,4266,13
3579,4267,8
3579,4268,11
3579,4269,17
3579,4270,5
3579,4272,29
3579,4273,16
3579,4274,243
3579,4275,155
3579,4276,548
3579,4277,134
3579,4278,4
3579,4279,14
3579,4280,10
3579,4282,15
3579,4283,20
3579,4284,15
3579,4286,2
3579,4287,19
3579,4288,30
3579,4289,7
3579,4290,4
3579,4291,7
3579,4292,101
3579,4293,409
3579,4294,67
3579,4295,11
3579,4297,17
3579,4298,4
3579,4314,4
3579,4315,8
3579,4316,26
3579,4317,97
3579,4318,33
3579,4319,24
3579,4320,1
3579,4321,12
3579,4322,5
3579,4323,26
3579,4324,14
3579,4325,21
3579,4326,23
3579,4327,34
3579,4328,10
3579,4329,11
3579,4330,15
3579,4331,37
3579,4332,21
3579,4333,654
3579,4334,612
3579,4335,28
3579,4336,575
3579,4337,360
3579,4338,39
3579,4339,59
3579,4340,29
3579,4341,93
3579,4342,32
3579,4343,24
3579,4344,19
3579,4345,7
3579,4346,31
3579,4347,7
3579,4348,27
3579,4349,38
3579,4350,31
3579,4351,5
3579,4352,18
3579,4353,55
3579,4354,163
3579,4355,68
3579,4356,116
3579,4357,373
3579,4358,22
3579,4359,20
3579,4360,193
3579,4361,45
3579,4362,17
3579,4363,85
3579,4364,51
3579,4365,49
3579,4366,28
3579,4367,32
3579,4368,68
3579,4369,287
3579,4370,1510
3579,4371,2439
3579,4372,225
3579,4394,459
3579,4395,408
3579,4396,13
3579,4397,5
3579,4398,40
3579,4399,25
3579,4400,28
3579,4401,7
3579,4402,15
3579,4403,31
3579,4404,26
3579,4405,9
3579,4406,9
3579,4407,8
3579,4408,13
3579,4409,416
3579,4410,38
3579,4411,9
3579,4412,15
3579,4413,16
3579,4415,23
3579,4416,43
3579,4417,38
3579,4418,82
3579,4419,304
3579,4420,17
3579,4421,73
3579,4422,44
3579,4423,30
3579,4424,2
3579,4425,4
3579,4427,125
3579,4428,41
3579,4429,6
3579,4430,6
3579,4431,141
3579,4432,682
3579,4433,26
3579,4434,46
3579,4435,13
3579,4436,5
3579,4437,16
3579,4438,6
3579,4439,14
3579,4440,13
3579,4441,14
3579,4442,144
3579,4443,31
3579,4444,17
3579,4445,6
3579,4446,6
3579,4447,12
3579,4448,25
3579,4449,8
3579,4450,40
3579,4451,149
3579,4452,33
3579,4453,25
3579,4454,42
3579,4455,49
3579,4456,23
3579,4457,40
3579,4458,9
3579,4459,22
3579,4460,610
3579,4461,58
3579,4462,13
3579,4463,9
3579,4464,25
3579,4465,5
3579,4466,7
3579,4467,16
3579,4468,19
3579,4469,4
3579,4470,12
3579,4471,20
3579,4472,22
3579,4473,34
3579,4474,25
3579,4475,60
3579,4476,32
3579,4621,6
3579,4622,23
3579,4623,20
3579,4624,26
3579,4625,27
3579,4626,23
3579,4627,9
3579,4628,7
3579,4629,28
3579,4630,5
3579,4631,8
3579,4632,2
3580,4237,2
3580,4239,5
3580,4241,53
3580,4242,896
3580,4243,1022
3580,4244,266
3580,4245,3
3580,4249,2
3580,4251,2
3580,4252,2
3580,4253,4
3580,4254,10
3580,4255,4
3580,4256,12
3580,4257,10
3580,4258,12
3580,4259,3
3580,4260,12
3580,4261,109
3580,4262,8
3580,4263,10
3580,4264,17
3580,4265,5
3580,4266,18
3580,4267,3
3580,4268,19
3580,4269,12
3580,4271,1
3580,4272,13
3580,4273,52
3580,4274,6
3580,4275,11
3580,4276,2
3580,4277,26
3580,4278,4
3580,4279,7
3580,4280,17
3580,4281,43
3580,4282,18
3580,4283,10
3580,4284,13
3580,4285,14
3580,4286,4
3580,4287,25
3580,4288,35
3580,4289,29
3580,4290,11
3580,4291,11
3580,4292,14
3580,4293,50
3580,4294,7
3580,4295,67
3580,4296,7
3580,4297,9
3580,4298,13
3580,4313,15
3580,4314,21
3580,4315,25
3580,4316,121
3580,4317,33
3580,4318,20
3580,4319,82
3580,4321,9
3580,4322,23
3580,4323,17
3580,4324,231
3580,4325,42
3580,4326,11
3580,4327,13
3580,4328,9
3580,4329,19
3580,4330,15
3580,4331,22
3580,4332,30
3580,4333,165
3580,4334,32
3580,4335,56
3580,4336,412
3580,4337,15
3580,4338,54
3580,4339,45
3580,4340,12
3580,4341,375
3580,4342,51
3580,4343,35
3580,4344,34
3580,4345,23
3580,4346,63
3580,4348,1431
3580,4349,304
3580,4350,24
3580,4351,28
3580,4352,9
3580,4353,48
3580,4354,26
3580,4355,37
3580,4356,47
3580,4357,113
3580,4358,7
3580,4359,2
3580,4360,22
3580,4361,17
3580,4362,32
3580,4363,47
3580,4364,26
3580,4365,36
3580,4366,8
3580,4369,6
3580,4370,8
3580,4371,1846
3580,4372,669
3580,4392,137
3580,4393,2267
3580,4394,2467
3580,4395,844
3580,4396,31
3580,4397,28
3580,4398,3
3580,4399,80
3580,4400,21
3580,4401,23
3580,4402,21
3580,4403,24
3580,4404,19
3580,4405,27
3580,4406,121
3580,4407,38
3580,4408,20
3580,4409,34
3580,4410,35
3580,4411,10
3580,4412,166
3580,4413,24
3580,4414,2
3580,4415,8
3580,4416,20
3580,4417,34
3580,4418,49
3580,4419,51
3580,4420,39
3580,4421,2
3580,4422,16
3580,4423,14
3580,4424,48
3580,4425,7
3580,4427,230
3580,4428,18
3580,4429,74
3580,4430,11
3580,4431,153
3580,4432,537
3580,4433,9
3580,4434,10
3580,4435,25
3580,4436,1
3580,4437,7
3580,4438,7
3580,4439,29
3580,4440,47
3580,4441,10
3580,4442,13
3580,4443,53
3580,4444,880
3580,4445,638
3580,4446,1128
3580,4447,4
3580,4448,1
3580,4450,50
3580,4451,1125
3580,4452,877
3580,4453,44
3580,4454,20
3580,4455,38
3580,4456,36
3580,4457,16
3580,4458,28
3580,4459,165
3580,4460,1280
3580,4461,334
3580,4462,2
3580,4463,40
3580,4464,21
3580,4465,13
3580,4466,29
3580,4467,42
3580,4468,24
3580,4469,40
3580,4470,30
3580,4471,240
3580,4472,1908
3580,4473,169
3580,4475,35
3580,4476,15
3580,4621,1
3580,4622,17
3580,4623,14
3580,4624,12
3580,4625,14
3580,4626,44
3580,4627,25
3580,4628,14
3580,4629,25
3580,4630,8
3580,4631,2
3581,4240,9
3581,4241,22
3581,4242,1219
3581,4243,960
3581,4244,349
3581,4245,25
3581,4246,27
3581,4247,18
3581,4248,25
3581,4249,41
3581,4250,66
3581,4251,13
3581,4252,23
3581,4253,40
3581,4254,18
3581,4255,9
3581,4256,11
3581,4257,7
3581,4258,20
3581,4259,13
3581,4260,14
3581,4261,82
3581,4262,10
3581,4263,9
3581,4264,5
3581,4265,15
3581,4266,19
3581,4267,12
3581,4269,7
3581,4270,4
3581,4271,12
3581,4272,3
3581,4273,13
3581,4274,45
3581,4275,19
3581,4276,6
3581,4279,4
3581,4280,33
3581,4281,8
3581,4282,7
3581,4283,22
3581,4284,70
3581,4285,8
3581,4286,26
3581,4287,19
3581,4288,59
3581,4289,41
3581,4290,28
3581,4291,8
3581,4293,10
3581,4294,28
3581,4295,14
3581,4296,4
3581,4297,11
3581,4298,2
3581,4313,4
3581,4314,7
3581,4315,16
3581,4317,31
3581,4318,52
3581,4319,39
3581,4320,14
3581,4321,56
3581,4322,10
3581,4323,12
3581,4324,42
3581,4325,31
3581,4326,28
3581,4327,93
3581,4328,66
3581,4329,51
3581,4331,159
3581,4332,297
3581,4333,13
3581,4334,24
3581,4335,32
3581,4336,8
3581,4337,13
3581,4338,30
3581,4339,446
3581,4340,1863
3581,4341,1687
3581,4342,912
3581,4343,1571
3581,4344,110
3581,4345,3
3581,4346,34
3581,4347,149
3581,4348,1488
3581,4349,630
3581,4350,115
3581,4351,29
3581,4352,158
3581,4353,127
3581,4354,51
3581,4355,179
3581,4356,17
3581,4357,21
3581,4358,17
3581,4359,39
3581,4360,8
3581,4361,11
3581,4362,316
3581,4363,34
3581,4364,10
3581,4365,7
3581,4366,9
3581,4367,105
3581,4368,40
3581,4369,9
3581,4370,70
3581,4371,708
3581,4372,27
3581,4392,386
3581,4393,1481
3581,4396,3
3581,4397,42
3581,4398,81
3581,4399,38
3581,4400,32
3581,4401,47
3581,4402,48
3581,4403,5
3581,4404,6
3581,4405,12
3581,4406,8
3581,4407,3
3581,4408,31
3581,4409,98
3581,4410,26
3581,4411,8
3581,4412,11
3581,4413,2
3581,4414,6
3581,4415,3
3581,4416,70
3581,4417,8
3581,4418,32
3581,4419,15
3581,4420,9
3581,4421,8
3581,4422,6
3581,4423,1
3581,4424,5
3581,4425,15
3581,4426,14
3581,4427,55
3581,4428,12
3581,4429,24
3581,4430,14
3581,4431,9
3581,4432,14
3581,4433,7
3581,4434,8
3581,4435,103
3581,4436,62
3581,4437,11
3581,4439,23
3581,4440,119
3581,4441,18
3581,4442,57
3581,4443,391
3581,4444,1480
3581,4445,1868
3581,4446,2447
3581,4447,9
3581,4448,11
3581,4449,27
3581,4450,18
3581,4451,103
3581,4452,58
3581,4453,9
3581,4454,25
3581,4455,32
3581,4456,10
3581,4457,21
3581,4458,31
3581,4459,11
3581,4460,65
3581,4461,5
3581,4462,17
3581,4463,25
3581,4464,24
3581,4465,10
3581,4466,115
3581,4467,3
3581,4468,11
3581,4469,16
3581,4470,42
3581,4471,359
3581,4472,764
3581,4473,99
3581,4474,9
3581,4475,25
3581,4476,20
3581,4622,57
3581,4623,2
3581,4624,14
3581,4625,34
3581,4626,22
3581,4627,123
3581,4628,481
3581,4629,101
3582,4223,3
3582,4236,2
3582,4241,21
3582,4242,263
3582,4243,1364
3582,4244,808
3582,4246,15
3582,4248,4
3582,4250,6
3582,4251,9
3582,4252,15
3582,4253,20
3582,4254,18
3582,4255,4
3582,4256,3
3582,4257,4
3582,4258,10
3582,4260,18
3582,4261,21
3582,4263,14
3582,4264,10
3582,4265,61
3582,4266,22
3582,4267,11
3582,4268,13
3582,4269,14
3582,4270,10
3582,4271,3
3582,4272,8
3582,4273,74
3582,4274,11
3582,4275,8
3582,4276,30
3582,4277,13
3582,4278,10
3582,4279,13
3582,4280,28
3582,4281,5
3582,4282,15
3582,4283,6
3582,4284,7
3582,4286,4
3582,4287,13
3582,4288,228
3582,4289,12
3582,4290,34
3582,4291,19
3582,4292,36
3582,4293,19
3582,4294,23
3582,4295,29
3582,4296,42
3582,4297,18
3582,4314,26
3582,4315,17
3582,4316,4
3582,4317,24
3582,4318,3
3582,4319,19
3582,4320,14
3582,4321,23
3582,4323,26
3582,4324,21
3582,4325,6
3582,4326,54
3582,4327,91
3582,4328,35
3582,4329,23
3582,4330,26
3582,4331,350
3582,4332,1364
3582,4333,23
3582,4334,27
3582,4335,50
3582,4336,44
3582,4337,185
3582,4338,177
3582,4339,122
3582,4340,679
3582,4341,120
3582,4342,1738
3582,4343,832
3582,4344,1052
3582,4345,1341
3582,4346,3
3582,4347,395
3582,4348,491
3582,4349,2
3582,4350,7
3582,4351,2
3582,4352,18
3582,4353,29
3582,4354,8
3582,4355,96
3582,4357,28
3582,4358,31
3582,4359,273
3582,4360,28
3582,4361,6
3582,4363,25
3582,4364,30
3582,4365,14
3582,4366,23
3582,4367,231
3582,4368,68
3582,4369,7
3582,4370,165
3582,4371,809
3582,4391,259
3582,4392,2745
3582,4393,1573
3582,4397,2
3582,4398,20
3582,4399,18
3582,4400,24
3582,4401,24
3582,4402,73
3582,4403,5
3582,4404,107
3582,4405,7
3582,4406,50
3582,4407,20
3582,4408,114
3582,4409,21
3582,4410,34
3582,4411,39
3582,4412,19
3582,4413,11
3582,4414,5
3582,4415,16
3582,4416,22
3582,4417,19
3582,4420,14
3582,4421,20
3582,4425,3
3582,4426,59
3582,4427,10
3582,4428,11
3582,4429,43
3582,4430,20
3582,4431,51
3582,4432,37
3582,4433,5
3582,4434,9
3582,4435,268
3582,4437,11
3582,4438,9
3582,4439,13
3582,4440,140
3582,4441,31
3582,4442,34
3582,4443,61
3582,4444,878
3582,4445,2016
3582,4446,191
3582,4447,4
3582,4448,24
3582,4449,109
3582,4450,7
3582,4451,83
3582,4452,4
3582,4453,6
3582,4454,19
3582,4455,16
3582,4456,38
3582,4457,69
3582,4458,20
3582,4459,6
3582,4460,63
3582,4461,15
3582,4462,6
3582,4463,265
3582,4464,192
3582,4465,16
3582,4466,8
3582,4467,14
3582,4468,20
3582,4469,31
3582,4470,12
3582,4471,120
3582,4472,4
3582,4473,34
3582,4474,173
3582,4475,10
3582,4476,7
3582,4623,4
3582,4624,10
3582,4625,12
3582,4626,19
3582,4627,131
3582,4628,1
3583,4222,6
3583,4223,211
3583,4224,60
3583,4240,47
3583,4241,44
3583,4242,42
3583,4243,580
3583,4244,493
3583,4246,3
3583,4247,10
3583,4248,1
3583,4249,16
3583,4250,14
3583,4251,6
3583,4252,12
3583,4253,25
3583,4254,7
3583,4255,59
3583,4256,391
3583,4257,10
3583,4259,5
3583,4260,12
3583,4261,18
3583,4262,7
3583,4263,12
3583,4265,24
3583,4266,7
3583,4267,10
3583,4268,17
3583,4269,185
3583,4270,1040
3583,4271,419
3583,4272,11
3583,4273,8
3583,4274,5
3583,4275,14
3583,4276,2
3583,4277,37
3583,4278,9
3583,4279,26
3583,4280,306
3583,4281,8
3583,4282,25
3583,4283,14
3583,4284,6
3583,4285,25
3583,4286,2
3583,4287,249
3583,4288,1302
3583,4289,250
3583,4290,19
3583,4291,68
3583,4292,17
3583,4293,17
3583,4294,16
3583,4295,114
3583,4296,9
3583,4309,2
3583,4311,4
3583,4312,8
3583,4313,25
3583,4314,63
3583,4315,8
3583,4316,12
3583,4317,41
3583,4318,31
3583,4319,13
3583,4320,24
3583,4321,122
3583,4322,4
3583,4323,12
3583,4324,18
3583,4325,4
3583,4326,38
3583,4327,16
3583,4328,20
3583,4329,20
3583,4330,13
3583,4331,22
3583,4332,382
3583,4333,6
3583,4334,48
3583,4335,87
3583,4336,38
3583,4337,28
3583,4338,58
3583,4339,30
3583,4340,97
3583,4341,77
3583,4342,902
3583,4343,1194
3583,4344,431
3583,4345,2553
3583,4346,860
3583,4348,8
3583,4349,578
3583,4350,362
3583,4351,358
3583,4352,1073
3583,4353,694
3583,4354,13
3583,4355,8
3583,4356,3
3583,4357,712
3583,4358,1754
3583,4359,190
3583,4360,32
3583,4361,11
3583,4362,313
3583,4363,722
3583,4364,11
3583,4365,26
3583,4366,125
3583,4367,321
3583,4368,5
3583,4369,39
3583,4370,10
3583,4371,57
3583,4391,18
3583,4392,288
3583,4393,983
3583,4394,17
3583,4395,15
3583,4396,4
3583,4398,2
3583,4399,104
3583,4400,18
3583,4401,24
3583,4402,39
3583,4403,16
3583,4404,10
3583,4405,113
3583,4406,16
3583,4407,24
3583,4408,22
3583,4409,31
3583,4410,5
3583,4411,42
3583,4412,27
3583,4413,28
3583,4414,4
3583,4415,17
3583,4416,31
3583,4417,41
3583,4418,1
3583,4419,3
3583,4420,22
3583,4421,6
3583,4422,6
3583,4424,2
3583,4425,18
3583,4426,28
3583,4427,23
3583,4428,33
3583,4429,30
3583,4430,28
3583,4431,26
3583,4432,20
3583,4433,4
3583,4434,1
3583,4435,14
3583,4437,17
3583,4438,75
3583,4439,17
3583,4440,5
3583,4441,33
3583,4442,93
3583,4443,19
3583,4444,59
3583,4445,67
3583,4449,22
3583,4450,15
3583,4451,8
3583,4452,8
3583,4453,8
3583,4454,8
3583,4455,20
3583,4456,5
3583,4457,13
3583,4458,12
3583,4459,16
3583,4460,23
3583,4461,49
3583,4462,33
3583,4463,5
3583,4464,41
3583,4465,126
3583,4466,21
3583,4467,5
3583,4468,4
3583,4469,31
3583,4470,31
3583,4471,16
3583,4472,3
3583,4474,37
3583,4475,9
3583,4476,62
3583,4623,3
3583,4624,12
3583,4625,18
3583,4626,30
3584,4222,10
3584,4223,59
3584,4239,12
3584,4240,244
3584,4241,116
3584,4242,27
3584,4243,16
3584,4244,23
3584,4245,12
3584,4247,10
3584,4248,1
3584,4249,2
3584,4250,1
3584,4251,5
3584,4253,3
3584,4254,6
3584,4255,5
3584,4256,19
3584,4257,9
3584,4258,31
3584,4259,10
3584,4260,163
3584,4261,924
3584,4262,25
3584,4263,37
3584,4264,18
3584,4265,11
3584,4266,4
3584,4267,18
3584,4268,44
3584,4269,20
3584,4270,218
3584,4271,163
3584,4272,4
3584,4273,10
3584,4274,3
3584,4275,13
3584,4277,4
3584,4278,4
3584,4279,62
3584,4280,37
3584,4281,11
3584,4283,23
3584,4284,28
3584,4285,3
3584,4286,9
3584,4287,39
3584,4288,617
3584,4289,477
3584,4290,22
3584,4291,99
3584,4292,26
3584,4293,3
3584,4294,2
3584,4295,136
3584,4296,11
3584,4309,16
3584,4310,14
3584,4311,38
3584,4312,34
3584,4313,11
3584,4315,50
3584,4316,27
3584,4317,10
3584,4318,5
3584,4319,17
3584,4320,112
3584,4321,35
3584,4322,11
3584,4323,121
3584,4324,230
3584,4325,35
3584,4326,57
3584,4327,32
3584,4328,35
3584,4329,75
3584,4330,493
3584,4331,46
3584,4332,38
3584,4333,9
3584,4334,16
3584,4335,14
3584,4336,9
3584,4337,74
3584,4338,205
3584,4339,82
3584,4340,29
3584,4341,527
3584,4342,1679
3584,4343,2657
3584,4344,1409
3584,4345,865
3584,4346,1903
3584,4347,21
3584,4348,47
3584,4349,1886
3584,4350,950
3584,4351,369
3584,4352,184
3584,4353,36
3584,4354,3
3584,4355,4
3584,4356,99
3584,4357,460
3584,4358,1059
3584,4359,57
3584,4360,45
3584,4361,272
3584,4362,586
3584,4363,832
3584,4364,18
3584,4365,70
3584,4366,20
3584,4367,24
3584,4368,18
3584,4369,27
3584,4370,10
3584,4391,1
3584,4393,265
3584,4394,83
3584,4395,841
3584,4396,162
3584,4397,14
3584,4398,66
3584,4399,433
3584,4400,1009
3584,4401,118
3584,4402,28
3584,4403,9
3584,4404,23
3584,4405,44
3584,4406,6
3584,4407,6
3584,4408,54
3584,4409,67
3584,4410,37
3584,4411,10
3584,4412,358
3584,4413,28
3584,4414,43
3584,4415,58
3584,4416,18
3584,4417,9
3584,4418,30
3584,4419,8
3584,4420,29
3584,4421,60
3584,4422,2
3584,4424,2
3584,4425,12
3584,4427,799
3584,4428,883
3584,4429,1
3584,4430,14
3584,4431,15
3584,4432,14
3584,4433,33
3584,4434,33
3584,4435,53
3584,4436,48
3584,4437,19
3584,4438,5
3584,4439,20
3584,4440,29
3584,4441,250
3584,4442,2
3584,4443,25
3584,4444,53
3584,4445,10
3584,4446,1
3584,4447,14
3584,4448,26
3584,4449,14
3584,4450,43
3584,4451,14
3584,4452,1
3584,4453,15
3584,4454,6
3584,4455,19
3584,4456,53
3584,4457,43
3584,4458,49
3584,4459,30
3584,4460,21
3584,4461,570
3584,4462,764
3584,4463,189
3584,4464,8
3584,4465,28
3584,4466,41
3584,4467,30
3584,4468,265
3584,4469,32
3584,4470,14
3584,4471,29
3584,4472,6
3584,4473,221
3584,4474,53
3584,4475,20
3584,4476,14
3584,4623,3
3584,4624,7
3584,4625,572
3584,4626,484
3585,4223,23
3585,4238,17
3585,4239,4
3585,4240,22
3585,4241,3
3585,4242,26
3585,4243,5
3585,4244,18
3585,4245,31
3585,4247,8
3585,4248,2
3585,4249,20
3585,4251,15
3585,4252,17
3585,4253,2
3585,4254,16
3585,4255,11
3585,4256,12
3585,4257,15
3585,4258,2
3585,4259,6
3585,4260,290
3585,4261,1288
3585,4262,55
3585,4263,4
3585,4264,3
3585,4265,17
3585,4266,16
3585,4267,10
3585,4268,29
3585,4269,18
3585,4270,20
3585,4271,5
3585,4272,5
3585,4273,24
3585,4274,5
3585,4275,25
3585,4276,8
3585,4277,9
3585,4279,10
3585,4281,2
3585,4282,51
3585,4283,42
3585,4284,28
3585,4285,6
3585,4286,6
3585,4287,42
3585,4288,41
3585,4289,39
3585,4290,4
3585,4291,24
3585,4292,8
3585,4293,6
3585,4294,11
3585,4295,98
3585,4296,33
3585,4311,83
3585,4312,49
3585,4313,21
3585,4314,47
3585,4315,111
3585,4316,12
3585,4317,9
3585,4318,38
3585,4319,19
3585,4320,1
3585,4321,30
3585,4322,19
3585,4323,1117
3585,4324,880
3585,4325,25
3585,4326,29
3585,4327,324
3585,4328,37
3585,4329,21
3585,4330,75
3585,4331,38
3585,4332,59
3585,4333,20
3585,4334,58
3585,4335,11
3585,4336,27
3585,4337,91
3585,4338,18
3585,4339,39
3585,4340,9
3585,4341,84
3585,4342,1114
3585,4343,2481
3585,4344,2315
3585,4345,1928
3585,4346,2871
3585,4347,1507
3585,4348,1347
3585,4349,799
3585,4350,1896
3585,4351,143
3585,4352,31
3585,4353,56
3585,4354,4
3585,4355,16
3585,4356,174
3585,4357,38
3585,4358,67
3585,4359,24
3585,4360,10
3585,4361,19
3585,4362,36
3585,4363,3
3585,4364,24
3585,4365,2
3585,4366,18
3585,4367,82
3585,4368,16
3585,4369,99
3585,4370,12
3585,4393,41
3585,4394,68
3585,4395,661
3585,4396,116
3585,4397,12
3585,4399,13
3585,4400,358
3585,4401,265
3585,4402,44
3585,4403,17
3585,4404,50
3585,4405,772
3585,4406,6
3585,4407,29
3585,4408,53
3585,4409,25
3585,4410,81
3585,4411,15
3585,4412,744
3585,4413,21
3585,4414,34
3585,4415,32
3585,4417,34
3585,4418,36
3585,4419,4
3585,4420,31
3585,4422,8
3585,4423,2
3585,4425,75
3585,4426,31
3585,4427,294
3585,4428,199
3585,4429,19
3585,4430,18
3585,4431,15
3585,4432,37
3585,4433,34
3585,4434,15
3585,4435,30
3585,4436,24
3585,4437,41
3585,4438,3
3585,4439,18
3585,4440,34
3585,4441,95
3585,4442,65
3585,4443,12
3585,4444,39
3585,4445,9
3585,4446,49
3585,4447,21
3585,4448,52
3585,4449,15
3585,4450,18
3585,4452,2
3585,4454,7
3585,4455,62
3585,4457,5
3585,4458,98
3585,4459,11
3585,4460,34
3585,4461,222
3585,4462,977
3585,4463,168
3585,4465,118
3585,4466,20
3585,4467,8
3585,4468,246
3585,4469,42
3585,4470,35
3585,4471,12
3585,4472,20
3585,4473,19
3585,4474,27
3585,4475,27
3585,4623,10
3585,4624,168
3585,4625,204
3586,4238,11
3586,4239,64
3586,4240,27
3586,4241,12
3586,4242,17
3586,4243,17
3586,4246,4
3586,4247,8
3586,4248,11
3586,4249,18
3586,4251,8
3586,4252,14
3586,4253,19
3586,4254,9
3586,4255,5
3586,4256,2
3586,4257,14
3586,4258,8
3586,4259,16
3586,4260,16
3586,4261,8
3586,4264,3
3586,4265,8
3586,4266,9
3586,4267,18
3586,4268,3
3586,4269,14
3586,4270,20
3586,4272,6
3586,4273,16
3586,4274,52
3586,4275,10
3586,4276,22
3586,4278,7
3586,4279,12
3586,4280,20
3586,4282,37
3586,4284,21
3586,4285,10
3586,4287,16
3586,4288,53
3586,4289,30
3586,4290,17
3586,4291,8
3586,4292,37
3586,4293,23
3586,4294,451
3586,4295,21
3586,4296,6
3586,4311,14
3586,4312,11
3586,4313,54
3586,4314,9
3586,4315,2
3586,4316,2
3586,4318,271
3586,4319,56
3586,4320,23
3586,4321,24
3586,4322,49
3586,4323,135
3586,4324,907
3586,4325,24
3586,4326,7
3586,4327,293
3586,4328,694
3586,4329,795
3586,4330,143
3586,4331,46
3586,4332,40
3586,4333,104
3586,4334,52
3586,4335,27
3586,4336,7
3586,4337,68
3586,4338,149
3586,4339,14
3586,4340,34
3586,4341,15
3586,4342,136
3586,4343,942
3586,4344,1957
3586,4345,3298
3586,4346,4488
3586,4347,1624
3586,4348,736
3586,4349,2123
3586,4350,305
3586,4351,7
3586,4352,35
3586,4353,82
3586,4354,266
3586,4355,12
3586,4356,288
3586,4357,256
3586,4358,17
3586,4359,21
3586,4360,17
3586,4361,22
3586,4362,26
3586,4363,123
3586,4364,40
3586,4365,55
3586,4366,123
3586,4367,18
3586,4368,16
3586,4369,10
3586,4395,40
3586,4396,32
3586,4397,112
3586,4398,67
3586,4399,14
3586,4400,308
3586,4401,152
3586,4402,21
3586,4403,33
3586,4404,37
3586,4405,73
3586,4406,50
3586,4407,5
3586,4408,41
3586,4409,7
3586,4410,109
3586,4411,32
3586,4412,19
3586,4413,13
3586,4414,18
3586,4415,7
3586,4416,5
3586,4417,19
3586,4418,125
3586,4421,2
3586,4422,4
3586,4423,42
3586,4424,79
3586,4425,85
3586,4426,15
3586,4427,28
3586,4428,43
3586,4429,35
3586,4430,38
3586,4431,17
3586,4432,26
3586,4433,36
3586,4434,23
3586,4435,18
3586,4436,12
3586,4437,20
3586,4438,21
3586,4439,19
3586,4440,4
3586,4441,25
3586,4442,10
3586,4443,12
3586,4444,13
3586,4445,27
3586,4446,77
3586,4447,42
3586,4448,36
3586,4449,18
3586,4450,27
3586,4452,1
3586,4453,40
3586,4454,2
3586,4455,31
3586,4456,2
3586,4457,13
3586,4458,31
3586,4459,172
3586,4460,38
3586,4461,14
3586,4462,41
3586,4463,28
3586,4464,25
3586,4465,14
3586,4466,50
3586,4467,42
3586,4468,14
3586,4469,143
3586,4470,44
3586,4473,2
3586,4474,63
3586,4624,43
3587,4238,2
3587,4239,16
3587,4240,12
3587,4241,20
3587,4242,25
3587,4243,10
3587,4245,6
3587,4246,4
3587,4247,17
3587,4248,34
3587,4249,17
3587,4250,17
3587,4251,9
3587,4252,5
3587,4253,10
3587,4254,5
3587,4255,15
3587,4256,28
3587,4257,13
3587,4258,9
3587,4259,63
3587,4260,80
3587,4261,14
3587,4262,2
3587,4263,17
3587,4264,15
3587,4265,1
3587,4266,17
3587,4267,34
3587,4268,3
3587,4269,6
3587,4270,19
3587,4271,2
3587,4272,80
3587,4273,11
3587,4274,2
3587,4275,9
3587,4276,11
3587,4277,35
3587,4278,16
3587,4279,71
3587,4280,164
3587,4281,4
3587,4282,8
3587,4283,11
3587,4284,25
3587,4285,20
3587,4286,53
3587,4287,199
3587,4288,56
3587,4289,11
3587,4290,18
3587,4291,122
3587,4292,22
3587,4293,6
3587,4294,66
3587,4295,31
3587,4296,14
3587,4311,8
3587,4312,8
3587,4313,12
3587,4314,13
3587,4315,9
3587,4316,31
3587,4317,31
3587,4318,301
3587,4319,361
3587,4320,47
3587,4321,14
3587,4322,2
3587,4323,5
3587,4324,18
3587,4326,49
3587,4327,12
3587,4328,278
3587,4329,648
3587,4330,134
3587,4331,38
3587,4332,476
3587,4333,160
3587,4334,12
3587,4335,105
3587,4336,124
3587,4337,233
3587,4338,181
3587,4339,34
3587,4340,128
3587,4341,1360
3587,4342,2203
3587,4343,2176
3587,4344,4646
3587,4345,7041
3587,4346,7686
3587,4347,4122
3587,4348,2627
3587,4349,527
3587,4350,97
3587,4351,22
3587,4352,45
3587,4353,149
3587,4354,278
3587,4355,16
3587,4356,34
3587,4357,11
3587,4358,52
3587,4359,164
3587,4360,34
3587,4361,31
3587,4362,51
3587,4363,43
3587,4364,155
3587,4365,84
3587,4366,38
3587,4367,22
3587,4368,17
3587,4369,4
3587,4397,71
3587,4398,50
3587,4399,33
3587,4400,6
3587,4401,52
3587,4402,36
3587,4403,13
3587,4404,118
3587,4405,561
3587,4406,603
3587,4407,52
3587,4408,8
3587,4410,2
3587,4411,3
3587,4412,8
3587,4413,4
3587,4414,18
3587,4415,3
3587,4416,16
3587,4417,36
3587,4418,4
3587,4419,16
3587,4420,11
3587,4421,1
3587,4422,2
3587,4423,57
3587,4425,23
3587,4426,44
3587,4427,45
3587,4428,125
3587,4429,17
3587,4430,4
3587,4431,149
3587,4432,46
3587,4433,27
3587,4434,7
3587,4435,13
3587,4436,13
3587,4437,72
3587,4438,138
3587,4439,9
3587,4440,29
3587,4441,17
3587,4442,22
3587,4443,19
3587,4444,7
3587,4445,404
3587,4446,495
3587,4447,30
3587,4448,16
3587,4449,20
3587,4450,11
3587,4451,9
3587,4452,602
3587,4453,254
3587,4454,12
3587,4455,21
3587,4456,5
3587,4457,31
3587,4458,29
3587,4459,15
3587,4460,8
3587,4461,103
3587,4462,84
3587,4463,12
3587,4464,45
3587,4465,1
3587,4466,57
3587,4467,31
3587,4468,65
3587,4469,216
3587,4470,2
3587,4471,7
3587,4472,4
3587,4473,3
3587,4474,9
3588,4237,11
3588,4238,155
3588,4239,291
3588,4240,359
3588,4241,486
3588,4242,22
3588,4243,4
3588,4244,10
3588,4245,6
3588,4246,7
3588,4247,7
3588,4248,3
3588,4250,21
3588,4251,10
3588,4252,12
3588,4253,4
3588,4254,17
3588,4255,1
3588,4256,18
3588,4257,15
3588,4258,11
3588,4259,19
3588,4260,10
3588,4261,20
3588,4262,9
3588,4263,37
3588,4264,29
3588,4265,7
3588,4266,15
3588,4267,16
3588,4268,13
3588,4269,16
3588,4270,8
3588,4271,11
3588,4272,23
3588,4273,6
3588,4274,24
3588,4275,26
3588,4276,7
3588,4277,24
3588,4278,24
3588,4279,18
3588,4280,19
3588,4281,22
3588,4282,17
3588,4283,5
3588,4284,10
3588,4285,9
3588,4287,92
3588,4288,50
3588,4289,21
3588,4290,84
3588,4291,350
3588,4292,69
3588,4293,2
3588,4294,8
3588,4295,5
3588,4310,11
3588,4312,14
3588,4314,3
3588,4315,16
3588,4316,16
3588,4317,35
3588,4318,33
3588,4319,765
3588,4320,26
3588,4321,9
3588,4322,4
3588,4323,10
3588,4325,1
3588,4326,62
3588,4327,3
3588,4328,11
3588,4329,51
3588,4330,12
3588,4331,11
3588,4332,53
3588,4333,66
3588,4334,10
3588,4335,36
3588,4336,8
3588,4337,487
3588,4338,463
3588,4339,25
3588,4340,60
3588,4341,61
3588,4342,2932
3588,4343,1879
3588,4344,4401
3588,4345,5374
3588,4346,5573
3588,4347,814
3588,4348,4040
3588,4349,960
3588,4350,277
3588,4351,42
3588,4352,33
3588,4353,67
3588,4354,9
3588,4355,21
3588,4356,45
3588,4357,7
3588,4358,26
3588,4359,389
3588,4360,118
3588,4361,25
3588,4362,34
3588,4363,81
3588,4364,41
3588,4365,17
3588,4366,14
3588,4367,32
3588,4368,2
3588,4398,119
3588,4399,23
3588,4400,11
3588,4401,9
3588,4402,20
3588,4403,7
3588,4404,677
3588,4405,2003
3588,4406,2691
3588,4407,1210
3588,4408,28
3588,4409,6
3588,4413,2
3588,4414,12
3588,4415,34
3588,4416,10
3588,4417,43
3588,4418,14
3588,4419,25
3588,4420,9
3588,4421,13
3588,4422,24
3588,4423,21
3588,4424,13
3588,4425,14
3588,4426,13
3588,4427,18
3588,4428,21
3588,4429,19
3588,4430,27
3588,4431,43
3588,4432,365
3588,4433,280
3588,4434,15
3588,4435,15
3588,4436,25
3588,4437,207
3588,4438,58
3588,4439,53
3588,4440,128
3588,4441,6
3588,4442,25
3588,4443,608
3588,4444,17
3588,4445,12
3588,4446,8
3588,4447,14
3588,4448,15
3588,4449,59
3588,4450,47
3588,4451,27
3588,4452,109
3588,4454,27
3588,4456,1
3588,4459,4
3588,4460,40
3588,4461,19
3588,4462,14
3588,4463,39
3588,4464,156
3588,4465,481
3588,4466,24
3588,4467,35
3588,4468,24
3588,4469,29
3588,4470,23
3588,4472,11
3589,4221,5
3589,4236,13
3589,4237,6
3589,4238,6
3589,4239,10
3589,4240,133
3589,4241,274
3589,4242,37
3589,4243,8
3589,4244,17
3589,4245,44
3589,4246,19
3589,4247,9
3589,4248,11
3589,4249,8
3589,4250,19
3589,4251,7
3589,4252,6
3589,4253,25
3589,4254,11
3589,4255,143
3589,4256,63
3589,4257,22
3589,4258,7
3589,4259,10
3589,4260,7
3589,4261,5
3589,4262,4
3589,4263,15
3589,4264,12
3589,4265,12
3589,4266,1
3589,4267,14
3589,4268,14
3589,4269,28
3589,4270,8
3589,4271,19
3589,4272,19
3589,4273,57
3589,4274,36
3589,4275,5
3589,4276,12
3589,4277,2
3589,4278,14
3589,4279,36
3589,4280,25
3589,4281,366
3589,4282,50
3589,4283,15
3589,4284,9
3589,4285,20
3589,4286,12
3589,4287,16
3589,4288,16
3589,4289,52
3589,4290,62
3589,4291,126
3589,4292,40
3589,4294,5
3589,4295,19
3589,4307,3
3589,4308,4
3589,4309,16
3589,4310,45
3589,4312,4
3589,4313,10
3589,4314,11
3589,4315,62
3589,4316,15
3589,4317,32
3589,4318,91
3589,4319,25
3589,4320,15
3589,4321,43
3589,4322,42
3589,4323,20
3589,4324,64
3589,4325,25
3589,4326,32
3589,4327,39
3589,4328,139
3589,4329,19
3589,4330,48
3589,4331,38
3589,4332,15
3589,4333,27
3589,4334,12
3589,4335,42
3589,4336,32
3589,4337,494
3589,4338,270
3589,4339,234
3589,4340,881
3589,4341,1666
3589,4342,3138
3589,4343,1394
3589,4344,279
3589,4345,4729
3589,4346,5381
3589,4347,2699
3589,4348,2632
3589,4349,493
3589,4350,245
3589,4351,16
3589,4352,10
3589,4353,179
3589,4354,23
3589,4355,28
3589,4356,28
3589,4357,66
3589,4358,70
3589,4359,23
3589,4360,111
3589,4361,23
3589,4362,27
3589,4363,6
3589,4364,26
3589,4365,20
3589,4366,17
3589,4367,6
3589,4397,41
3589,4398,62
3589,4399,26
3589,4400,45
3589,4401,12
3589,4402,71
3589,4403,27
3589,4404,775
3589,4405,2066
3589,4406,5620
3589,4407,2248
3589,4408,2088
3589,4409,1136
3589,4410,9
3589,4411,1
3589,4414,6
3589,4415,9
3589,4416,29
3589,4417,2
3589,4418,46
3589,4419,111
3589,4420,149
3589,4421,20
3589,4422,75
3589,4423,62
3589,4424,16
3589,4425,10
3589,4426,20
3589,4427,5
3589,4428,6
3589,4429,16
3589,4430,34
3589,4431,16
3589,4432,25
3589,4433,22
3589,4434,14
3589,4435,10
3589,4436,5
3589,4437,38
3589,4438,39
3589,4439,15
3589,4440,270
3589,4441,12
3589,4443,78
3589,4444,17
3589,4445,23
3589,4446,24
3589,4447,13
3589,4448,6
3589,4449,3
3589,4450,10
3589,4451,31
3589,4452,32
3589,4453,42
3589,4454,91
3589,4455,34
3589,4456,57
3589,4457,8
3589,4458,2
3589,4459,16
3589,4461,33
3589,4462,19
3589,4463,37
3589,4464,14
3589,4465,255
3589,4466,29
3589,4467,31
3589,4468,56
3589,4469,21
3589,4470,6
3589,4472,2
3590,4219,12
3590,4238,10
3590,4239,5
3590,4240,4
3590,4241,20
3590,4242,22
3590,4243,43
3590,4244,39
3590,4245,7
3590,4247,13
3590,4248,17
3590,4249,25
3590,4250,131
3590,4251,24
3590,4252,12
3590,4253,20
3590,4254,12
3590,4255,46
3590,4256,11
3590,4257,17
3590,4258,12
3590,4259,17
3590,4260,8
3590,4261,12
3590,4262,9
3590,4263,54
3590,4264,56
3590,4265,3
3590,4266,375
3590,4267,511
3590,4268,25
3590,4269,21
3590,4270,10
3590,4271,23
3590,4272,23
3590,4273,2
3590,4274,206
3590,4275,458
3590,4276,645
3590,4277,15
3590,4278,17
3590,4279,11
3590,4280,29
3590,4281,49
3590,4282,9
3590,4283,9
3590,4285,94
3590,4286,23
3590,4287,29
3590,4288,1
3590,4289,3
3590,4290,10
3590,4291,8
3590,4292,7
3590,4293,22
3590,4294,32
3590,4295,38
3590,4310,6
3590,4311,3
3590,4312,17
3590,4313,44
3590,4314,45
3590,4315,3
3590,4316,71
3590,4317,38
3590,4318,16
3590,4319,36
3590,4320,20
3590,4321,23
3590,4322,15
3590,4323,47
3590,4324,326
3590,4325,34
3590,4326,20
3590,4327,49
3590,4328,37
3590,4329,12
3590,4330,27
3590,4331,30
3590,4332,8
3590,4333,4
3590,4334,20
3590,4335,12
3590,4336,160
3590,4337,1114
3590,4338,1524
3590,4339,155
3590,4340,1124
3590,4341,1809
3590,4342,1301
3590,4343,2029
3590,4344,1139
3590,4345,1057
3590,4346,2771
3590,4347,703
3590,4348,2534
3590,4349,1546
3590,4350,815
3590,4351,81
3590,4352,35
3590,4353,18
3590,4354,43
3590,4356,4
3590,4357,101
3590,4358,7
3590,4359,45
3590,4360,20
3590,4361,26
3590,4362,190
3590,4363,33
3590,4364,15
3590,4365,2
3590,4396,7
3590,4397,121
3590,4398,37
3590,4399,34
3590,4400,54
3590,4401,33
3590,4402,27
3590,4403,17
3590,4404,141
3590,4405,1943
3590,4406,3110
3590,4407,2887
3590,4408,910
3590,4409,959
3590,4410,24
3590,4411,11
3590,4412,5
3590,4413,46
3590,4414,12
3590,4415,14
3590,4416,5
3590,4417,26
3590,4418,92
3590,4419,879
3590,4420,1329
3590,4421,1
3590,4422,118
3590,4423,31
3590,4425,20
3590,4426,130
3590,4427,28
3590,4428,27
3590,4429,11
3590,4430,17
3590,4431,46
3590,4432,17
3590,4433,170
3590,4434,80
3590,4435,20
3590,4436,50
3590,4437,70
3590,4438,56
3590,4439,35
3590,4440,236
3590,4441,4
3590,4443,17
3590,4444,27
3590,4445,30
3590,4446,21
3590,4447,13
3590,4448,7
3590,4449,14
3590,4450,23
3590,4451,54
3590,4452,55
3590,4453,13
3590,4454,22
3590,4455,41
3590,4456,1224
3590,4457,13
3590,4458,12
3590,4459,153
3590,4460,9
3590,4461,66
3590,4462,529
3590,4463,216
3590,4464,48
3590,4465,72
3590,4466,261
3590,4467,268
3590,4468,137
3590,4470,2
3590,4471,2
3591,4218,21
3591,4219,41
3591,4220,14
3591,4221,1
3591,4234,39
3591,4235,257
3591,4236,42
3591,4237,38
3591,4238,16
3591,4239,7
3591,4240,4
3591,4241,21
3591,4242,4
3591,4243,9
3591,4244,188
3591,4245,114
3591,4246,10
3591,4247,24
3591,4248,23
3591,4249,3
3591,4250,23
3591,4251,20
3591,4252,10
3591,4253,8
3591,4254,14
3591,4255,17
3591,4256,19
3591,4257,6
3591,4258,22
3591,4260,3
3591,4261,5
3591,4262,10
3591,4263,73
3591,4264,37
3591,4265,13
3591,4266,40
3591,4267,386
3591,4268,11
3591,4269,9
3591,4270,13
3591,4271,4
3591,4272,4
3591,4273,19
3591,4274,376
3591,4275,1736
3591,4276,499
3591,4277,7
3591,4278,17
3591,4279,27
3591,4280,19
3591,4281,20
3591,4283,2
3591,4285,3
3591,4286,42
3591,4287,19
3591,4288,14
3591,4290,7
3591,4291,8
3591,4293,23
3591,4294,2
3591,4295,41
3591,4296,28
3591,4297,1
3591,4308,10
3591,4309,36
3591,4310,154
3591,4312,9
3591,4313,26
3591,4314,61
3591,4315,31
3591,4316,1444
3591,4317,162
3591,4318,14
3591,4319,8
3591,4320,22
3591,4321,9
3591,4322,47
3591,4323,47
3591,4324,10
3591,4325,11
3591,4326,14
3591,4327,49
3591,4328,16
3591,4329,14
3591,4330,46
3591,4331,9
3591,4332,42
3591,4333,12
3591,4334,22
3591,4335,24
3591,4336,148
3591,4337,940
3591,4338,358
3591,4339,49
3591,4340,50
3591,4341,383
3591,4342,1319
3591,4343,1548
3591,4344,1718
3591,4345,61
3591,4346,8
3591,4347,433
3591,4348,733
3591,4349,1729
3591,4350,1622
3591,4351,958
3591,4352,174
3591,4353,23
3591,4354,48
3591,4355,13
3591,4356,5
3591,4357,47
3591,4358,92
3591,4359,25
3591,4360,35
3591,4361,24
3591,4362,26
3591,4363,8
3591,4364,15
3591,4396,62
3591,4397,128
3591,4398,10
3591,4399,57
3591,4400,24
3591,4401,12
3591,4403,16
3591,4404,3
3591,4405,277
3591,4406,511
3591,4407,1283
3591,4408,256
3591,4409,109
3591,4410,59
3591,4411,81
3591,4412,28
3591,4413,15
3591,4414,26
3591,4415,5
3591,4416,14
3591,4417,2
3591,4418,33
3591,4419,184
3591,4420,1398
3591,4422,5
3591,4423,17
3591,4424,15
3591,4425,42
3591,4426,33
3591,4427,11
3591,4428,11
3591,4429,49
3591,4430,11
3591,4431,11
3591,4432,17
3591,4433,225
3591,4434,177
3591,4435,11
3591,4437,38
3591,4438,37
3591,4439,15
3591,4440,30
3591,4441,7
3591,4442,11
3591,4443,19
3591,4444,5
3591,4445,21
3591,4446,19
3591,4447,4
3591,4448,19
3591,4449,1
3591,4450,17
3591,4451,24
3591,4452,10
3591,4453,14
3591,4454,38
3591,4455,18
3591,4456,2270
3591,4457,1303
3591,4458,144
3591,4459,43
3591,4460,8
3591,4461,20
3591,4462,221
3591,4463,983
3591,4464,564
3591,4465,235
3591,4466,45
3591,4649,28
3591,4650,62
3592,4217,11
3592,4218,27
3592,4219,87
3592,4220,14
3592,4234,107
3592,4235,499
3592,4236,29
3592,4237,50
3592,4238,39
3592,4239,125
3592,4240,31
3592,4241,97
3592,4242,33
3592,4243,2
3592,4244,14
3592,4245,42
3592,4246,6
3592,4247,16
3592,4248,5
3592,4249,20
3592,4250,20
3592,4251,27
3592,4252,11
3592,4253,12
3592,4254,19
3592,4255,6
3592,4256,9
3592,4257,15
3592,4258,43
3592,4259,6
3592,4260,10
3592,4261,4
3592,4262,4
3592,4263,11
3592,4264,1
3592,4265,1
3592,4266,9
3592,4267,3
3592,4268,18
3592,4269,75
3592,4270,4
3592,4271,26
3592,4272,38
3592,4273,23
3592,4274,193
3592,4275,591
3592,4276,195
3592,4277,20
3592,4279,8
3592,4280,18
3592,4285,21
3592,4286,32
3592,4291,21
3592,4292,41
3592,4293,47
3592,4294,4
3592,4295,29
3592,4296,5
3592,4298,3
3592,4299,5
3592,4305,4
3592,4308,6
3592,4309,28
3592,4310,17
3592,4311,66
3592,4312,14
3592,4313,18
3592,4314,55
3592,4315,18
3592,4316,161
3592,4317,328
3592,4318,36
3592,4319,8
3592,4320,21
3592,4321,144
3592,4322,34
3592,4323,52
3592,4324,22
3592,4325,24
3592,4326,14
3592,4327,23
3592,4328,7
3592,4329,18
3592,4330,16
3592,4331,15
3592,4332,22
3592,4333,10
3592,4334,27
3592,4335,113
3592,4336,95
3592,4337,29
3592,4338,20
3592,4339,17
3592,4340,1156
3592,4341,523
3592,4342,1321
3592,4343,593
3592,4344,1157
3592,4345,961
3592,4346,1174
3592,4347,903
3592,4348,7
3592,4349,317
3592,4350,22
3592,4351,295
3592,4352,255
3592,4353,69
3592,4354,21
3592,4355,187
3592,4356,2
3592,4357,4
3592,4358,132
3592,4359,31
3592,4360,39
3592,4361,9
3592,4362,180
3592,4363,3
3592,4364,1
3592,4396,9
3592,4397,127
3592,4398,23
3592,4399,433
3592,4400,29
3592,4401,86
3592,4402,5
3592,4403,15
3592,4404,7
3592,4405,25
3592,4406,54
3592,4407,23
3592,4408,29
3592,4409,20
3592,4410,8
3592,4411,16
3592,4413,26
3592,4414,26
3592,4416,7
3592,4417,40
3592,4418,38
3592,4419,534
3592,4420,68
3592,4422,14
3592,4423,39
3592,4424,30
3592,4425,35
3592,4426,57
3592,4427,34
3592,4428,7
3592,4429,10
3592,4430,126
3592,4431,26
3592,4432,22
3592,4433,856
3592,4434,132
3592,4435,4
3592,4436,97
3592,4437,7
3592,4438,2
3592,4439,10
3592,4440,11
3592,4441,5
3592,4443,13
3592,4444,3
3592,4445,5
3592,4446,47
3592,4447,51
3592,4448,102
3592,4449,12
3592,4450,3
3592,4451,42
3592,4452,14
3592,4453,21
3592,4454,14
3592,4455,28
3592,4456,738
3592,4457,228
3592,4458,17
3592,4459,111
3592,4460,2
3592,4461,1
3592,4462,914
3592,4463,1042
3592,4464,87
3593,4217,13
3593,4218,77
3593,4219,383
3593,4234,4
3593,4235,1
3593,4236,10
3593,4237,24
3593,4238,28
3593,4239,87
3593,4240,50
3593,4241,133
3593,4242,21
3593,4243,11
3593,4244,15
3593,4245,24
3593,4246,9
3593,4247,17
3593,4248,10
3593,4249,27
3593,4250,12
3593,4251,28
3593,4252,31
3593,4253,16
3593,4254,12
3593,4255,13
3593,4256,14
3593,4257,153
3593,4258,56
3593,4259,14
3593,4260,22
3593,4261,11
3593,4262,26
3593,4263,4
3593,4264,28
3593,4265,17
3593,4266,25
3593,4267,9
3593,4268,36
3593,4269,7
3593,4270,5
3593,4271,7
3593,4272,2
3593,4273,56
3593,4274,13
3593,4275,4
3593,4276,7
3593,4277,35
3593,4278,12
3593,4279,16
3593,4280,297
3593,4281,112
3593,4282,3
3593,4283,19
3593,4284,17
3593,4285,13
3593,4286,9
3593,4287,730
3593,4290,10
3593,4291,4
3593,4292,14
3593,4293,4
3593,4294,12
3593,4295,2
3593,4296,1
3593,4297,2
3593,4298,24
3593,4299,2
3593,4305,9
3593,4306,3
3593,4308,10
3593,4309,14
3593,4310,35
3593,4311,29
3593,4312,14
3593,4313,106
3593,4314,48
3593,4315,30
3593,4316,8
3593,4317,29
3593,4318,24
3593,4319,34
3593,4320,16
3593,4321,49
3593,4322,113
3593,4323,45
3593,4324,24
3593,4325,13
3593,4326,18
3593,4328,10
3593,4329,44
3593,4330,56
3593,4331,15
3593,4332,939
3593,4333,458
3593,4334,19
3593,4335,49
3593,4336,7
3593,4337,9
3593,4338,35
3593,4339,35
3593,4340,290
3593,4341,39
3593,4342,44
3593,4343,40
3593,4344,62
3593,4345,73
3593,4346,523
3593,4347,26
3593,4351,2
3593,4352,22
3593,4353,37
3593,4354,146
3593,4355,694
3593,4356,59
3593,4357,13
3593,4358,27
3593,4359,11
3593,4360,5
3593,4362,960
3593,4363,299
3593,4397,194
3593,4398,24
3593,4399,129
3593,4400,131
3593,4401,23
3593,4402,14
3593,4403,9
3593,4404,9
3593,4405,6
3593,4406,70
3593,4407,10
3593,4408,35
3593,4409,3
3593,4410,23
3593,4411,27
3593,4412,48
3593,4413,4
3593,4415,1
3593,4416,13
3593,4417,40
3593,4418,5
3593,4419,2264
3593,4420,675
3593,4421,11
3593,4422,7
3593,4423,2
3593,4424,17
3593,4425,82
3593,4426,273
3593,4427,73
3593,4428,19
3593,4429,83
3593,4430,45
3593,4431,37
3593,4432,46
3593,4433,539
3593,4434,1469
3593,4435,209
3593,4436,36
3593,4437,23
3593,4438,8
3593,4439,40
3593,4440,16
3593,4441,6
3593,4443,4
3593,4444,2
3593,4445,24
3593,4446,153
3593,4447,26
3593,4448,32
3593,4449,24
3593,4450,17
3593,4451,36
3593,4452,27
3593,4453,9
3593,4454,29
3593,4455,11
3593,4456,223
3593,4457,406
3593,4458,76
3593,4459,90
3593,4460,9
3593,4461,4
3593,4462,15
3594,4217,3
3594,4218,121
3594,4219,1594
3594,4220,343
3594,4232,7
3594,4233,66
3594,4235,62
3594,4236,2
3594,4237,24
3594,4238,12
3594,4239,18
3594,4240,22
3594,4241,12
3594,4242,4
3594,4243,10
3594,4244,4
3594,4245,7
3594,4246,21
3594,4247,14
3594,4248,2
3594,4249,78
3594,4250,41
3594,4251,25
3594,4252,12
3594,4253,206
3594,4254,33
3594,4255,18
3594,4256,11
3594,4257,16
3594,4258,14
3594,4259,2
3594,4260,11
3594,4261,14
3594,4262,30
3594,4263,29
3594,4264,76
3594,4265,12
3594,4266,38
3594,4267,17
3594,4268,2
3594,4269,7
3594,4270,14
3594,4271,15
3594,4272,17
3594,4273,5
3594,4274,16
3594,4275,10
3594,4277,4
3594,4278,34
3594,4279,13
3594,4280,9
3594,4281,21
3594,4282,11
3594,4283,17
3594,4284,21
3594,4285,6
3594,4286,3
3594,4287,1377
3594,4288,575
3594,4289,14
3594,4290,3
3594,4291,15
3594,4292,407
3594,4293,607
3594,4294,6
3594,4295,49
3594,4296,68
3594,4297,6
3594,4298,5
3594,4299,16
3594,4300,13
3594,4301,11
3594,4307,4
3594,4308,11
3594,4309,5
3594,4310,41
3594,4311,36
3594,4312,546
3594,4313,1081
3594,4314,36
3594,4315,15
3594,4316,10
3594,4317,8
3594,4319,34
3594,4320,19
3594,4321,17
3594,4322,58
3594,4323,24
3594,4324,10
3594,4325,3
3594,4326,4
3594,4327,53
3594,4328,23
3594,4329,6
3594,4330,12
3594,4331,20
3594,4332,144
3594,4333,318
3594,4334,90
3594,4335,28
3594,4336,14
3594,4337,2
3594,4338,43
3594,4339,37
3594,4340,215
3594,4341,48
3594,4342,9
3594,4343,5
3594,4344,642
3594,4345,80
3594,4346,15
3594,4351,4
3594,4352,18
3594,4353,15
3594,4354,88
3594,4355,967
3594,4356,339
3594,4358,13
3594,4359,20
3594,4360,251
3594,4361,1300
3594,4362,2298
3594,4363,2
3594,4397,109
3594,4398,7
3594,4399,40
3594,4400,26
3594,4401,29
3594,4402,9
3594,4403,137
3594,4404,274
3594,4405,4
3594,4406,9
3594,4407,10
3594,4408,29
3594,4409,20
3594,4410,20
3594,4411,45
3594,4412,23
3594,4413,39
3594,4414,3
3594,4416,29
3594,4417,92
3594,4418,442
3594,4419,1463
3594,4420,417
3594,4421,8
3594,4422,55
3594,4423,119
3594,4424,64
3594,4425,121
3594,4426,319
3594,4427,58
3594,4428,7
3594,4429,25
3594,4430,39
3594,4431,9
3594,4432,52
3594,4433,1053
3594,4434,4569
3594,4435,1771
3594,4436,1181
3594,4437,130
3594,4438,23
3594,4439,18
3594,4440,6
3594,4441,53
3594,4442,28
3594,4443,2
3594,4444,72
3594,4445,32
3594,4446,10
3594,4447,12
3594,4448,53
3594,4449,33
3594,4450,31
3594,4451,112
3594,4455,36
3594,4456,942
3594,4457,3154
3594,4458,727
3594,4459,43
3594,4460,2
3595,4218,1
3595,4219,252
3595,4220,64
3595,4225,1
3595,4229,1
3595,4230,47
3595,4231,400
3595,4232,379
3595,4233,26
3595,4234,25
3595,4235,5
3595,4236,45
3595,4237,12
3595,4238,353
3595,4239,375
3595,4240,17
3595,4241,13
3595,4242,2
3595,4243,36
3595,4244,15
3595,4245,29
3595,4246,11
3595,4247,26
3595,4248,34
3595,4249,28
3595,4250,33
3595,4251,28
3595,4253,7
3595,4254,24
3595,4255,9
3595,4256,35
3595,4257,36
3595,4258,38
3595,4259,22
3595,4260,8
3595,4261,72
3595,4262,17
3595,4263,13
3595,4264,415
3595,4265,1404
3595,4266,178
3595,4267,53
3595,4268,11
3595,4269,3
3595,4270,10
3595,4271,16
3595,4272,22
3595,4273,10
3595,4274,7
3595,4275,53
3595,4276,31
3595,4277,21
3595,4278,129
3595,4279,310
3595,4280,25
3595,4281,32
3595,4282,25
3595,4283,4
3595,4284,11
3595,4285,6
3595,4286,8
3595,4287,327
3595,4288,118
3595,4289,55
3595,4290,584
3595,4291,13
3595,4292,515
3595,4293,491
3595,4294,13
3595,4295,33
3595,4296,456
3595,4297,17
3595,4298,24
3595,4299,24
3595,4300,27
3595,4303,5
3595,4308,127
3595,4309,40
3595,4310,16
3595,4311,25
3595,4312,241
3595,4313,1028
3595,4314,98
3595,4315,95
3595,4316,21
3595,4317,74
3595,4318,80
3595,4319,35
3595,4320,22
3595,4321,122
3595,4322,455
3595,4323,48
3595,4324,34
3595,4325,12
3595,4326,17
3595,4327,29
3595,4328,24
3595,4329,37
3595,4330,99
3595,4331,69
3595,4332,9
3595,4333,81
3595,4334,22
3595,4335,19
3595,4337,39
3595,4338,18
3595,4339,11
3595,4340,16
3595,4342,45
3595,4343,86
3595,4344,146
3595,4345,22
3595,4346,29
3595,4347,24
3595,4352,15
3595,4353,10
3595,4355,218
3595,4356,1944
3595,4357,730
3595,4358,367
3595,4359,100
3595,4360,43
3595,4361,158
3595,4362,669
3595,4363,181
3595,4396,41
3595,4397,17
3595,4398,9
3595,4399,28
3595,4400,7
3595,4401,21
3595,4402,32
3595,4403,8
3595,4404,27
3595,4405,17
3595,4406,32
3595,4407,99
3595,4408,26
3595,4409,28
3595,4410,9
3595,4411,3
3595,4412,66
3595,4413,11
3595,4414,27
3595,4415,8
3595,4416,18
3595,4417,83
3595,4418,619
3595,4419,1094
3595,4420,179
3595,4421,8
3595,4422,31
3595,4423,66
3595,4424,33
3595,4425,10
3595,4426,1
3595,4427,16
3595,4428,42
3595,4429,10
3595,4430,88
3595,4431,43
3595,4432,116
3595,4433,1890
3595,4434,1596
3595,4435,873
3595,4436,637
3595,4437,71
3595,4438,86
3595,4439,44
3595,4440,37
3595,4441,147
3595,4442,36
3595,4443,18
3595,4444,424
3595,4445,52
3595,4446,66
3595,4447,65
3595,4448,14
3595,4449,65
3595,4450,183
3595,4451,31
3595,4452,1
3595,4453,11
3595,4455,82
3595,4456,293
3595,4457,2056
3595,4458,2870
3595,4459,522
3596,4222,1532
3596,4223,2966
3596,4224,1815
3596,4225,701
3596,4226,347
3596,4227,16
3596,4228,2
3596,4229,10
3596,4230,661
3596,4231,970
3596,4232,40
3596,4233,9
3596,4234,11
3596,4235,22
3596,4236,14
3596,4237,314
3596,4238,1747
3596,4239,1570
3596,4240,44
3596,4241,37
3596,4242,29
3596,4243,17
3596,4244,125
3596,4245,617
3596,4246,17
3596,4247,29
3596,4248,6
3596,4249,15
3596,4250,17
3596,4251,19
3596,4252,12
3596,4253,9
3596,4254,13
3596,4255,19
3596,4257,59
3596,4258,154
3596,4259,9
3596,4260,18
3596,4261,36
3596,4262,79
3596,4263,1147
3596,4264,701
3596,4265,727
3596,4266,1781
3596,4267,632
3596,4268,29
3596,4269,10
3596,4270,7
3596,4271,2
3596,4272,72
3596,4273,12
3596,4274,8
3596,4275,26
3596,4276,486
3596,4277,171
3596,4279,1
3596,4280,2
3596,4281,8
3596,4282,8
3596,4283,12
3596,4284,20
3596,4285,94
3596,4286,1433
3596,4287,1589
3596,4288,610
3596,4289,945
3596,4290,808
3596,4291,4
3596,4292,40
3596,4293,5
3596,4294,30
3596,4295,8
3596,4296,4
3596,4297,5
3596,4299,7
3596,4300,2
3596,4304,10
3596,4305,33
3596,4306,4
3596,4307,36
3596,4308,193
3596,4309,131
3596,4310,22
3596,4311,27
3596,4312,49
3596,4313,49
3596,4314,52
3596,4315,22
3596,4316,9
3596,4317,8
3596,4318,27
3596,4319,14
3596,4320,23
3596,4321,14
3596,4322,79
3596,4323,33
3596,4324,46
3596,4325,80
3596,4326,86
3596,4327,61
3596,4328,41
3596,4329,35
3596,4330,269
3596,4331,397
3596,4332,13
3596,4333,55
3596,4334,52
3596,4335,26
3596,4336,40
3596,4337,10
3596,4338,38
3596,4339,19
3596,4340,13
3596,4341,1
3596,4342,54
3596,4343,43
3596,4344,19
3596,4345,39
3596,4348,5
3596,4356,13
3596,4357,6
3596,4358,29
3596,4359,61
3596,4361,18
3596,4362,22
3596,4363,11
3596,4364,2
3596,4395,8
3596,4396,100
3596,4397,64
3596,4398,8
3596,4399,24
3596,4400,21
3596,4401,25
3596,4402,32
3596,4403,27
3596,4404,16
3596,4405,15
3596,4406,3
3596,4407,103
3596,4408,57
3596,4410,24
3596,4412,40
3596,4413,9
3596,4414,40
3596,4415,17
3596,4416,15
3596,4417,19
3596,4418,35
3596,4419,300
3596,4420,20
3596,4421,30
3596,4422,6
3596,4423,136
3596,4424,58
3596,4425,13
3596,4426,11
3596,4427,26
3596,4428,26
3596,4429,37
3596,4430,87
3596,4431,1
3596,4432,2
3596,4433,509
3596,4434,2784
3596,4435,647
3596,4436,212
3596,4438,4
3596,4439,326
3596,4441,2
3596,4442,16
3596,4443,15
3596,4444,19
3596,4445,9
3596,4446,54
3596,4447,34
3596,4448,222
3596,4449,1701
3596,4450,759
3596,4451,130
3596,4452,3
3596,4453,32
3596,4454,27
3596,4455,26
3596,4456,66
3596,4457,1007
3596,4458,2832
3596,4459,2622
3597,4221,656
3597,4222,6784
3597,4223,4032
3597,4224,3016
3597,4225,2932
3597,4226,419
3597,4227,51
3597,4228,5
3597,4229,27
3597,4230,545
3597,4231,88
3597,4232,13
3597,4233,51
3597,4234,17
3597,4235,22
3597,4236,9
3597,4237,476
3597,4238,970
3597,4239,1242
3597,4240,13
3597,4241,24
3597,4242,2
3597,4243,3
3597,4244,752
3597,4245,258
3597,4246,44
3597,4247,19
3597,4248,17
3597,4249,21
3597,4250,17
3597,4251,150
3597,4252,184
3597,4253,19
3597,4254,9
3597,4255,17
3597,4256,14
3597,4257,22
3597,4258,1523
3597,4259,697
3597,4260,44
3597,4261,42
3597,4262,44
3597,4263,33
3597,4264,7
3597,4265,502
3597,4266,2556
3597,4267,459
3597,4268,18
3597,4269,19
3597,4271,10
3597,4272,394
3597,4273,26
3597,4274,85
3597,4275,573
3597,4276,1237
3597,4277,47
3597,4278,22
3597,4279,2
3597,4280,6
3597,4281,4
3597,4282,6
3597,4283,8
3597,4284,42
3597,4285,1503
3597,4286,2422
3597,4287,4425
3597,4288,3635
3597,4289,2775
3597,4290,574
3597,4291,2
3597,4292,16
3597,4293,50
3597,4294,17
3597,4295,28
3597,4297,8
3597,4304,506
3597,4305,696
3597,4306,387
3597,4307,69
3597,4308,136
3597,4309,67
3597,4310,30
3597,4311,29
3597,4312,42
3597,4313,26
3597,4314,82
3597,4315,279
3597,4316,77
3597,4317,28
3597,4318,19
3597,4319,414
3597,4320,13
3597,4321,25
3597,4322,17
3597,4323,28
3597,4324,19
3597,4325,80
3597,4326,4
3597,4327,96
3597,4328,20
3597,4329,5
3597,4330,17
3597,4331,93
3597,4332,14
3597,4333,33
3597,4334,31
3597,4335,14
3597,4336,961
3597,4337,1167
3597,4338,13
3597,4339,31
3597,4340,10
3597,4341,18
3597,4342,27
3597,4344,11
3597,4345,20
3597,4346,2
3597,4347,7
3597,4348,36
3597,4349,187
3597,4358,62
3597,4359,9
3597,4360,9
3597,4361,36
3597,4362,15
3597,4363,7
3597,4364,2
3597,4365,15
3597,4367,1
3597,4395,55
3597,4396,38
3597,4397,43
3597,4398,19
3597,4399,14
3597,4400,32
3597,4401,15
3597,4402,7
3597,4403,11
3597,4404,23
3597,4405,17
3597,4406,24
3597,4407,5
3597,4408,133
3597,4409,41
3597,4410,21
3597,4411,16
3597,4412,19
3597,4413,14
3597,4414,52
3597,4415,17
3597,4416,5
3597,4417,5
3597,4418,30
3597,4419,24
3597,4420,37
3597,4421,13
3597,4422,26
3597,4423,63
3597,4424,17
3597,4425,45
3597,4426,21
3597,4427,150
3597,4428,41
3597,4429,8
3597,4430,2
3597,4431,39
3597,4432,4
3597,4433,43
3597,4434,812
3597,4435,657
3597,4436,129
3597,4437,11
3597,4438,12
3597,4439,273
3597,4441,5
3597,4443,77
3597,4444,96
3597,4445,4
3597,4446,69
3597,4447,42
3597,4448,24
3597,4449,56
3597,4450,98
3597,4451,1292
3597,4452,208
3597,4453,21
3597,4454,679
3597,4455,87
3597,4456,13
3597,4457,59
3597,4458,1280
3597,4459,1819
3598,4221,672
3598,4222,1555
3598,4223,2918
3598,4224,3071
3598,4225,3003
3598,4226,149
3598,4227,9
3598,4228,7
3598,4229,29
3598,4230,14
3598,4231,4
3598,4232,4
3598,4233,11
3598,4234,47
3598,4235,68
3598,4236,7
3598,4237,51
3598,4238,64
3598,4239,50
3598,4240,3
3598,4241,13
3598,4242,10
3598,4243,40
3598,4244,31
3598,4245,13
3598,4246,4
3598,4247,15
3598,4248,20
3598,4249,12
3598,4250,7
3598,4251,248
3598,4252,816
3598,4253,15
3598,4254,25
3598,4255,12
3598,4256,25
3598,4257,46
3598,4258,1146
3598,4259,939
3598,4260,34
3598,4261,8
3598,4263,6
3598,4264,19
3598,4265,298
3598,4266,922
3598,4267,60
3598,4268,6
3598,4269,3
3598,4270,80
3598,4271,21
3598,4272,411
3598,4273,20
3598,4274,13
3598,4275,106
3598,4276,527
3598,4277,35
3598,4278,14
3598,4279,31
3598,4280,74
3598,4281,1
3598,4282,2
3598,4283,13
3598,4284,102
3598,4285,1241
3598,4286,1556
3598,4287,4816
3598,4288,1504
3598,4289,303
3598,4292,6
3598,4293,21
3598,4294,6
3598,4295,20
3598,4296,2
3598,4297,4
3598,4301,4
3598,4302,2
3598,4303,135
3598,4304,782
3598,4305,1794
3598,4306,1542
3598,4307,600
3598,4308,13
3598,4309,7
3598,4310,21
3598,4311,7
3598,4312,98
3598,4313,44
3598,4314,138
3598,4315,447
3598,4316,28
3598,4317,42
3598,4318,167
3598,4319,694
3598,4320,26
3598,4321,14
3598,4322,40
3598,4323,8
3598,4324,4
3598,4325,18
3598,4326,35
3598,4327,19
3598,4328,26
3598,4329,8
3598,4330,31
3598,4331,13
3598,4332,19
3598,4333,24
3598,4334,15
3598,4335,18
3598,4336,298
3598,4337,851
3598,4340,25
3598,4341,10
3598,4342,131
3598,4343,155
3598,4344,30
3598,4345,28
3598,4346,82
3598,4347,203
3598,4348,20
3598,4349,55
3598,4350,49
3598,4351,23
3598,4361,39
3598,4362,80
3598,4363,26
3598,4364,7
3598,4365,6
3598,4366,72
3598,4396,26
3598,4397,29
3598,4399,49
3598,4400,44
3598,4401,19
3598,4402,260
3598,4403,51
3598,4404,19
3598,4405,27
3598,4406,112
3598,4407,23
3598,4408,34
3598,4409,8
3598,4410,68
3598,4411,31
3598,4412,35
3598,4413,14
3598,4414,8
3598,4415,20
3598,4416,24
3598,4417,51
3598,4418,5
3598,4419,31
3598,4420,14
3598,4421,19
3598,4422,6
3598,4423,62
3598,4424,14
3598,4425,30
3598,4426,30
3598,4427,64
3598,4428,32
3598,4429,23
3598,4430,18
3598,4431,31
3598,4432,14
3598,4433,20
3598,4434,16
3598,4435,8
3598,4436,13
3598,4437,42
3598,4438,17
3598,4439,9
3598,4440,130
3598,4441,10
3598,4442,3
3598,4443,3
3598,4444,19
3598,4445,19
3598,4446,18
3598,4447,38
3598,4448,251
3598,4449,6
3598,4450,49
3598,4451,7
3598,4452,17
3598,4454,105
3598,4455,12
3598,4456,14
3598,4457,804
3598,4458,1271
3598,4459,461
3599,4219,25
3599,4220,885
3599,4221,845
3599,4222,523
3599,4223,1177
3599,4224,255
3599,4225,2530
3599,4226,143
3599,4227,25
3599,4228,40
3599,4230,2
3599,4231,26
3599,4232,17
3599,4233,12
3599,4234,23
3599,4235,7
3599,4236,15
3599,4237,12
3599,4238,9
3599,4239,35
3599,4240,16
3599,4241,19
3599,4242,2
3599,4243,12
3599,4244,25
3599,4245,11
3599,4246,14
3599,4247,10
3599,4248,35
3599,4249,7
3599,4250,11
3599,4251,7
3599,4252,98
3599,4253,24
3599,4254,15
3599,4255,14
3599,4256,3
3599,4257,10
3599,4258,54
3599,4259,105
3599,4260,22
3599,4261,7
3599,4262,6
3599,4264,7
3599,4265,44
3599,4266,24
3599,4267,3
3599,4268,9
3599,4269,10
3599,4270,19
3599,4271,9
3599,4272,13
3599,4273,11
3599,4274,51
3599,4275,33
3599,4276,5
3599,4277,13
3599,4278,15
3599,4279,4
3599,4280,15
3599,4281,98
3599,4282,46
3599,4283,7
3599,4284,3
3599,4285,1208
3599,4286,3790
3599,4287,3287
3599,4288,808
3599,4289,1274
3599,4290,926
3599,4291,1043
3599,4292,938
3599,4293,164
3599,4294,45
3599,4297,3
3599,4301,5
3599,4302,159
3599,4303,2545
3599,4304,2622
3599,4305,1664
3599,4306,186
3599,4307,25
3599,4308,28
3599,4309,54
3599,4310,35
3599,4311,91
3599,4312,57
3599,4313,22
3599,4314,29
3599,4315,11
3599,4316,16
3599,4317,29
3599,4318,117
3599,4319,85
3599,4320,49
3599,4321,122
3599,4322,16
3599,4323,20
3599,4324,67
3599,4325,4
3599,4326,99
3599,4327,272
3599,4328,8
3599,4329,61
3599,4330,15
3599,4332,35
3599,4333,45
3599,4334,21
3599,4335,18
3599,4336,14
3599,4337,78
3599,4338,12
3599,4339,61
3599,4340,7
3599,4341,18
3599,4342,15
3599,4343,20
3599,4344,7
3599,4345,28
3599,4346,20
3599,4348,52
3599,4349,41
3599,4351,10
3599,4352,3
3599,4360,3
3599,4361,193
3599,4362,104
3599,4363,20
3599,4364,85
3599,4365,14
3599,4366,4
3599,4395,14
3599,4396,11
3599,4397,120
3599,4398,27
3599,4399,2
3599,4400,38
3599,4401,31
3599,4402,243
3599,4403,35
3599,4404,58
3599,4405,19
3599,4406,33
3599,4407,42
3599,4408,5
3599,4410,12
3599,4411,10
3599,4412,2
3599,4413,16
3599,4414,5
3599,4415,15
3599,4416,43
3599,4417,34
3599,4418,18
3599,4419,44
3599,4420,65
3599,4421,33
3599,4422,22
3599,4423,49
3599,4424,27
3599,4425,25
3599,4426,13
3599,4427,305
3599,4428,19
3599,4429,19
3599,4430,14
3599,4431,15
3599,4432,95
3599,4433,13
3599,4434,4
3599,4435,6
3599,4436,65
3599,4437,80
3599,4438,123
3599,4439,11
3599,4440,437
3599,4441,31
3599,4442,14
3599,4444,5
3599,4445,22
3599,4446,162
3599,4447,190
3599,4448,115
3599,4449,21
3599,4450,6
3599,4451,155
3599,4452,1003
3599,4453,148
3599,4454,24
3599,4455,12
3599,4456,120
3599,4457,364
3599,4458,2900
3599,4459,569
3600,4218,4
3600,4219,1524
3600,4220,2029
3600,4221,1784
3600,4222,1674
3600,4223,778
3600,4224,262
3600,4225,975
3600,4226,99
3600,4227,167
3600,4228,1155
3600,4229,53
3600,4230,19
3600,4231,10
3600,4232,5
3600,4233,1
3600,4234,22
3600,4235,6
3600,4236,26
3600,4237,19
3600,4238,12
3600,4239,12
3600,4240,10
3600,4241,6
3600,4243,10
3600,4244,11
3600,4245,15
3600,4246,18
3600,4247,14
3600,4248,5
3600,4249,9
3600,4250,11
3600,4251,112
3600,4252,612
3600,4253,42
3600,4254,7
3600,4255,31
3600,4256,16
3600,4257,18
3600,4258,2
3600,4259,8
3600,4260,24
3600,4261,5
3600,4264,9
3600,4265,14
3600,4266,22
3600,4267,5
3600,4268,6
3600,4269,18
3600,4270,15
3600,4271,18
3600,4272,16
3600,4273,5
3600,4274,11
3600,4275,9
3600,4276,2
3600,4277,25
3600,4278,21
3600,4279,17
3600,4280,10
3600,4281,114
3600,4282,26
3600,4283,83
3600,4284,264
3600,4285,485
3600,4286,511
3600,4287,1569
3600,4288,909
3600,4289,1031
3600,4290,899
3600,4291,1592
3600,4292,926
3600,4293,129
3600,4294,18
3600,4297,44
3600,4298,70
3600,4301,2
3600,4302,272
3600,4303,1180
3600,4304,320
3600,4305,468
3600,4306,91
3600,4307,24
3600,4309,177
3600,4310,1
3600,4311,34
3600,4312,50
3600,4313,47
3600,4314,55
3600,4315,13
3600,4316,34
3600,4317,61
3600,4318,21
3600,4319,27
3600,4320,42
3600,4321,26
3600,4322,14
3600,4323,107
3600,4324,15
3600,4325,10
3600,4326,28
3600,4327,13
3600,4328,21
3600,4329,29
3600,4331,142
3600,4332,174
3600,4333,17
3600,4334,10
3600,4336,37
3600,4337,7
3600,4338,20
3600,4339,13
3600,4340,46
3600,4341,19
3600,4342,54
3600,4343,12
3600,4344,52
3600,4345,670
3600,4346,474
3600,4347,20
3600,4348,48
3600,4349,78
3600,4350,21
3600,4351,26
3600,4352,7
3600,4359,29
3600,4360,31
3600,4361,33
3600,4362,39
3600,4363,10
3600,4364,19
3600,4365,17
3600,4366,2
3600,4394,31
3600,4395,52
3600,4396,4
3600,4397,12
3600,4398,40
3600,4399,34
3600,4400,23
3600,4401,81
3600,4402,1366
3600,4403,449
3600,4404,27
3600,4405,4
3600,4406,16
3600,4407,10
3600,4411,8
3600,4412,37
3600,4413,10
3600,4414,5
3600,4415,29
3600,4416,31
3600,4417,101
3600,4418,118
3600,4419,33
3600,4420,28
3600,4421,19
3600,4422,13
3600,4423,80
3600,4424,26
3600,4426,3
3600,4427,3
3600,4429,13
3600,4430,53
3600,4431,33
3600,4432,27
3600,4433,13
3600,4435,43
3600,4436,101
3600,4437,34
3600,4438,198
3600,4439,103
3600,4440,20
3600,4441,10
3600,4442,26
3600,4443,34
3600,4444,25
3600,4445,923
3600,4446,1527
3600,4447,337
3600,4448,18
3600,4449,7
3600,4450,47
3600,4451,377
3600,4452,1470
3600,4453,96
3600,4454,56
3600,4455,67
3600,4456,56
3600,4457,94
3600,4458,1246
3600,4459,1323
3601,4218,256
3601,4219,1966
3601,4220,438
3601,4221,861
3601,4222,2479
3601,4223,325
3601,4226,9
3601,4227,20
3601,4228,40
3601,4229,331
3601,4230,69
3601,4231,17
3601,4232,30
3601,4233,21
3601,4234,5
3601,4235,12
3601,4236,15
3601,4237,13
3601,4238,19
3601,4239,3
3601,4240,9
3601,4241,10
3601,4242,7
3601,4243,4
3601,4244,26
3601,4245,16
3601,4246,27
3601,4247,24
3601,4248,9
3601,4249,16
3601,4250,25
3601,4251,132
3601,4252,807
3601,4253,15
3601,4254,19
3601,4255,4
3601,4256,12
3601,4257,19
3601,4258,25
3601,4259,122
3601,4260,12
3601,4261,6
3601,4262,16
3601,4263,73
3601,4264,17
3601,4265,31
3601,4266,9
3601,4267,20
3601,4268,4
3601,4269,27
3601,4270,4
3601,4271,21
3601,4272,5
3601,4273,22
3601,4274,2
3601,4275,12
3601,4276,27
3601,4277,20
3601,4278,38
3601,4279,12
3601,4280,92
3601,4281,41
3601,4282,4
3601,4283,17
3601,4284,16
3601,4285,23
3601,4286,487
3601,4287,311
3601,4288,833
3601,4289,21
3601,4290,30
3601,4291,343
3601,4292,2
3601,4293,8
3601,4296,36
3601,4297,1183
3601,4298,717
3601,4299,14
3601,4300,2
3601,4302,56
3601,4303,685
3601,4304,94
3601,4305,147
3601,4306,48
3601,4307,7
3601,4308,123
3601,4309,100
3601,4310,48
3601,4311,65
3601,4312,2
3601,4317,5
3601,4318,67
3601,4319,67
3601,4320,29
3601,4321,71
3601,4322,139
3601,4323,4
3601,4324,27
3601,4325,7
3601,4326,28
3601,4327,20
3601,4329,16
3601,4330,35
3601,4331,325
3601,4332,159
3601,4333,30
3601,4334,27
3601,4335,7
3601,4336,4
3601,4337,2
3601,4338,281
3601,4339,9
3601,4340,22
3601,4341,25
3601,4342,27
3601,4343,8
3601,4344,114
3601,4345,1284
3601,4346,1700
3601,4347,52
3601,4348,52
3601,4349,20
3601,4350,19
3601,4351,12
3601,4356,2
3601,4357,22
3601,4358,30
3601,4359,66
3601,4360,13
3601,4361,14
3601,4362,304
3601,4363,53
3601,4364,31
3601,4365,1
3601,4391,36
3601,4393,36
3601,4394,20
3601,4395,41
3601,4396,31
3601,4397,412
3601,4398,32
3601,4399,3
3601,4400,31
3601,4401,274
3601,4402,1494
3601,4403,462
3601,4404,33
3601,4405,55
3601,4406,37
3601,4407,15
3601,4408,7
3601,4409,17
3601,4410,10
3601,4411,45
3601,4412,34
3601,4413,7
3601,4414,25
3601,4415,169
3601,4416,122
3601,4417,52
3601,4418,17
3601,4419,41
3601,4420,19
3601,4421,24
3601,4422,5
3601,4423,15
3601,4424,53
3601,4425,4
3601,4428,5
3601,4429,36
3601,4430,43
3601,4431,35
3601,4432,13
3601,4433,22
3601,4434,26
3601,4436,20
3601,4437,4
3601,4438,102
3601,4439,52
3601,4440,148
3601,4441,25
3601,4442,2
3601,4443,9
3601,4444,5
3601,4445,79
3601,4446,1453
3601,4447,66
3601,4448,7
3601,4449,23
3601,4450,8
3601,4451,9
3601,4452,23
3601,4453,49
3601,4454,36
3601,4455,62
3601,4456,14
3601,4457,130
3601,4458,826
3601,4459,1949
3602,4217,537
3602,4218,1073
3602,4219,106
3602,4220,538
3602,4221,1808
3602,4222,1642
3602,4223,466
3602,4224,117
3602,4225,22
3602,4226,11
3602,4227,17
3602,4228,7
3602,4229,13
3602,4230,22
3602,4231,9
3602,4233,9
3602,4234,4
3602,4235,7
3602,4236,7
3602,4238,38
3602,4239,94
3602,4240,113
3602,4241,22
3602,4242,34
3602,4243,257
3602,4244,549
3602,4245,25
3602,4246,18
3602,4247,2
3602,4248,12
3602,4249,3
3602,4250,11
3602,4251,7
3602,4252,13
3602,4253,17
3602,4254,9
3602,4255,6
3602,4256,17
3602,4257,16
3602,4258,5
3602,4259,22
3602,4260,4
3602,4261,17
3602,4262,13
3602,4263,12
3602,4264,159
3602,4265,81
3602,4266,8
3602,4267,2
3602,4268,12
3602,4269,108
3602,4270,488
3602,4271,354
3602,4272,22
3602,4273,13
3602,4275,26
3602,4276,14
3602,4277,15
3602,4278,55
3602,4279,35
3602,4280,11
3602,4281,9
3602,4282,4
3602,4283,26
3602,4284,32
3602,4285,29
3602,4286,744
3602,4287,1156
3602,4288,1502
3602,4289,3
3602,4290,21
3602,4291,96
3602,4292,138
3602,4293,42
3602,4294,45
3602,4295,27
3602,4297,110
3602,4298,56
3602,4299,21
3602,4300,29
3602,4301,306
3602,4302,701
3602,4303,528
3602,4304,320
3602,4306,265
3602,4307,837
3602,4308,117
3602,4309,27
3602,4310,64
3602,4311,20
3602,4319,14
3602,4320,26
3602,4321,82
3602,4322,24
3602,4323,13
3602,4324,26
3602,4325,189
3602,4326,57
3602,4327,40
3602,4328,6
3602,4329,35
3602,4330,8
3602,4331,7
3602,4332,12
3602,4333,32
3602,4334,92
3602,4335,12
3602,4336,55
3602,4337,12
3602,4338,168
3602,4339,16
3602,4340,91
3602,4341,30
3602,4342,75
3602,4343,50
3602,4344,25
3602,4345,690
3602,4346,361
3602,4347,20
3602,4348,6
3602,4349,28
3602,4350,30
3602,4357,8
3602,4358,18
3602,4361,13
3602,4362,17
3602,4363,35
3602,4364,25
3602,4365,6
3602,4390,16
3602,4391,375
3602,4392,15
3602,4393,56
3602,4394,12
3602,4395,6
3602,4396,35
3602,4397,127
3602,4398,27
3602,4399,120
3602,4400,25
3602,4401,25
3602,4402,41
3602,4403,35
3602,4404,68
3602,4405,13
3602,4406,18
3602,4407,108
3602,4408,5
3602,4409,13
3602,4410,13
3602,4411,25
3602,4412,38
3602,4413,54
3602,4414,178
3602,4415,373
3602,4416,26
3602,4417,11
3602,4418,26
3602,4419,21
3602,4420,14
3602,4421,24
3602,4422,14
3602,4423,11
3602,4424,27
3602,4425,13
3602,4426,11
3602,4427,34
3602,4428,16
3602,4429,6
3602,4430,53
3602,4431,50
3602,4432,12
3602,4433,15
3602,4434,5
3602,4435,4
3602,4436,19
3602,4437,24
3602,4438,431
3602,4439,224
3602,4440,64
3602,4441,11
3602,4442,1
3602,4443,32
3602,4444,42
3602,4445,12
3602,4446,215
3602,4447,40
3602,4448,5
3602,4449,41
3602,4450,6
3602,4451,56
3602,4452,37
3602,4453,23
3602,4454,45
3602,4455,1030
3602,4456,410
3602,4458,15
3602,4459,6
3602,4460,199
3603,4216,452
3603,4217,1824
3603,4218,1265
3603,4219,80
3603,4220,930
3603,4221,1243
3603,4222,376
3603,4223,629
3603,4224,856
3603,4225,16
3603,4226,11
3603,4227,10
3603,4228,21
3603,4229,5
3603,4231,10
3603,4232,19
3603,4233,20
3603,4234,20
3603,4235,334
3603,4236,243
3603,4237,10
3603,4238,45
3603,4239,5
3603,4240,17
3603,4241,4
3603,4242,13
3603,4243,14
3603,4244,25
3603,4245,4
3603,4246,13
3603,4247,10
3603,4248,11
3603,4249,2
3603,4250,6
3603,4251,7
3603,4253,9
3603,4254,14
3603,4255,1
3603,4257,10
3603,4258,7
3603,4259,13
3603,4260,21
3603,4261,43
3603,4262,13
3603,4264,30
3603,4265,16
3603,4267,2
3603,4268,23
3603,4269,13
3603,4271,41
3603,4272,17
3603,4273,25
3603,4274,13
3603,4275,59
3603,4276,14
3603,4277,25
3603,4278,29
3603,4279,26
3603,4280,9
3603,4281,71
3603,4282,17
3603,4283,7
3603,4284,12
3603,4285,13
3603,4286,5
3603,4290,8
3603,4291,14
3603,4292,11
3603,4293,22
3603,4294,43
3603,4295,566
3603,4296,1146
3603,4297,718
3603,4298,15
3603,4300,12
3603,4301,178
3603,4302,255
3603,4303,1213
3603,4304,257
3603,4305,38
3603,4306,1328
3603,4307,1279
3603,4308,57
3603,4309,26
3603,4310,25
3603,4311,10
3603,4320,7
3603,4321,31
3603,4322,32
3603,4323,41
3603,4324,20
3603,4325,16
3603,4326,23
3603,4327,25
3603,4328,8
3603,4329,16
3603,4330,57
3603,4331,17
3603,4332,62
3603,4333,4
3603,4334,66
3603,4335,5
3603,4336,6
3603,4337,9
3603,4338,35
3603,4339,37
3603,4340,281
3603,4341,16
3603,4342,246
3603,4343,50
3603,4344,22
3603,4345,53
3603,4346,17
3603,4347,26
3603,4348,35
3603,4349,7
3603,4350,4
3603,4351,3
3603,4360,25
3603,4361,8
3603,4362,2
3603,4363,52
3603,4364,8
3603,4365,2
3603,4390,84
3603,4391,122
3603,4392,11
3603,4393,9
3603,4394,38
3603,4395,31
3603,4396,89
3603,4397,62
3603,4398,122
3603,4399,162
3603,4400,27
3603,4401,44
3603,4402,31
3603,4403,34
3603,4404,54
3603,4405,15
3603,4406,31
3603,4407,33
3603,4408,35
3603,4409,7
3603,4410,25
3603,4411,40
3603,4412,17
3603,4413,20
3603,4414,663
3603,4415,1805
3603,4416,267
3603,4417,33
3603,4418,73
3603,4419,5
3603,4420,21
3603,4421,31
3603,4422,36
3603,4423,13
3603,4425,33
3603,4426,41
3603,4427,40
3603,4428,19
3603,4429,46
3603,4430,13
3603,4431,24
3603,4432,102
3603,4433,94
3603,4434,5
3603,4435,5
3603,4436,45
3603,4437,5
3603,4438,90
3603,4439,84
3603,4440,14
3603,4441,20
3603,4442,24
3603,4443,149
3603,4444,3
3603,4445,38
3603,4446,39
3603,4448,12
3603,4449,66
3603,4450,79
3603,4451,49
3603,4452,86
3603,4453,33
3603,4454,35
3603,4455,114
3603,4456,73
3603,4457,31
3603,4458,7
3603,4459,108
3603,4460,2560
3603,4461,92
3604,4208,2
3604,4215,6
3604,4216,621
3604,4217,1323
3604,4218,84
3604,4219,163
3604,4220,413
3604,4221,4
3604,4222,308
3604,4223,22
3604,4224,363
3604,4225,209
3604,4226,6
3604,4227,18
3604,4228,199
3604,4229,162
3604,4230,1
3604,4231,18
3604,4232,8
3604,4233,15
3604,4235,2
3604,4236,18
3604,4237,10
3604,4238,29
3604,4239,4
3604,4240,16
3604,4241,23
3604,4242,24
3604,4243,10
3604,4244,4
3604,4245,14
3604,4246,18
3604,4247,26
3604,4248,11
3604,4250,2
3604,4251,21
3604,4252,9
3604,4253,16
3604,4256,3
3604,4257,2
3604,4259,4
3604,4260,8
3604,4261,12
3604,4262,6
3604,4263,10
3604,4264,8
3604,4265,13
3604,4266,9
3604,4267,2
3604,4268,18
3604,4269,6
3604,4270,17
3604,4271,16
3604,4272,4
3604,4273,17
3604,4274,3
3604,4275,13
3604,4276,21
3604,4277,64
3604,4278,34
3604,4279,16
3604,4280,2
3604,4282,21
3604,4283,20
3604,4284,24
3604,4285,14
3604,4286,2
3604,4287,19
3604,4288,60
3604,4289,1
3604,4290,30
3604,4291,21
3604,4292,2
3604,4293,75
3604,4294,21
3604,4295,18
3604,4296,769
3604,4297,83
3604,4298,4
3604,4300,22
3604,4301,340
3604,4302,1430
3604,4303,1834
3604,4305,228
3604,4306,663
3604,4307,96
3604,4308,34
3604,4309,48
3604,4310,25
3604,4311,2
3604,4322,4
3604,4323,43
3604,4324,38
3604,4325,25
3604,4326,34
3604,4327,148
3604,4328,4
3604,4329,7
3604,4330,52
3604,4331,9
3604,4332,24
3604,4333,7
3604,4334,19
3604,4335,17
3604,4336,26
3604,4337,47
3604,4338,77
3604,4339,17
3604,4340,47
3604,4341,18
3604,4342,58
3604,4343,6
3604,4344,6
3604,4345,98
3604,4346,43
3604,4347,46
3604,4348,27
3604,4349,61
3604,4350,13
3604,4351,2
3604,4352,2
3604,4360,5
3604,4362,148
3604,4363,8
3604,4364,12
3604,4394,2
3604,4395,8
3604,4396,23
3604,4397,21
3604,4398,1413
3604,4399,197
3604,4400,28
3604,4401,30
3604,4402,21
3604,4403,52
3604,4404,6
3604,4405,22
3604,4406,25
3604,4407,686
3604,4408,784
3604,4409,33
3604,4410,30
3604,4411,20
3604,4412,201
3604,4413,22
3604,4414,309
3604,4415,614
3604,4416,36
3604,4417,47
3604,4418,225
3604,4419,37
3604,4420,35
3604,4421,758
3604,4422,22
3604,4423,12
3604,4424,22
3604,4425,11
3604,4426,45
3604,4428,14
3604,4429,29
3604,4430,10
3604,4431,17
3604,4432,20
3604,4433,49
3604,4434,30
3604,4435,34
3604,4436,17
3604,4437,16
3604,4438,3
3604,4439,38
3604,4440,31
3604,4441,6
3604,4442,48
3604,4443,16
3604,4444,5
3604,4445,11
3604,4446,59
3604,4447,9
3604,4448,23
3604,4449,49
3604,4450,71
3604,4451,13
3604,4452,19
3604,4453,39
3604,4454,105
3604,4455,16
3604,4456,18
3604,4457,488
3604,4458,55
3604,4459,650
3604,4460,2535
3604,4461,1253
3605,4204,2
3605,4205,1
3605,4208,5
3605,4209,2
3605,4215,101
3605,4216,62
3605,4217,101
3605,4218,3
3605,4219,2
3605,4220,10
3605,4221,5
3605,4222,11
3605,4223,5
3605,4224,33
3605,4225,5
3605,4226,21
3605,4227,4
3605,4228,30
3605,4229,66
3605,4230,32
3605,4231,14
3605,4232,21
3605,4233,8
3605,4234,18
3605,4235,6
3605,4236,17
3605,4237,11
3605,4238,14
3605,4239,39
3605,4240,14
3605,4241,1
3605,4242,7
3605,4243,9
3605,4244,9
3605,4245,8
3605,4246,52
3605,4247,88
3605,4248,15
3605,4249,9
3605,4250,18
3605,4251,12
3605,4252,9
3605,4253,11
3605,4255,15
3605,4256,11
3605,4257,4
3605,4258,7
3605,4259,21
3605,4260,3
3605,4261,9
3605,4262,11
3605,4263,6
3605,4264,13
3605,4265,32
3605,4266,2
3605,4268,15
3605,4270,22
3605,4271,31
3605,4272,18
3605,4273,53
3605,4274,15
3605,4275,21
3605,4276,21
3605,4277,246
3605,4278,7
3605,4279,8
3605,4280,16
3605,4281,24
3605,4282,13
3605,4283,400
3605,4284,35
3605,4285,38
3605,4286,5
3605,4287,34
3605,4288,8
3605,4289,17
3605,4290,24
3605,4291,1
3605,4292,10
3605,4293,106
3605,4294,49
3605,4295,70
3605,4296,18
3605,4297,30
3605,4298,17
3605,4300,35
3605,4301,412
3605,4302,679
3605,4303,283
3605,4308,3
3605,4309,15
3605,4310,6
3605,4323,4
3605,4324,17
3605,4325,356
3605,4326,933
3605,4327,99
3605,4328,14
3605,4329,9
3605,4330,19
3605,4331,9
3605,4332,98
3605,4333,18
3605,4334,43
3605,4335,19
3605,4337,16
3605,4338,4
3605,4339,26
3605,4340,19
3605,4341,14
3605,4342,24
3605,4343,15
3605,4344,20
3605,4345,40
3605,4346,13
3605,4347,34
3605,4348,31
3605,4349,43
3605,4350,123
3605,4351,71
3605,4352,23
3605,4359,2
3605,4360,17
3605,4362,5
3605,4363,9
3605,4393,5
3605,4394,77
3605,4395,64
3605,4396,24
3605,4397,44
3605,4398,527
3605,4399,65
3605,4400,23
3605,4401,60
3605,4402,16
3605,4403,364
3605,4404,10
3605,4405,26
3605,4406,30
3605,4407,12
3605,4408,286
3605,4409,53
3605,4410,13
3605,4411,24
3605,4412,31
3605,4413,1
3605,4414,23
3605,4415,40
3605,4416,22
3605,4417,41
3605,4418,20
3605,4419,56
3605,4420,48
3605,4421,1084
3605,4422,182
3605,4423,11
3605,4424,25
3605,4425,443
3605,4426,37
3605,4427,22
3605,4428,159
3605,4429,644
3605,4430,2
3605,4431,10
3605,4432,43
3605,4433,18
3605,4434,29
3605,4435,32
3605,4436,3
3605,4437,11
3605,4438,8
3605,4439,34
3605,4440,19
3605,4441,93
3605,4442,77
3605,4443,48
3605,4444,44
3605,4445,36
3605,4446,74
3605,4447,105
3605,4448,484
3605,4449,184
3605,4450,47
3605,4451,40
3605,4452,17
3605,4453,9
3605,4454,471
3605,4455,404
3605,4456,10
3605,4457,17
3605,4458,298
3605,4459,292
3605,4460,2513
3605,4461,2402
3605,4462,58
3606,4201,9
3606,4202,25
3606,4203,52
3606,4204,27
3606,4205,3
3606,4206,3
3606,4207,4
3606,4208,49
3606,4209,72
3606,4214,1
3606,4216,4
3606,4217,4
3606,4220,4
3606,4221,11
3606,4222,7
3606,4223,7
3606,4224,62
3606,4225,12
3606,4226,9
3606,4227,11
3606,4228,13
3606,4229,6
3606,4230,22
3606,4231,2
3606,4232,12
3606,4233,20
3606,4234,141
3606,4235,5
3606,4236,14
3606,4237,10
3606,4238,20
3606,4239,4
3606,4240,18
3606,4241,6
3606,4243,3
3606,4244,21
3606,4245,8
3606,4246,468
3606,4247,39
3606,4248,5
3606,4249,11
3606,4251,18
3606,4252,15
3606,4253,9
3606,4254,10
3606,4255,1
3606,4256,4
3606,4257,15
3606,4258,59
3606,4259,24
3606,4260,13
3606,4261,4
3606,4262,5
3606,4263,8
3606,4264,9
3606,4265,35
3606,4266,16
3606,4267,10
3606,4268,12
3606,4271,7
3606,4272,13
3606,4273,120
3606,4274,12
3606,4275,15
3606,4276,36
3606,4277,286
3606,4278,10
3606,4279,19
3606,4280,17
3606,4281,38
3606,4282,15
3606,4283,864
3606,4284,295
3606,4285,58
3606,4287,9
3606,4288,1471
3606,4289,121
3606,4290,22
3606,4291,8
3606,4293,13
3606,4294,9
3606,4295,28
3606,4296,19
3606,4297,15
3606,4298,8
3606,4299,14
3606,4300,39
3606,4301,202
3606,4302,1412
3606,4303,2976
3606,4304,1282
3606,4305,3125
3606,4306,1656
3606,4324,9
3606,4326,1594
3606,4327,660
3606,4328,20
3606,4329,13
3606,4330,11
3606,4331,4
3606,4332,39
3606,4333,3
3606,4334,6
3606,4335,91
3606,4337,4
3606,4338,55
3606,4339,28
3606,4340,26
3606,4341,57
3606,4342,9
3606,4343,47
3606,4344,85
3606,4345,23
3606,4347,25
3606,4348,15
3606,4349,38
3606,4350,56
3606,4359,10
3606,4360,2
3606,4361,9
3606,4362,16
3606,4363,20
3606,4394,68
3606,4395,16
3606,4396,1
3606,4397,11
3606,4398,6
3606,4399,25
3606,4400,21
3606,4401,13
3606,4403,7
3606,4404,5
3606,4405,3
3606,4406,47
3606,4407,18
3606,4408,140
3606,4409,24
3606,4410,26
3606,4411,34
3606,4412,3
3606,4413,24
3606,4414,25
3606,4415,195
3606,4417,44
3606,4418,12
3606,4419,14
3606,4420,54
3606,4421,48
3606,4422,15
3606,4423,180
3606,4424,37
3606,4425,27
3606,4426,18
3606,4427,5
3606,4428,194
3606,4429,200
3606,4430,19
3606,4431,58
3606,4432,35
3606,4433,16
3606,4434,17
3606,4435,31
3606,4436,21
3606,4437,13
3606,4438,3
3606,4439,2
3606,4441,112
3606,4442,15
3606,4443,122
3606,4444,53
3606,4445,19
3606,4446,61
3606,4447,86
3606,4448,1164
3606,4449,1012
3606,4450,44
3606,4451,5
3606,4452,100
3606,4453,29
3606,4454,2062
3606,4455,1321
3606,4456,6
3606,4457,36
3606,4458,39
3606,4459,16
3606,4460,494
3606,4461,2460
3606,4462,954
3607,4200,2
3607,4201,5
3607,4202,37
3607,4203,148
3607,4204,17
3607,4205,7
3607,4208,33
3607,4209,6
3607,4216,4
3607,4217,11
3607,4218,13
3607,4219,7
3607,4220,7
3607,4221,35
3607,4222,6
3607,4223,18
3607,4224,36
3607,4225,15
3607,4226,6
3607,4227,23
3607,4228,19
3607,4229,39
3607,4230,9
3607,4231,14
3607,4232,25
3607,4235,17
3607,4236,7
3607,4237,8
3607,4238,9
3607,4239,4
3607,4240,5
3607,4241,6
3607,4242,10
3607,4243,14
3607,4244,2
3607,4245,6
3607,4246,124
3607,4247,16
3607,4248,5
3607,4249,1
3607,4250,13
3607,4251,1
3607,4252,2
3607,4253,10
3607,4254,8
3607,4255,8
3607,4256,14
3607,4257,7
3607,4258,225
3607,4259,143
3607,4260,5
3607,4261,54
3607,4262,4
3607,4263,16
3607,4265,13
3607,4266,879
3607,4267,173
3607,4268,20
3607,4269,14
3607,4270,26
3607,4271,21
3607,4272,26
3607,4273,9
3607,4274,21
3607,4275,14
3607,4276,21
3607,4277,3
3607,4278,23
3607,4279,5
3607,4280,6
3607,4281,17
3607,4282,27
3607,4283,493
3607,4284,29
3607,4285,28
3607,4286,13
3607,4287,15
3607,4288,117
3607,4289,10
3607,4290,4
3607,4291,9
3607,4292,29
3607,4293,14
3607,4294,20
3607,4295,19
3607,4296,14
3607,4297,19
3607,4298,22
3607,4299,10
3607,4300,5
3607,4301,120
3607,4302,1231
3607,4303,2503
3607,4304,1991
3607,4305,4285
3607,4306,2804
3607,4325,4
3607,4326,223
3607,4327,188
3607,4328,4
3607,4332,1
3607,4333,15
3607,4334,63
3607,4335,19
3607,4336,19
3607,4337,8
3607,4338,35
3607,4339,38
3607,4340,56
3607,4341,105
3607,4342,19
3607,4343,37
3607,4344,129
3607,4345,75
3607,4346,63
3607,4347,39
3607,4348,29
3607,4349,30
3607,4359,13
3607,4361,3
3607,4394,71
3607,4395,18
3607,4396,19
3607,4397,14
3607,4398,27
3607,4399,32
3607,4400,4
3607,4401,7
3607,4404,17
3607,4406,8
3607,4407,24
3607,4408,30
3607,4409,17
3607,4410,16
3607,4411,22
3607,4412,68
3607,4413,29
3607,4414,54
3607,4415,14
3607,4416,117
3607,4417,4
3607,4418,67
3607,4419,28
3607,4420,59
3607,4421,73
3607,4422,26
3607,4424,31
3607,4425,20
3607,4426,31
3607,4428,33
3607,4429,19
3607,4430,35
3607,4431,30
3607,4432,28
3607,4433,16
3607,4434,44
3607,4435,35
3607,4436,24
3607,4437,25
3607,4438,10
3607,4439,4
3607,4440,14
3607,4441,52
3607,4443,67
3607,4444,582
3607,4445,37
3607,4446,45
3607,4447,209
3607,4448,1369
3607,4449,327
3607,4450,12
3607,4451,26
3607,4452,48
3607,4453,14
3607,4454,155
3607,4455,45
3607,4456,34
3607,4457,179
3607,4458,8
3607,4459,27
3607,4460,192
3607,4461,145
3607,4462,639
3607,4463,463
3608,4205,3
3608,4208,9
3608,4209,7
3608,4214,4
3608,4216,5
3608,4217,105
3608,4218,120
3608,4219,12
3608,4220,4
3608,4221,9
3608,4223,16
3608,4224,3
3608,4225,26
3608,4226,11
3608,4227,22
3608,4228,29
3608,4229,6
3608,4230,17
3608,4231,65
3608,4232,91
3608,4234,7
3608,4235,13
3608,4236,489
3608,4237,169
3608,4238,5
3608,4239,20
3608,4240,23
3608,4241,10
3608,4242,12
3608,4243,5
3608,4244,20
3608,4245,18
3608,4246,13
3608,4247,12
3608,4248,14
3608,4249,11
3608,4250,6
3608,4254,8
3608,4255,5
3608,4256,6
3608,4257,8
3608,4258,8
3608,4259,13
3608,4260,9
3608,4261,13
3608,4262,17
3608,4263,1
3608,4265,7
3608,4266,48
3608,4267,25
3608,4268,49
3608,4269,13
3608,4270,8
3608,4271,14
3608,4272,18
3608,4273,3
3608,4274,9
3608,4275,7
3608,4276,38
3608,4277,15
3608,4278,25
3608,4279,12
3608,4280,34
3608,4281,23
3608,4282,9
3608,4283,30
3608,4284,42
3608,4285,47
3608,4286,22
3608,4287,31
3608,4288,125
3608,4289,37
3608,4290,24
3608,4291,3
3608,4292,13
3608,4293,16
3608,4294,56
3608,4295,238
3608,4296,20
3608,4297,33
3608,4298,14
3608,4299,44
3608,4300,43
3608,4301,60
3608,4302,1297
3608,4303,20
3608,4304,355
3608,4305,1530
3608,4306,2531
3608,4307,551
3608,4328,12
3608,4333,2
3608,4334,9
3608,4336,39
3608,4337,37
3608,4339,5
3608,4340,21
3608,4341,19
3608,4342,19
3608,4344,7
3608,4345,107
3608,4346,2
3608,4347,11
3608,4348,10
3608,4358,2
3608,4393,5
3608,4394,17
3608,4395,15
3608,4396,17
3608,4397,18
3608,4398,39
3608,4399,20
3608,4400,5
3608,4404,1
3608,4405,7
3608,4406,6
3608,4407,6
3608,4408,23
3608,4409,15
3608,4410,9
3608,4411,10
3608,4412,13
3608,4413,43
3608,4414,12
3608,4415,12
3608,4416,51
3608,4417,8
3608,4421,28
3608,4422,3
3608,4423,30
3608,4424,35
3608,4425,5
3608,4426,20
3608,4427,26
3608,4428,5
3608,4429,11
3608,4430,19
3608,4431,60
3608,4432,286
3608,4433,19
3608,4434,53
3608,4435,35
3608,4436,48
3608,4437,25
3608,4438,17
3608,4440,5
3608,4441,43
3608,4442,19
3608,4443,12
3608,4444,845
3608,4445,342
3608,4446,106
3608,4447,113
3608,4448,95
3608,4449,1
3608,4450,28
3608,4451,64
3608,4452,351
3608,4453,334
3608,4454,75
3608,4455,26
3608,4456,12
3608,4457,5
3608,4458,129
3608,4459,39
3608,4460,43
3608,4461,178
3608,4462,1134
3608,4463,2097
3608,4464,443
3609,4209,3
3609,4215,11
3609,4216,30
3609,4217,12
3609,4220,20
3609,4221,98
3609,4222,29
3609,4223,10
3609,4225,7
3609,4227,8
3609,4228,7
3609,4229,10
3609,4230,13
3609,4231,9
3609,4232,17
3609,4233,24
3609,4234,14
3609,4235,11
3609,4236,17
3609,4237,15
3609,4238,16
3609,4239,4
3609,4240,16
3609,4241,279
3609,4242,8
3609,4243,18
3609,4244,2
3609,4245,2
3609,4246,4
3609,4247,6
3609,4248,25
3609,4249,2
3609,4253,2
3609,4254,22
3609,4255,5
3609,4256,7
3609,4257,15
3609,4258,4
3609,4259,10
3609,4260,4
3609,4261,7
3609,4262,4
3609,4264,11
3609,4265,16
3609,4266,24
3609,4267,12
3609,4268,21
3609,4269,6
3609,4270,23
3609,4271,19
3609,4272,6
3609,4273,16
3609,4274,5
3609,4275,7
3609,4276,16
3609,4277,27
3609,4278,31
3609,4279,82
3609,4280,29
3609,4281,26
3609,4282,20
3609,4283,7
3609,4284,331
3609,4285,94
3609,4286,9
3609,4287,3
3609,4288,497
3609,4289,12
3609,4291,31
3609,4292,65
3609,4293,12
3609,4294,40
3609,4295,47
3609,4296,20
3609,4297,13
3609,4298,9
3609,4299,159
3609,4300,138
3609,4301,14
3609,4302,8
3609,4303,1
3609,4305,75
3609,4306,1146
3609,4332,1
3609,4333,4
3609,4334,43
3609,4335,17
3609,4336,18
3609,4337,127
3609,4338,10
3609,4341,4
3609,4342,66
3609,4343,20
3609,4344,12
3609,4345,59
3609,4346,15
3609,4347,18
3609,4360,3
3609,4393,35
3609,4394,42
3609,4395,94
3609,4396,167
3609,4397,54
3609,4398,146
3609,4399,50
3609,4400,10
3609,4404,9
3609,4405,25
3609,4407,26
3609,4408,32
3609,4409,9
3609,4413,5
3609,4416,7
3609,4417,1
3609,4420,3
3609,4421,12
3609,4422,5
3609,4423,15
3609,4424,116
3609,4425,194
3609,4426,20
3609,4427,13
3609,4428,34
3609,4429,22
3609,4430,5
3609,4431,6
3609,4432,381
3609,4433,31
3609,4434,21
3609,4435,43
3609,4436,90
3609,4437,80
3609,4438,2
3609,4439,5
3609,4440,25
3609,4441,10
3609,4442,82
3609,4443,83
3609,4444,151
3609,4445,182
3609,4446,46
3609,4447,24
3609,4448,7
3609,4449,91
3609,4450,28
3609,4451,73
3609,4452,438
3609,4453,954
3609,4454,156
3609,4455,480
3609,4456,30
3609,4457,17
3609,4458,21
3609,4459,32
3609,4460,81
3609,4461,1598
3609,4462,975
3609,4463,1599
3609,4464,1908
3609,4465,584
3609,4482,10
3609,4483,71
3609,4484,18
3609,4485,392
3609,4486,145
3610,4209,1
3610,4210,3
3610,4217,7
3610,4218,8
3610,4219,6
3610,4220,157
3610,4221,1025
3610,4222,7
3610,4223,19
3610,4226,5
3610,4227,3
3610,4229,7
3610,4231,16
3610,4232,19
3610,4233,14
3610,4234,3
3610,4235,6
3610,4236,7
3610,4238,23
3610,4239,7
3610,4240,5
3610,4241,34
3610,4242,22
3610,4243,18
3610,4244,8
3610,4245,70
3610,4246,11
3610,4247,7
3610,4248,5
3610,4249,14
3610,4252,1
3610,4253,4
3610,4254,8
3610,4255,5
3610,4256,2
3610,4257,9
3610,4258,23
3610,4259,9
3610,4260,1
3610,4261,2
3610,4264,7
3610,4265,5
3610,4266,6
3610,4267,7
3610,4268,14
3610,4269,5
3610,4270,14
3610,4271,7
3610,4272,11
3610,4273,7
3610,4274,12
3610,4275,6
3610,4276,11
3610,4277,19
3610,4278,45
3610,4279,21
3610,4280,5
3610,4281,23
3610,4282,43
3610,4283,31
3610,4284,150
3610,4285,589
3610,4286,33
3610,4287,7
3610,4288,12
3610,4289,30
3610,4290,6
3610,4291,6
3610,4292,38
3610,4293,25
3610,4294,27
3610,4295,16
3610,4296,16
3610,4297,17
3610,4298,26
3610,4299,558
3610,4300,70
3610,4301,5
3610,4302,57
3610,4303,6
3610,4304,6
3610,4305,2
3610,4306,318
3610,4335,14
3610,4336,20
3610,4337,18
3610,4338,3
3610,4341,16
3610,4342,8
3610,4343,14
3610,4344,7
3610,4345,31
3610,4360,32
3610,4393,45
3610,4394,18
3610,4395,57
3610,4396,28
3610,4397,28
3610,4398,5
3610,4399,9
3610,4400,12
3610,4401,38
3610,4402,4
3610,4403,15
3610,4404,9
3610,4405,96
3610,4406,56
3610,4407,18
3610,4408,28
3610,4410,1
3610,4411,18
3610,4412,21
3610,4413,70
3610,4414,1
3610,4415,7
3610,4419,3
3610,4420,2
3610,4421,12
3610,4422,58
3610,4423,18
3610,4424,55
3610,4425,701
3610,4426,32
3610,4427,17
3610,4428,7
3610,4429,31
3610,4430,1
3610,4432,25
3610,4433,65
3610,4434,3
3610,4435,19
3610,4436,11
3610,4437,452
3610,4438,981
3610,4439,26
3610,4440,51
3610,4441,66
3610,4442,3
3610,4443,22
3610,4444,11
3610,4445,39
3610,4446,52
3610,4447,33
3610,4448,43
3610,4450,24
3610,4451,29
3610,4452,6
3610,4453,19
3610,4454,42
3610,4455,8
3610,4456,34
3610,4457,12
3610,4458,21
3610,4459,66
3610,4460,15
3610,4461,7
3610,4462,21
3610,4463,777
3610,4464,1965
3610,4465,1970
3610,4466,745
3610,4467,6
3610,4483,51
3610,4484,21
3610,4485,428
3610,4486,884
3611,4209,10
3611,4210,6
3611,4212,3
3611,4213,21
3611,4214,23
3611,4215,39
3611,4219,14
3611,4220,43
3611,4221,10
3611,4222,68
3611,4223,5
3611,4225,16
3611,4226,20
3611,4227,8
3611,4228,1
3611,4229,8
3611,4230,7
3611,4231,17
3611,4232,3
3611,4234,4
3611,4235,1
3611,4237,8
3611,4238,6
3611,4239,2
3611,4240,4
3611,4241,12
3611,4242,3
3611,4243,15
3611,4244,402
3611,4245,817
3611,4246,30
3611,4247,16
3611,4248,11
3611,4253,16
3611,4254,314
3611,4255,11
3611,4256,18
3611,4257,8
3611,4258,3
3611,4259,2
3611,4260,2
3611,4261,3
3611,4262,3
3611,4263,8
3611,4264,12
3611,4265,2
3611,4266,37
3611,4267,5
3611,4268,12
3611,4269,24
3611,4270,19
3611,4271,89
3611,4272,12
3611,4273,7
3611,4274,8
3611,4275,24
3611,4276,4
3611,4277,386
3611,4278,162
3611,4279,17
3611,4280,25
3611,4281,29
3611,4282,25
3611,4283,3
3611,4284,116
3611,4285,63
3611,4286,118
3611,4287,3
3611,4288,23
3611,4289,37
3611,4290,11
3611,4291,19
3611,4292,3
3611,4293,251
3611,4294,22
3611,4295,4
3611,4296,11
3611,4297,15
3611,4298,144
3611,4299,166
3611,4300,7
3611,4301,4
3611,4302,3
3611,4303,42
3611,4304,64
3611,4305,279
3611,4306,12
3611,4307,22
3611,4336,4
3611,4337,18
3611,4338,2
3611,4340,3
3611,4342,11
3611,4359,5
3611,4360,25
3611,4392,20
3611,4393,33
3611,4394,3
3611,4395,67
3611,4396,27
3611,4397,8
3611,4398,14
3611,4399,32
3611,4400,32
3611,4401,18
3611,4402,38
3611,4403,24
3611,4404,5
3611,4405,52
3611,4406,20
3611,4407,3
3611,4408,7
3611,4409,2
3611,4410,32
3611,4411,35
3611,4412,16
3611,4413,6
3611,4414,2
3611,4415,48
3611,4416,12
3611,4419,4
3611,4420,10
3611,4421,317
3611,4422,21
3611,4423,23
3611,4424,48
3611,4425,38
3611,4426,21
3611,4427,22
3611,4428,12
3611,4429,9
3611,4430,2
3611,4431,12
3611,4432,50
3611,4433,30
3611,4434,31
3611,4435,43
3611,4436,50
3611,4437,658
3611,4438,1558
3611,4439,352
3611,4440,44
3611,4441,8
3611,4442,10
3611,4443,8
3611,4444,125
3611,4445,699
3611,4446,133
3611,4447,116
3611,4448,111
3611,4449,182
3611,4450,41
3611,4451,20
3611,4452,45
3611,4453,5
3611,4455,47
3611,4456,22
3611,4457,266
3611,4458,1065
3611,4459,482
3611,4460,26
3611,4461,2
3611,4462,56
3611,4463,76
3611,4464,2320
3611,4465,3855
3611,4466,1884
3611,4467,1779
3611,4468,493
3611,4482,2
3611,4483,154
3611,4484,64
3611,4485,55
3611,4486,136
3611,4487,1469
3611,4488,1081
3612,4211,8
3612,4212,7
3612,4213,16
3612,4214,27
3612,4215,44
3612,4216,8
3612,4219,7
3612,4221,7
3612,4223,11
3612,4224,496
3612,4225,1396
3612,4226,163
3612,4227,16
3612,4228,9
3612,4229,17
3612,4230,11
3612,4231,11
3612,4232,12
3612,4233,10
3612,4234,15
3612,4237,2
3612,4238,5
3612,4239,4
3612,4240,10
3612,4241,14
3612,4242,7
3612,4243,13
3612,4244,11
3612,4245,28
3612,4246,10
3612,4247,12
3612,4248,11
3612,4249,11
3612,4250,3
3612,4252,6
3612,4253,23
3612,4254,73
3612,4256,3
3612,4257,6
3612,4258,7
3612,4261,12
3612,4262,4
3612,4263,2
3612,4265,14
3612,4266,25
3612,4267,7
3612,4269,11
3612,4270,23
3612,4271,6
3612,4273,11
3612,4274,13
3612,4275,4
3612,4276,227
3612,4277,1257
3612,4278,301
3612,4279,8
3612,4280,20
3612,4281,15
3612,4282,13
3612,4283,10
3612,4284,27
3612,4286,16
3612,4287,9
3612,4288,8
3612,4289,35
3612,4290,27
3612,4291,82
3612,4292,16
3612,4293,532
3612,4294,27
3612,4295,18
3612,4296,37
3612,4298,8
3612,4299,17
3612,4300,70
3612,4301,32
3612,4302,9
3612,4303,2
3612,4304,256
3612,4305,368
3612,4306,135
3612,4307,294
3612,4308,102
3612,4360,8
3612,4392,5
3612,4393,31
3612,4394,166
3612,4395,69
3612,4396,33
3612,4397,229
3612,4398,533
3612,4399,220
3612,4400,21
3612,4401,13
3612,4402,98
3612,4403,35
3612,4404,3
3612,4405,18
3612,4406,2
3612,4407,14
3612,4408,9
3612,4409,46
3612,4410,31
3612,4411,5
3612,4412,14
3612,4413,6
3612,4414,4
3612,4415,7
3612,4416,41
3612,4417,38
3612,4418,8
3612,4419,10
3612,4420,266
3612,4421,500
3612,4422,18
3612,4423,23
3612,4424,15
3612,4425,7
3612,4426,1
3612,4427,8
3612,4428,96
3612,4429,28
3612,4430,13
3612,4432,846
3612,4433,200
3612,4434,184
3612,4435,4
3612,4436,7
3612,4437,186
3612,4438,394
3612,4439,14
3612,4440,36
3612,4441,58
3612,4443,17
3612,4444,370
3612,4445,1372
3612,4446,200
3612,4447,218
3612,4448,158
3612,4449,10
3612,4450,15
3612,4451,18
3612,4452,32
3612,4453,105
3612,4454,17
3612,4455,20
3612,4456,30
3612,4457,66
3612,4458,1860
3612,4459,1547
3612,4460,48
3612,4461,203
3612,4462,486
3612,4463,907
3612,4464,130
3612,4465,370
3612,4466,1932
3612,4467,3770
3612,4468,2692
3612,4469,208
3612,4483,1644
3612,4484,459
3612,4485,8
3612,4486,39
3612,4487,1435
3612,4488,2691
3612,4489,1290
3613,4203,6
3613,4204,1
3613,4209,6
3613,4210,11
3613,4211,10
3613,4212,31
3613,4213,19
3613,4214,23
3613,4215,506
3613,4216,44
3613,4217,25
3613,4218,19
3613,4219,5
3613,4220,2
3613,4222,4
3613,4223,4
3613,4224,445
3613,4225,2098
3613,4226,997
3613,4227,6
3613,4228,6
3613,4231,32
3613,4232,70
3613,4233,47
3613,4234,20
3613,4235,10
3613,4236,11
3613,4237,5
3613,4238,3
3613,4239,22
3613,4240,48
3613,4241,11
3613,4242,34
3613,4243,4
3613,4245,8
3613,4246,14
3613,4247,7
3613,4248,7
3613,4250,5
3613,4251,4
3613,4252,5
3613,4253,21
3613,4254,9
3613,4257,2
3613,4259,5
3613,4260,3
3613,4261,9
3613,4262,112
3613,4263,62
3613,4264,24
3613,4265,2
3613,4266,37
3613,4267,10
3613,4268,18
3613,4269,17
3613,4270,5
3613,4271,5
3613,4272,8
3613,4273,16
3613,4274,2
3613,4275,10
3613,4276,8
3613,4277,164
3613,4278,14
3613,4279,38
3613,4280,30
3613,4281,20
3613,4282,34
3613,4283,13
3613,4284,5
3613,4287,19
3613,4288,39
3613,4289,70
3613,4290,24
3613,4291,16
3613,4292,8
3613,4293,10
3613,4294,65
3613,4295,59
3613,4296,21
3613,4297,5
3613,4298,136
3613,4299,192
3613,4300,9
3613,4301,24
3613,4302,10
3613,4303,37
3613,4304,102
3613,4305,25
3613,4307,132
3613,4308,46
3613,4309,69
3613,4310,13
3613,4391,13
3613,4392,30
3613,4393,18
3613,4394,36
3613,4395,22
3613,4396,33
3613,4397,900
3613,4398,68
3613,4399,39
3613,4400,30
3613,4401,14
3613,4402,16
3613,4403,25
3613,4406,34
3613,4407,4
3613,4408,19
3613,4409,31
3613,4410,15
3613,4411,10
3613,4412,19
3613,4413,24
3613,4414,129
3613,4415,30
3613,4416,6
3613,4417,5
3613,4418,6
3613,4420,5
3613,4421,107
3613,4422,33
3613,4423,22
3613,4424,32
3613,4425,7
3613,4426,9
3613,4427,2
3613,4428,9
3613,4429,8
3613,4430,238
3613,4431,446
3613,4432,1555
3613,4433,650
3613,4434,6
3613,4435,10
3613,4436,4
3613,4437,4
3613,4438,21
3613,4439,8
3613,4442,6
3613,4445,35
3613,4446,9
3613,4448,80
3613,4449,75
3613,4450,77
3613,4451,24
3613,4452,207
3613,4453,453
3613,4454,7
3613,4455,5
3613,4456,22
3613,4457,14
3613,4458,23
3613,4459,17
3613,4460,25
3613,4461,32
3613,4462,17
3613,4463,194
3613,4464,205
3613,4465,23
3613,4466,1085
3613,4467,3201
3613,4468,2549
3613,4469,2025
3613,4470,261
3613,4471,7
3613,4483,1632
3613,4484,645
3613,4485,28
3613,4486,65
3613,4487,415
3613,4488,1573
3613,4489,1619
3614,4202,6
3614,4203,43
3614,4204,7
3614,4211,236
3614,4212,1195
3614,4213,237
3614,4214,18
3614,4215,30
3614,4216,21
3614,4217,16
3614,4218,767
3614,4219,23
3614,4220,50
3614,4221,33
3614,4222,26
3614,4223,468
3614,4224,2184
3614,4225,2785
3614,4226,225
3614,4227,30
3614,4228,8
3614,4229,5
3614,4230,12
3614,4231,18
3614,4232,658
3614,4233,57
3614,4234,29
3614,4235,18
3614,4236,15
3614,4237,7
3614,4238,2
3614,4239,13
3614,4240,10
3614,4241,14
3614,4242,3
3614,4245,8
3614,4246,5
3614,4247,3
3614,4248,8
3614,4249,14
3614,4250,8
3614,4251,2
3614,4253,1
3614,4255,2
3614,4258,5
3614,4259,9
3614,4260,17
3614,4261,14
3614,4262,506
3614,4263,647
3614,4264,8
3614,4265,1
3614,4266,5
3614,4267,14
3614,4268,5
3614,4269,2
3614,4270,10
3614,4271,5
3614,4272,11
3614,4273,18
3614,4274,22
3614,4275,23
3614,4276,13
3614,4277,2
3614,4278,13
3614,4279,6
3614,4280,19
3614,4281,22
3614,4282,11
3614,4283,20
3614,4284,15
3614,4285,8
3614,4286,14
3614,4287,25
3614,4288,13
3614,4289,49
3614,4290,13
3614,4291,10
3614,4292,27
3614,4293,32
3614,4294,5
3614,4295,203
3614,4296,30
3614,4297,60
3614,4298,1468
3614,4299,1104
3614,4300,86
3614,4301,273
3614,4302,631
3614,4303,84
3614,4304,318
3614,4389,8
3614,4390,43
3614,4391,7
3614,4392,17
3614,4393,51
3614,4394,234
3614,4395,19
3614,4396,23
3614,4397,25
3614,4398,61
3614,4399,4
3614,4400,41
3614,4401,14
3614,4402,24
3614,4403,8
3614,4404,15
3614,4405,2
3614,4406,52
3614,4407,8
3614,4408,66
3614,4409,8
3614,4410,1
3614,4411,15
3614,4412,18
3614,4413,9
3614,4414,12
3614,4415,25
3614,4416,8
3614,4418,10
3614,4420,5
3614,4421,47
3614,4422,67
3614,4423,31
3614,4424,14
3614,4425,11
3614,4426,26
3614,4427,18
3614,4428,18
3614,4429,25
3614,4430,23
3614,4431,163
3614,4432,42
3614,4433,26
3614,4434,21
3614,4435,18
3614,4436,117
3614,4437,5
3614,4438,185
3614,4439,74
3614,4440,88
3614,4441,31
3614,4442,7
3614,4443,5
3614,4444,17
3614,4445,80
3614,4446,2
3614,4447,17
3614,4448,19
3614,4449,32
3614,4450,44
3614,4451,2
3614,4452,31
3614,4453,202
3614,4454,28
3614,4455,619
3614,4456,80
3614,4457,19
3614,4458,120
3614,4459,83
3614,4460,21
3614,4463,17
3614,4464,46
3614,4465,56
3614,4466,43
3614,4467,329
3614,4468,4593
3614,4469,7803
3614,4470,1989
3614,4471,521
3614,4472,61
3614,4475,7
3614,4476,3
3614,4483,1696
3614,4484,2473
3614,4485,302
3614,4486,16
3614,4487,5
3614,4488,276
3614,4489,420
3615,4202,9
3615,4203,12
3615,4212,845
3615,4213,179
3615,4214,9
3615,4215,16
3615,4216,11
3615,4217,9
3615,4218,26
3615,4219,23
3615,4220,5
3615,4221,25
3615,4222,15
3615,4223,429
3615,4224,789
3615,4225,1346
3615,4226,291
3615,4227,15
3615,4228,3
3615,4229,2
3615,4230,9
3615,4231,12
3615,4232,9
3615,4233,20
3615,4234,18
3615,4235,7
3615,4236,15
3615,4237,14
3615,4238,20
3615,4239,14
3615,4240,6
3615,4241,25
3615,4242,5
3615,4243,2
3615,4244,4
3615,4245,12
3615,4246,15
3615,4247,7
3615,4248,12
3615,4249,10
3615,4253,11
3615,4254,8
3615,4255,12
3615,4256,3
3615,4257,3
3615,4258,10
3615,4259,6
3615,4260,6
3615,4261,12
3615,4262,21
3615,4263,9
3615,4264,9
3615,4267,11
3615,4268,10
3615,4269,6
3615,4272,5
3615,4273,11
3615,4274,17
3615,4275,8
3615,4276,22
3615,4277,16
3615,4278,13
3615,4279,13
3615,4280,9
3615,4281,18
3615,4282,53
3615,4283,13
3615,4284,10
3615,4285,20
3615,4286,16
3615,4287,12
3615,4288,25
3615,4289,55
3615,4290,7
3615,4291,48
3615,4292,31
3615,4293,9
3615,4294,32
3615,4295,250
3615,4296,95
3615,4297,255
3615,4298,1761
3615,4299,888
3615,4300,19
3615,4301,21
3615,4302,231
3615,4303,14
3615,4304,91
3615,4388,25
3615,4389,47
3615,4390,43
3615,4391,5
3615,4392,47
3615,4393,53
3615,4394,40
3615,4395,43
3615,4396,42
3615,4397,6
3615,4398,48
3615,4399,19
3615,4400,4
3615,4401,4
3615,4402,46
3615,4403,53
3615,4404,88
3615,4405,9
3615,4406,14
3615,4407,11
3615,4408,4
3615,4409,3
3615,4410,1
3615,4411,28
3615,4412,28
3615,4413,21
3615,4414,21
3615,4415,33
3615,4416,9
3615,4417,14
3615,4419,6
3615,4420,15
3615,4421,29
3615,4422,6
3615,4423,19
3615,4424,27
3615,4425,17
3615,4426,67
3615,4427,20
3615,4428,7
3615,4429,15
3615,4430,12
3615,4431,34
3615,4432,10
3615,4433,20
3615,4434,11
3615,4436,310
3615,4437,69
3615,4438,623
3615,4439,284
3615,4440,1
3615,4441,35
3615,4442,14
3615,4443,11
3615,4444,17
3615,4445,35
3615,4446,14
3615,4447,44
3615,4448,774
3615,4449,91
3615,4450,902
3615,4451,1660
3615,4452,2787
3615,4453,979
3615,4454,11
3615,4455,1827
3615,4456,232
3615,4457,11
3615,4458,276
3615,4459,370
3615,4460,15
3615,4461,9
3615,4462,138
3615,4463,207
3615,4464,89
3615,4465,112
3615,4466,683
3615,4467,63
3615,4468,238
3615,4469,2766
3615,4470,3695
3615,4471,4070
3615,4472,3104
3615,4473,4499
3615,4474,2723
3615,4475,1647
3615,4476,2036
3615,4477,2966
3615,4478,214
3615,4482,3446
3615,4483,5496
3615,4484,2809
3615,4485,2141
3615,4486,1226
3616,4203,1
3616,4212,208
3616,4213,16
3616,4214,12
3616,4215,3
3616,4216,7
3616,4217,40
3616,4218,12
3616,4219,10
3616,4220,16
3616,4221,5
3616,4222,4
3616,4223,35
3616,4224,12
3616,4225,17
3616,4226,4
3616,4227,10
3616,4228,9
3616,4229,3
3616,4231,10
3616,4234,14
3616,4235,38
3616,4236,70
3616,4237,118
3616,4238,162
3616,4239,5
3616,4240,14
3616,4241,11
3616,4243,16
3616,4244,19
3616,4245,51
3616,4246,591
3616,4247,66
3616,4248,4
3616,4249,8
3616,4250,5
3616,4252,1
3616,4253,7
3616,4254,77
3616,4255,7
3616,4256,4
3616,4258,41
3616,4259,2
3616,4260,3
3616,4262,1
3616,4263,8
3616,4265,2
3616,4270,3
3616,4271,4
3616,4272,4
3616,4273,2
3616,4274,5
3616,4275,3
3616,4276,2
3616,4277,10
3616,4278,26
3616,4279,9
3616,4280,13
3616,4281,23
3616,4282,418
3616,4283,386
3616,4284,23
3616,4285,33
3616,4286,9
3616,4287,15
3616,4288,8
3616,4289,236
3616,4290,19
3616,4291,13
3616,4292,44
3616,4293,22
3616,4294,19
3616,4295,28
3616,4297,5
3616,4298,205
3616,4299,178
3616,4300,78
3616,4301,10
3616,4302,28
3616,4303,51
3616,4304,64
3616,4386,9
3616,4387,25
3616,4388,15
3616,4389,4
3616,4390,96
3616,4391,26
3616,4392,340
3616,4393,197
3616,4394,674
3616,4395,36
3616,4396,34
3616,4397,6
3616,4398,60
3616,4399,23
3616,4400,41
3616,4401,589
3616,4402,310
3616,4403,3
3616,4404,5
3616,4405,4
3616,4406,10
3616,4408,8
3616,4409,79
3616,4410,41
3616,4411,17
3616,4412,15
3616,4413,16
3616,4414,40
3616,4415,483
3616,4416,22
3616,4419,27
3616,4420,5
3616,4421,5
3616,4422,23
3616,4423,21
3616,4424,20
3616,4425,9
3616,4426,50
3616,4427,23
3616,4428,18
3616,4429,46
3616,4430,62
3616,4431,33
3616,4432,52
3616,4433,18
3616,4434,6
3616,4435,16
3616,4436,48
3616,4437,23
3616,4438,171
3616,4439,391
3616,4440,6
3616,4441,3
3616,4443,38
3616,4444,195
3616,4445,98
3616,4446,55
3616,4447,1635
3616,4448,1408
3616,4449,848
3616,4450,3351
3616,4451,5621
3616,4452,3350
3616,4453,3798
3616,4454,328
3616,4455,199
3616,4456,18
3616,4459,42
3616,4460,30
3616,4461,64
3616,4462,14
3616,4463,386
3616,4464,1273
3616,4465,206
3616,4466,41
3616,4467,14
3616,4468,8
3616,4469,152
3616,4470,320
3616,4471,1518
3616,4472,2392
3616,4473,1987
3616,4474,1200
3616,4475,5826
3616,4476,3820
3616,4477,4090
3616,4478,1535
3616,4482,529
3616,4483,2507
3616,4484,955
3616,4485,2228
3616,4486,1680
3617,4203,7
3617,4204,9
3617,4212,8
3617,4213,210
3617,4214,9
3617,4215,14
3617,4216,15
3617,4217,61
3617,4218,26
3617,4219,10
3617,4220,8
3617,4221,3
3617,4222,23
3617,4223,11
3617,4224,31
3617,4225,14
3617,4226,12
3617,4227,10
3617,4228,15
3617,4229,19
3617,4230,6
3617,4231,36
3617,4232,19
3617,4233,14
3617,4234,5
3617,4235,1
3617,4236,5
3617,4237,147
3617,4238,274
3617,4239,11
3617,4240,27
3617,4241,3
3617,4242,3
3617,4243,4
3617,4244,15
3617,4245,26
3617,4246,44
3617,4247,4
3617,4248,4
3617,4251,2
3617,4253,5
3617,4254,11
3617,4255,6
3617,4256,8
3617,4257,7
3617,4258,3
3617,4259,12
3617,4260,1
3617,4261,2
3617,4262,2
3617,4263,4
3617,4269,1
3617,4270,9
3617,4271,5
3617,4272,1
3617,4273,4
3617,4274,31
3617,4275,7
3617,4276,7
3617,4277,16
3617,4278,29
3617,4279,72
3617,4280,9
3617,4281,25
3617,4282,135
3617,4283,587
3617,4284,15
3617,4285,27
3617,4286,13
3617,4287,12
3617,4288,24
3617,4289,458
3617,4290,52
3617,4291,4
3617,4292,16
3617,4293,51
3617,4294,17
3617,4295,20
3617,4296,6
3617,4297,155
3617,4298,44
3617,4299,286
3617,4300,1698
3617,4301,18
3617,4303,14
3617,4304,19
3617,4381,2
3617,4382,12
3617,4383,6
3617,4384,8
3617,4385,5
3617,4386,4
3617,4389,7
3617,4390,19
3617,4391,284
3617,4392,144
3617,4393,23
3617,4394,79
3617,4395,65
3617,4396,11
3617,4397,146
3617,4398,19
3617,4399,12
3617,4400,14
3617,4401,679
3617,4402,401
3617,4405,9
3617,4406,4
3617,4407,2
3617,4408,101
3617,4409,812
3617,4410,143
3617,4411,76
3617,4412,11
3617,4413,13
3617,4414,28
3617,4415,1175
3617,4416,131
3617,4417,17
3617,4418,5
3617,4419,23
3617,4420,3
3617,4421,63
3617,4422,34
3617,4423,38
3617,4424,200
3617,4425,12
3617,4426,222
3617,4427,63
3617,4428,32
3617,4429,27
3617,4430,27
3617,4431,30
3617,4432,12
3617,4434,135
3617,4435,826
3617,4436,103
3617,4437,7
3617,4438,57
3617,4439,244
3617,4440,9
3617,4441,19
3617,4443,361
3617,4444,1341
3617,4445,29
3617,4446,45
3617,4447,315
3617,4448,109
3617,4449,575
3617,4450,2273
3617,4451,3998
3617,4452,2736
3617,4453,2205
3617,4454,923
3617,4455,138
3617,4456,18
3617,4457,39
3617,4458,35
3617,4459,2199
3617,4460,90
3617,4461,294
3617,4463,2306
3617,4464,2743
3617,4465,4372
3617,4466,3568
3617,4467,1245
3617,4469,509
3617,4470,114
3617,4471,1
3617,4472,141
3617,4473,97
3617,4474,40
3617,4475,885
3617,4476,3663
3617,4477,4031
3617,4478,2534
3617,4480,1
3617,4481,101
3617,4483,8922
3617,4484,4028
3617,4485,6045
3617,4486,4099
3617,4487,5730
3617,4488,89
3618,4203,2
3618,4204,2
3618,4211,5
3618,4212,40
3618,4213,171
3618,4214,12
3618,4215,12
3618,4217,10
3618,4219,7
3618,4220,5
3618,4221,41
3618,4222,119
3618,4223,15
3618,4224,193
3618,4225,29
3618,4226,16
3618,4227,33
3618,4228,4
3618,4229,4
3618,4230,125
3618,4231,427
3618,4232,25
3618,4233,22
3618,4234,14
3618,4235,21
3618,4236,12
3618,4237,15
3618,4238,11
3618,4239,18
3618,4240,35
3618,4241,15
3618,4242,6
3618,4243,6
3618,4244,3
3618,4245,10
3618,4246,12
3618,4247,17
3618,4248,12
3618,4249,5
3618,4252,4
3618,4254,10
3618,4255,8
3618,4256,6
3618,4258,6
3618,4259,6
3618,4260,3
3618,4261,1
3618,4262,2
3618,4263,9
3618,4264,4
3618,4269,3
3618,4270,29
3618,4271,9
3618,4272,8
3618,4273,6
3618,4274,25
3618,4275,13
3618,4276,29
3618,4277,11
3618,4278,13
3618,4279,4
3618,4280,3
3618,4281,8
3618,4282,2
3618,4283,16
3618,4284,13
3618,4285,558
3618,4286,128
3618,4287,29
3618,4288,21
3618,4289,95
3618,4290,111
3618,4291,280
3618,4292,152
3618,4293,498
3618,4294,606
3618,4295,8
3618,4296,40
3618,4297,227
3618,4298,9
3618,4299,220
3618,4300,570
3618,4301,195
3618,4309,5
3618,4310,2
3618,4381,7
3618,4384,6
3618,4386,4
3618,4390,180
3618,4391,466
3618,4392,375
3618,4393,8
3618,4394,28
3618,4395,23
3618,4396,13
3618,4397,52
3618,4398,68
3618,4399,25
3618,4400,237
3618,4401,112
3618,4402,40
3618,4403,9
3618,4404,62
3618,4405,37
3618,4406,148
3618,4408,157
3618,4409,1619
3618,4410,1083
3618,4412,22
3618,4413,8
3618,4414,33
3618,4415,49
3618,4416,22
3618,4417,158
3618,4418,598
3618,4419,250
3618,4420,51
3618,4421,46
3618,4422,19
3618,4423,135
3618,4424,178
3618,4425,17
3618,4426,76
3618,4427,49
3618,4428,25
3618,4429,205
3618,4430,95
3618,4431,114
3618,4432,15
3618,4434,14
3618,4435,297
3618,4436,15
3618,4437,16
3618,4438,3
3618,4439,63
3618,4441,93
3618,4442,44
3618,4443,65
3618,4444,55
3618,4445,6
3618,4446,90
3618,4447,45
3618,4448,15
3618,4449,19
3618,4450,34
3618,4451,173
3618,4452,2246
3618,4453,2901
3618,4454,1449
3618,4455,2944
3618,4456,158
3618,4458,1552
3618,4459,2895
3618,4460,2555
3618,4461,716
3618,4462,1048
3618,4463,1184
3618,4464,6167
3618,4465,3049
3618,4466,3491
3618,4467,916
3618,4468,2190
3618,4469,3518
3618,4470,1171
3618,4471,847
3618,4472,2656
3618,4473,465
3618,4474,206
3618,4475,1256
3618,4476,3765
3618,4477,3820
3618,4478,4262
3618,4479,1037
3618,4480,7590
3618,4481,7437
3618,4482,8
3618,4483,431
3618,4484,4032
3618,4485,7575
3618,4486,5517
3618,4487,1505
3618,4493,2
3619,4211,3
3619,4212,21
3619,4213,8
3619,4214,29
3619,4215,13
3619,4216,17
3619,4217,11
3619,4220,13
3619,4222,1
3619,4223,17
3619,4224,20
3619,4225,5
3619,4226,5
3619,4227,81
3619,4228,13
3619,4229,20
3619,4230,13
3619,4231,254
3619,4234,12
3619,4235,9
3619,4236,5
3619,4237,15
3619,4238,17
3619,4239,18
3619,4240,3
3619,4241,14
3619,4245,17
3619,4246,2
3619,4247,9
3619,4248,19
3619,4249,7
3619,4250,12
3619,4251,6
3619,4252,9
3619,4253,11
3619,4254,10
3619,4255,3
3619,4256,8
3619,4257,13
3619,4258,28
3619,4259,22
3619,4260,11
3619,4261,13
3619,4262,5
3619,4263,22
3619,4264,26
3619,4265,2
3619,4266,9
3619,4267,8
3619,4271,6
3619,4272,5
3619,4273,6
3619,4274,10
3619,4275,4
3619,4277,39
3619,4278,30
3619,4279,1
3619,4280,12
3619,4281,5
3619,4282,2
3619,4283,15
3619,4284,14
3619,4285,92
3619,4286,26
3619,4287,38
3619,4288,17
3619,4289,21
3619,4290,11
3619,4291,2356
3619,4292,1276
3619,4293,732
3619,4294,17
3619,4295,1
3619,4296,1
3619,4297,42
3619,4298,19
3619,4299,26
3619,4300,89
3619,4301,84
3619,4304,1
3619,4306,47
3619,4307,3
3619,4308,1
3619,4309,2
3619,4388,60
3619,4389,885
3619,4390,536
3619,4391,56
3619,4392,9
3619,4393,55
3619,4394,51
3619,4395,32
3619,4396,14
3619,4397,9
3619,4398,39
3619,4399,5
3619,4400,6
3619,4401,6
3619,4402,104
3619,4403,2
3619,4404,41
3619,4405,20
3619,4406,15
3619,4408,24
3619,4409,89
3619,4410,339
3619,4411,69
3619,4412,30
3619,4413,43
3619,4414,257
3619,4415,25
3619,4416,29
3619,4417,40
3619,4418,67
3619,4419,82
3619,4420,10
3619,4421,32
3619,4422,612
3619,4423,490
3619,4424,16
3619,4425,26
3619,4426,8
3619,4427,56
3619,4428,21
3619,4429,341
3619,4430,1303
3619,4431,315
3619,4432,387
3619,4433,6
3619,4435,3
3619,4436,14
3619,4437,2
3619,4438,13
3619,4439,58
3619,4440,13
3619,4441,29
3619,4442,355
3619,4443,8
3619,4444,21
3619,4445,74
3619,4446,50
3619,4447,12
3619,4448,29
3619,4450,10
3619,4452,952
3619,4453,1832
3619,4454,231
3619,4455,1425
3619,4456,841
3619,4457,123
3619,4458,1973
3619,4459,611
3619,4460,2
3619,4461,10
3619,4462,6
3619,4463,22
3619,4464,14
3619,4465,1052
3619,4466,2039
3619,4467,701
3619,4468,3893
3619,4469,3265
3619,4470,398
3619,4471,1653
3619,4472,4619
3619,4473,824
3619,4474,1300
3619,4475,1074
3619,4476,4720
3619,4477,6447
3619,4478,8171
3619,4479,7085
3619,4480,7622
3619,4481,8081
3619,4482,4393
3619,4483,54
3619,4484,11396
3619,4485,14629
3619,4486,4843
3619,4487,402
3620,4208,4
3620,4209,2
3620,4212,2
3620,4214,12
3620,4215,12
3620,4216,7
3620,4217,14
3620,4218,11
3620,4220,10
3620,4221,2
3620,4222,8
3620,4223,9
3620,4224,17
3620,4225,7
3620,4226,17
3620,4227,33
3620,4228,2
3620,4229,11
3620,4230,11
3620,4231,40
3620,4232,2
3620,4233,3
3620,4235,3
3620,4236,10
3620,4237,5
3620,4238,11
3620,4239,17
3620,4240,11
3620,4241,8
3620,4242,2
3620,4245,4
3620,4246,4
3620,4247,9
3620,4248,26
3620,4249,4
3620,4250,28
3620,4251,11
3620,4252,71
3620,4253,7
3620,4254,15
3620,4255,5
3620,4256,7
3620,4257,15
3620,4258,13
3620,4259,15
3620,4260,5
3620,4261,4
3620,4262,13
3620,4263,8
3620,4264,97
3620,4265,20
3620,4266,48
3620,4267,2
3620,4268,3
3620,4271,2
3620,4272,2
3620,4273,14
3620,4274,250
3620,4275,4
3620,4276,7
3620,4277,12
3620,4278,50
3620,4279,27
3620,4280,16
3620,4281,8
3620,4282,5
3620,4283,60
3620,4284,28
3620,4285,29
3620,4286,14
3620,4287,298
3620,4288,16
3620,4289,32
3620,4290,269
3620,4291,461
3620,4292,1640
3620,4293,1016
3620,4294,31
3620,4295,34
3620,4296,40
3620,4298,2
3620,4299,23
3620,4300,35
3620,4301,1
3620,4304,2
3620,4305,7
3620,4306,68
3620,4307,8
3620,4308,16
3620,4309,20
3620,4311,21
3620,4312,10
3620,4386,8
3620,4387,720
3620,4388,1077
3620,4389,2931
3620,4390,2103
3620,4391,295
3620,4392,112
3620,4393,47
3620,4394,99
3620,4395,60
3620,4396,9
3620,4398,41
3620,4399,10
3620,4400,16
3620,4401,1
3620,4402,33
3620,4403,182
3620,4404,29
3620,4405,22
3620,4406,22
3620,4407,36
3620,4408,103
3620,4409,21
3620,4410,6
3620,4411,6
3620,4412,11
3620,4413,38
3620,4414,15
3620,4415,22
3620,4417,3
3620,4418,7
3620,4419,1
3620,4420,8
3620,4421,16
3620,4422,729
3620,4423,136
3620,4424,123
3620,4425,74
3620,4426,19
3620,4427,37
3620,4428,33
3620,4429,24
3620,4430,85
3620,4431,11
3620,4432,117
3620,4433,14
3620,4435,5
3620,4436,28
3620,4437,1
3620,4438,64
3620,4439,73
3620,4440,4
3620,4441,3
3620,4442,248
3620,4443,28
3620,4444,3
3620,4445,86
3620,4446,92
3620,4447,11
3620,4452,329
3620,4453,9
3620,4454,39
3620,4455,17
3620,4456,26
3620,4457,70
3620,4458,24
3620,4460,45
3620,4461,46
3620,4462,27
3620,4463,22
3620,4464,53
3620,4465,20
3620,4466,4
3620,4467,1812
3620,4468,2603
3620,4469,3561
3620,4470,2604
3620,4471,3781
3620,4472,4378
3620,4473,1632
3620,4474,6420
3620,4475,5415
3620,4476,3722
3620,4477,5267
3620,4478,9033
3620,4479,15622
3620,4480,4600
3620,4481,13627
3620,4482,4443
3620,4483,9466
3620,4484,18546
3620,4485,20689
3620,4486,10581
3621,4206,2
3621,4211,8
3621,4212,4
3621,4213,19
3621,4214,9
3621,4215,3
3621,4216,3
3621,4217,4
3621,4218,51
3621,4219,4
3621,4221,14
3621,4223,13
3621,4224,3
3621,4225,9
3621,4226,19
3621,4229,17
3621,4230,17
3621,4231,9
3621,4232,10
3621,4233,11
3621,4234,10
3621,4235,5
3621,4236,13
3621,4237,12
3621,4238,12
3621,4239,9
3621,4240,14
3621,4241,3
3621,4242,2
3621,4243,7
3621,4244,11
3621,4245,8
3621,4246,13
3621,4247,52
3621,4248,131
3621,4249,20
3621,4250,2
3621,4251,7
3621,4252,126
3621,4253,15
3621,4254,11
3621,4255,19
3621,4256,32
3621,4257,694
3621,4258,320
3621,4259,4
3621,4260,11
3621,4261,6
3621,4262,3
3621,4263,6
3621,4264,5
3621,4265,3
3621,4267,10
3621,4268,6
3621,4272,2
3621,4273,83
3621,4274,81
3621,4275,28
3621,4276,5
3621,4277,68
3621,4278,23
3621,4279,10
3621,4280,17
3621,4281,38
3621,4282,471
3621,4283,51
3621,4284,6
3621,4286,13
3621,4287,115
3621,4288,126
3621,4289,326
3621,4290,1754
3621,4291,2019
3621,4292,1838
3621,4293,410
3621,4297,4
3621,4304,2
3621,4305,13
3621,4306,26
3621,4307,331
3621,4308,93
3621,4309,19
3621,4310,16
3621,4311,23
3621,4312,41
3621,4313,27
3621,4314,6
3621,4315,2
3621,4317,2
3621,4318,9
3621,4319,32
3621,4320,15
3621,4321,95
3621,4322,59
3621,4385,114
3621,4386,890
3621,4387,1004
3621,4388,705
3621,4389,908
3621,4390,85
3621,4391,26
3621,4392,147
3621,4393,555
3621,4394,18
3621,4395,22
3621,4396,10
3621,4397,3
3621,4399,56
3621,4400,120
3621,4401,5
3621,4402,1
3621,4403,26
3621,4404,8
3621,4405,21
3621,4406,35
3621,4407,53
3621,4408,63
3621,4409,38
3621,4410,20
3621,4411,14
3621,4412,19
3621,4413,30
3621,4414,16
3621,4415,19
3621,4416,4
3621,4420,3
3621,4421,16
3621,4422,46
3621,4423,20
3621,4424,212
3621,4425,23
3621,4426,26
3621,4427,10
3621,4428,72
3621,4429,74
3621,4430,27
3621,4431,40
3621,4432,3
3621,4433,21
3621,4434,5
3621,4436,55
3621,4437,728
3621,4438,85
3621,4439,31
3621,4440,73
3621,4441,135
3621,4442,20
3621,4443,129
3621,4446,5
3621,4451,690
3621,4452,391
3621,4453,9
3621,4454,33
3621,4455,5
3621,4456,31
3621,4457,17
3621,4458,77
3621,4459,61
3621,4460,15
3621,4461,343
3621,4462,349
3621,4463,461
3621,4464,17
3621,4465,8
3621,4466,38
3621,4467,88
3621,4468,3052
3621,4469,3627
3621,4470,2672
3621,4471,1221
3621,4472,2330
3621,4473,470
3621,4474,2407
3621,4475,7038
3621,4476,3873
3621,4477,5406
3621,4478,8498
3621,4479,4470
3621,4480,12147
3621,4481,23683
3621,4482,5031
3621,4483,4425
3621,4484,10616
3621,4485,1570
3621,4486,775
3622,4211,5
3622,4212,5
3622,4213,12
3622,4215,14
3622,4216,6
3622,4217,11
3622,4218,32
3622,4219,9
3622,4220,10
3622,4221,11
3622,4222,14
3622,4223,8
3622,4224,4
3622,4225,4
3622,4226,14
3622,4227,2
3622,4228,8
3622,4229,9
3622,4230,13
3622,4231,18
3622,4232,4
3622,4233,2
3622,4234,4
3622,4235,40
3622,4236,44
3622,4237,11
3622,4238,4
3622,4239,3
3622,4240,10
3622,4241,23
3622,4242,602
3622,4243,163
3622,4244,22
3622,4245,15
3622,4246,9
3622,4247,76
3622,4248,428
3622,4249,20
3622,4250,14
3622,4251,8
3622,4252,5
3622,4253,3
3622,4254,6
3622,4255,9
3622,4256,28
3622,4257,47
3622,4258,11
3622,4259,6
3622,4260,10
3622,4261,4
3622,4262,1
3622,4265,6
3622,4266,7
3622,4267,7
3622,4268,5
3622,4269,5
3622,4270,5
3622,4271,333
3622,4272,264
3622,4273,4
3622,4274,8
3622,4275,74
3622,4276,50
3622,4277,430
3622,4278,45
3622,4279,28
3622,4280,20
3622,4281,267
3622,4282,853
3622,4283,20
3622,4284,53
3622,4285,317
3622,4286,375
3622,4287,140
3622,4288,5
3622,4290,379
3622,4291,3794
3622,4292,2777
3622,4293,286
3622,4294,59
3622,4295,844
3622,4296,714
3622,4297,211
3622,4298,1
3622,4301,11
3622,4302,53
3622,4303,7
3622,4304,21
3622,4305,30
3622,4306,35
3622,4307,347
3622,4308,127
3622,4309,59
3622,4310,5
3622,4311,32
3622,4312,17
3622,4313,21
3622,4314,439
3622,4315,93
3622,4316,6
3622,4317,14
3622,4318,84
3622,4319,520
3622,4320,1010
3622,4321,1129
3622,4322,153
3622,4384,2
3622,4385,474
3622,4386,874
3622,4387,705
3622,4388,22
3622,4389,22
3622,4390,43
3622,4391,31
3622,4392,34
3622,4393,19
3622,4394,14
3622,4395,15
3622,4399,3
3622,4400,159
3622,4401,48
3622,4402,14
3622,4403,12
3622,4404,28
3622,4405,59
3622,4406,14
3622,4407,51
3622,4408,52
3622,4409,134
3622,4410,11
3622,4411,24
3622,4412,27
3622,4413,66
3622,4414,35
3622,4415,12
3622,4416,25
3622,4417,3
3622,4418,9
3622,4419,6
3622,4420,12
3622,4421,26
3622,4422,55
3622,4423,74
3622,4424,45
3622,4425,34
3622,4426,36
3622,4427,262
3622,4428,191
3622,4429,530
3622,4430,14
3622,4431,36
3622,4432,8
3622,4433,46
3622,4436,293
3622,4437,845
3622,4438,30
3622,4439,20
3622,4440,4
3622,4441,74
3622,4442,31
3622,4443,42
3622,4444,38
3622,4446,2
3622,4453,12
3622,4455,70
3622,4456,140
3622,4457,108
3622,4458,5
3622,4459,2
3622,4460,34
3622,4461,186
3622,4462,305
3622,4463,107
3622,4464,24
3622,4465,265
3622,4466,16
3622,4467,96
3622,4468,1
3622,4469,100
3622,4470,250
3622,4471,198
3622,4472,2070
3622,4473,2135
3622,4474,2420
3622,4475,4422
3622,4476,2910
3622,4477,11488
3622,4478,11848
3622,4479,13155
3622,4480,16822
3622,4481,15006
3622,4482,10825
3622,4483,8555
3622,4484,4271
3622,4485,1054
3623,4208,9
3623,4212,7
3623,4213,39
3623,4214,15
3623,4216,18
3623,4217,23
3623,4218,1
3623,4219,19
3623,4220,2
3623,4221,8
3623,4222,8
3623,4223,10
3623,4224,4
3623,4225,20
3623,4226,10
3623,4227,31
3623,4228,29
3623,4229,6
3623,4230,16
3623,4231,4
3623,4232,15
3623,4233,17
3623,4234,14
3623,4235,14
3623,4236,9
3623,4237,7
3623,4238,11
3623,4239,6
3623,4240,14
3623,4241,53
3623,4242,469
3623,4243,34
3623,4244,33
3623,4245,9
3623,4246,9
3623,4247,28
3623,4248,2
3623,4249,5
3623,4250,8
3623,4251,4
3623,4252,16
3623,4253,13
3623,4255,22
3623,4256,5
3623,4257,15
3623,4258,9
3623,4259,3
3623,4260,8
3623,4262,2
3623,4263,11
3623,4264,371
3623,4265,1119
3623,4266,23
3623,4267,9
3623,4268,10
3623,4269,3
3623,4270,35
3623,4271,150
3623,4272,12
3623,4273,9
3623,4274,4
3623,4275,7
3623,4276,9
3623,4277,141
3623,4278,46
3623,4279,13
3623,4280,17
3623,4281,68
3623,4282,21
3623,4283,13
3623,4284,25
3623,4285,169
3623,4286,722
3623,4287,800
3623,4288,68
3623,4289,793
3623,4290,2347
3623,4291,6814
3623,4292,2345
3623,4293,1317
3623,4294,856
3623,4295,1152
3623,4296,1537
3623,4297,327
3623,4298,17
3623,4299,10
3623,4300,27
3623,4301,65
3623,4302,57
3623,4303,29
3623,4304,26
3623,4305,29
3623,4306,18
3623,4307,26
3623,4308,49
3623,4309,67
3623,4310,35
3623,4311,69
3623,4312,62
3623,4313,176
3623,4314,35
3623,4315,33
3623,4316,18
3623,4317,83
3623,4318,22
3623,4319,58
3623,4320,28
3623,4321,863
3623,4322,16
3623,4384,95
3623,4385,245
3623,4386,22
3623,4387,14
3623,4388,43
3623,4389,17
3623,4390,27
3623,4391,10
3623,4392,33
3623,4393,17
3623,4399,1
3623,4400,64
3623,4401,39
3623,4402,77
3623,4403,142
3623,4404,17
3623,4405,12
3623,4406,83
3623,4407,267
3623,4408,135
3623,4409,40
3623,4410,5
3623,4411,11
3623,4412,44
3623,4413,20
3623,4414,58
3623,4415,38
3623,4416,408
3623,4417,218
3623,4418,40
3623,4419,16
3623,4420,57
3623,4421,26
3623,4422,61
3623,4423,480
3623,4424,19
3623,4425,819
3623,4426,536
3623,4427,2550
3623,4428,1914
3623,4429,2524
3623,4430,242
3623,4431,834
3623,4432,495
3623,4433,13
3623,4436,9
3623,4437,304
3623,4438,61
3623,4439,247
3623,4440,1685
3623,4441,1
3623,4442,48
3623,4443,295
3623,4444,80
3623,4453,11
3623,4454,59
3623,4455,403
3623,4456,1319
3623,4457,86
3623,4458,9
3623,4459,66
3623,4460,15
3623,4461,1
3623,4462,39
3623,4463,27
3623,4464,12
3623,4465,2
3623,4466,1
3623,4467,7
3623,4471,1
3623,4472,362
3623,4474,1617
3623,4475,3422
3623,4476,3639
3623,4477,7730
3623,4478,7738
3623,4479,7540
3623,4480,21399
3623,4481,20083
3623,4482,13036
3623,4483,9948
3623,4484,1450
3623,4485,1570
3624,4212,8
3624,4213,21
3624,4214,201
3624,4215,5
3624,4216,185
3624,4217,148
3624,4218,7
3624,4219,8
3624,4220,16
3624,4221,4
3624,4223,8
3624,4224,7
3624,4226,8
3624,4227,24
3624,4228,21
3624,4229,13
3624,4230,22
3624,4231,19
3624,4232,213
3624,4233,988
3624,4234,18
3624,4235,10
3624,4236,17
3624,4237,9
3624,4238,9
3624,4239,8
3624,4240,1
3624,4241,17
3624,4242,7
3624,4243,18
3624,4244,18
3624,4245,12
3624,4246,8
3624,4247,20
3624,4248,11
3624,4249,21
3624,4250,14
3624,4251,6
3624,4252,20
3624,4256,20
3624,4257,4
3624,4258,9
3624,4259,2
3624,4261,18
3624,4262,10
3624,4264,616
3624,4265,1279
3624,4266,5
3624,4267,6
3624,4268,15
3624,4269,7
3624,4270,7
3624,4271,10
3624,4272,5
3624,4273,16
3624,4274,5
3624,4275,9
3624,4276,22
3624,4277,83
3624,4278,26
3624,4279,30
3624,4280,21
3624,4281,21
3624,4282,6
3624,4283,25
3624,4284,32
3624,4285,33
3624,4286,33
3624,4287,25
3624,4288,16
3624,4289,1064
3624,4290,2152
3624,4291,1403
3624,4292,1373
3624,4293,3037
3624,4294,76
3624,4295,1152
3624,4296,2148
3624,4297,345
3624,4298,22
3624,4299,19
3624,4300,13
3624,4301,10
3624,4302,7
3624,4303,14
3624,4306,9
3624,4307,16
3624,4308,14
3624,4309,16
3624,4310,30
3624,4311,47
3624,4312,30
3624,4313,48
3624,4314,110
3624,4315,15
3624,4316,32
3624,4317,23
3624,4320,4
3624,4383,2
3624,4384,39
3624,4385,3
3624,4386,42
3624,4387,43
3624,4388,21
3624,4389,19
3624,4390,74
3624,4391,72
3624,4392,3
3624,4398,2
3624,4399,6
3624,4400,12
3624,4401,16
3624,4402,68
3624,4403,25
3624,4404,14
3624,4405,20
3624,4406,31
3624,4407,484
3624,4408,91
3624,4409,66
3624,4410,9
3624,4411,102
3624,4412,921
3624,4413,757
3624,4414,50
3624,4415,27
3624,4416,210
3624,4417,5
3624,4418,9
3624,4419,7
3624,4420,31
3624,4421,11
3624,4422,139
3624,4423,454
3624,4424,26
3624,4425,899
3624,4426,1247
3624,4427,1692
3624,4428,3267
3624,4429,3140
3624,4430,2871
3624,4431,1860
3624,4432,68
3624,4436,1
3624,4437,165
3624,4438,109
3624,4439,33
3624,4440,306
3624,4441,10
3624,4442,27
3624,4443,29
3624,4444,223
3624,4445,5
3624,4453,18
3624,4454,10
3624,4455,25
3624,4456,162
3624,4457,81
3624,4458,6
3624,4459,20
3624,4460,13
3624,4461,17
3624,4462,34
3624,4463,71
3624,4464,17
3624,4465,12
3624,4466,16
3624,4467,67
3624,4468,2
3624,4470,32
3624,4471,8
3624,4472,1258
3624,4473,469
3624,4474,2517
3624,4475,3655
3624,4476,4421
3624,4477,5657
3624,4478,8443
3624,4479,10211
3624,4480,17038
3624,4481,22396
3624,4482,3342
3624,4483,21075
3624,4484,1980
3624,4485,20
3625,4212,2
3625,4213,19
3625,4214,7
3625,4215,32
3625,4216,675
3625,4217,77
3625,4218,28
3625,4219,3
3625,4220,20
3625,4221,18
3625,4222,3
3625,4223,21
3625,4224,9
3625,4225,2
3625,4226,25
3625,4227,19
3625,4228,421
3625,4229,48
3625,4230,6
3625,4231,4
3625,4232,14
3625,4233,262
3625,4234,14
3625,4235,15
3625,4236,21
3625,4237,18
3625,4238,7
3625,4239,13
3625,4240,20
3625,4242,13
3625,4243,5
3625,4244,38
3625,4245,22
3625,4246,18
3625,4247,7
3625,4248,9
3625,4249,9
3625,4250,9
3625,4251,13
3625,4252,23
3625,4253,7
3625,4255,2
3625,4256,5
3625,4258,5
3625,4260,8
3625,4261,7
3625,4262,10
3625,4263,218
3625,4264,1543
3625,4265,1274
3625,4266,20
3625,4268,5
3625,4269,7
3625,4270,7
3625,4271,12
3625,4272,7
3625,4273,10
3625,4274,13
3625,4275,7
3625,4276,8
3625,4277,12
3625,4278,16
3625,4279,9
3625,4280,39
3625,4281,21
3625,4283,6
3625,4284,12
3625,4285,18
3625,4286,16
3625,4287,39
3625,4288,64
3625,4289,49
3625,4290,302
3625,4291,762
3625,4292,623
3625,4293,2
3625,4295,2
3625,4296,990
3625,4297,784
3625,4298,28
3625,4299,182
3625,4300,34
3625,4301,58
3625,4302,1028
3625,4303,75
3625,4304,25
3625,4305,78
3625,4306,74
3625,4307,20
3625,4308,19
3625,4309,26
3625,4310,39
3625,4311,43
3625,4312,5
3625,4313,32
3625,4314,52
3625,4315,25
3625,4316,9
3625,4317,20
3625,4318,13
3625,4319,2
3625,4320,30
3625,4321,3
3625,4378,22
3625,4379,7
3625,4380,3
3625,4381,244
3625,4382,143
3625,4383,39
3625,4384,12
3625,4385,31
3625,4386,12
3625,4387,22
3625,4388,22
3625,4389,50
3625,4390,42
3625,4391,18
3625,4392,7
3625,4397,5
3625,4398,11
3625,4399,15
3625,4401,4
3625,4402,22
3625,4403,4
3625,4404,25
3625,4405,256
3625,4406,106
3625,4407,8
3625,4408,16
3625,4410,39
3625,4411,77
3625,4412,672
3625,4413,390
3625,4414,19
3625,4415,38
3625,4416,30
3625,4417,73
3625,4418,105
3625,4419,10
3625,4420,50
3625,4421,178
3625,4422,6
3625,4423,44
3625,4424,13
3625,4425,3
3625,4427,94
3625,4428,1540
3625,4429,511
3625,4430,659
3625,4431,561
3625,4432,22
3625,4437,7
3625,4438,29
3625,4439,106
3625,4440,2
3625,4441,17
3625,4442,77
3625,4443,16
3625,4444,73
3625,4445,421
3625,4453,16
3625,4454,33
3625,4455,67
3625,4456,21
3625,4457,13
3625,4458,36
3625,4459,85
3625,4460,334
3625,4461,12
3625,4462,73
3625,4463,53
3625,4464,45
3625,4465,460
3625,4466,302
3625,4467,17
3625,4468,154
3625,4469,2486
3625,4470,127
3625,4471,2095
3625,4472,1648
3625,4473,117
3625,4474,2407
3625,4475,3465
3625,4476,6661
3625,4477,5120
3625,4478,4740
3625,4479,11666
3625,4480,14661
3625,4481,11345
3625,4482,16110
3625,4483,19234
3625,4484,3294
3626,4207,2
3626,4208,10
3626,4209,22
3626,4210,25
3626,4212,42
3626,4214,20
3626,4215,4
3626,4216,21
3626,4217,12
3626,4218,30
3626,4221,12
3626,4222,2
3626,4223,4
3626,4224,19
3626,4225,16
3626,4226,16
3626,4227,19
3626,4228,19
3626,4229,44
3626,4230,11
3626,4231,3
3626,4232,19
3626,4233,6
3626,4234,12
3626,4235,7
3626,4236,10
3626,4237,10
3626,4238,13
3626,4239,497
3626,4240,68
3626,4241,8
3626,4242,14
3626,4243,11
3626,4244,14
3626,4245,19
3626,4246,12
3626,4247,14
3626,4248,9
3626,4249,8
3626,4250,35
3626,4251,2
3626,4252,21
3626,4255,20
3626,4258,8
3626,4259,27
3626,4260,23
3626,4261,5
3626,4262,5
3626,4263,12
3626,4264,14
3626,4265,205
3626,4271,78
3626,4272,4
3626,4273,36
3626,4274,5
3626,4275,2
3626,4276,9
3626,4277,18
3626,4278,25
3626,4279,42
3626,4280,27
3626,4281,19
3626,4282,17
3626,4283,159
3626,4284,29
3626,4285,14
3626,4286,17
3626,4287,22
3626,4288,9
3626,4289,42
3626,4290,8
3626,4291,336
3626,4292,44
3626,4293,191
3626,4294,14
3626,4296,12
3626,4297,13
3626,4298,478
3626,4299,125
3626,4300,35
3626,4301,23
3626,4302,24
3626,4303,2
3626,4304,32
3626,4305,36
3626,4306,26
3626,4307,11
3626,4308,36
3626,4309,55
3626,4310,30
3626,4311,10
3626,4312,18
3626,4313,27
3626,4314,42
3626,4315,19
3626,4316,3
3626,4317,139
3626,4318,37
3626,4319,4
3626,4320,46
3626,4321,60
3626,4322,21
3626,4323,3
3626,4339,10
3626,4340,1
3626,4377,8
3626,4378,20
3626,4379,32
3626,4380,51
3626,4381,53
3626,4382,20
3626,4383,43
3626,4384,8
3626,4389,21
3626,4390,145
3626,4391,20
3626,4397,4
3626,4398,12
3626,4402,9
3626,4403,52
3626,4404,18
3626,4405,18
3626,4406,20
3626,4407,5
3626,4408,18
3626,4409,19
3626,4412,9
3626,4413,9
3626,4414,25
3626,4415,118
3626,4416,45
3626,4417,599
3626,4418,830
3626,4419,57
3626,4420,2
3626,4421,46
3626,4422,22
3626,4423,99
3626,4424,228
3626,4425,2
3626,4427,61
3626,4428,51
3626,4437,10
3626,4438,37
3626,4439,29
3626,4440,1
3626,4441,12
3626,4442,102
3626,4443,12
3626,4447,8
3626,4448,6
3626,4454,31
3626,4455,36
3626,4456,34
3626,4457,20
3626,4458,17
3626,4459,48
3626,4460,30
3626,4461,87
3626,4462,9
3626,4463,19
3626,4464,9
3626,4465,5
3626,4466,12
3626,4467,496
3626,4468,2209
3626,4469,3163
3626,4470,359
3626,4471,3792
3626,4472,3582
3626,4473,587
3626,4474,5544
3626,4475,4150
3626,4476,5501
3626,4477,5467
3626,4478,1089
3626,4479,719
3626,4480,6591
3626,4481,4876
3626,4482,8057
3626,4483,2296
3627,4206,87
3627,4207,7
3627,4208,8
3627,4209,5
3627,4210,2
3627,4211,5
3627,4212,34
3627,4213,34
3627,4214,16
3627,4215,7
3627,4216,23
3627,4218,12
3627,4219,4
3627,4220,30
3627,4221,16
3627,4222,7
3627,4223,9
3627,4224,18
3627,4225,8
3627,4226,12
3627,4227,8
3627,4228,10
3627,4229,10
3627,4230,49
3627,4231,15
3627,4232,14
3627,4233,16
3627,4234,29
3627,4235,8
3627,4236,6
3627,4237,4
3627,4238,26
3627,4239,14
3627,4240,5
3627,4241,5
3627,4242,8
3627,4243,4
3627,4244,9
3627,4245,6
3627,4249,3
3627,4250,11
3627,4252,505
3627,4253,796
3627,4254,63
3627,4255,8
3627,4256,5
3627,4257,17
3627,4258,21
3627,4259,20
3627,4260,6
3627,4261,8
3627,4262,9
3627,4263,5
3627,4264,7
3627,4265,3
3627,4268,2
3627,4269,10
3627,4270,12
3627,4272,8
3627,4273,5
3627,4274,21
3627,4275,8
3627,4276,20
3627,4277,23
3627,4278,7
3627,4279,12
3627,4280,23
3627,4281,18
3627,4282,25
3627,4283,1008
3627,4284,863
3627,4285,611
3627,4286,21
3627,4287,11
3627,4288,12
3627,4289,22
3627,4291,340
3627,4292,44
3627,4293,48
3627,4294,100
3627,4295,13
3627,4297,2
3627,4298,197
3627,4299,25
3627,4300,18
3627,4301,71
3627,4302,222
3627,4303,46
3627,4304,50
3627,4305,20
3627,4306,13
3627,4308,2
3627,4310,11
3627,4311,606
3627,4312,383
3627,4313,31
3627,4314,18
3627,4315,92
3627,4316,42
3627,4317,14
3627,4318,23
3627,4319,6
3627,4320,71
3627,4321,152
3627,4322,33
3627,4323,1
3627,4336,5
3627,4337,1
3627,4338,2
3627,4339,8
3627,4340,11
3627,4378,1
3627,4379,2
3627,4380,27
3627,4381,2
3627,4397,4
3627,4403,44
3627,4404,50
3627,4405,22
3627,4407,21
3627,4408,50
3627,4409,90
3627,4410,270
3627,4411,128
3627,4412,305
3627,4413,16
3627,4414,11
3627,4415,4
3627,4416,21
3627,4417,32
3627,4418,10
3627,4419,12
3627,4420,50
3627,4421,27
3627,4422,29
3627,4425,14
3627,4426,27
3627,4427,6
3627,4428,347
3627,4429,62
3627,4430,30
3627,4431,15
3627,4437,40
3627,4438,83
3627,4439,20
3627,4440,14
3627,4441,10
3627,4442,24
3627,4443,6
3627,4444,23
3627,4445,15
3627,4446,6
3627,4447,2
3627,4448,273
3627,4449,9
3627,4450,1
3627,4451,6
3627,4453,7
3627,4454,38
3627,4455,664
3627,4456,1251
3627,4457,214
3627,4458,19
3627,4459,63
3627,4460,20
3627,4461,55
3627,4462,20
3627,4463,145
3627,4464,543
3627,4465,1767
3627,4466,234
3627,4467,511
3627,4468,4206
3627,4469,4000
3627,4470,214
3627,4471,409
3627,4472,2500
3627,4473,3685
3627,4474,2970
3627,4475,2473
3627,4476,4001
3627,4477,4361
3627,4478,2942
3627,4479,5053
3627,4480,3783
3627,4481,2457
3627,4482,4326
3627,4483,1528
3627,4484,28
3627,4488,6
3628,4206,2
3628,4207,6
3628,4211,1
3628,4212,18
3628,4213,7
3628,4214,11
3628,4215,4
3628,4216,9
3628,4217,16
3628,4218,37
3628,4219,9
3628,4220,19
3628,4221,9
3628,4222,3
3628,4223,19
3628,4224,30
3628,4225,39
3628,4226,9
3628,4227,9
3628,4228,2
3628,4229,25
3628,4230,4
3628,4231,6
3628,4232,22
3628,4233,14
3628,4234,8
3628,4235,16
3628,4236,33
3628,4237,24
3628,4238,7
3628,4239,20
3628,4240,5
3628,4241,19
3628,4242,12
3628,4243,1
3628,4246,8
3628,4249,7
3628,4250,22
3628,4251,518
3628,4252,1286
3628,4253,1610
3628,4254,570
3628,4255,513
3628,4256,6
3628,4257,15
3628,4258,2
3628,4259,8
3628,4260,7
3628,4261,11
3628,4262,7
3628,4263,18
3628,4264,16
3628,4265,2
3628,4266,2
3628,4267,9
3628,4268,4
3628,4269,16
3628,4270,15
3628,4271,14
3628,4272,19
3628,4273,38
3628,4274,4
3628,4275,5
3628,4276,4
3628,4277,41
3628,4278,37
3628,4279,16
3628,4280,11
3628,4281,102
3628,4282,26
3628,4283,204
3628,4284,558
3628,4285,290
3628,4286,37
3628,4287,70
3628,4288,24
3628,4289,13
3628,4290,5
3628,4291,116
3628,4292,885
3628,4293,8
3628,4294,21
3628,4295,17
3628,4296,20
3628,4297,32
3628,4298,21
3628,4299,12
3628,4300,10
3628,4301,175
3628,4302,942
3628,4303,678
3628,4304,112
3628,4305,12
3628,4306,14
3628,4307,40
3628,4308,8
3628,4309,25
3628,4310,293
3628,4311,215
3628,4312,298
3628,4313,22
3628,4314,29
3628,4315,28
3628,4316,32
3628,4317,65
3628,4318,32
3628,4319,23
3628,4320,9
3628,4321,116
3628,4322,30
3628,4337,28
3628,4338,67
3628,4339,2
3628,4340,13
3628,4341,2
3628,4403,229
3628,4404,492
3628,4405,153
3628,4406,30
3628,4407,30
3628,4408,24
3628,4409,28
3628,4410,56
3628,4411,393
3628,4412,1149
3628,4413,31
3628,4414,15
3628,4415,7
3628,4416,9
3628,4417,25
3628,4418,13
3628,4419,12
3628,4420,15
3628,4421,8
3628,4422,409
3628,4423,7
3628,4424,16
3628,4425,29
3628,4426,54
3628,4427,43
3628,4428,68
3628,4429,14
3628,4430,37
3628,4431,38
3628,4432,1
3628,4437,35
3628,4438,247
3628,4439,28
3628,4440,29
3628,4441,41
3628,4442,24
3628,4443,551
3628,4444,861
3628,4445,124
3628,4447,29
3628,4448,9
3628,4449,19
3628,4452,235
3628,4453,1783
3628,4454,173
3628,4455,146
3628,4456,512
3628,4457,55
3628,4458,27
3628,4459,44
3628,4460,24
3628,4461,45
3628,4462,5
3628,4463,31
3628,4464,633
3628,4465,2657
3628,4466,2468
3628,4467,54
3628,4468,1361
3628,4469,2618
3628,4470,1001
3628,4471,61
3628,4472,1971
3628,4473,3764
3628,4474,2796
3628,4475,2065
3628,4476,377
3628,4477,1300
3628,4478,4864
3628,4479,4808
3628,4480,3186
3628,4481,2812
3628,4482,4895
3628,4483,1463
3629,4210,3
3629,4211,19
3629,4212,19
3629,4213,15
3629,4214,16
3629,4216,1
3629,4217,17
3629,4218,410
3629,4219,32
3629,4220,9
3629,4221,3
3629,4222,166
3629,4223,34
3629,4226,3
3629,4227,4
3629,4228,34
3629,4229,3
3629,4230,18
3629,4231,26
3629,4232,11
3629,4233,116
3629,4234,47
3629,4235,22
3629,4236,12
3629,4237,9
3629,4238,7
3629,4239,9
3629,4240,9
3629,4241,6
3629,4244,4
3629,4245,43
3629,4247,6
3629,4248,10
3629,4249,4
3629,4250,105
3629,4251,477
3629,4252,1783
3629,4253,871
3629,4254,97
3629,4255,223
3629,4256,12
3629,4257,24
3629,4258,10
3629,4259,13
3629,4260,7
3629,4261,18
3629,4265,3
3629,4266,5
3629,4267,17
3629,4268,5
3629,4269,11
3629,4270,14
3629,4271,19
3629,4272,8
3629,4273,111
3629,4274,11
3629,4275,5
3629,4276,15
3629,4277,35
3629,4278,526
3629,4279,20
3629,4280,18
3629,4281,18
3629,4282,18
3629,4283,21
3629,4284,6
3629,4285,34
3629,4286,12
3629,4287,55
3629,4288,23
3629,4289,72
3629,4290,5
3629,4291,22
3629,4292,361
3629,4293,6
3629,4294,25
3629,4295,50
3629,4296,35
3629,4297,18
3629,4298,35
3629,4299,9
3629,4300,143
3629,4301,1654
3629,4302,1931
3629,4303,824
3629,4304,54
3629,4305,26
3629,4306,17
3629,4307,40
3629,4308,2
3629,4309,53
3629,4310,15
3629,4311,20
3629,4312,14
3629,4313,19
3629,4314,55
3629,4315,30
3629,4316,245
3629,4317,18
3629,4318,38
3629,4319,60
3629,4320,15
3629,4321,94
3629,4339,1
3629,4340,1
3629,4341,2
3629,4406,24
3629,4407,57
3629,4408,43
3629,4409,31
3629,4410,31
3629,4411,50
3629,4412,274
3629,4413,51
3629,4414,9
3629,4415,18
3629,4416,3
3629,4419,5
3629,4423,48
3629,4424,22
3629,4425,26
3629,4426,32
3629,4427,82
3629,4428,443
3629,4429,28
3629,4430,25
3629,4433,9
3629,4434,113
3629,4435,43
3629,4436,8
3629,4437,17
3629,4438,55
3629,4439,19
3629,4440,13
3629,4441,153
3629,4442,22
3629,4443,537
3629,4444,1126
3629,4445,31
3629,4446,2
3629,4447,24
3629,4448,42
3629,4449,105
3629,4450,6
3629,4452,39
3629,4453,1988
3629,4454,372
3629,4455,25
3629,4456,4
3629,4457,15
3629,4458,22
3629,4459,5
3629,4460,32
3629,4461,1072
3629,4462,269
3629,4463,21
3629,4464,565
3629,4465,1463
3629,4466,3186
3629,4467,2255
3629,4468,884
3629,4469,632
3629,4470,2234
3629,4471,1101
3629,4472,880
3629,4473,2099
3629,4474,726
3629,4475,1890
3629,4476,2846
3629,4477,4374
3629,4478,5125
3629,4479,3400
3629,4480,3197
3629,4481,3250
3629,4482,3323
3629,4483,1852
3630,4209,5
3630,4210,22
3630,4211,12
3630,4212,7
3630,4213,2
3630,4214,9
3630,4215,6
3630,4216,9
3630,4217,26
3630,4218,7
3630,4219,10
3630,4220,15
3630,4221,16
3630,4222,10
3630,4223,4
3630,4224,6
3630,4225,16
3630,4226,9
3630,4227,8
3630,4228,12
3630,4229,13
3630,4230,6
3630,4231,18
3630,4232,18
3630,4233,17
3630,4234,26
3630,4235,21
3630,4236,8
3630,4237,24
3630,4238,23
3630,4239,4
3630,4240,13
3630,4241,13
3630,4244,6
3630,4245,1
3630,4246,24
3630,4247,4
3630,4248,13
3630,4249,8
3630,4250,23
3630,4251,20
3630,4252,486
3630,4254,1
3630,4255,3
3630,4256,10
3630,4257,6
3630,4258,15
3630,4259,10
3630,4260,5
3630,4261,6
3630,4262,2
3630,4263,10
3630,4264,15
3630,4265,1
3630,4266,5
3630,4267,4
3630,4268,9
3630,4269,18
3630,4270,12
3630,4271,9
3630,4272,5
3630,4273,14
3630,4274,8
3630,4275,63
3630,4276,8
3630,4277,6
3630,4278,249
3630,4279,68
3630,4280,32
3630,4281,12
3630,4282,23
3630,4283,14
3630,4284,25
3630,4285,126
3630,4286,28
3630,4287,39
3630,4288,5
3630,4289,13
3630,4290,13
3630,4291,27
3630,4292,28
3630,4293,28
3630,4294,46
3630,4295,8
3630,4297,18
3630,4298,141
3630,4299,6
3630,4300,11
3630,4301,563
3630,4302,392
3630,4303,388
3630,4304,20
3630,4305,14
3630,4306,32
3630,4307,42
3630,4308,19
3630,4309,9
3630,4310,2
3630,4311,16
3630,4312,32
3630,4313,25
3630,4314,20
3630,4315,39
3630,4316,168
3630,4317,25
3630,4318,17
3630,4319,24
3630,4320,4
3630,4321,102
3630,4322,18
3630,4358,2
3630,4359,6
3630,4402,2
3630,4407,4
3630,4408,2
3630,4409,11
3630,4410,51
3630,4411,14
3630,4412,32
3630,4413,11
3630,4414,9
3630,4415,36
3630,4416,6
3630,4417,7
3630,4418,13
3630,4423,85
3630,4424,18
3630,4425,46
3630,4426,60
3630,4427,28
3630,4428,28
3630,4429,52
3630,4433,87
3630,4434,276
3630,4435,131
3630,4436,27
3630,4438,11
3630,4439,167
3630,4440,29
3630,4441,77
3630,4442,27
3630,4443,37
3630,4444,31
3630,4445,12
3630,4446,10
3630,4447,14
3630,4448,34
3630,4449,9
3630,4450,6
3630,4452,774
3630,4453,1647
3630,4454,232
3630,4455,64
3630,4456,57
3630,4457,865
3630,4458,1394
3630,4459,123
3630,4460,62
3630,4461,495
3630,4462,15
3630,4463,7
3630,4464,26
3630,4465,10
3630,4466,1011
3630,4467,2267
3630,4468,384
3630,4469,9
3630,4470,360
3630,4471,2642
3630,4472,1961
3630,4473,1370
3630,4474,2157
3630,4475,3101
3630,4476,3675
3630,4477,3546
3630,4478,1686
3630,4479,2652
3630,4480,2087
3630,4481,1928
3630,4482,4087
3630,4483,822
3630,4484,13
3631,4209,3
3631,4210,13
3631,4211,21
3631,4212,14
3631,4213,689
3631,4214,236
3631,4215,3
3631,4216,2
3631,4217,5
3631,4218,22
3631,4219,9
3631,4220,24
3631,4221,18
3631,4222,19
3631,4223,10
3631,4224,4
3631,4225,9
3631,4226,4
3631,4227,2
3631,4228,8
3631,4229,19
3631,4230,14
3631,4231,8
3631,4232,8
3631,4233,23
3631,4234,18
3631,4235,15
3631,4236,46
3631,4237,15
3631,4238,8
3631,4239,129
3631,4240,10
3631,4241,12
3631,4242,3
3631,4243,6
3631,4244,2
3631,4245,8
3631,4246,29
3631,4247,11
3631,4249,8
3631,4251,23
3631,4252,17
3631,4253,10
3631,4254,3
3631,4255,1
3631,4256,11
3631,4257,13
3631,4258,17
3631,4259,15
3631,4260,7
3631,4261,7
3631,4262,19
3631,4263,7
3631,4264,13
3631,4265,9
3631,4266,12
3631,4267,30
3631,4268,20
3631,4269,66
3631,4270,32
3631,4271,4
3631,4272,12
3631,4273,17
3631,4274,5
3631,4275,4
3631,4276,3
3631,4277,14
3631,4278,12
3631,4279,8
3631,4280,18
3631,4281,21
3631,4282,31
3631,4283,36
3631,4284,15
3631,4285,16
3631,4286,8
3631,4287,54
3631,4288,26
3631,4289,14
3631,4290,63
3631,4291,61
3631,4292,13
3631,4293,16
3631,4294,393
3631,4295,19
3631,4296,2
3631,4297,57
3631,4298,64
3631,4299,16
3631,4300,2
3631,4301,578
3631,4302,266
3631,4303,18
3631,4304,79
3631,4305,30
3631,4306,11
3631,4307,30
3631,4308,157
3631,4309,165
3631,4310,9
3631,4311,253
3631,4312,206
3631,4313,7
3631,4315,50
3631,4316,7
3631,4317,32
3631,4318,23
3631,4319,28
3631,4320,8
3631,4321,67
3631,4322,22
3631,4323,3
3631,4354,11
3631,4355,4
3631,4356,2
3631,4357,10
3631,4359,3
3631,4401,4
3631,4402,4
3631,4407,2
3631,4408,45
3631,4409,41
3631,4410,6
3631,4412,363
3631,4413,254
3631,4414,22
3631,4415,10
3631,4416,4
3631,4417,8
3631,4418,6
3631,4419,33
3631,4420,6
3631,4421,160
3631,4422,66
3631,4425,5
3631,4426,27
3631,4427,61
3631,4428,119
3631,4429,14
3631,4430,3
3631,4433,7
3631,4434,94
3631,4435,6
3631,4436,5
3631,4437,6
3631,4438,13
3631,4439,4
3631,4440,226
3631,4441,20
3631,4442,22
3631,4443,24
3631,4444,64
3631,4445,18
3631,4446,21
3631,4447,98
3631,4448,64
3631,4449,54
3631,4450,19
3631,4452,1588
3631,4453,1283
3631,4454,354
3631,4455,65
3631,4456,908
3631,4457,1995
3631,4458,2228
3631,4459,1659
3631,4460,74
3631,4461,133
3631,4462,40
3631,4463,17
3631,4464,48
3631,4465,93
3631,4466,121
3631,4467,39
3631,4468,38
3631,4469,78
3631,4470,81
3631,4471,1143
3631,4472,303
3631,4473,375
3631,4474,3123
3631,4475,3375
3631,4476,3368
3631,4477,3858
3631,4478,3447
3631,4479,2969
3631,4480,2006
3631,4481,2266
3631,4482,4999
3631,4483,4752
3631,4484,741
3632,4209,22
3632,4210,38
3632,4211,24
3632,4212,53
3632,4213,411
3632,4214,52
3632,4215,19
3632,4216,19
3632,4217,18
3632,4218,19
3632,4219,14
3632,4220,15
3632,4221,14
3632,4222,11
3632,4223,14
3632,4224,12
3632,4225,2
3632,4226,17
3632,4227,4
3632,4228,24
3632,4229,66
3632,4230,10
3632,4231,10
3632,4232,16
3632,4233,13
3632,4234,31
3632,4235,34
3632,4236,36
3632,4237,7
3632,4238,15
3632,4239,21
3632,4240,3
3632,4241,14
3632,4242,19
3632,4243,6
3632,4244,2
3632,4245,23
3632,4246,6
3632,4247,10
3632,4248,13
3632,4249,32
3632,4250,49
3632,4251,8
3632,4252,9
3632,4253,2
3632,4254,7
3632,4255,4
3632,4256,7
3632,4257,3
3632,4258,10
3632,4259,11
3632,4260,6
3632,4261,10
3632,4262,8
3632,4263,11
3632,4264,4
3632,4265,7
3632,4266,7
3632,4267,6
3632,4268,9
3632,4269,27
3632,4270,1
3632,4271,10
3632,4272,18
3632,4273,16
3632,4274,14
3632,4275,8
3632,4276,14
3632,4277,14
3632,4278,16
3632,4279,12
3632,4280,13
3632,4281,21
3632,4282,22
3632,4283,5
3632,4284,21
3632,4285,17
3632,4286,24
3632,4287,39
3632,4288,12
3632,4289,141
3632,4290,8
3632,4291,37
3632,4292,67
3632,4293,19
3632,4294,893
3632,4295,107
3632,4296,13
3632,4297,17
3632,4298,731
3632,4299,136
3632,4300,6
3632,4301,846
3632,4302,329
3632,4303,21
3632,4304,73
3632,4305,38
3632,4306,44
3632,4307,8
3632,4308,75
3632,4309,93
3632,4310,25
3632,4311,55
3632,4312,29
3632,4313,2
3632,4315,60
3632,4316,43
3632,4317,109
3632,4318,9
3632,4319,14
3632,4320,20
3632,4321,24
3632,4322,57
3632,4323,17
3632,4354,88
3632,4355,95
3632,4356,10
3632,4358,101
3632,4359,2
3632,4360,18
3632,4361,10
3632,4401,7
3632,4407,7
3632,4408,9
3632,4409,16
3632,4410,3
3632,4412,563
3632,4413,742
3632,4414,13
3632,4415,20
3632,4416,17
3632,4417,24
3632,4418,170
3632,4419,77
3632,4420,34
3632,4421,71
3632,4422,42
3632,4423,5
3632,4426,16
3632,4427,27
3632,4428,145
3632,4429,28
3632,4430,47
3632,4433,34
3632,4434,19
3632,4435,15
3632,4437,9
3632,4438,49
3632,4439,12
3632,4440,13
3632,4441,29
3632,4442,106
3632,4443,8
3632,4444,18
3632,4445,17
3632,4446,11
3632,4447,700
3632,4448,37
3632,4449,30
3632,4450,2
3632,4452,472
3632,4453,29
3632,4454,27
3632,4455,168
3632,4456,1102
3632,4457,2974
3632,4458,1071
3632,4459,249
3632,4460,18
3632,4461,166
3632,4462,46
3632,4463,59
3632,4464,123
3632,4466,605
3632,4467,60
3632,4468,51
3632,4469,788
3632,4470,1354
3632,4471,168
3632,4472,19
3632,4473,3
3632,4474,296
3632,4475,64
3632,4476,1397
3632,4477,2689
3632,4478,3910
3632,4479,1355
3632,4480,331
3632,4481,522
3632,4482,793
3632,4483,2102
3632,4484,15
3633,4208,1
3633,4209,4
3633,4210,17
3633,4211,3
3633,4212,4
3633,4213,6
3633,4214,5
3633,4215,2
3633,4216,28
3633,4217,90
3633,4218,48
3633,4219,6
3633,4222,5
3633,4223,20
3633,4224,18
3633,4225,20
3633,4226,110
3633,4227,16
3633,4228,26
3633,4229,55
3633,4230,17
3633,4231,15
3633,4232,13
3633,4233,135
3633,4234,568
3633,4235,22
3633,4236,20
3633,4237,12
3633,4238,18
3633,4239,9
3633,4240,17
3633,4241,5
3633,4242,3
3633,4243,1
3633,4245,3
3633,4246,5
3633,4247,12
3633,4248,5
3633,4249,15
3633,4250,7
3633,4251,11
3633,4252,20
3633,4253,29
3633,4255,4
3633,4256,4
3633,4257,6
3633,4258,10
3633,4259,12
3633,4260,18
3633,4261,12
3633,4262,1
3633,4263,7
3633,4264,126
3633,4265,10
3633,4266,8
3633,4267,5
3633,4268,4
3633,4269,20
3633,4272,6
3633,4273,106
3633,4274,280
3633,4275,9
3633,4276,15
3633,4277,14
3633,4278,16
3633,4279,10
3633,4281,21
3633,4282,13
3633,4283,20
3633,4284,24
3633,4285,60
3633,4286,34
3633,4287,167
3633,4288,26
3633,4289,24
3633,4290,29
3633,4292,19
3633,4293,18
3633,4294,22
3633,4295,15
3633,4296,39
3633,4297,14
3633,4298,285
3633,4299,37
3633,4300,14
3633,4301,1195
3633,4302,708
3633,4303,27
3633,4304,19
3633,4305,194
3633,4306,260
3633,4307,9
3633,4308,8
3633,4309,24
3633,4310,8
3633,4311,38
3633,4312,36
3633,4313,9
3633,4314,2
3633,4315,4
3633,4316,32
3633,4317,39
3633,4318,18
3633,4319,35
3633,4320,325
3633,4321,298
3633,4322,68
3633,4324,2
3633,4354,63
3633,4355,32
3633,4356,9
3633,4357,40
3633,4358,12
3633,4359,10
3633,4360,7
3633,4361,11
3633,4407,2
3633,4408,4
3633,4409,9
3633,4410,75
3633,4411,248
3633,4412,17
3633,4413,20
3633,4414,36
3633,4415,64
3633,4416,41
3633,4417,17
3633,4418,387
3633,4419,35
3633,4420,16
3633,4421,58
3633,4422,32
3633,4423,39
3633,4424,8
3633,4428,2
3633,4429,29
3633,4430,19
3633,4433,2
3633,4435,32
3633,4436,46
3633,4437,2
3633,4438,12
3633,4439,18
3633,4441,263
3633,4442,13
3633,4443,300
3633,4444,81
3633,4445,66
3633,4446,6
3633,4447,11
3633,4448,40
3633,4449,90
3633,4452,20
3633,4453,68
3633,4454,154
3633,4455,1938
3633,4456,844
3633,4457,1232
3633,4458,41
3633,4459,72
3633,4460,36
3633,4461,32
3633,4462,81
3633,4463,793
3633,4464,42
3633,4465,37
3633,4466,641
3633,4467,614
3633,4468,1643
3633,4469,3618
3633,4470,2119
3633,4471,326
3633,4474,51
3633,4475,1621
3633,4476,3147
3633,4477,924
3633,4478,3382
3633,4479,1853
3633,4480,688
3633,4482,1
3633,4483,631
3634,4208,9
3634,4209,9
3634,4210,15
3634,4213,2
3634,4214,29
3634,4215,15
3634,4216,18
3634,4217,15
3634,4218,14
3634,4219,13
3634,4220,12
3634,4221,9
3634,4224,36
3634,4225,28
3634,4226,138
3634,4228,4
3634,4229,14
3634,4230,14
3634,4231,8
3634,4232,17
3634,4233,1016
3634,4234,1721
3634,4235,27
3634,4236,21
3634,4237,8
3634,4238,18
3634,4239,9
3634,4240,10
3634,4242,6
3634,4247,14
3634,4248,9
3634,4250,1
3634,4251,5
3634,4252,15
3634,4253,9
3634,4255,6
3634,4256,12
3634,4257,5
3634,4258,1
3634,4259,250
3634,4260,387
3634,4261,8
3634,4262,7
3634,4263,9
3634,4264,22
3634,4265,139
3634,4266,37
3634,4267,7
3634,4268,9
3634,4269,4
3634,4270,17
3634,4271,10
3634,4272,3
3634,4273,22
3634,4274,30
3634,4275,12
3634,4276,12
3634,4277,10
3634,4278,13
3634,4279,206
3634,4280,310
3634,4281,14
3634,4282,10
3634,4283,14
3634,4284,22
3634,4285,66
3634,4286,29
3634,4287,130
3634,4288,112
3634,4289,12
3634,4290,19
3634,4291,19
3634,4292,25
3634,4293,9
3634,4294,7
3634,4295,31
3634,4296,36
3634,4297,26
3634,4298,34
3634,4299,45
3634,4300,22
3634,4301,98
3634,4302,159
3634,4303,13
3634,4304,38
3634,4305,267
3634,4306,253
3634,4307,26
3634,4308,6
3634,4309,27
3634,4310,25
3634,4311,30
3634,4312,27
3634,4313,14
3634,4314,5
3634,4315,12
3634,4316,322
3634,4317,28
3634,4318,91
3634,4319,77
3634,4320,51
3634,4321,42
3634,4322,22
3634,4323,189
3634,4324,91
3634,4354,20
3634,4355,58
3634,4356,1
3634,4357,9
3634,4358,152
3634,4359,57
3634,4360,77
3634,4361,50
3634,4407,6
3634,4408,14
3634,4409,41
3634,4410,47
3634,4411,431
3634,4412,2
3634,4413,13
3634,4414,98
3634,4415,543
3634,4416,27
3634,4417,20
3634,4418,240
3634,4419,77
3634,4420,86
3634,4421,229
3634,4422,72
3634,4423,40
3634,4424,65
3634,4428,4
3634,4435,14
3634,4439,29
3634,4440,5
3634,4441,34
3634,4442,15
3634,4443,24
3634,4444,8
3634,4445,27
3634,4446,18
3634,4447,14
3634,4448,32
3634,4449,17
3634,4452,28
3634,4453,487
3634,4454,99
3634,4455,1563
3634,4456,1728
3634,4457,69
3634,4458,38
3634,4459,26
3634,4460,436
3634,4461,26
3634,4462,477
3634,4463,1656
3634,4464,14
3634,4465,29
3634,4466,324
3634,4467,223
3634,4468,142
3634,4469,1392
3634,4470,714
3634,4473,16
3634,4474,1654
3634,4475,3638
3634,4476,4115
3634,4477,1313
3634,4478,2780
3634,4479,1561
3634,4480,1419
3634,4483,1243
3635,4207,17
3635,4208,77
3635,4209,13
3635,4212,8
3635,4213,19
3635,4214,148
3635,4215,6
3635,4216,6
3635,4218,5
3635,4219,14
3635,4220,11
3635,4221,12
3635,4226,4
3635,4228,2
3635,4229,4
3635,4231,6
3635,4232,18
3635,4233,45
3635,4234,299
3635,4235,18
3635,4236,11
3635,4237,11
3635,4238,35
3635,4239,18
3635,4240,8
3635,4241,4
3635,4243,2
3635,4247,13
3635,4248,2
3635,4250,3
3635,4251,4
3635,4252,5
3635,4255,1
3635,4256,1
3635,4257,2
3635,4258,9
3635,4259,12
3635,4260,39
3635,4261,11
3635,4262,7
3635,4263,5
3635,4264,19
3635,4265,23
3635,4266,46
3635,4267,10
3635,4268,9
3635,4269,5
3635,4270,5
3635,4271,4
3635,4272,7
3635,4273,23
3635,4274,18
3635,4275,12
3635,4276,21
3635,4277,9
3635,4278,9
3635,4279,89
3635,4280,65
3635,4281,18
3635,4282,17
3635,4283,11
3635,4284,16
3635,4285,106
3635,4286,17
3635,4287,29
3635,4288,25
3635,4289,22
3635,4290,13
3635,4291,6
3635,4292,35
3635,4293,6
3635,4294,73
3635,4295,26
3635,4296,83
3635,4297,36
3635,4298,38
3635,4299,25
3635,4300,25
3635,4301,43
3635,4302,12
3635,4303,20
3635,4304,42
3635,4305,73
3635,4306,11
3635,4307,102
3635,4308,78
3635,4309,210
3635,4310,281
3635,4311,591
3635,4312,680
3635,4313,25
3635,4314,11
3635,4315,29
3635,4316,14
3635,4317,18
3635,4318,21
3635,4319,51
3635,4320,18
3635,4321,13
3635,4322,8
3635,4323,105
3635,4324,109
3635,4325,65
3635,4326,37
3635,4327,2
3635,4354,22
3635,4355,17
3635,4356,81
3635,4357,17
3635,4358,49
3635,4359,5
3635,4360,83
3635,4407,1
3635,4408,1
3635,4409,120
3635,4410,50
3635,4411,14
3635,4412,41
3635,4413,37
3635,4414,950
3635,4415,1136
3635,4416,17
3635,4417,26
3635,4418,23
3635,4419,23
3635,4420,53
3635,4421,38
3635,4422,41
3635,4423,12
3635,4427,9
3635,4428,1
3635,4439,303
3635,4440,5
3635,4441,2
3635,4442,113
3635,4443,102
3635,4444,6
3635,4445,231
3635,4446,19
3635,4447,63
3635,4448,49
3635,4449,58
3635,4450,1
3635,4451,34
3635,4452,24
3635,4453,22
3635,4454,91
3635,4455,83
3635,4456,457
3635,4457,19
3635,4458,50
3635,4459,63
3635,4460,446
3635,4461,44
3635,4462,17
3635,4463,25
3635,4464,61
3635,4465,1
3635,4466,3
3635,4467,15
3635,4468,3
3635,4469,15
3635,4470,11
3635,4473,166
3635,4474,1670
3635,4475,2541
3635,4476,2184
3635,4477,1654
3635,4478,1680
3635,4479,1787
3635,4480,1366
3635,4483,129
3636,4207,87
3636,4208,40
3636,4209,12
3636,4210,5
3636,4211,6
3636,4212,2
3636,4213,8
3636,4214,46
3636,4215,4
3636,4216,5
3636,4219,2
3636,4220,8
3636,4221,188
3636,4222,26
3636,4223,10
3636,4224,13
3636,4225,12
3636,4226,3
3636,4227,3
3636,4228,5
3636,4229,6
3636,4230,8
3636,4231,11
3636,4232,8
3636,4233,9
3636,4234,27
3636,4235,14
3636,4236,22
3636,4237,4
3636,4238,10
3636,4239,9
3636,4240,14
3636,4242,2
3636,4243,4
3636,4250,5
3636,4251,86
3636,4252,30
3636,4254,13
3636,4255,2
3636,4257,8
3636,4258,8
3636,4259,15
3636,4260,6
3636,4261,13
3636,4262,11
3636,4263,8
3636,4264,9
3636,4265,9
3636,4266,10
3636,4267,10
3636,4268,16
3636,4269,13
3636,4271,17
3636,4272,18
3636,4273,32
3636,4274,20
3636,4275,29
3636,4276,11
3636,4277,14
3636,4278,107
3636,4279,12
3636,4280,21
3636,4281,19
3636,4282,14
3636,4283,17
3636,4284,19
3636,4285,15
3636,4286,16
3636,4287,5
3636,4288,8
3636,4289,4
3636,4290,26
3636,4291,585
3636,4292,17
3636,4293,34
3636,4294,15
3636,4295,29
3636,4296,21
3636,4298,8
3636,4299,17
3636,4300,8
3636,4301,20
3636,4302,25
3636,4303,8
3636,4304,41
3636,4305,7
3636,4306,21
3636,4308,52
3636,4309,1549
3636,4310,1582
3636,4311,2228
3636,4312,564
3636,4313,17
3636,4314,66
3636,4316,2
3636,4317,27
3636,4318,5
3636,4324,6
3636,4354,15
3636,4355,3
3636,4356,29
3636,4357,270
3636,4358,564
3636,4359,19
3636,4360,43
3636,4407,9
3636,4408,86
3636,4409,138
3636,4410,19
3636,4411,32
3636,4412,98
3636,4413,30
3636,4414,268
3636,4415,129
3636,4416,58
3636,4417,26
3636,4418,50
3636,4419,53
3636,4420,42
3636,4421,11
3636,4422,6
3636,4423,5
3636,4425,52
3636,4426,71
3636,4427,22
3636,4428,15
3636,4440,1
3636,4441,4
3636,4442,106
3636,4443,16
3636,4444,2
3636,4445,31
3636,4446,114
3636,4447,577
3636,4448,59
3636,4449,2
3636,4450,22
3636,4451,808
3636,4452,138
3636,4453,152
3636,4454,94
3636,4455,34
3636,4456,31
3636,4457,33
3636,4458,14
3636,4459,7
3636,4460,228
3636,4461,77
3636,4462,13
3636,4463,32
3636,4464,40
3636,4465,29
3636,4466,32
3636,4467,303
3636,4468,2254
3636,4469,2702
3636,4470,1781
3636,4471,1174
3636,4472,31
3636,4473,10
3636,4474,318
3636,4475,1084
3636,4476,325
3636,4477,795
3636,4478,1455
3636,4479,335
3636,4480,506
3636,4481,81
3636,4482,43
3636,4483,9
3637,4209,8
3637,4212,10
3637,4213,24
3637,4214,11
3637,4215,151
3637,4216,8
3637,4219,3
3637,4220,8
3637,4221,24
3637,4222,23
3637,4223,4
3637,4224,23
3637,4225,11
3637,4226,6
3637,4227,15
3637,4228,3
3637,4229,9
3637,4230,7
3637,4231,13
3637,4232,14
3637,4233,9
3637,4234,13
3637,4235,28
3637,4236,1
3637,4237,15
3637,4238,5
3637,4239,6
3637,4240,7
3637,4241,11
3637,4242,4
3637,4243,4
3637,4245,1
3637,4247,1
3637,4249,11
3637,4250,122
3637,4251,881
3637,4252,315
3637,4253,15
3637,4254,7
3637,4256,3
3637,4257,9
3637,4258,9
3637,4259,5
3637,4260,3
3637,4261,4
3637,4262,11
3637,4263,2
3637,4264,11
3637,4265,8
3637,4266,8
3637,4267,12
3637,4268,8
3637,4269,5
3637,4270,45
3637,4271,475
3637,4272,1101
3637,4273,1055
3637,4274,6
3637,4275,11
3637,4276,5
3637,4277,5
3637,4278,3
3637,4279,21
3637,4280,5
3637,4281,14
3637,4282,6
3637,4283,14
3637,4284,20
3637,4285,8
3637,4286,14
3637,4287,7
3637,4288,20
3637,4289,55
3637,4290,29
3637,4291,262
3637,4292,16
3637,4293,15
3637,4294,102
3637,4295,162
3637,4296,13
3637,4297,17
3637,4298,4
3637,4299,55
3637,4300,13
3637,4301,14
3637,4302,11
3637,4303,4
3637,4304,57
3637,4305,11
3637,4306,18
3637,4307,372
3637,4308,1420
3637,4309,2144
3637,4310,2299
3637,4311,2172
3637,4312,862
3637,4313,18
3637,4314,21
3637,4354,4
3637,4355,26
3637,4356,29
3637,4357,10
3637,4358,19
3637,4359,37
3637,4360,18
3637,4361,16
3637,4407,10
3637,4408,2
3637,4409,25
3637,4410,44
3637,4411,28
3637,4412,25
3637,4413,16
3637,4414,147
3637,4415,29
3637,4416,34
3637,4417,25
3637,4418,44
3637,4419,219
3637,4420,15
3637,4421,4
3637,4422,5
3637,4423,2
3637,4424,15
3637,4425,23
3637,4426,53
3637,4427,127
3637,4428,21
3637,4429,19
3637,4443,110
3637,4444,31
3637,4445,281
3637,4446,24
3637,4447,299
3637,4448,74
3637,4450,1244
3637,4451,2095
3637,4452,384
3637,4453,7
3637,4454,9
3637,4455,26
3637,4456,37
3637,4457,15
3637,4458,14
3637,4459,124
3637,4460,96
3637,4462,16
3637,4463,57
3637,4464,72
3637,4465,45
3637,4466,9
3637,4467,240
3637,4468,1738
3637,4469,1341
3637,4470,5361
3637,4471,1316
3637,4472,350
3637,4473,1132
3637,4475,1752
3637,4476,1948
3637,4477,1170
3637,4478,842
3637,4479,2340
3637,4480,1776
3637,4482,307
3638,4209,1
3638,4212,15
3638,4213,30
3638,4214,57
3638,4215,63
3638,4216,12
3638,4217,9
3638,4218,12
3638,4219,4
3638,4221,2
3638,4223,21
3638,4224,26
3638,4225,16
3638,4226,8
3638,4227,5
3638,4228,6
3638,4229,2
3638,4230,7
3638,4232,9
3638,4233,10
3638,4234,9
3638,4235,15
3638,4237,11
3638,4238,3
3638,4239,1
3638,4240,15
3638,4241,4
3638,4242,3
3638,4243,3
3638,4244,4
3638,4245,9
3638,4246,1
3638,4247,3
3638,4248,1
3638,4249,14
3638,4250,61
3638,4251,264
3638,4252,96
3638,4253,8
3638,4254,6
3638,4255,4
3638,4256,8
3638,4257,8
3638,4258,2
3638,4259,17
3638,4260,31
3638,4261,7
3638,4262,37
3638,4263,9
3638,4264,3
3638,4265,8
3638,4266,7
3638,4268,39
3638,4269,83
3638,4270,26
3638,4271,34
3638,4272,346
3638,4273,1357
3638,4274,4
3638,4275,12
3638,4276,10
3638,4277,5
3638,4278,2
3638,4279,4
3638,4280,7
3638,4281,17
3638,4282,13
3638,4283,20
3638,4284,11
3638,4285,35
3638,4286,20
3638,4287,40
3638,4288,1161
3638,4289,232
3638,4290,13
3638,4292,22
3638,4293,21
3638,4294,239
3638,4295,907
3638,4296,5
3638,4297,105
3638,4298,31
3638,4299,67
3638,4300,106
3638,4301,13
3638,4302,404
3638,4303,35
3638,4304,8
3638,4305,431
3638,4306,905
3638,4307,315
3638,4308,1102
3638,4309,714
3638,4310,2688
3638,4311,1177
3638,4312,38
3638,4323,10
3638,4324,33
3638,4325,11
3638,4330,4
3638,4331,11
3638,4354,6
3638,4355,20
3638,4356,161
3638,4357,97
3638,4358,7
3638,4359,65
3638,4360,47
3638,4406,1
3638,4410,3
3638,4411,52
3638,4412,60
3638,4413,43
3638,4414,73
3638,4415,74
3638,4416,31
3638,4417,11
3638,4418,84
3638,4419,53
3638,4420,2
3638,4421,11
3638,4422,48
3638,4423,15
3638,4424,36
3638,4425,98
3638,4426,195
3638,4427,38
3638,4428,31
3638,4429,7
3638,4443,178
3638,4444,218
3638,4445,603
3638,4446,38
3638,4447,25
3638,4448,23
3638,4449,572
3638,4450,2337
3638,4451,1384
3638,4452,18
3638,4453,122
3638,4454,19
3638,4455,22
3638,4456,220
3638,4457,136
3638,4458,67
3638,4459,47
3638,4460,5
3638,4461,31
3638,4462,18
3638,4463,349
3638,4464,21
3638,4465,116
3638,4466,116
3638,4467,1276
3638,4468,513
3638,4469,152
3638,4470,298
3638,4471,74
3638,4472,889
3638,4473,2322
3638,4474,301
3638,4475,600
3638,4476,1033
3638,4477,478
3638,4478,423
3638,4479,683
3638,4480,722
3638,4482,849
3639,4206,5
3639,4213,75
3639,4214,5
3639,4215,2
3639,4217,10
3639,4218,236
3639,4219,124
3639,4220,19
3639,4221,2
3639,4224,3
3639,4225,4
3639,4226,19
3639,4227,2
3639,4228,9
3639,4229,18
3639,4230,12
3639,4231,8
3639,4232,8
3639,4233,9
3639,4234,5
3639,4235,4
3639,4236,8
3639,4237,8
3639,4238,18
3639,4242,16
3639,4243,217
3639,4244,7
3639,4245,26
3639,4246,6
3639,4247,2
3639,4249,4
3639,4250,15
3639,4251,11
3639,4252,2
3639,4253,11
3639,4254,6
3639,4255,15
3639,4256,4
3639,4257,18
3639,4258,118
3639,4259,29
3639,4260,13
3639,4261,6
3639,4262,10
3639,4263,1
3639,4264,2
3639,4265,29
3639,4266,8
3639,4267,5
3639,4268,11
3639,4269,2
3639,4270,8
3639,4271,5
3639,4272,14
3639,4273,146
3639,4274,4
3639,4275,24
3639,4276,8
3639,4277,7
3639,4278,6
3639,4279,20
3639,4280,15
3639,4281,41
3639,4282,5
3639,4283,2
3639,4284,432
3639,4285,40
3639,4286,17
3639,4287,33
3639,4288,789
3639,4289,525
3639,4290,25
3639,4291,12
3639,4293,17
3639,4294,15
3639,4295,43
3639,4296,14
3639,4297,13
3639,4298,6
3639,4299,30
3639,4300,98
3639,4301,23
3639,4302,45
3639,4303,27
3639,4304,11
3639,4305,36
3639,4306,382
3639,4307,38
3639,4309,14
3639,4310,3328
3639,4311,4950
3639,4312,4084
3639,4313,355
3639,4314,30
3639,4315,420
3639,4316,180
3639,4324,14
3639,4325,37
3639,4326,26
3639,4327,12
3639,4328,3
3639,4330,6
3639,4331,3
3639,4332,22
3639,4333,6
3639,4354,2
3639,4355,47
3639,4356,13
3639,4357,16
3639,4358,50
3639,4359,9
3639,4360,40
3639,4361,21
3639,4411,1
3639,4413,5
3639,4414,50
3639,4415,86
3639,4416,96
3639,4417,34
3639,4418,48
3639,4419,546
3639,4420,952
3639,4421,21
3639,4422,27
3639,4423,5
3639,4424,32
3639,4425,72
3639,4426,77
3639,4427,27
3639,4428,12
3639,4443,15
3639,4444,19
3639,4445,553
3639,4446,222
3639,4447,5
3639,4449,2117
3639,4450,2130
3639,4451,464
3639,4452,33
3639,4453,21
3639,4454,18
3639,4455,4
3639,4456,968
3639,4457,1981
3639,4458,375
3639,4459,68
3639,4460,10
3639,4461,8
3639,4462,492
3639,4463,1958
3639,4464,831
3639,4465,22
3639,4466,53
3639,4467,4
3639,4468,28
3639,4469,59
3639,4470,42
3639,4471,236
3639,4472,2853
3639,4473,1272
3639,4474,344
3639,4475,2
3639,4476,6
3639,4477,126
3639,4478,1118
3639,4479,1257
3639,4480,811
3639,4481,618
3639,4482,188
3640,4206,1
3640,4214,5
3640,4217,23
3640,4218,26
3640,4219,34
3640,4220,9
3640,4228,10
3640,4229,36
3640,4230,5
3640,4231,11
3640,4232,12
3640,4233,15
3640,4234,16
3640,4235,2
3640,4236,6
3640,4237,8
3640,4238,5
3640,4239,5
3640,4240,8
3640,4242,7
3640,4244,8
3640,4245,9
3640,4249,8
3640,4250,12
3640,4251,1
3640,4252,14
3640,4253,7
3640,4254,12
3640,4256,4
3640,4257,6
3640,4258,26
3640,4259,14
3640,4260,2
3640,4261,7
3640,4264,4
3640,4265,17
3640,4267,7
3640,4268,8
3640,4269,9
3640,4270,29
3640,4271,14
3640,4273,17
3640,4274,29
3640,4275,10
3640,4276,8
3640,4277,19
3640,4278,15
3640,4279,10
3640,4280,61
3640,4281,311
3640,4282,16
3640,4283,18
3640,4284,159
3640,4285,32
3640,4286,8
3640,4287,6
3640,4288,187
3640,4289,33
3640,4290,19
3640,4291,19
3640,4292,3
3640,4294,7
3640,4295,63
3640,4296,738
3640,4297,21
3640,4298,20
3640,4299,96
3640,4300,36
3640,4301,43
3640,4302,4
3640,4303,17
3640,4304,4
3640,4305,10
3640,4306,14
3640,4307,2
3640,4308,14
3640,4309,251
3640,4310,2366
3640,4311,5735
3640,4312,2546
3640,4313,4385
3640,4314,1136
3640,4315,2029
3640,4316,749
3640,4318,4
3640,4321,1
3640,4324,1
3640,4325,1
3640,4326,4
3640,4328,2
3640,4330,7
3640,4331,40
3640,4332,32
3640,4355,6
3640,4356,9
3640,4357,26
3640,4358,17
3640,4359,8
3640,4360,6
3640,4361,76
3640,4362,18
3640,4363,2
3640,4395,2
3640,4415,3
3640,4416,107
3640,4417,130
3640,4418,47
3640,4419,90
3640,4420,81
3640,4421,61
3640,4422,16
3640,4423,47
3640,4424,17
3640,4425,42
3640,4426,43
3640,4427,50
3640,4428,4
3640,4444,152
3640,4445,1332
3640,4446,1240
3640,4447,26
3640,4449,1865
3640,4450,1094
3640,4451,50
3640,4452,15
3640,4453,49
3640,4454,86
3640,4455,21
3640,4456,907
3640,4457,1708
3640,4458,109
3640,4459,68
3640,4460,11
3640,4461,40
3640,4462,11
3640,4463,371
3640,4464,254
3640,4465,81
3640,4466,101
3640,4467,489
3640,4468,8
3640,4469,28
3640,4470,102
3640,4471,186
3640,4472,2179
3640,4473,2904
3640,4474,936
3640,4475,479
3640,4476,2
3640,4477,204
3640,4478,341
3640,4479,1535
3640,4480,1423
3640,4481,123
3640,4482,167
3641,4206,5
3641,4207,4
3641,4216,1
3641,4217,4
3641,4218,2
3641,4219,2
3641,4225,2
3641,4226,5
3641,4227,19
3641,4228,14
3641,4229,11
3641,4230,15
3641,4231,6
3641,4232,116
3641,4233,63
3641,4234,11
3641,4235,15
3641,4236,1
3641,4237,5
3641,4238,13
3641,4239,6
3641,4240,14
3641,4241,14
3641,4242,9
3641,4243,8
3641,4244,5
3641,4245,9
3641,4246,1
3641,4247,4
3641,4248,12
3641,4249,9
3641,4250,20
3641,4251,8
3641,4252,8
3641,4253,9
3641,4254,26
3641,4255,1
3641,4256,14
3641,4257,18
3641,4258,9
3641,4259,18
3641,4260,354
3641,4261,4
3641,4262,5
3641,4263,6
3641,4264,14
3641,4265,4
3641,4266,13
3641,4267,7
3641,4268,10
3641,4269,3
3641,4270,8
3641,4271,11
3641,4272,14
3641,4273,6
3641,4274,42
3641,4275,20
3641,4276,16
3641,4277,11
3641,4278,14
3641,4279,3
3641,4280,24
3641,4281,7
3641,4282,9
3641,4283,23
3641,4284,26
3641,4285,18
3641,4286,4
3641,4287,17
3641,4288,32
3641,4289,27
3641,4290,13
3641,4291,17
3641,4292,48
3641,4293,14
3641,4294,41
3641,4295,28
3641,4296,372
3641,4297,32
3641,4298,18
3641,4299,46
3641,4300,48
3641,4301,20
3641,4302,103
3641,4303,17
3641,4304,4
3641,4305,20
3641,4307,3
3641,4308,356
3641,4309,212
3641,4310,1648
3641,4311,648
3641,4312,5
3641,4313,194
3641,4314,35
3641,4315,853
3641,4316,761
3641,4317,20
3641,4318,9
3641,4320,2
3641,4321,16
3641,4322,2
3641,4323,4
3641,4324,40
3641,4328,58
3641,4329,4
3641,4330,28
3641,4331,6
3641,4332,25
3641,4333,1
3641,4358,11
3641,4359,53
3641,4360,16
3641,4361,4
3641,4362,8
3641,4363,12
3641,4392,1
3641,4393,4
3641,4394,11
3641,4395,16
3641,4416,24
3641,4417,56
3641,4418,82
3641,4419,31
3641,4420,21
3641,4421,36
3641,4422,54
3641,4423,67
3641,4424,6
3641,4425,31
3641,4426,31
3641,4427,23
3641,4444,8
3641,4445,15
3641,4446,117
3641,4449,11
3641,4450,676
3641,4451,1251
3641,4452,216
3641,4453,17
3641,4454,12
3641,4455,24
3641,4456,194
3641,4457,627
3641,4458,23
3641,4459,52
3641,4460,112
3641,4461,20
3641,4462,31
3641,4463,29
3641,4464,17
3641,4465,29
3641,4466,670
3641,4467,2149
3641,4468,17
3641,4469,50
3641,4470,158
3641,4471,8
3641,4472,1551
3641,4473,2031
3641,4474,884
3641,4475,55
3641,4476,278
3641,4477,213
3641,4478,71
3641,4479,123
3641,4480,505
3641,4481,1457
3641,4482,47
3642,4206,15
3642,4216,3
3642,4217,46
3642,4218,4
3642,4221,12
3642,4222,2
3642,4223,4
3642,4224,13
3642,4225,2
3642,4228,16
3642,4230,4
3642,4231,15
3642,4232,76
3642,4233,25
3642,4234,7
3642,4235,9
3642,4236,9
3642,4237,13
3642,4238,9
3642,4239,11
3642,4240,5
3642,4241,2
3642,4242,4
3642,4243,6
3642,4244,13
3642,4245,9
3642,4246,1
3642,4247,6
3642,4248,12
3642,4249,25
3642,4250,18
3642,4251,19
3642,4252,20
3642,4253,8
3642,4255,11
3642,4256,2
3642,4257,7
3642,4258,3
3642,4259,11
3642,4260,20
3642,4261,5
3642,4262,11
3642,4263,6
3642,4264,2
3642,4265,15
3642,4266,19
3642,4267,5
3642,4268,2
3642,4269,4
3642,4270,6
3642,4271,7
3642,4272,14
3642,4273,15
3642,4274,10
3642,4275,33
3642,4276,8
3642,4277,48
3642,4278,2
3642,4280,2
3642,4281,11
3642,4282,16
3642,4283,38
3642,4284,10
3642,4285,3
3642,4286,15
3642,4287,13
3642,4288,13
3642,4289,161
3642,4290,14
3642,4291,28
3642,4292,12
3642,4293,477
3642,4294,55
3642,4295,37
3642,4296,40
3642,4297,43
3642,4298,36
3642,4299,60
3642,4300,19
3642,4301,27
3642,4302,21
3642,4303,29
3642,4304,8
3642,4305,7
3642,4307,218
3642,4308,27
3642,4309,5
3642,4310,16
3642,4311,50
3642,4312,27
3642,4313,7
3642,4314,28
3642,4315,53
3642,4316,36
3642,4317,76
3642,4318,244
3642,4319,25
3642,4320,43
3642,4321,119
3642,4322,13
3642,4323,21
3642,4324,18
3642,4325,12
3642,4326,2
3642,4327,3
3642,4328,66
3642,4329,8
3642,4330,18
3642,4331,383
3642,4332,70
3642,4333,6
3642,4358,9
3642,4359,2
3642,4392,152
3642,4393,14
3642,4394,24
3642,4416,1
3642,4417,100
3642,4418,40
3642,4419,14
3642,4420,24
3642,4421,239
3642,4422,28
3642,4423,48
3642,4424,48
3642,4425,174
3642,4426,17
3642,4444,9
3642,4445,38
3642,4446,27
3642,4450,283
3642,4451,48
3642,4452,12
3642,4453,35
3642,4454,26
3642,4455,24
3642,4456,35
3642,4457,78
3642,4458,11
3642,4459,5
3642,4460,443
3642,4461,630
3642,4462,11
3642,4463,35
3642,4464,20
3642,4465,9
3642,4466,1122
3642,4467,2186
3642,4468,1358
3642,4469,173
3642,4470,1276
3642,4472,168
3642,4473,81
3642,4474,293
3642,4475,328
3642,4476,184
3642,4477,924
3642,4478,21
3642,4479,13
3642,4480,756
3642,4481,987
3643,4206,10
3643,4217,11
3643,4218,18
3643,4219,6
3643,4220,14
3643,4221,16
3643,4222,29
3643,4223,32
3643,4224,13
3643,4226,9
3643,4227,38
3643,4228,16
3643,4229,12
3643,4230,5
3643,4231,1
3643,4233,3
3643,4234,6
3643,4235,9
3643,4237,2
3643,4243,2
3643,4244,9
3643,4245,16
3643,4246,2
3643,4247,3
3643,4248,185
3643,4249,63
3643,4251,4
3643,4252,12
3643,4253,19
3643,4254,8
3643,4255,7
3643,4256,12
3643,4257,3
3643,4258,13
3643,4259,9
3643,4261,18
3643,4262,6
3643,4263,4
3643,4264,5
3643,4265,5
3643,4266,2
3643,4268,17
3643,4269,4
3643,4270,4
3643,4271,11
3643,4272,8
3643,4273,6
3643,4274,13
3643,4275,12
3643,4276,19
3643,4277,11
3643,4278,8
3643,4279,3
3643,4282,3
3643,4283,38
3643,4284,3
3643,4285,18
3643,4286,26
3643,4287,9
3643,4288,16
3643,4289,19
3643,4290,18
3643,4291,20
3643,4292,41
3643,4293,25
3643,4294,29
3643,4295,6
3643,4296,43
3643,4297,29
3643,4298,41
3643,4299,78
3643,4300,25
3643,4301,21
3643,4302,38
3643,4303,16
3643,4304,20
3643,4305,418
3643,4306,1284
3643,4307,568
3643,4308,8
3643,4309,16
3643,4310,551
3643,4311,524
3643,4312,15
3643,4313,16
3643,4314,103
3643,4316,4
3643,4317,3
3643,4318,65
3643,4319,18
3643,4320,549
3643,4321,364
3643,4322,13
3643,4323,8
3643,4324,21
3643,4325,60
3643,4326,11
3643,4327,6
3643,4328,37
3643,4329,36
3643,4330,31
3643,4331,214
3643,4332,30
3643,4333,54
3643,4334,8
3643,4358,9
3643,4359,16
3643,4391,12
3643,4392,52
3643,4416,2
3643,4417,73
3643,4418,77
3643,4421,256
3643,4422,174
3643,4423,25
3643,4424,4
3643,4425,114
3643,4444,37
3643,4445,3
3643,4450,123
3643,4451,39
3643,4452,93
3643,4453,13
3643,4454,79
3643,4455,42
3643,4456,14
3643,4457,6
3643,4458,113
3643,4459,61
3643,4460,47
3643,4461,23
3643,4462,18
3643,4463,5
3643,4464,47
3643,4465,111
3643,4466,1339
3643,4467,1632
3643,4468,2355
3643,4469,323
3643,4470,1387
3643,4471,2
3643,4472,7
3643,4473,41
3643,4475,16
3643,4476,59
3643,4477,219
3643,4478,653
3643,4480,482
3643,4481,35
3644,4206,3
3644,4218,25
3644,4219,9
3644,4220,15
3644,4221,87
3644,4222,26
3644,4223,40
3644,4224,12
3644,4225,5
3644,4226,15
3644,4227,126
3644,4228,505
3644,4229,12
3644,4230,4
3644,4231,7
3644,4232,1
3644,4233,23
3644,4234,12
3644,4235,2
3644,4245,8
3644,4246,7
3644,4247,2
3644,4248,9
3644,4249,9
3644,4253,3
3644,4254,6
3644,4256,13
3644,4257,8
3644,4258,2
3644,4259,9
3644,4260,9
3644,4261,10
3644,4262,1
3644,4263,8
3644,4264,9
3644,4265,10
3644,4266,5
3644,4267,11
3644,4268,10
3644,4269,10
3644,4270,4
3644,4271,1
3644,4272,18
3644,4273,15
3644,4274,573
3644,4275,109
3644,4276,14
3644,4277,6
3644,4278,7
3644,4279,17
3644,4280,9
3644,4282,3
3644,4283,3
3644,4284,5
3644,4285,33
3644,4286,18
3644,4287,2
3644,4288,17
3644,4289,7
3644,4290,2
3644,4291,13
3644,4292,10
3644,4293,6
3644,4294,11
3644,4295,2
3644,4296,18
3644,4297,3
3644,4298,23
3644,4299,22
3644,4300,19
3644,4301,5
3644,4302,10
3644,4303,8
3644,4304,30
3644,4305,279
3644,4306,104
3644,4307,10
3644,4308,3
3644,4309,14
3644,4310,1037
3644,4311,846
3644,4312,13
3644,4313,8
3644,4314,34
3644,4315,15
3644,4316,17
3644,4317,8
3644,4318,25
3644,4319,10
3644,4320,44
3644,4321,9
3644,4322,19
3644,4323,54
3644,4324,30
3644,4325,34
3644,4326,16
3644,4327,2
3644,4328,62
3644,4329,79
3644,4330,17
3644,4331,18
3644,4332,48
3644,4333,13
3644,4334,31
3644,4335,1
3644,4358,4
3644,4390,7
3644,4391,20
3644,4392,2
3644,4416,1
3644,4417,40
3644,4418,68
3644,4419,20
3644,4420,31
3644,4421,20
3644,4422,44
3644,4423,35
3644,4424,10
3644,4425,21
3644,4443,11
3644,4446,10
3644,4449,74
3644,4450,35
3644,4451,21
3644,4452,18
3644,4453,45
3644,4454,74
3644,4455,23
3644,4456,27
3644,4457,50
3644,4458,1126
3644,4459,14
3644,4460,9
3644,4461,4
3644,4462,2
3644,4463,330
3644,4464,77
3644,4465,16
3644,4466,2
3644,4467,1010
3644,4468,2073
3644,4471,25
3644,4472,95
3644,4473,15
3644,4474,32
3644,4475,98
3644,4476,886
3644,4477,3282
3644,4478,1914
3644,4479,422
3644,4480,376
3645,4206,4
3645,4220,1
3645,4221,5
3645,4222,5
3645,4223,191
3645,4224,87
3645,4225,23
3645,4226,26
3645,4227,710
3645,4228,1427
3645,4229,339
3645,4232,2
3645,4233,2
3645,4234,6
3645,4244,7
3645,4245,22
3645,4246,10
3645,4247,6
3645,4248,11
3645,4249,2
3645,4250,21
3645,4252,5
3645,4253,4
3645,4254,3
3645,4255,15
3645,4256,9
3645,4257,7
3645,4258,3
3645,4259,7
3645,4260,7
3645,4262,7
3645,4263,14
3645,4264,12
3645,4265,39
3645,4266,11
3645,4267,14
3645,4268,3
3645,4269,6
3645,4270,1
3645,4271,7
3645,4272,8
3645,4273,11
3645,4274,676
3645,4275,44
3645,4276,12
3645,4277,13
3645,4278,82
3645,4279,118
3645,4280,10
3645,4281,5
3645,4282,2
3645,4283,8
3645,4284,11
3645,4285,27
3645,4286,15
3645,4287,5
3645,4288,11
3645,4289,5
3645,4290,16
3645,4291,17
3645,4295,32
3645,4296,7
3645,4297,20
3645,4298,20
3645,4299,22
3645,4300,19
3645,4301,26
3645,4302,7
3645,4303,67
3645,4304,20
3645,4305,11
3645,4306,17
3645,4307,16
3645,4308,40
3645,4309,15
3645,4310,29
3645,4311,133
3645,4312,2
3645,4313,33
3645,4314,15
3645,4315,30
3645,4316,537
3645,4317,14
3645,4318,19
3645,4319,86
3645,4320,31
3645,4321,4
3645,4322,7
3645,4323,38
3645,4324,484
3645,4325,25
3645,4326,39
3645,4327,20
3645,4328,15
3645,4329,67
3645,4330,13
3645,4331,6
3645,4332,10
3645,4333,17
3645,4334,50
3645,4335,14
3645,4336,774
3645,4337,37
3645,4359,6
3645,4361,7
3645,4388,4
3645,4389,11
3645,4390,2
3645,4416,7
3645,4417,51
3645,4418,90
3645,4419,36
3645,4420,186
3645,4421,27
3645,4422,54
3645,4423,123
3645,4424,25
3645,4425,114
3645,4428,6
3645,4429,6
3645,4430,8
3645,4441,6
3645,4442,18
3645,4443,2
3645,4447,1
3645,4449,183
3645,4450,54
3645,4451,4
3645,4453,65
3645,4454,16
3645,4455,150
3645,4456,14
3645,4457,16
3645,4458,31
3645,4459,19
3645,4460,8
3645,4461,19
3645,4462,20
3645,4463,251
3645,4464,17
3645,4465,52
3645,4466,141
3645,4467,20
3645,4468,303
3645,4469,126
3645,4470,2
3645,4471,1
3645,4472,51
3645,4473,20
3645,4474,11
3645,4475,22
3645,4476,1592
3645,4477,2932
3645,4478,1949
3645,4479,1859
3645,4480,155
3646,4206,2
3646,4227,233
3646,4228,634
3646,4229,79
3646,4230,6
3646,4232,8
3646,4233,10
3646,4234,2
3646,4244,8
3646,4245,10
3646,4246,4
3646,4247,6
3646,4248,47
3646,4249,13
3646,4252,5
3646,4253,7
3646,4254,11
3646,4255,5
3646,4256,9
3646,4257,2
3646,4258,10
3646,4259,8
3646,4261,9
3646,4262,13
3646,4263,6
3646,4264,24
3646,4265,32
3646,4266,12
3646,4267,28
3646,4268,15
3646,4269,1
3646,4270,3
3646,4271,28
3646,4273,22
3646,4274,21
3646,4275,11
3646,4276,3
3646,4277,9
3646,4278,26
3646,4279,11
3646,4280,24
3646,4281,7
3646,4283,3
3646,4284,25
3646,4285,12
3646,4286,11
3646,4287,17
3646,4288,18
3646,4289,16
3646,4290,16
3646,4291,23
3646,4292,11
3646,4293,8
3646,4294,7
3646,4295,25
3646,4296,34
3646,4299,5
3646,4300,17
3646,4301,300
3646,4302,11
3646,4303,17
3646,4304,26
3646,4305,4
3646,4306,66
3646,4307,52
3646,4308,32
3646,4309,20
3646,4310,79
3646,4311,745
3646,4312,26
3646,4313,21
3646,4314,20
3646,4315,30
3646,4316,16
3646,4317,31
3646,4318,31
3646,4319,65
3646,4320,105
3646,4321,10
3646,4322,17
3646,4323,10
3646,4324,32
3646,4325,7
3646,4327,5
3646,4328,15
3646,4329,79
3646,4330,329
3646,4331,25
3646,4332,29
3646,4333,9
3646,4334,32
3646,4335,37
3646,4336,760
3646,4337,8
3646,4359,1
3646,4360,3
3646,4388,4
3646,4389,4
3646,4416,4
3646,4417,53
3646,4418,58
3646,4419,39
3646,4420,773
3646,4421,530
3646,4422,25
3646,4423,116
3646,4424,139
3646,4425,252
3646,4426,9
3646,4428,7
3646,4429,21
3646,4430,8
3646,4440,2
3646,4441,55
3646,4442,71
3646,4449,192
3646,4450,114
3646,4451,27
3646,4452,27
3646,4453,20
3646,4454,24
3646,4455,939
3646,4456,495
3646,4457,90
3646,4458,9
3646,4460,23
3646,4461,85
3646,4462,32
3646,4464,3
3646,4465,44
3646,4466,331
3646,4467,590
3646,4468,4
3646,4469,66
3646,4470,101
3646,4471,21
3646,4472,56
3646,4473,41
3646,4474,4
3646,4475,17
3646,4476,1564
3646,4477,2845
3646,4478,382
3646,4479,926
3647,4206,5
3647,4228,13
3647,4232,6
3647,4242,6
3647,4243,10
3647,4244,30
3647,4245,17
3647,4246,4
3647,4247,11
3647,4248,5
3647,4250,4
3647,4251,10
3647,4252,19
3647,4253,7
3647,4254,5
3647,4255,7
3647,4256,3
3647,4257,4
3647,4258,8
3647,4259,6
3647,4260,8
3647,4261,225
3647,4262,15
3647,4263,14
3647,4264,17
3647,4265,13
3647,4266,85
3647,4267,58
3647,4268,11
3647,4269,21
3647,4270,5
3647,4271,3
3647,4272,11
3647,4273,20
3647,4274,17
3647,4275,12
3647,4276,11
3647,4277,8
3647,4278,2
3647,4279,19
3647,4280,5
3647,4282,3
3647,4283,1
3647,4284,19
3647,4285,7
3647,4286,7
3647,4287,9
3647,4288,162
3647,4289,391
3647,4290,16
3647,4292,2
3647,4294,2
3647,4295,7
3647,4296,20
3647,4297,24
3647,4298,2
3647,4299,34
3647,4300,17
3647,4301,419
3647,4302,17
3647,4303,10
3647,4304,6
3647,4305,1
3647,4306,45
3647,4307,12
3647,4308,24
3647,4309,25
3647,4310,13
3647,4311,1420
3647,4312,24
3647,4313,7
3647,4314,42
3647,4315,17
3647,4316,5
3647,4317,18
3647,4318,24
3647,4319,19
3647,4320,16
3647,4321,34
3647,4322,8
3647,4323,12
3647,4324,37
3647,4325,107
3647,4327,8
3647,4328,53
3647,4329,73
3647,4330,267
3647,4331,18
3647,4332,59
3647,4333,63
3647,4334,58
3647,4335,26
3647,4336,36
3647,4337,5
3647,4416,16
3647,4417,38
3647,4418,16
3647,4419,42
3647,4420,31
3647,4421,15
3647,4422,11
3647,4423,73
3647,4424,1026
3647,4425,1688
3647,4426,63
3647,4427,5
3647,4428,6
3647,4429,59
3647,4430,3
3647,4440,96
3647,4441,148
3647,4449,166
3647,4450,84
3647,4451,43
3647,4452,24
3647,4453,19
3647,4454,70
3647,4455,513
3647,4456,699
3647,4457,29
3647,4458,12
3647,4460,1
3647,4461,17
3647,4462,30
3647,4464,592
3647,4466,272
3647,4467,153
3647,4470,23
3647,4471,7
3647,4472,38
3647,4473,38
3647,4474,9
3647,4475,53
3647,4476,3026
3647,4477,2897
3647,4478,1242
3647,4479,120
3648,4205,4
3648,4206,11
3648,4221,2
3648,4224,7
3648,4225,2
3648,4226,213
3648,4227,163
3648,4230,4
3648,4231,1
3648,4232,4
3648,4233,3
3648,4235,2
3648,4241,7
3648,4243,4
3648,4244,376
3648,4245,112
3648,4246,7
3648,4247,2
3648,4248,5
3648,4250,16
3648,4251,6
3648,4252,8
3648,4253,1
3648,4254,134
3648,4256,1
3648,4257,2
3648,4258,10
3648,4259,23
3648,4260,8
3648,4261,71
3648,4262,16
3648,4263,17
3648,4264,22
3648,4265,171
3648,4266,1446
3648,4267,1385
3648,4268,124
3648,4269,28
3648,4270,6
3648,4271,2
3648,4273,6
3648,4274,2
3648,4275,14
3648,4276,6
3648,4277,2
3648,4278,12
3648,4279,20
3648,4280,9
3648,4283,8
3648,4284,2
3648,4285,17
3648,4286,14
3648,4287,25
3648,4288,43
3648,4289,13
3648,4290,23
3648,4291,4
3648,4292,28
3648,4293,25
3648,4294,11
3648,4295,17
3648,4296,27
3648,4297,50
3648,4298,102
3648,4299,20
3648,4300,12
3648,4301,32
3648,4302,41
3648,4303,55
3648,4304,28
3648,4305,11
3648,4307,54
3648,4308,18
3648,4309,26
3648,4310,13
3648,4311,153
3648,4312,56
3648,4313,5
3648,4314,21
3648,4315,12
3648,4316,28
3648,4317,374
3648,4318,585
3648,4319,6
3648,4320,16
3648,4321,9
3648,4322,6
3648,4323,46
3648,4324,28
3648,4325,30
3648,4326,4
3648,4328,6
3648,4329,25
3648,4330,15
3648,4331,45
3648,4332,63
3648,4333,31
3648,4334,250
3648,4335,87
3648,4336,25
3648,4354,3
3648,4355,7
3648,4356,3
3648,4357,2
3648,4415,3
3648,4416,34
3648,4417,29
3648,4418,33
3648,4419,28
3648,4420,25
3648,4421,172
3648,4422,84
3648,4423,115
3648,4424,275
3648,4425,1481
3648,4426,327
3648,4427,123
3648,4428,11
3648,4429,13
3648,4430,10
3648,4440,228
3648,4441,190
3648,4442,36
3648,4443,22
3648,4448,32
3648,4449,380
3648,4450,1624
3648,4451,22
3648,4453,39
3648,4454,3
3648,4455,31
3648,4456,25
3648,4457,23
3648,4458,71
3648,4459,107
3648,4460,40
3648,4461,10
3648,4462,15
3648,4464,948
3648,4465,1323
3648,4466,231
3648,4469,9
3648,4470,33
3648,4471,140
3648,4472,153
3648,4473,143
3648,4474,55
3648,4475,185
3648,4476,1839
3648,4477,1939
3648,4478,396
3649,4205,12
3649,4220,14
3649,4221,6
3649,4224,10
3649,4225,235
3649,4226,1031
3649,4227,1151
3649,4228,475
3649,4229,2
3649,4230,15
3649,4231,8
3649,4232,4
3649,4233,6
3649,4235,2
3649,4239,1
3649,4240,7
3649,4241,2
3649,4242,4
3649,4244,828
3649,4245,124
3649,4246,13
3649,4247,10
3649,4248,2
3649,4249,1
3649,4251,4
3649,4253,7
3649,4254,2
3649,4255,1
3649,4256,10
3649,4257,12
3649,4258,7
3649,4259,13
3649,4260,11
3649,4261,12
3649,4262,10
3649,4264,63
3649,4265,1584
3649,4266,1530
3649,4267,410
3649,4268,106
3649,4269,14
3649,4271,7
3649,4273,4
3649,4274,2
3649,4275,9
3649,4276,9
3649,4277,18
3649,4278,16
3649,4279,10
3649,4280,3
3649,4281,2
3649,4285,9
3649,4286,70
3649,4287,5
3649,4288,18
3649,4289,9
3649,4290,12
3649,4291,23
3649,4292,26
3649,4293,46
3649,4294,18
3649,4295,31
3649,4296,18
3649,4297,58
3649,4298,28
3649,4299,10
3649,4300,11
3649,4301,23
3649,4302,12
3649,4303,12
3649,4304,16
3649,4305,5
3649,4306,14
3649,4307,102
3649,4308,33
3649,4309,13
3649,4310,4
3649,4311,15
3649,4312,12
3649,4313,8
3649,4314,8
3649,4315,108
3649,4316,122
3649,4317,561
3649,4318,825
3649,4319,11
3649,4320,16
3649,4321,10
3649,4322,13
3649,4323,42
3649,4324,2
3649,4325,7
3649,4326,7
3649,4327,12
3649,4328,40
3649,4329,16
3649,4330,13
3649,4331,18
3649,4332,40
3649,4333,61
3649,4334,18
3649,4335,27
3649,4336,38
3649,4337,1
3649,4347,11
3649,4348,65
3649,4349,7
3649,4354,1
3649,4355,18
3649,4356,88
3649,4357,10
3649,4413,2
3649,4414,34
3649,4415,113
3649,4416,61
3649,4417,35
3649,4418,15
3649,4419,15
3649,4421,97
3649,4422,75
3649,4423,38
3649,4424,33
3649,4425,182
3649,4426,143
3649,4427,95
3649,4428,82
3649,4429,53
3649,4430,252
3649,4440,51
3649,4441,88
3649,4442,32
3649,4448,124
3649,4449,35
3649,4450,30
3649,4451,21
3649,4452,55
3649,4453,652
3649,4454,30
3649,4455,20
3649,4456,485
3649,4457,34
3649,4458,6
3649,4459,54
3649,4460,102
3649,4461,94
3649,4462,6
3649,4463,136
3649,4464,2681
3649,4465,3440
3649,4466,1088
3649,4467,2005
3649,4468,9
3649,4469,20
3649,4470,14
3649,4471,13
3649,4472,45
3649,4473,43
3649,4474,23
3649,4475,161
3649,4476,12
3649,4477,74
3649,4478,14
3650,4205,6
3650,4219,12
3650,4220,25
3650,4221,25
3650,4222,4
3650,4223,16
3650,4224,6
3650,4225,81
3650,4226,1991
3650,4227,1912
3650,4228,292
3650,4229,7
3650,4230,14
3650,4231,10
3650,4232,15
3650,4233,8
3650,4234,2
3650,4235,4
3650,4236,153
3650,4237,7
3650,4238,6
3650,4239,12
3650,4240,4
3650,4241,4
3650,4242,9
3650,4244,25
3650,4245,17
3650,4246,4
3650,4247,8
3650,4248,11
3650,4249,2
3650,4250,5
3650,4251,2
3650,4252,2
3650,4253,4
3650,4254,7
3650,4255,5
3650,4256,4
3650,4257,6
3650,4259,4
3650,4260,16
3650,4262,21
3650,4263,7
3650,4264,174
3650,4265,274
3650,4266,6
3650,4267,7
3650,4268,4
3650,4269,3
3650,4270,9
3650,4271,4
3650,4272,7
3650,4273,1
3650,4274,6
3650,4275,12
3650,4276,12
3650,4277,39
3650,4278,6
3650,4279,2
3650,4280,2
3650,4281,17
3650,4282,163
3650,4283,172
3650,4284,11
3650,4285,12
3650,4286,14
3650,4287,13
3650,4288,19
3650,4289,22
3650,4291,7
3650,4292,34
3650,4293,22
3650,4294,34
3650,4295,65
3650,4296,68
3650,4297,45
3650,4298,9
3650,4299,27
3650,4300,9
3650,4301,7
3650,4302,11
3650,4303,42
3650,4304,9
3650,4305,318
3650,4306,16
3650,4307,57
3650,4308,26
3650,4309,36
3650,4310,15
3650,4311,12
3650,4312,46
3650,4313,13
3650,4314,18
3650,4315,8
3650,4316,13
3650,4318,9
3650,4319,84
3650,4320,64
3650,4321,2
3650,4322,18
3650,4323,6
3650,4324,14
3650,4325,19
3650,4326,5
3650,4327,72
3650,4328,1
3650,4330,6
3650,4331,18
3650,4332,217
3650,4333,30
3650,4334,83
3650,4335,3
3650,4336,54
3650,4337,37
3650,4346,7
3650,4347,6
3650,4355,64
3650,4356,11
3650,4407,2
3650,4408,3
3650,4409,9
3650,4410,11
3650,4411,15
3650,4412,20
3650,4413,23
3650,4414,40
3650,4415,26
3650,4416,24
3650,4419,50
3650,4420,75
3650,4421,32
3650,4425,2
3650,4427,9
3650,4428,15
3650,4429,124
3650,4430,586
3650,4431,132
3650,4436,2
3650,4437,933
3650,4438,643
3650,4439,119
3650,4447,87
3650,4448,565
3650,4449,122
3650,4450,15
3650,4452,10
3650,4453,166
3650,4454,47
3650,4455,51
3650,4456,159
3650,4457,52
3650,4458,133
3650,4459,54
3650,4460,19
3650,4461,874
3650,4462,1922
3650,4463,2848
3650,4464,1957
3650,4465,1953
3650,4466,2714
3650,4467,2144
3650,4468,429
3650,4469,12
3650,4470,3
3650,4471,7
3650,4472,12
3650,4473,45
3650,4474,15
3650,4475,4
3650,4476,1168
3650,4477,2651
3650,4478,335
3651,4205,6
3651,4219,83
3651,4220,26
3651,4221,20
3651,4222,5
3651,4223,9
3651,4225,33
3651,4226,210
3651,4227,138
3651,4228,4
3651,4229,10
3651,4230,2
3651,4231,7
3651,4233,17
3651,4234,22
3651,4235,138
3651,4236,479
3651,4237,83
3651,4238,8
3651,4239,4
3651,4240,8
3651,4241,4
3651,4243,19
3651,4244,21
3651,4245,17
3651,4246,8
3651,4247,9
3651,4248,2
3651,4249,21
3651,4250,2
3651,4254,1
3651,4257,8
3651,4258,8
3651,4259,4
3651,4261,9
3651,4262,11
3651,4263,7
3651,4264,17
3651,4265,29
3651,4266,6
3651,4267,12
3651,4268,6
3651,4269,3
3651,4270,8
3651,4274,7
3651,4275,5
3651,4276,17
3651,4277,11
3651,4278,9
3651,4279,8
3651,4280,6
3651,4281,31
3651,4282,884
3651,4283,567
3651,4284,5
3651,4285,9
3651,4286,8
3651,4287,5
3651,4289,4
3651,4290,11
3651,4291,21
3651,4292,20
3651,4293,8
3651,4294,8
3651,4295,134
3651,4296,1200
3651,4297,246
3651,4298,34
3651,4299,13
3651,4300,113
3651,4301,4
3651,4302,40
3651,4303,167
3651,4304,33
3651,4305,1427
3651,4306,95
3651,4307,30
3651,4308,16
3651,4309,16
3651,4310,24
3651,4311,25
3651,4312,13
3651,4313,269
3651,4314,21
3651,4315,32
3651,4316,8
3651,4317,2
3651,4318,15
3651,4319,130
3651,4320,3
3651,4321,82
3651,4322,13
3651,4323,20
3651,4324,15
3651,4325,19
3651,4326,22
3651,4327,30
3651,4328,38
3651,4329,811
3651,4330,1666
3651,4331,352
3651,4332,36
3651,4333,28
3651,4334,2
3651,4335,13
3651,4336,45
3651,4337,20
3651,4353,1
3651,4354,1
3651,4355,172
3651,4356,3
3651,4405,3
3651,4406,60
3651,4407,65
3651,4408,69
3651,4409,25
3651,4410,42
3651,4411,39
3651,4412,62
3651,4413,14
3651,4419,11
3651,4420,101
3651,4429,9
3651,4430,22
3651,4431,43
3651,4432,16
3651,4436,536
3651,4437,1219
3651,4438,332
3651,4439,18
3651,4440,19
3651,4441,10
3651,4447,475
3651,4448,1453
3651,4449,45
3651,4454,37
3651,4455,10
3651,4456,10
3651,4457,39
3651,4458,19
3651,4459,30
3651,4460,39
3651,4461,227
3651,4462,1903
3651,4463,1161
3651,4464,375
3651,4465,511
3651,4466,498
3651,4467,898
3651,4468,48
3651,4469,82
3651,4470,48
3651,4471,33
3651,4472,155
3651,4473,18
3651,4474,11
3651,4476,919
3651,4477,2992
3651,4478,317
3651,4479,56
3652,4204,6
3652,4205,4
3652,4218,66
3652,4219,224
3652,4220,16
3652,4221,13
3652,4222,2
3652,4223,5
3652,4224,8
3652,4225,32
3652,4226,7
3652,4227,15
3652,4229,10
3652,4230,11
3652,4231,10
3652,4232,16
3652,4233,4
3652,4234,33
3652,4235,18
3652,4236,27
3652,4237,25
3652,4238,9
3652,4239,5
3652,4240,11
3652,4241,9
3652,4242,1
3652,4243,3
3652,4244,11
3652,4245,8
3652,4246,10
3652,4247,10
3652,4248,3
3652,4249,13
3652,4250,24
3652,4251,11
3652,4252,50
3652,4255,4
3652,4256,6
3652,4257,5
3652,4258,2
3652,4261,5
3652,4262,5
3652,4263,5
3652,4264,4
3652,4265,11
3652,4266,4
3652,4267,7
3652,4268,17
3652,4269,5
3652,4270,22
3652,4271,19
3652,4272,4
3652,4273,10
3652,4274,17
3652,4275,6
3652,4276,11
3652,4277,9
3652,4278,11
3652,4279,53
3652,4280,15
3652,4281,11
3652,4282,7
3652,4283,76
3652,4284,18
3652,4285,18
3652,4286,11
3652,4287,11
3652,4288,12
3652,4289,8
3652,4290,13
3652,4291,17
3652,4292,99
3652,4293,7
3652,4294,111
3652,4295,38
3652,4296,1226
3652,4297,634
3652,4298,14
3652,4299,96
3652,4300,47
3652,4301,42
3652,4302,20
3652,4303,29
3652,4304,66
3652,4305,418
3652,4306,22
3652,4307,8
3652,4308,13
3652,4309,9
3652,4310,30
3652,4311,153
3652,4312,9
3652,4313,381
3652,4314,33
3652,4315,42
3652,4316,3
3652,4317,48
3652,4318,23
3652,4319,3
3652,4320,8
3652,4321,18
3652,4322,16
3652,4323,29
3652,4324,151
3652,4325,20
3652,4326,29
3652,4327,5
3652,4328,1131
3652,4329,1811
3652,4330,2819
3652,4331,1414
3652,4332,66
3652,4333,107
3652,4334,9
3652,4335,588
3652,4336,97
3652,4354,2
3652,4355,5
3652,4356,3
3652,4403,12
3652,4404,9
3652,4405,68
3652,4406,524
3652,4407,2
3652,4430,11
3652,4431,10
3652,4432,8
3652,4436,1018
3652,4437,1710
3652,4438,585
3652,4439,77
3652,4440,28
3652,4441,8
3652,4442,19
3652,4443,12
3652,4447,994
3652,4448,176
3652,4449,45
3652,4450,7
3652,4456,19
3652,4457,102
3652,4458,53
3652,4459,43
3652,4460,1075
3652,4461,322
3652,4462,693
3652,4463,324
3652,4464,21
3652,4465,33
3652,4467,1
3652,4468,44
3652,4469,23
3652,4470,7
3652,4471,27
3652,4472,26
3652,4473,25
3652,4474,29
3652,4475,62
3652,4476,16
3652,4477,185
3652,4478,1334
3652,4479,702
3653,4204,10
3653,4218,17
3653,4219,8
3653,4222,7
3653,4223,14
3653,4224,10
3653,4225,26
3653,4226,20
3653,4227,21
3653,4228,10
3653,4229,17
3653,4230,42
3653,4231,30
3653,4232,8
3653,4233,16
3653,4234,16
3653,4235,15
3653,4236,20
3653,4237,11
3653,4238,4
3653,4239,10
3653,4240,12
3653,4241,9
3653,4242,10
3653,4243,22
3653,4244,12
3653,4245,8
3653,4246,8
3653,4247,11
3653,4248,3
3653,4249,7
3653,4250,11
3653,4251,96
3653,4252,184
3653,4253,4
3653,4258,1
3653,4260,5
3653,4261,10
3653,4262,4
3653,4263,7
3653,4264,2
3653,4267,4
3653,4268,12
3653,4269,5
3653,4270,2
3653,4271,19
3653,4272,3
3653,4273,13
3653,4274,2
3653,4275,12
3653,4276,1105
3653,4277,504
3653,4278,13
3653,4279,14
3653,4280,13
3653,4281,12
3653,4282,13
3653,4283,18
3653,4284,2
3653,4285,54
3653,4286,11
3653,4287,6
3653,4288,5
3653,4289,9
3653,4290,19
3653,4291,15
3653,4292,120
3653,4293,16
3653,4294,19
3653,4295,31
3653,4296,208
3653,4297,49
3653,4298,31
3653,4299,74
3653,4300,44
3653,4301,5
3653,4302,24
3653,4303,24
3653,4304,16
3653,4305,6
3653,4306,16
3653,4307,54
3653,4308,14
3653,4309,78
3653,4310,15
3653,4311,23
3653,4312,9
3653,4313,17
3653,4314,31
3653,4315,45
3653,4316,37
3653,4317,141
3653,4318,7
3653,4320,4
3653,4321,34
3653,4322,136
3653,4323,29
3653,4324,65
3653,4325,7
3653,4326,33
3653,4327,19
3653,4328,358
3653,4329,810
3653,4330,546
3653,4331,763
3653,4332,5
3653,4333,6
3653,4334,14
3653,4335,249
3653,4336,76
3653,4354,1
3653,4355,6
3653,4356,2
3653,4401,7
3653,4402,42
3653,4403,97
3653,4404,26
3653,4405,22
3653,4436,512
3653,4437,926
3653,4438,36
3653,4439,20
3653,4440,40
3653,4441,20
3653,4442,12
3653,4443,13
3653,4444,104
3653,4445,538
3653,4446,81
3653,4447,2558
3653,4448,885
3653,4449,77
3653,4450,21
3653,4457,8
3653,4458,7
3653,4459,20
3653,4460,446
3653,4461,47
3653,4463,664
3653,4464,440
3653,4465,24
3653,4467,23
3653,4468,29
3653,4469,42
3653,4470,50
3653,4471,618
3653,4472,586
3653,4473,32
3653,4474,49
3653,4475,21
3653,4476,39
3653,4477,910
3653,4478,3446
3653,4479,1423
3654,4204,104
3654,4217,28
3654,4218,4
3654,4219,12
3654,4220,3
3654,4221,11
3654,4222,9
3654,4224,22
3654,4225,13
3654,4226,18
3654,4227,19
3654,4228,20
3654,4229,28
3654,4230,153
3654,4231,16
3654,4232,5
3654,4233,123
3654,4234,18
3654,4235,15
3654,4236,7
3654,4237,8
3654,4238,3
3654,4239,13
3654,4240,7
3654,4241,59
3654,4242,373
3654,4243,14
3654,4244,15
3654,4245,10
3654,4246,4
3654,4247,15
3654,4248,25
3654,4249,4
3654,4250,4
3654,4251,20
3654,4252,6
3654,4254,2
3654,4256,1
3654,4257,8
3654,4258,8
3654,4259,6
3654,4260,6
3654,4263,2
3654,4264,8
3654,4265,18
3654,4268,2
3654,4269,2
3654,4270,2
3654,4271,11
3654,4272,5
3654,4274,8
3654,4275,12
3654,4276,29
3654,4277,76
3654,4278,12
3654,4279,20
3654,4280,5
3654,4281,7
3654,4282,16
3654,4283,9
3654,4284,3
3654,4285,10
3654,4286,10
3654,4289,15
3654,4290,28
3654,4291,6
3654,4292,6
3654,4293,15
3654,4294,24
3654,4295,47
3654,4296,19
3654,4297,43
3654,4298,25
3654,4299,18
3654,4300,9
3654,4301,12
3654,4302,6
3654,4303,76
3654,4304,23
3654,4305,6
3654,4306,30
3654,4307,10
3654,4308,13
3654,4309,11
3654,4310,23
3654,4311,13
3654,4313,40
3654,4314,27
3654,4315,17
3654,4316,110
3654,4317,199
3654,4318,13
3654,4319,8
3654,4320,19
3654,4321,22
3654,4322,40
3654,4323,22
3654,4324,2
3654,4325,3
3654,4326,32
3654,4327,17
3654,4328,80
3654,4329,50
3654,4330,28
3654,4331,9
3654,4332,54
3654,4333,65
3654,4334,90
3654,4335,16
3654,4336,145
3654,4355,1
3654,4401,49
3654,4402,38
3654,4437,39
3654,4438,45
3654,4439,44
3654,4440,30
3654,4441,50
3654,4442,133
3654,4443,19
3654,4444,237
3654,4445,35
3654,4446,1186
3654,4447,1529
3654,4448,6
3654,4450,89
3654,4456,181
3654,4457,15
3654,4458,2
3654,4459,6
3654,4460,183
3654,4461,72
3654,4462,7
3654,4466,16
3654,4467,795
3654,4468,105
3654,4469,515
3654,4470,426
3654,4471,2440
3654,4472,1677
3654,4473,47
3654,4474,78
3654,4475,28
3654,4476,13
3654,4477,256
3654,4478,562
3654,4479,634
3655,4203,8
3655,4204,116
3655,4216,17
3655,4217,11
3655,4218,1
3655,4220,6
3655,4221,28
3655,4222,17
3655,4223,2
3655,4225,13
3655,4226,10
3655,4227,18
3655,4228,19
3655,4229,3
3655,4230,17
3655,4231,12
3655,4232,7
3655,4233,15
3655,4234,22
3655,4235,13
3655,4236,15
3655,4237,13
3655,4238,10
3655,4239,13
3655,4240,10
3655,4241,19
3655,4242,204
3655,4243,19
3655,4244,12
3655,4245,15
3655,4246,19
3655,4247,14
3655,4248,9
3655,4249,11
3655,4250,13
3655,4251,14
3655,4252,4
3655,4254,9
3655,4255,8
3655,4256,7
3655,4257,4
3655,4258,13
3655,4259,9
3655,4260,2
3655,4261,7
3655,4262,9
3655,4264,2
3655,4265,15
3655,4266,6
3655,4267,12
3655,4268,4
3655,4270,2
3655,4271,3
3655,4272,11
3655,4273,6
3655,4274,18
3655,4275,10
3655,4276,6
3655,4277,22
3655,4278,12
3655,4279,12
3655,4280,14
3655,4282,15
3655,4285,12
3655,4287,4
3655,4289,5
3655,4290,3
3655,4291,14
3655,4292,16
3655,4293,9
3655,4294,27
3655,4295,21
3655,4296,29
3655,4297,13
3655,4298,17
3655,4299,6
3655,4300,8
3655,4301,8
3655,4302,13
3655,4303,2
3655,4304,17
3655,4305,34
3655,4306,200
3655,4307,4
3655,4308,6
3655,4309,5
3655,4310,21
3655,4311,9
3655,4312,21
3655,4313,24
3655,4314,19
3655,4315,3
3655,4316,9
3655,4317,35
3655,4318,8
3655,4319,4
3655,4320,15
3655,4321,21
3655,4322,24
3655,4323,35
3655,4324,65
3655,4325,2
3655,4326,14
3655,4327,32
3655,4328,8
3655,4329,14
3655,4330,33
3655,4331,41
3655,4332,59
3655,4333,8
3655,4334,8
3655,4337,11
3655,4401,10
3655,4438,3
3655,4439,51
3655,4440,31
3655,4441,21
3655,4442,250
3655,4443,75
3655,4444,169
3655,4445,83
3655,4446,1495
3655,4447,975
3655,4448,15
3655,4449,2
3655,4450,12
3655,4451,4
3655,4455,34
3655,4456,117
3655,4457,36
3655,4458,45
3655,4459,36
3655,4460,41
3655,4461,37
3655,4467,992
3655,4468,19
3655,4469,22
3655,4470,887
3655,4471,1038
3655,4472,217
3655,4473,33
3655,4474,50
3655,4475,55
3655,4476,62
3655,4477,57
3655,4478,28
3655,4479,507
3655,4480,477
3656,4203,120
3656,4204,398
3656,4215,20
3656,4216,17
3656,4217,2
3656,4222,124
3656,4224,2
3656,4226,7
3656,4227,23
3656,4228,21
3656,4229,9
3656,4230,5
3656,4231,27
3656,4232,9
3656,4233,288
3656,4234,24
3656,4235,10
3656,4236,8
3656,4237,8
3656,4238,12
3656,4239,13
3656,4240,13
3656,4241,4
3656,4242,5
3656,4244,2
3656,4246,13
3656,4247,19
3656,4248,58
3656,4249,32
3656,4250,1
3656,4251,9
3656,4252,7
3656,4253,8
3656,4254,4
3656,4255,13
3656,4256,21
3656,4257,183
3656,4258,38
3656,4260,5
3656,4261,1
3656,4263,3
3656,4264,2
3656,4265,357
3656,4266,18
3656,4267,1
3656,4271,2
3656,4272,3
3656,4273,9
3656,4274,37
3656,4275,5
3656,4276,9
3656,4277,21
3656,4278,12
3656,4279,6
3656,4280,54
3656,4281,22
3656,4282,42
3656,4287,3
3656,4288,24
3656,4289,9
3656,4290,5
3656,4291,10
3656,4292,4
3656,4293,9
3656,4294,39
3656,4295,14
3656,4296,26
3656,4297,15
3656,4298,25
3656,4299,6
3656,4300,15
3656,4301,90
3656,4302,128
3656,4303,13
3656,4304,23
3656,4305,11
3656,4306,2
3656,4307,17
3656,4308,17
3656,4309,14
3656,4310,2
3656,4311,103
3656,4312,8
3656,4313,6
3656,4317,6
3656,4318,10
3656,4319,27
3656,4320,20
3656,4321,29
3656,4323,38
3656,4324,45
3656,4325,67
3656,4326,17
3656,4327,15
3656,4328,31
3656,4329,16
3656,4330,19
3656,4331,26
3656,4332,14
3656,4333,7
3656,4334,4
3656,4336,2
3656,4337,31
3656,4440,16
3656,4441,73
3656,4442,37
3656,4443,347
3656,4444,364
3656,4445,83
3656,4446,453
3656,4447,190
3656,4448,47
3656,4454,10
3656,4455,120
3656,4456,12
3656,4457,671
3656,4458,444
3656,4459,61
3656,4460,34
3656,4461,25
3656,4462,85
3656,4463,11
3656,4467,159
3656,4470,596
3656,4471,438
3656,4472,75
3656,4473,77
3656,4474,54
3656,4475,39
3656,4476,463
3656,4477,393
3656,4478,852
3656,4479,2931
3656,4480,1625
3657,4203,55
3657,4204,422
3657,4217,2
3657,4218,7
3657,4220,7
3657,4221,19
3657,4222,9
3657,4223,3
3657,4226,10
3657,4227,22
3657,4228,8
3657,4229,22
3657,4230,4
3657,4231,21
3657,4232,13
3657,4233,23
3657,4234,22
3657,4235,9
3657,4236,49
3657,4237,16
3657,4238,7
3657,4240,8
3657,4241,4
3657,4243,7
3657,4245,3
3657,4246,12
3657,4247,11
3657,4248,19
3657,4249,33
3657,4250,8
3657,4251,22
3657,4252,6
3657,4253,2
3657,4254,7
3657,4255,4
3657,4256,6
3657,4257,159
3657,4258,284
3657,4259,6
3657,4260,8
3657,4261,11
3657,4264,3
3657,4265,9
3657,4266,4
3657,4272,3
3657,4273,12
3657,4274,18
3657,4275,17
3657,4276,11
3657,4277,10
3657,4278,12
3657,4279,8
3657,4280,279
3657,4281,16
3657,4283,7
3657,4284,2
3657,4285,8
3657,4287,6
3657,4288,8
3657,4289,1
3657,4290,451
3657,4291,598
3657,4292,12
3657,4293,78
3657,4294,62
3657,4295,11
3657,4296,18
3657,4297,18
3657,4298,452
3657,4299,14
3657,4300,7
3657,4301,30
3657,4302,7
3657,4303,54
3657,4304,531
3657,4305,66
3657,4306,49
3657,4307,16
3657,4308,23
3657,4309,9
3657,4310,26
3657,4311,11
3657,4312,4
3657,4313,21
3657,4314,197
3657,4315,7
3657,4316,6
3657,4318,6
3657,4319,20
3657,4320,37
3657,4321,51
3657,4322,4
3657,4323,90
3657,4324,27
3657,4325,72
3657,4326,27
3657,4327,37
3657,4328,52
3657,4329,42
3657,4330,16
3657,4331,2
3657,4332,35
3657,4333,23
3657,4334,38
3657,4335,6
3657,4337,208
3657,4338,40
3657,4441,5
3657,4442,44
3657,4443,99
3657,4444,697
3657,4445,947
3657,4446,301
3657,4447,36
3657,4448,109
3657,4449,77
3657,4452,541
3657,4453,317
3657,4454,67
3657,4455,23
3657,4456,52
3657,4457,330
3657,4458,142
3657,4459,35
3657,4460,19
3657,4461,23
3657,4462,219
3657,4463,115
3657,4464,1
3657,4467,1
3657,4470,57
3657,4471,32
3657,4472,24
3657,4473,34
3657,4475,21
3657,4476,184
3657,4477,102
3657,4478,75
3657,4479,2732
3657,4480,1484
3657,4481,164
3658,4203,963
3658,4204,270
3658,4217,5
3658,4218,7
3658,4219,8
3658,4220,46
3658,4221,16
3658,4222,29
3658,4223,4
3658,4225,8
3658,4226,9
3658,4227,138
3658,4228,16
3658,4229,244
3658,4230,142
3658,4231,11
3658,4232,17
3658,4233,17
3658,4234,19
3658,4235,5
3658,4236,13
3658,4237,24
3658,4241,2
3658,4242,5
3658,4243,3
3658,4244,4
3658,4246,11
3658,4247,15
3658,4248,4
3658,4249,123
3658,4250,15
3658,4251,16
3658,4252,3
3658,4253,8
3658,4257,2
3658,4258,2
3658,4259,2
3658,4260,6
3658,4264,2
3658,4265,8
3658,4266,7
3658,4267,1
3658,4272,3
3658,4273,6
3658,4274,16
3658,4275,5
3658,4276,4
3658,4277,45
3658,4278,70
3658,4279,8
3658,4280,11
3658,4281,10
3658,4282,9
3658,4284,9
3658,4286,4
3658,4287,9
3658,4288,2
3658,4289,18
3658,4290,264
3658,4291,297
3658,4292,17
3658,4293,12
3658,4294,29
3658,4295,7
3658,4296,19
3658,4297,7
3658,4298,4
3658,4299,18
3658,4300,17
3658,4301,4
3658,4302,14
3658,4303,10
3658,4304,45
3658,4305,9
3658,4306,15
3658,4308,4
3658,4310,8
3658,4311,46
3658,4312,11
3658,4313,215
3658,4314,815
3658,4315,189
3658,4316,1894
3658,4317,126
3658,4318,144
3658,4319,122
3658,4320,123
3658,4321,32
3658,4322,195
3658,4323,790
3658,4324,18
3658,4325,62
3658,4326,37
3658,4327,109
3658,4328,84
3658,4329,41
3658,4330,54
3658,4331,19
3658,4332,1345
3658,4333,137
3658,4334,29
3658,4335,113
3658,4336,27
3658,4337,135
3658,4442,1
3658,4443,217
3658,4444,33
3658,4446,4
3658,4447,68
3658,4448,123
3658,4449,94
3658,4450,21
3658,4451,109
3658,4452,420
3658,4453,428
3658,4454,42
3658,4455,386
3658,4456,250
3658,4457,225
3658,4458,621
3658,4459,362
3658,4460,38
3658,4461,28
3658,4462,31
3658,4467,2
3658,4468,1
3658,4472,26
3658,4473,18
3658,4474,16
3658,4475,18
3658,4476,1
3658,4477,22
3658,4478,23
3658,4479,1069
3658,4480,96
3658,4481,682
3658,4482,255
3659,4203,528
3659,4204,24
3659,4216,6
3659,4217,21
3659,4218,22
3659,4219,63
3659,4220,981
3659,4221,29
3659,4222,25
3659,4223,1
3659,4226,16
3659,4227,11
3659,4228,31
3659,4229,21
3659,4230,27
3659,4231,13
3659,4232,12
3659,4233,16
3659,4234,22
3659,4235,8
3659,4236,22
3659,4237,1
3659,4238,5
3659,4239,1
3659,4240,29
3659,4241,11
3659,4242,4
3659,4243,2
3659,4244,20
3659,4245,2
3659,4246,9
3659,4247,23
3659,4248,502
3659,4249,1418
3659,4250,216
3659,4251,5
3659,4252,12
3659,4253,4
3659,4254,4
3659,4255,3
3659,4257,3
3659,4259,14
3659,4260,5
3659,4261,3
3659,4264,21
3659,4265,34
3659,4266,11
3659,4267,4
3659,4268,9
3659,4272,1
3659,4273,12
3659,4274,4
3659,4275,16
3659,4276,8
3659,4277,99
3659,4278,139
3659,4279,15
3659,4280,2
3659,4281,3
3659,4282,1
3659,4283,11
3659,4284,5
3659,4285,3
3659,4286,175
3659,4287,10
3659,4288,6
3659,4289,5
3659,4290,22
3659,4291,7
3659,4294,1
3659,4296,82
3659,4297,13
3659,4298,2
3659,4299,7
3659,4300,19
3659,4301,2
3659,4302,7
3659,4311,20
3659,4312,14
3659,4313,17
3659,4314,993
3659,4315,1480
3659,4316,2499
3659,4317,995
3659,4318,1767
3659,4319,290
3659,4320,54
3659,4321,31
3659,4322,38
3659,4323,8
3659,4324,38
3659,4325,666
3659,4326,1758
3659,4327,898
3659,4328,40
3659,4329,12
3659,4330,11
3659,4331,34
3659,4332,620
3659,4333,1970
3659,4334,51
3659,4335,73
3659,4336,39
3659,4337,119
3659,4448,18
3659,4449,70
3659,4450,32
3659,4451,94
3659,4452,10
3659,4453,36
3659,4454,38
3659,4455,51
3659,4456,565
3659,4457,2191
3659,4458,1490
3659,4459,36
3659,4460,14
3659,4461,60
3659,4462,152
3659,4463,7
3659,4464,2
3659,4468,6
3659,4471,9
3659,4472,52
3659,4473,306
3659,4474,99
3659,4475,22
3659,4476,40
3659,4477,33
3659,4478,77
3659,4479,8
3659,4480,602
3659,4481,2453
3659,4482,2043
3659,4483,159
3660,4203,22
3660,4215,7
3660,4216,23
3660,4217,19
3660,4219,8
3660,4220,250
3660,4221,21
3660,4222,8
3660,4223,41
3660,4224,8
3660,4225,2
3660,4226,4
3660,4227,7
3660,4228,12
3660,4229,8
3660,4230,14
3660,4231,8
3660,4232,12
3660,4233,7
3660,4234,51
3660,4235,35
3660,4236,31
3660,4237,9
3660,4238,21
3660,4239,23
3660,4240,6
3660,4241,5
3660,4242,10
3660,4243,22
3660,4244,9
3660,4245,18
3660,4246,4
3660,4247,17
3660,4248,21
3660,4249,38
3660,4250,406
3660,4251,5
3660,4256,1
3660,4257,2
3660,4258,9
3660,4259,2
3660,4260,6
3660,4261,5
3660,4263,2
3660,4264,2
3660,4265,18
3660,4266,17
3660,4267,13
3660,4268,9
3660,4269,3
3660,4272,5
3660,4273,5
3660,4274,6
3660,4275,9
3660,4277,11
3660,4278,1
3660,4279,4
3660,4280,7
3660,4281,6
3660,4282,2
3660,4286,3
3660,4288,7
3660,4289,5
3660,4290,4
3660,4291,86
3660,4292,19
3660,4294,9
3660,4295,11
3660,4296,4
3660,4297,2
3660,4298,9
3660,4299,6
3660,4300,1
3660,4301,3
3660,4302,3
3660,4303,5
3660,4304,18
3660,4305,12
3660,4308,41
3660,4309,7
3660,4310,8
3660,4311,211
3660,4312,6
3660,4313,8
3660,4314,30
3660,4315,87
3660,4316,1779
3660,4317,1314
3660,4318,802
3660,4319,526
3660,4320,655
3660,4321,38
3660,4322,11
3660,4323,168
3660,4324,15
3660,4325,42
3660,4326,656
3660,4327,455
3660,4328,18
3660,4329,9
3660,4330,18
3660,4331,24
3660,4332,215
3660,4333,492
3660,4334,77
3660,4335,62
3660,4336,76
3660,4337,57
3660,4451,6
3660,4452,22
3660,4453,52
3660,4454,30
3660,4455,44
3660,4456,31
3660,4457,301
3660,4458,1508
3660,4459,580
3660,4460,19
3660,4461,28
3660,4462,28
3660,4463,188
3660,4464,54
3660,4465,3
3660,4467,3
3660,4468,2
3660,4471,14
3660,4472,25
3660,4473,205
3660,4474,235
3660,4477,47
3660,4478,267
3660,4479,56
3660,4480,123
3660,4481,1917
3660,4482,3649
3660,4483,893
3661,4203,16
3661,4215,32
3661,4216,13
3661,4217,10
3661,4219,2
3661,4220,14
3661,4221,17
3661,4222,14
3661,4223,2
3661,4224,13
3661,4225,5
3661,4226,7
3661,4227,16
3661,4228,1
3661,4229,1
3661,4230,8
3661,4231,24
3661,4232,10
3661,4233,25
3661,4234,6
3661,4235,45
3661,4236,32
3661,4237,8
3661,4238,6
3661,4239,57
3661,4240,25
3661,4241,4
3661,4242,12
3661,4243,20
3661,4244,7
3661,4245,12
3661,4246,7
3661,4247,2
3661,4248,2
3661,4249,4
3661,4250,22
3661,4251,21
3661,4257,13
3661,4258,14
3661,4260,2
3661,4261,2
3661,4262,2
3661,4264,8
3661,4265,9
3661,4266,8
3661,4267,4
3661,4274,3
3661,4275,13
3661,4277,6
3661,4280,11
3661,4281,3
3661,4282,29
3661,4285,2
3661,4288,1
3661,4289,10
3661,4290,11
3661,4291,6
3661,4292,10
3661,4294,15
3661,4295,4
3661,4296,6
3661,4297,1
3661,4301,11
3661,4302,15
3661,4303,21
3661,4304,15
3661,4305,7
3661,4306,5
3661,4307,11
3661,4308,50
3661,4309,5
3661,4310,11
3661,4311,66
3661,4312,52
3661,4313,28
3661,4315,24
3661,4317,12
3661,4318,17
3661,4319,753
3661,4320,1384
3661,4321,12
3661,4322,39
3661,4324,9
3661,4325,12
3661,4326,51
3661,4327,52
3661,4328,26
3661,4329,12
3661,4330,404
3661,4331,834
3661,4333,1491
3661,4334,1652
3661,4335,10
3661,4336,49
3661,4451,2
3661,4452,20
3661,4453,2
3661,4454,34
3661,4455,66
3661,4456,45
3661,4457,29
3661,4458,25
3661,4459,3
3661,4460,48
3661,4461,14
3661,4463,2
3661,4464,14
3661,4467,131
3661,4468,15
3661,4469,2
3661,4470,14
3661,4471,30
3661,4472,78
3661,4473,155
3661,4474,36
3661,4477,11
3661,4478,81
3661,4479,25
3661,4480,317
3661,4481,2439
3661,4482,3471
3661,4483,4719
3661,4484,119
3662,4203,58
3662,4215,202
3662,4216,38
3662,4217,3
3662,4218,4
3662,4219,24
3662,4220,64
3662,4221,244
3662,4222,21
3662,4223,10
3662,4224,15
3662,4225,9
3662,4226,16
3662,4227,113
3662,4228,46
3662,4229,7
3662,4230,6
3662,4231,13
3662,4232,16
3662,4233,20
3662,4234,28
3662,4235,17
3662,4236,5
3662,4237,10
3662,4238,21
3662,4239,24
3662,4240,9
3662,4241,11
3662,4242,13
3662,4243,20
3662,4244,17
3662,4245,10
3662,4246,12
3662,4247,10
3662,4248,9
3662,4249,4
3662,4250,8
3662,4251,3
3662,4257,161
3662,4258,145
3662,4259,12
3662,4260,3
3662,4261,12
3662,4262,4
3662,4263,166
3662,4264,322
3662,4265,15
3662,4266,18
3662,4267,8
3662,4268,16
3662,4269,4
3662,4273,6
3662,4274,5
3662,4275,9
3662,4280,17
3662,4281,10
3662,4282,65
3662,4287,3
3662,4288,2
3662,4289,8
3662,4290,11
3662,4291,57
3662,4292,4
3662,4294,7
3662,4295,2
3662,4297,1
3662,4299,6
3662,4300,10
3662,4301,242
3662,4302,489
3662,4303,3
3662,4304,5
3662,4305,4
3662,4306,3
3662,4307,15
3662,4309,10
3662,4310,172
3662,4311,113
3662,4312,24
3662,4313,10
3662,4314,46
3662,4315,16
3662,4316,8
3662,4317,26
3662,4318,30
3662,4319,331
3662,4320,664
3662,4321,13
3662,4322,13
3662,4323,12
3662,4324,17
3662,4325,264
3662,4326,32
3662,4327,160
3662,4328,89
3662,4329,104
3662,4330,1084
3662,4331,966
3662,4332,13
3662,4333,346
3662,4334,860
3662,4335,29
3662,4336,7
3662,4450,3
3662,4451,22
3662,4452,195
3662,4453,105
3662,4454,123
3662,4455,137
3662,4456,15
3662,4458,24
3662,4459,15
3662,4460,14
3662,4461,65
3662,4462,32
3662,4463,37
3662,4464,32
3662,4465,9
3662,4466,8
3662,4467,372
3662,4468,107
3662,4469,82
3662,4470,8
3662,4471,76
3662,4472,56
3662,4473,108
3662,4474,5
3662,4476,14
3662,4477,60
3662,4478,135
3662,4479,29
3662,4480,172
3662,4481,2408
3662,4482,3963
3662,4483,3930
3662,4484,177
3663,4203,8
3663,4204,4
3663,4214,12
3663,4215,62
3663,4216,38
3663,4217,23
3663,4218,33
3663,4219,29
3663,4220,27
3663,4221,15
3663,4222,29
3663,4223,5
3663,4224,10
3663,4225,6
3663,4226,21
3663,4227,11
3663,4228,16
3663,4229,15
3663,4230,17
3663,4231,10
3663,4232,21
3663,4233,208
3663,4234,74
3663,4235,30
3663,4236,15
3663,4237,7
3663,4238,18
3663,4239,19
3663,4240,6
3663,4241,16
3663,4242,2
3663,4243,32
3663,4244,4
3663,4245,24
3663,4246,28
3663,4247,413
3663,4248,19
3663,4249,11
3663,4250,3
3663,4251,14
3663,4252,9
3663,4256,3
3663,4257,12
3663,4258,3
3663,4259,19
3663,4260,8
3663,4261,4
3663,4262,7
3663,4263,62
3663,4264,30
3663,4265,6
3663,4267,15
3663,4268,14
3663,4269,2
3663,4273,3
3663,4274,6
3663,4282,37
3663,4283,10
3663,4284,4
3663,4288,2
3663,4289,13
3663,4290,39
3663,4291,11
3663,4292,24
3663,4293,7
3663,4294,3
3663,4298,6
3663,4299,10
3663,4301,111
3663,4302,705
3663,4303,11
3663,4304,11
3663,4305,14
3663,4306,30
3663,4307,176
3663,4308,41
3663,4309,13
3663,4310,35
3663,4311,24
3663,4312,43
3663,4313,15
3663,4314,31
3663,4315,18
3663,4316,17
3663,4317,180
3663,4318,23
3663,4319,8
3663,4320,22
3663,4321,7
3663,4322,231
3663,4323,1681
3663,4324,306
3663,4325,8
3663,4326,16
3663,4327,43
3663,4328,48
3663,4329,28
3663,4330,823
3663,4331,1031
3663,4332,16
3663,4333,32
3663,4334,87
3663,4335,40
3663,4449,22
3663,4450,335
3663,4451,773
3663,4452,172
3663,4453,101
3663,4454,35
3663,4455,97
3663,4456,25
3663,4457,8
3663,4458,143
3663,4459,56
3663,4460,44
3663,4461,89
3663,4462,148
3663,4463,448
3663,4464,161
3663,4465,133
3663,4466,57
3663,4467,477
3663,4468,31
3663,4469,473
3663,4470,4
3663,4471,18
3663,4472,52
3663,4473,7
3663,4474,35
3663,4476,42
3663,4477,70
3663,4478,103
3663,4481,14
3663,4482,1044
3663,4483,132
3664,4203,18
3664,4212,49
3664,4213,814
3664,4214,23
3664,4215,20
3664,4216,21
3664,4217,4
3664,4218,1
3664,4219,6
3664,4220,9
3664,4221,7
3664,4225,10
3664,4226,2
3664,4227,10
3664,4228,24
3664,4229,10
3664,4230,8
3664,4231,10
3664,4232,6
3664,4233,25
3664,4234,183
3664,4235,63
3664,4236,13
3664,4237,15
3664,4238,21
3664,4239,15
3664,4240,7
3664,4241,3
3664,4242,17
3664,4243,30
3664,4244,12
3664,4245,17
3664,4246,10
3664,4247,13
3664,4248,17
3664,4249,10
3664,4250,18
3664,4251,12
3664,4252,20
3664,4253,15
3664,4254,2
3664,4256,13
3664,4257,138
3664,4258,15
3664,4259,2
3664,4260,8
3664,4261,17
3664,4262,8
3664,4263,9
3664,4264,15
3664,4265,7
3664,4266,8
3664,4267,6
3664,4268,8
3664,4269,6
3664,4271,9
3664,4272,20
3664,4273,22
3664,4274,8
3664,4276,3
3664,4280,5
3664,4284,4
3664,4285,1
3664,4286,4
3664,4287,3
3664,4288,9
3664,4290,8
3664,4291,14
3664,4292,429
3664,4293,356
3664,4294,459
3664,4295,2
3664,4296,8
3664,4297,19
3664,4298,7
3664,4300,6
3664,4301,30
3664,4302,48
3664,4303,2
3664,4304,14
3664,4306,1700
3664,4307,1179
3664,4308,194
3664,4309,24
3664,4310,34
3664,4311,34
3664,4312,17
3664,4313,21
3664,4314,89
3664,4315,189
3664,4316,8
3664,4317,28
3664,4318,17
3664,4319,15
3664,4320,30
3664,4321,36
3664,4322,1670
3664,4323,1581
3664,4324,179
3664,4325,39
3664,4326,41
3664,4327,45
3664,4328,2146
3664,4329,1400
3664,4330,941
3664,4331,60
3664,4332,76
3664,4333,26
3664,4334,31
3664,4335,10
3664,4336,4
3664,4450,5
3664,4451,131
3664,4452,257
3664,4453,102
3664,4454,958
3664,4455,65
3664,4456,35
3664,4457,55
3664,4458,25
3664,4459,6
3664,4460,31
3664,4461,16
3664,4462,175
3664,4463,2194
3664,4464,47
3664,4465,17
3664,4466,25
3664,4467,23
3664,4468,24
3664,4469,15
3664,4470,9
3664,4471,67
3664,4472,13
3664,4474,4
3664,4475,35
3664,4476,60
3664,4477,38
3664,4478,16
3664,4479,2
3664,4480,127
3664,4481,23
3664,4482,14
3665,4202,2
3665,4203,18
3665,4211,82
3665,4212,1528
3665,4213,1281
3665,4214,344
3665,4215,7
3665,4216,11
3665,4218,15
3665,4219,8
3665,4220,22
3665,4221,22
3665,4222,5
3665,4223,2
3665,4224,7
3665,4225,11
3665,4226,25
3665,4227,13
3665,4228,31
3665,4229,25
3665,4230,20
3665,4231,37
3665,4232,17
3665,4233,2
3665,4234,276
3665,4235,1215
3665,4236,86
3665,4237,7
3665,4238,19
3665,4239,190
3665,4240,431
3665,4241,17
3665,4242,11
3665,4243,15
3665,4244,12
3665,4245,8
3665,4246,8
3665,4247,5
3665,4248,7
3665,4249,7
3665,4250,7
3665,4251,7
3665,4252,277
3665,4253,152
3665,4254,10
3665,4255,10
3665,4256,11
3665,4257,37
3665,4259,14
3665,4260,97
3665,4261,5
3665,4262,13
3665,4263,7
3665,4264,16
3665,4265,9
3665,4266,4
3665,4268,1
3665,4269,9
3665,4270,10
3665,4271,23
3665,4272,22
3665,4273,15
3665,4274,5
3665,4275,1
3665,4283,2
3665,4284,2
3665,4285,5
3665,4286,39
3665,4287,17
3665,4288,31
3665,4289,11
3665,4290,17
3665,4291,14
3665,4292,1112
3665,4293,502
3665,4294,46
3665,4295,20
3665,4296,27
3665,4297,15
3665,4298,6
3665,4299,47
3665,4300,38
3665,4301,46
3665,4303,2
3665,4304,9
3665,4305,572
3665,4306,2078
3665,4307,399
3665,4308,550
3665,4309,13
3665,4310,3
3665,4311,2
3665,4313,3
3665,4314,37
3665,4315,22
3665,4316,25
3665,4317,33
3665,4318,23
3665,4319,134
3665,4320,26
3665,4321,26
3665,4322,567
3665,4323,1957
3665,4324,73
3665,4325,44
3665,4326,28
3665,4327,414
3665,4328,1213
3665,4329,1610
3665,4330,685
3665,4331,41
3665,4332,126
3665,4333,74
3665,4334,115
3665,4335,4
3665,4353,2
3665,4451,1
3665,4452,102
3665,4453,102
3665,4454,160
3665,4455,34
3665,4456,30
3665,4457,31
3665,4458,43
3665,4459,57
3665,4460,49
3665,4461,26
3665,4462,171
3665,4463,668
3665,4464,5
3665,4466,5
3665,4467,34
3665,4468,3
3665,4469,68
3665,4470,21
3665,4471,19
3665,4472,12
3665,4473,2
3665,4474,13
3665,4475,62
3665,4476,27
3665,4477,38
3665,4478,505
3665,4479,65
3665,4480,672
3666,4203,15
3666,4204,7
3666,4211,1691
3666,4212,1544
3666,4213,795
3666,4214,27
3666,4215,7
3666,4216,12
3666,4217,17
3666,4218,10
3666,4221,4
3666,4222,6
3666,4223,5
3666,4224,7
3666,4225,9
3666,4226,12
3666,4227,5
3666,4228,4
3666,4229,19
3666,4230,6
3666,4231,22
3666,4232,15
3666,4233,23
3666,4234,738
3666,4235,1406
3666,4236,317
3666,4237,20
3666,4238,17
3666,4239,32
3666,4240,420
3666,4241,4
3666,4242,22
3666,4243,101
3666,4244,26
3666,4245,11
3666,4246,11
3666,4247,7
3666,4248,5
3666,4249,74
3666,4250,13
3666,4252,21
3666,4253,45
3666,4254,40
3666,4255,8
3666,4256,235
3666,4257,1132
3666,4258,365
3666,4259,8
3666,4260,103
3666,4261,1
3666,4262,2
3666,4263,17
3666,4264,8
3666,4266,14
3666,4267,12
3666,4268,25
3666,4269,15
3666,4270,16
3666,4271,686
3666,4272,2
3666,4273,16
3666,4274,16
3666,4275,62
3666,4276,15
3666,4277,7
3666,4282,1
3666,4283,5
3666,4284,55
3666,4285,10
3666,4286,4
3666,4287,7
3666,4288,4
3666,4289,2
3666,4290,2
3666,4291,21
3666,4292,66
3666,4293,156
3666,4294,44
3666,4295,13
3666,4296,48
3666,4297,10
3666,4298,88
3666,4299,1
3666,4300,4
3666,4303,4
3666,4304,26
3666,4305,13
3666,4306,97
3666,4307,42
3666,4308,2
3666,4309,4
3666,4314,25
3666,4315,34
3666,4316,16
3666,4317,20
3666,4318,30
3666,4319,23
3666,4320,134
3666,4321,11
3666,4322,47
3666,4323,151
3666,4324,345
3666,4325,1016
3666,4326,369
3666,4327,424
3666,4328,259
3666,4329,897
3666,4330,252
3666,4331,1457
3666,4332,215
3666,4333,1031
3666,4334,1851
3666,4335,54
3666,4352,9
3666,4353,2
3666,4453,41
3666,4454,64
3666,4455,92
3666,4456,56
3666,4457,49
3666,4458,643
3666,4459,81
3666,4460,48
3666,4461,34
3666,4462,86
3666,4463,24
3666,4464,7
3666,4465,151
3666,4466,48
3666,4467,110
3666,4468,10
3666,4469,18
3666,4470,8
3666,4471,2
3666,4472,93
3666,4473,723
3666,4474,670
3666,4475,645
3666,4476,28
3666,4477,779
3666,4478,2045
3666,4479,1316
3666,4480,8
3667,4203,5
3667,4204,5
3667,4208,2
3667,4209,21
3667,4210,55
3667,4211,4
3667,4212,1539
3667,4213,253
3667,4214,31
3667,4215,12
3667,4216,35
3667,4217,7
3667,4219,5
3667,4220,7
3667,4221,21
3667,4222,21
3667,4223,17
3667,4224,18
3667,4225,7
3667,4226,22
3667,4227,26
3667,4228,4
3667,4229,11
3667,4230,5
3667,4231,12
3667,4232,15
3667,4233,12
3667,4234,10
3667,4235,18
3667,4236,7
3667,4237,23
3667,4238,8
3667,4239,4
3667,4240,33
3667,4241,6
3667,4242,12
3667,4243,24
3667,4244,5
3667,4246,16
3667,4247,3
3667,4248,4
3667,4249,12
3667,4250,13
3667,4251,17
3667,4252,7
3667,4253,13
3667,4254,20
3667,4255,11
3667,4256,815
3667,4257,1750
3667,4258,935
3667,4259,2
3667,4260,15
3667,4261,21
3667,4262,32
3667,4263,76
3667,4264,26
3667,4265,4
3667,4266,7
3667,4267,18
3667,4268,7
3667,4269,12
3667,4270,25
3667,4271,10
3667,4272,13
3667,4275,9
3667,4276,10
3667,4277,15
3667,4278,22
3667,4281,5
3667,4282,4
3667,4283,9
3667,4284,4
3667,4285,7
3667,4286,6
3667,4287,7
3667,4288,21
3667,4289,365
3667,4290,16
3667,4291,13
3667,4292,13
3667,4293,8
3667,4294,68
3667,4295,9
3667,4296,9
3667,4297,2
3667,4298,3
3667,4299,3
3667,4301,6
3667,4302,2
3667,4304,135
3667,4305,118
3667,4306,94
3667,4307,26
3667,4308,31
3667,4309,194
3667,4310,11
3667,4311,1
3667,4313,51
3667,4314,14
3667,4315,4
3667,4316,24
3667,4317,109
3667,4318,23
3667,4319,10
3667,4320,7
3667,4321,23
3667,4322,30
3667,4323,45
3667,4324,205
3667,4325,809
3667,4326,2233
3667,4327,1500
3667,4328,43
3667,4329,542
3667,4330,3392
3667,4331,1382
3667,4332,1574
3667,4333,2099
3667,4334,2197
3667,4335,154
3667,4352,11
3667,4353,2
3667,4354,13
3667,4355,4
3667,4454,9
3667,4455,116
3667,4456,440
3667,4457,190
3667,4458,454
3667,4459,24
3667,4460,28
3667,4461,27
3667,4462,37
3667,4463,25
3667,4464,9
3667,4465,127
3667,4466,22
3667,4467,13
3667,4468,25
3667,4469,240
3667,4470,60
3667,4471,65
3667,4472,114
3667,4473,701
3667,4474,1289
3667,4475,500
3667,4476,99
3667,4477,250
3667,4478,108
3668,4203,16
3668,4204,12
3668,4206,1
3668,4207,10
3668,4208,23
3668,4209,28
3668,4210,16
3668,4212,55
3668,4213,8
3668,4214,20
3668,4215,12
3668,4216,254
3668,4217,4
3668,4218,2
3668,4220,7
3668,4221,6
3668,4222,284
3668,4223,11
3668,4224,11
3668,4225,8
3668,4226,21
3668,4227,77
3668,4228,31
3668,4229,18
3668,4230,3
3668,4231,10
3668,4232,9
3668,4233,3
3668,4234,8
3668,4236,9
3668,4237,4
3668,4238,4
3668,4239,12
3668,4240,15
3668,4241,5
3668,4243,17
3668,4244,4
3668,4245,14
3668,4246,19
3668,4247,14
3668,4248,26
3668,4249,16
3668,4250,31
3668,4251,19
3668,4252,9
3668,4253,11
3668,4254,2
3668,4255,4
3668,4256,5
3668,4257,317
3668,4258,52
3668,4259,9
3668,4261,13
3668,4262,4
3668,4263,19
3668,4264,13
3668,4265,9
3668,4266,9
3668,4267,48
3668,4268,286
3668,4269,27
3668,4270,3
3668,4271,5
3668,4274,4
3668,4275,10
3668,4276,8
3668,4277,15
3668,4278,13
3668,4279,9
3668,4280,18
3668,4281,4
3668,4282,15
3668,4283,6
3668,4284,3
3668,4285,5
3668,4286,8
3668,4287,26
3668,4288,11
3668,4289,433
3668,4292,2
3668,4293,134
3668,4296,3
3668,4298,9
3668,4299,7
3668,4302,34
3668,4303,56
3668,4304,10
3668,4305,28
3668,4306,13
3668,4307,26
3668,4308,24
3668,4309,24
3668,4310,14
3668,4311,121
3668,4312,47
3668,4313,5
3668,4314,16
3668,4315,139
3668,4316,26
3668,4317,200
3668,4318,740
3668,4319,19
3668,4320,20
3668,4321,20
3668,4322,35
3668,4323,34
3668,4324,193
3668,4325,34
3668,4326,200
3668,4327,81
3668,4328,1030
3668,4329,2435
3668,4330,3113
3668,4331,4783
3668,4332,3492
3668,4333,2636
3668,4334,305
3668,4351,7
3668,4352,63
3668,4353,4
3668,4354,42
3668,4355,13
3668,4455,28
3668,4456,71
3668,4457,300
3668,4458,268
3668,4459,123
3668,4460,32
3668,4461,22
3668,4462,54
3668,4463,28
3668,4464,44
3668,4465,37
3668,4466,26
3668,4467,97
3668,4468,202
3668,4469,450
3668,4470,97
3668,4471,56
3668,4473,4
3668,4474,29
3669,4203,58
3669,4204,10
3669,4205,19
3669,4206,34
3669,4207,48
3669,4208,28
3669,4209,5
3669,4210,3
3669,4212,19
3669,4213,16
3669,4214,39
3669,4215,16
3669,4216,17
3669,4217,14
3669,4218,8
3669,4219,2
3669,4220,9
3669,4221,23
3669,4222,11
3669,4223,9
3669,4224,24
3669,4225,18
3669,4226,18
3669,4227,392
3669,4228,232
3669,4229,10
3669,4230,2
3669,4231,14
3669,4232,12
3669,4233,8
3669,4234,10
3669,4235,10
3669,4236,12
3669,4237,16
3669,4238,10
3669,4239,6
3669,4240,13
3669,4241,6
3669,4242,4
3669,4243,6
3669,4246,181
3669,4247,12
3669,4248,8
3669,4249,35
3669,4250,43
3669,4251,239
3669,4252,1222
3669,4253,11
3669,4254,22
3669,4255,252
3669,4256,266
3669,4257,601
3669,4258,50
3669,4259,23
3669,4260,271
3669,4261,17
3669,4262,411
3669,4263,266
3669,4265,6
3669,4266,736
3669,4267,978
3669,4268,1805
3669,4269,472
3669,4270,648
3669,4271,11
3669,4273,4
3669,4274,14
3669,4275,20
3669,4276,5
3669,4277,17
3669,4278,8
3669,4279,15
3669,4281,11
3669,4282,4
3669,4283,4
3669,4285,7
3669,4286,9
3669,4287,39
3669,4288,3
3669,4289,2
3669,4290,1
3669,4291,51
3669,4292,546
3669,4293,1289
3669,4294,231
3669,4296,5
3669,4297,274
3669,4298,495
3669,4299,18
3669,4300,3
3669,4301,7
3669,4302,82
3669,4303,349
3669,4304,33
3669,4305,9
3669,4306,21
3669,4307,23
3669,4308,25
3669,4309,24
3669,4310,16
3669,4311,128
3669,4312,27
3669,4313,1
3669,4315,17
3669,4316,17
3669,4317,14
3669,4318,21
3669,4319,10
3669,4320,139
3669,4321,72
3669,4322,6
3669,4323,88
3669,4324,206
3669,4325,34
3669,4326,33
3669,4327,2328
3669,4328,1737
3669,4329,721
3669,4330,2428
3669,4331,3584
3669,4332,2877
3669,4333,125
3669,4334,181
3669,4351,1
3669,4352,40
3669,4353,22
3669,4354,32
3669,4355,6
3669,4456,2
3669,4457,87
3669,4458,137
3669,4459,403
3669,4460,367
3669,4461,251
3669,4462,56
3669,4463,33
3669,4464,41
3669,4465,298
3669,4466,64
3669,4467,122
3669,4468,367
3670,4203,9
3670,4204,14
3670,4205,16
3670,4206,25
3670,4207,489
3670,4208,25
3670,4209,20
3670,4210,4
3670,4212,5
3670,4213,41
3670,4214,15
3670,4215,23
3670,4216,22
3670,4217,15
3670,4219,4
3670,4220,4
3670,4221,3
3670,4222,9
3670,4223,17
3670,4224,8
3670,4225,13
3670,4226,23
3670,4227,414
3670,4228,404
3670,4229,12
3670,4230,20
3670,4231,9
3670,4232,10
3670,4233,17
3670,4234,10
3670,4235,7
3670,4236,22
3670,4237,12
3670,4240,9
3670,4241,2
3670,4242,9
3670,4243,7
3670,4244,10
3670,4245,11
3670,4246,10
3670,4247,5
3670,4248,7
3670,4249,8
3670,4250,11
3670,4251,501
3670,4252,1902
3670,4253,301
3670,4254,158
3670,4255,1669
3670,4256,2646
3670,4257,3885
3670,4258,2917
3670,4259,441
3670,4260,153
3670,4261,49
3670,4262,2217
3670,4263,662
3670,4264,5
3670,4265,15
3670,4266,305
3670,4267,990
3670,4268,2183
3670,4269,2416
3670,4270,261
3670,4272,8
3670,4273,17
3670,4274,2
3670,4275,26
3670,4276,129
3670,4277,21
3670,4278,8
3670,4279,19
3670,4280,227
3670,4281,12
3670,4282,12
3670,4283,6
3670,4284,14
3670,4285,23
3670,4286,17
3670,4287,33
3670,4288,25
3670,4289,14
3670,4290,5
3670,4292,407
3670,4293,764
3670,4294,56
3670,4295,267
3670,4296,1634
3670,4297,1051
3670,4298,292
3670,4300,2
3670,4301,22
3670,4302,11
3670,4303,27
3670,4304,9
3670,4305,31
3670,4306,31
3670,4307,21
3670,4308,34
3670,4309,33
3670,4310,21
3670,4311,23
3670,4312,20
3670,4313,43
3670,4314,138
3670,4315,12
3670,4316,16
3670,4317,283
3670,4318,21
3670,4319,9
3670,4320,1272
3670,4321,95
3670,4322,28
3670,4323,27
3670,4324,21
3670,4325,11
3670,4326,2
3670,4327,33
3670,4328,1007
3670,4329,63
3670,4330,198
3670,4331,966
3670,4332,6353
3670,4333,2896
3670,4334,40
3670,4351,6
3670,4352,30
3670,4353,10
3670,4354,40
3670,4355,1
3670,4459,70
3670,4460,257
3670,4461,269
3670,4462,148
3670,4463,1242
3670,4464,1313
3670,4465,1081
3670,4466,395
3670,4467,44
3671,4203,2
3671,4204,11
3671,4205,3
3671,4206,10
3671,4207,128
3671,4208,17
3671,4209,3
3671,4212,18
3671,4213,17
3671,4214,26
3671,4215,12
3671,4216,11
3671,4217,6
3671,4218,18
3671,4219,3
3671,4220,11
3671,4221,6
3671,4222,10
3671,4223,76
3671,4224,9
3671,4225,21
3671,4226,5
3671,4227,6
3671,4228,14
3671,4229,20
3671,4230,12
3671,4231,2
3671,4233,14
3671,4234,14
3671,4235,3
3671,4236,8
3671,4237,16
3671,4239,5
3671,4241,10
3671,4242,21
3671,4243,9
3671,4244,8
3671,4245,3
3671,4246,6
3671,4247,11
3671,4248,6
3671,4249,2
3671,4250,13
3671,4251,69
3671,4252,306
3671,4253,63
3671,4254,817
3671,4255,1499
3671,4256,4323
3671,4257,3063
3671,4258,2047
3671,4260,218
3671,4261,1555
3671,4262,1308
3671,4263,220
3671,4264,35
3671,4265,17
3671,4266,163
3671,4267,1884
3671,4268,2135
3671,4269,452
3671,4270,12
3671,4271,35
3671,4272,52
3671,4273,22
3671,4274,25
3671,4275,966
3671,4276,1116
3671,4277,27
3671,4278,26
3671,4280,14
3671,4281,24
3671,4282,16
3671,4283,29
3671,4284,6
3671,4285,22
3671,4286,36
3671,4287,838
3671,4288,930
3671,4289,303
3671,4290,38
3671,4293,104
3671,4295,221
3671,4296,177
3671,4297,118
3671,4298,12
3671,4299,10
3671,4300,31
3671,4301,13
3671,4302,25
3671,4303,9
3671,4304,6
3671,4306,11
3671,4307,121
3671,4308,515
3671,4309,505
3671,4310,15
3671,4311,22
3671,4312,36
3671,4313,162
3671,4314,516
3671,4315,723
3671,4316,212
3671,4317,139
3671,4318,27
3671,4319,131
3671,4320,1624
3671,4321,957
3671,4322,13
3671,4323,2
3671,4324,38
3671,4325,159
3671,4326,790
3671,4327,142
3671,4328,672
3671,4329,818
3671,4330,3585
3671,4331,1909
3671,4332,6729
3671,4333,14785
3671,4334,71
3671,4352,4
3671,4353,88
3671,4354,16
3671,4355,2
3671,4363,16
3671,4364,16
3671,4365,5
3671,4461,12
3671,4462,66
3671,4463,991
3671,4464,1040
3671,4465,151
3672,4204,18
3672,4205,17
3672,4206,15
3672,4207,6
3672,4212,10
3672,4213,24
3672,4214,494
3672,4215,28
3672,4216,5
3672,4217,4
3672,4220,3
3672,4221,23
3672,4222,19
3672,4223,99
3672,4224,8
3672,4225,46
3672,4226,15
3672,4227,2
3672,4228,13
3672,4229,2
3672,4230,3
3672,4231,9
3672,4233,2
3672,4234,27
3672,4235,2
3672,4236,6
3672,4237,11
3672,4238,14
3672,4240,2
3672,4241,2
3672,4242,16
3672,4243,2
3672,4244,6
3672,4245,3
3672,4246,12
3672,4247,2
3672,4248,9
3672,4249,17
3672,4250,7
3672,4251,7
3672,4252,45
3672,4253,32
3672,4254,1303
3672,4255,799
3672,4256,933
3672,4257,154
3672,4258,506
3672,4259,92
3672,4260,173
3672,4261,568
3672,4262,23
3672,4263,14
3672,4264,6
3672,4265,23
3672,4266,11
3672,4267,26
3672,4268,400
3672,4269,3
3672,4270,3
3672,4271,8
3672,4272,32
3672,4273,41
3672,4274,8
3672,4275,165
3672,4276,52
3672,4277,19
3672,4278,18
3672,4279,9
3672,4280,15
3672,4281,1
3672,4282,5
3672,4283,43
3672,4284,10
3672,4285,16
3672,4286,572
3672,4287,16
3672,4288,298
3672,4289,426
3672,4290,1047
3672,4291,630
3672,4292,553
3672,4293,560
3672,4294,5
3672,4296,1
3672,4297,12
3672,4298,30
3672,4299,22
3672,4300,4
3672,4301,471
3672,4302,52
3672,4303,58
3672,4304,43
3672,4305,10
3672,4307,15
3672,4308,539
3672,4309,476
3672,4310,21
3672,4311,16
3672,4312,21
3672,4313,224
3672,4314,1123
3672,4315,1595
3672,4316,1481
3672,4317,1542
3672,4318,545
3672,4319,35
3672,4320,3
3672,4321,214
3672,4322,24
3672,4323,43
3672,4324,5
3672,4325,96
3672,4326,1668
3672,4327,2531
3672,4328,2932
3672,4329,5665
3672,4330,3563
3672,4331,3270
3672,4332,8763
3672,4333,14391
3672,4334,2174
3672,4353,4
3672,4354,2
3672,4363,31
3672,4364,65
3672,4365,20
3673,4204,3
3673,4205,20
3673,4206,2
3673,4211,3
3673,4212,21
3673,4213,31
3673,4214,10
3673,4215,3
3673,4216,5
3673,4217,8
3673,4218,4
3673,4219,2
3673,4220,12
3673,4221,12
3673,4222,10
3673,4223,2
3673,4224,4
3673,4225,2
3673,4226,5
3673,4227,4
3673,4228,2
3673,4230,12
3673,4231,6
3673,4233,13
3673,4234,19
3673,4235,2
3673,4237,20
3673,4238,3
3673,4239,7
3673,4240,16
3673,4241,5
3673,4242,22
3673,4243,2
3673,4244,13
3673,4245,19
3673,4246,7
3673,4247,5
3673,4248,10
3673,4249,10
3673,4250,16
3673,4251,14
3673,4252,30
3673,4253,931
3673,4254,1337
3673,4255,390
3673,4256,2
3673,4257,647
3673,4258,4
3673,4259,37
3673,4260,9
3673,4261,12
3673,4262,9
3673,4263,13
3673,4264,10
3673,4265,13
3673,4266,7
3673,4267,67
3673,4268,230
3673,4269,28
3673,4270,17
3673,4271,15
3673,4272,10
3673,4273,21
3673,4274,15
3673,4276,12
3673,4277,13
3673,4278,4
3673,4279,18
3673,4280,307
3673,4281,142
3673,4282,9
3673,4283,8
3673,4284,22
3673,4285,20
3673,4286,18
3673,4287,31
3673,4289,545
3673,4290,965
3673,4291,566
3673,4292,4544
3673,4293,2482
3673,4294,410
3673,4296,2
3673,4298,4
3673,4299,21
3673,4300,12
3673,4301,23
3673,4302,11
3673,4303,13
3673,4304,18
3673,4305,23
3673,4306,30
3673,4307,13
3673,4308,15
3673,4309,5
3673,4310,12
3673,4311,87
3673,4312,6
3673,4313,9
3673,4314,30
3673,4316,70
3673,4317,362
3673,4318,410
3673,4319,27
3673,4320,85
3673,4321,42
3673,4322,16
3673,4323,39
3673,4324,15
3673,4325,28
3673,4326,294
3673,4327,169
3673,4328,735
3673,4329,2217
3673,4330,3881
3673,4331,3768
3673,4332,6069
3673,4333,7806
3673,4334,5841
3673,4335,3364
3673,4345,3
3673,4346,7
3673,4347,3
3673,4354,1
3673,4361,3
3673,4362,29
3673,4363,42
3673,4364,7
3673,4365,12
3673,4366,6
3674,4204,11
3674,4205,7
3674,4206,2
3674,4213,2
3674,4214,16
3674,4215,9
3674,4216,16
3674,4217,22
3674,4218,12
3674,4221,4
3674,4226,8
3674,4227,7
3674,4228,7
3674,4229,9
3674,4230,21
3674,4231,9
3674,4232,10
3674,4233,22
3674,4234,46
3674,4235,21
3674,4236,7
3674,4240,11
3674,4241,22
3674,4242,15
3674,4243,5
3674,4244,9
3674,4245,23
3674,4246,6
3674,4247,13
3674,4248,176
3674,4249,466
3674,4250,14
3674,4251,8
3674,4252,16
3674,4253,577
3674,4254,692
3674,4255,109
3674,4256,393
3674,4257,922
3674,4258,54
3674,4259,29
3674,4260,9
3674,4261,7
3674,4264,11
3674,4265,8
3674,4266,8
3674,4267,3
3674,4268,25
3674,4269,10
3674,4270,11
3674,4271,14
3674,4272,10
3674,4273,55
3674,4274,61
3674,4276,5
3674,4277,12
3674,4278,17
3674,4279,104
3674,4280,1272
3674,4281,252
3674,4283,7
3674,4284,6
3674,4285,13
3674,4286,15
3674,4287,52
3674,4288,2
3674,4289,1188
3674,4290,1331
3674,4291,723
3674,4292,1362
3674,4293,2086
3674,4294,1334
3674,4295,153
3674,4296,261
3674,4297,431
3674,4298,142
3674,4299,93
3674,4300,49
3674,4301,15
3674,4302,18
3674,4303,7
3674,4304,19
3674,4305,24
3674,4306,334
3674,4307,549
3674,4308,22
3674,4309,103
3674,4310,18
3674,4311,4
3674,4312,9
3674,4313,60
3674,4314,86
3674,4315,2
3674,4316,5
3674,4318,7
3674,4319,13
3674,4321,34
3674,4322,14
3674,4323,71
3674,4324,9
3674,4326,220
3674,4327,1550
3674,4328,1858
3674,4329,2275
3674,4330,2002
3674,4331,4507
3674,4332,5231
3674,4333,5970
3674,4334,8879
3674,4344,2
3674,4345,26
3674,4347,6
3674,4351,1
3674,4352,3
3674,4353,39
3674,4354,7
3674,4360,1
3674,4361,39
3674,4362,25
3674,4363,16
3674,4365,49
3674,4366,5
3675,4204,2
3675,4211,2
3675,4212,6
3675,4213,6
3675,4214,4
3675,4215,15
3675,4216,6
3675,4217,12
3675,4218,5
3675,4225,3
3675,4226,10
3675,4227,4
3675,4228,8
3675,4229,235
3675,4230,161
3675,4231,12
3675,4233,5
3675,4234,11
3675,4235,6
3675,4236,4
3675,4237,2
3675,4238,11
3675,4239,5
3675,4240,6
3675,4241,17
3675,4242,634
3675,4243,157
3675,4244,11
3675,4245,19
3675,4246,17
3675,4247,28
3675,4248,127
3675,4249,17
3675,4250,8
3675,4251,2
3675,4252,8
3675,4254,25
3675,4255,9
3675,4256,4
3675,4257,6
3675,4258,19
3675,4259,35
3675,4263,8
3675,4264,13
3675,4265,26
3675,4266,32
3675,4267,49
3675,4268,13
3675,4269,16
3675,4270,2
3675,4271,12
3675,4272,5
3675,4273,2
3675,4274,10
3675,4275,1
3675,4276,2
3675,4277,9
3675,4278,22
3675,4279,10
3675,4280,1
3675,4282,7
3675,4283,17
3675,4284,6
3675,4285,16
3675,4286,15
3675,4287,4
3675,4288,27
3675,4289,990
3675,4290,1294
3675,4291,1610
3675,4292,1881
3675,4293,3275
3675,4294,1628
3675,4295,892
3675,4296,305
3675,4297,11
3675,4298,296
3675,4299,747
3675,4300,26
3675,4301,514
3675,4302,237
3675,4303,21
3675,4304,24
3675,4305,42
3675,4306,174
3675,4307,181
3675,4308,21
3675,4309,4
3675,4310,2
3675,4311,71
3675,4312,12
3675,4313,123
3675,4314,102
3675,4315,12
3675,4316,196
3675,4317,24
3675,4318,388
3675,4319,481
3675,4320,11
3675,4321,140
3675,4322,69
3675,4323,19
3675,4324,61
3675,4325,9
3675,4326,101
3675,4327,1707
3675,4328,2436
3675,4329,68
3675,4330,277
3675,4331,2663
3675,4332,1530
3675,4333,4697
3675,4334,3959
3675,4335,1046
3675,4336,9
3675,4344,37
3675,4345,21
3675,4346,3
3675,4347,47
3675,4348,13
3675,4349,13
3675,4350,20
3675,4351,94
3675,4352,71
3675,4353,12
3675,4354,12
3675,4360,1
3675,4361,28
3675,4362,296
3675,4363,609
3675,4364,3
3675,4365,18
3675,4366,12
3676,4210,7
3676,4211,23
3676,4212,2
3676,4214,7
3676,4215,10
3676,4216,2
3676,4217,3
3676,4218,2
3676,4222,6
3676,4223,4
3676,4224,4
3676,4225,2
3676,4226,14
3676,4227,6
3676,4228,17
3676,4229,15
3676,4230,22
3676,4231,8
3676,4232,10
3676,4233,8
3676,4234,8
3676,4235,19
3676,4236,8
3676,4238,2
3676,4239,15
3676,4240,12
3676,4241,6
3676,4242,34
3676,4243,227
3676,4244,349
3676,4245,49
3676,4246,19
3676,4247,17
3676,4248,14
3676,4249,7
3676,4250,10
3676,4251,2
3676,4252,6
3676,4253,17
3676,4254,5
3676,4255,6
3676,4256,6
3676,4257,22
3676,4258,17
3676,4259,8
3676,4260,8
3676,4262,4
3676,4263,13
3676,4264,7
3676,4265,8
3676,4266,10
3676,4267,15
3676,4268,15
3676,4269,11
3676,4270,10
3676,4271,2
3676,4272,14
3676,4273,13
3676,4274,11
3676,4275,7
3676,4276,10
3676,4277,2
3676,4278,6
3676,4280,10
3676,4281,4
3676,4282,4
3676,4283,86
3676,4284,329
3676,4285,17
3676,4286,21
3676,4287,21
3676,4288,134
3676,4289,244
3676,4290,1006
3676,4291,1217
3676,4292,1395
3676,4293,371
3676,4294,78
3676,4295,1489
3676,4296,1554
3676,4297,455
3676,4298,22
3676,4299,26
3676,4300,11
3676,4301,584
3676,4302,368
3676,4303,16
3676,4304,19
3676,4305,33
3676,4306,33
3676,4307,23
3676,4308,6
3676,4309,70
3676,4310,23
3676,4311,59
3676,4312,5
3676,4313,5
3676,4314,18
3676,4315,10
3676,4316,131
3676,4317,34
3676,4318,32
3676,4319,9
3676,4320,36
3676,4321,151
3676,4322,7
3676,4323,10
3676,4324,81
3676,4325,121
3676,4326,1136
3676,4327,2749
3676,4328,1889
3676,4329,477
3676,4330,103
3676,4331,59
3676,4332,2115
3676,4333,3388
3676,4334,3683
3676,4335,2533
3676,4336,1335
3676,4337,36
3676,4342,3
3676,4343,28
3676,4344,9
3676,4345,3
3676,4346,13
3676,4347,80
3676,4348,101
3676,4349,35
3676,4350,27
3676,4351,10
3676,4352,56
3676,4353,40
3676,4354,38
3676,4362,651
3676,4363,804
3676,4364,176
3676,4365,16
3676,4366,13
3677,4208,7
3677,4209,9
3677,4210,27
3677,4211,2
3677,4212,4
3677,4214,18
3677,4215,295
3677,4216,6
3677,4217,3
3677,4218,7
3677,4221,5
3677,4222,7
3677,4223,6
3677,4224,10
3677,4225,5
3677,4226,8
3677,4227,9
3677,4228,16
3677,4229,14
3677,4230,15
3677,4231,58
3677,4232,118
3677,4233,3
3677,4234,2
3677,4235,7
3677,4236,10
3677,4237,2
3677,4240,5
3677,4241,3
3677,4242,11
3677,4243,812
3677,4244,1560
3677,4245,520
3677,4246,15
3677,4247,30
3677,4248,6
3677,4249,12
3677,4250,6
3677,4251,16
3677,4252,19
3677,4253,7
3677,4254,16
3677,4255,2
3677,4256,22
3677,4257,14
3677,4259,535
3677,4260,220
3677,4261,11
3677,4262,3
3677,4264,3
3677,4265,2
3677,4266,10
3677,4267,3
3677,4268,2
3677,4269,14
3677,4270,13
3677,4271,33
3677,4272,26
3677,4273,6
3677,4275,20
3677,4276,4
3677,4277,4
3677,4278,51
3677,4279,3
3677,4280,2
3677,4281,4
3677,4282,17
3677,4283,18
3677,4284,349
3677,4285,13
3677,4286,16
3677,4287,7
3677,4288,10
3677,4289,7
3677,4290,36
3677,4291,240
3677,4292,436
3677,4293,134
3677,4294,98
3677,4295,730
3677,4296,1337
3677,4297,800
3677,4298,10
3677,4299,9
3677,4300,8
3677,4301,30
3677,4302,10
3677,4303,6
3677,4304,9
3677,4305,19
3677,4306,8
3677,4307,13
3677,4309,29
3677,4310,5
3677,4311,23
3677,4312,10
3677,4313,32
3677,4314,13
3677,4315,46
3677,4316,66
3677,4317,17
3677,4318,30
3677,4319,118
3677,4320,30
3677,4321,34
3677,4322,18
3677,4323,18
3677,4324,230
3677,4325,180
3677,4326,24
3677,4327,7
3677,4328,14
3677,4329,38
3677,4330,6
3677,4331,246
3677,4332,1493
3677,4333,2663
3677,4334,3507
3677,4335,3142
3677,4336,2117
3677,4337,2292
3677,4338,654
3677,4344,12
3677,4345,103
3677,4346,45
3677,4347,58
3677,4348,34
3677,4349,32
3677,4350,134
3677,4351,11
3677,4352,70
3677,4353,23
3677,4354,7
3677,4355,7
3677,4362,181
3677,4363,1410
3677,4364,649
3677,4365,107
3677,4366,1
3678,4207,3
3678,4208,22
3678,4209,70
3678,4210,108
3678,4211,2
3678,4212,9
3678,4213,8
3678,4214,16
3678,4215,425
3678,4216,194
3678,4217,5
3678,4218,12
3678,4219,4
3678,4220,18
3678,4221,7
3678,4222,63
3678,4223,38
3678,4224,15
3678,4225,9
3678,4226,8
3678,4227,10
3678,4228,3
3678,4229,11
3678,4230,10
3678,4231,429
3678,4232,164
3678,4233,3
3678,4234,6
3678,4235,9
3678,4236,9
3678,4237,7
3678,4238,8
3678,4239,8
3678,4240,22
3678,4241,21
3678,4242,12
3678,4243,98
3678,4244,450
3678,4245,33
3678,4246,12
3678,4247,12
3678,4248,8
3678,4249,4
3678,4250,25
3678,4251,17
3678,4252,8
3678,4253,18
3678,4255,15
3678,4256,7
3678,4257,2
3678,4258,413
3678,4259,1955
3678,4260,605
3678,4261,42
3678,4262,23
3678,4263,14
3678,4264,19
3678,4265,3
3678,4269,5
3678,4270,21
3678,4271,7
3678,4272,21
3678,4274,8
3678,4278,17
3678,4279,5
3678,4280,13
3678,4283,23
3678,4284,38
3678,4285,23
3678,4286,16
3678,4287,178
3678,4288,117
3678,4289,232
3678,4290,144
3678,4291,21
3678,4292,30
3678,4293,12
3678,4294,10
3678,4295,13
3678,4296,65
3678,4297,19
3678,4298,12
3678,4299,36
3678,4300,20
3678,4301,71
3678,4302,12
3678,4303,8
3678,4304,36
3678,4305,148
3678,4306,5
3678,4307,16
3678,4308,16
3678,4309,111
3678,4310,25
3678,4311,29
3678,4312,20
3678,4313,28
3678,4314,23
3678,4315,24
3678,4316,32
3678,4317,8
3678,4318,3
3678,4319,8
3678,4320,32
3678,4321,41
3678,4322,493
3678,4323,2153
3678,4324,371
3678,4325,64
3678,4326,150
3678,4327,12
3678,4328,50
3678,4329,89
3678,4330,20
3678,4331,57
3678,4332,10
3678,4333,274
3678,4334,603
3678,4335,576
3678,4336,716
3678,4337,1144
3678,4338,1110
3678,4346,4
3678,4350,89
3678,4351,197
3678,4352,12
3678,4355,20
3678,4356,1
3678,4363,764
3678,4364,190
3678,4365,1
3678,4366,18
3679,4206,2
3679,4207,20
3679,4208,21
3679,4209,17
3679,4210,11
3679,4211,2
3679,4212,68
3679,4213,18
3679,4214,8
3679,4215,8
3679,4216,10
3679,4217,7
3679,4218,8
3679,4219,18
3679,4220,6
3679,4221,2
3679,4222,1
3679,4226,7
3679,4227,14
3679,4228,5
3679,4231,9
3679,4232,3
3679,4233,8
3679,4234,6
3679,4235,14
3679,4236,8
3679,4237,2
3679,4238,9
3679,4239,9
3679,4240,10
3679,4241,7
3679,4242,15
3679,4243,21
3679,4244,21
3679,4246,13
3679,4247,15
3679,4248,14
3679,4249,273
3679,4250,21
3679,4251,4
3679,4252,7
3679,4253,5
3679,4254,14
3679,4255,19
3679,4256,7
3679,4257,9
3679,4258,130
3679,4259,340
3679,4260,31
3679,4261,38
3679,4262,15
3679,4263,14
3679,4265,6
3679,4266,7
3679,4267,5
3679,4268,2
3679,4270,9
3679,4271,10
3679,4272,4
3679,4273,10
3679,4274,2
3679,4278,6
3679,4280,4
3679,4281,11
3679,4282,9
3679,4283,21
3679,4284,22
3679,4285,16
3679,4286,25
3679,4287,27
3679,4288,30
3679,4289,36
3679,4290,188
3679,4291,284
3679,4292,10
3679,4293,53
3679,4294,8
3679,4295,29
3679,4296,20
3679,4297,163
3679,4298,74
3679,4299,28
3679,4300,38
3679,4301,21
3679,4302,7
3679,4303,2
3679,4304,96
3679,4305,230
3679,4306,14
3679,4307,5
3679,4308,20
3679,4309,15
3679,4310,3
3679,4311,287
3679,4312,12
3679,4313,19
3679,4314,51
3679,4315,4
3679,4316,3
3679,4317,1
3679,4318,11
3679,4319,247
3679,4320,96
3679,4321,8
3679,4322,197
3679,4323,126
3679,4324,18
3679,4325,12
3679,4326,67
3679,4327,4
3679,4329,5
3679,4330,102
3679,4331,862
3679,4332,75
3679,4333,6
3679,4334,10
3679,4336,39
3679,4337,799
3679,4338,913
3679,4339,1022
3679,4347,1
3679,4350,142
3679,4351,194
3679,4352,16
3679,4353,2
3679,4354,3
3679,4356,9
3679,4362,143
3679,4363,334
3679,4364,356
3679,4365,11
3679,4366,15
3680,4205,1
3680,4207,6
3680,4208,17
3680,4209,14
3680,4210,4
3680,4212,15
3680,4213,26
3680,4215,2
3680,4216,4
3680,4223,2
3680,4224,9
3680,4226,10
3680,4227,4
3680,4229,8
3680,4230,1
3680,4231,7
3680,4232,1
3680,4234,1
3680,4235,6
3680,4236,12
3680,4237,3
3680,4239,2
3680,4240,7
3680,4241,14
3680,4242,19
3680,4243,8
3680,4244,17
3680,4245,8
3680,4246,21
3680,4247,24
3680,4248,11
3680,4249,19
3680,4250,1
3680,4251,13
3680,4252,7
3680,4253,2
3680,4255,4
3680,4256,2
3680,4258,11
3680,4259,11
3680,4260,13
3680,4262,10
3680,4263,15
3680,4264,11
3680,4265,7
3680,4266,13
3680,4267,4
3680,4268,4
3680,4270,84
3680,4272,3
3680,4273,1
3680,4277,9
3680,4278,14
3680,4279,3
3680,4281,4
3680,4282,103
3680,4283,28
3680,4284,25
3680,4285,8
3680,4286,19
3680,4287,27
3680,4288,35
3680,4289,143
3680,4290,16
3680,4291,28
3680,4292,10
3680,4293,147
3680,4294,2
3680,4295,22
3680,4296,9
3680,4297,390
3680,4298,194
3680,4299,11
3680,4300,46
3680,4301,2
3680,4302,1
3680,4303,54
3680,4304,728
3680,4305,76
3680,4306,31
3680,4307,4
3680,4308,21
3680,4309,11
3680,4310,13
3680,4311,6
3680,4312,13
3680,4313,38
3680,4314,21
3680,4315,14
3680,4318,185
3680,4319,250
3680,4320,4
3680,4321,151
3680,4322,59
3680,4324,4
3680,4325,40
3680,4326,309
3680,4327,716
3680,4328,7
3680,4329,81
3680,4330,7
3680,4331,29
3680,4332,58
3680,4333,40
3680,4334,616
3680,4335,1356
3680,4336,125
3680,4337,36
3680,4338,394
3680,4339,1192
3680,4340,504
3680,4341,84
3680,4349,2
3680,4350,14
3680,4351,10
3680,4352,11
3680,4353,49
3680,4356,5
3680,4357,5
3680,4358,108
3680,4359,36
3680,4360,47
3680,4361,156
3680,4362,423
3680,4363,54
3680,4364,108
3680,4365,17
3680,4366,12
3680,4367,3
3681,4207,3
3681,4208,6
3681,4209,10
3681,4210,14
3681,4211,1
3681,4212,16
3681,4213,22
3681,4214,4
3681,4215,9
3681,4216,7
3681,4217,1
3681,4219,3
3681,4220,11
3681,4221,1
3681,4222,1
3681,4223,2
3681,4227,1
3681,4229,12
3681,4230,7
3681,4231,6
3681,4232,3
3681,4234,4
3681,4236,7
3681,4239,8
3681,4240,10
3681,4241,4
3681,4242,15
3681,4243,14
3681,4244,7
3681,4245,17
3681,4246,20
3681,4247,21
3681,4248,3
3681,4249,12
3681,4250,70
3681,4251,22
3681,4252,5
3681,4254,7
3681,4255,4
3681,4256,9
3681,4257,1
3681,4258,15
3681,4259,11
3681,4260,6
3681,4262,8
3681,4263,18
3681,4264,453
3681,4265,5
3681,4266,1
3681,4268,5
3681,4269,3
3681,4270,15
3681,4271,2
3681,4272,8
3681,4278,88
3681,4279,7
3681,4280,5
3681,4281,9
3681,4282,11
3681,4283,24
3681,4284,28
3681,4285,9
3681,4286,46
3681,4287,1
3681,4288,30
3681,4289,24
3681,4290,15
3681,4291,11
3681,4292,183
3681,4293,49
3681,4294,17
3681,4295,3
3681,4296,15
3681,4297,29
3681,4298,12
3681,4299,30
3681,4300,31
3681,4301,12
3681,4302,16
3681,4303,11
3681,4304,113
3681,4305,288
3681,4306,5
3681,4307,11
3681,4308,19
3681,4309,170
3681,4310,35
3681,4311,112
3681,4312,152
3681,4313,350
3681,4314,112
3681,4315,32
3681,4316,10
3681,4318,56
3681,4319,41
3681,4320,12
3681,4321,30
3681,4322,19
3681,4323,12
3681,4324,21
3681,4325,448
3681,4326,1225
3681,4327,149
3681,4328,19
3681,4329,86
3681,4330,26
3681,4331,10
3681,4332,291
3681,4333,1195
3681,4334,1520
3681,4335,2189
3681,4336,1690
3681,4337,196
3681,4338,188
3681,4339,806
3681,4340,568
3681,4341,683
3681,4349,2
3681,4350,12
3681,4351,73
3681,4352,5
3681,4353,23
3681,4355,4
3681,4356,94
3681,4357,5
3681,4358,29
3681,4359,58
3681,4360,84
3681,4361,41
3681,4362,14
3681,4365,15
3681,4366,11
3681,4367,41
3682,4205,1
3682,4207,10
3682,4208,35
3682,4209,150
3682,4210,24
3682,4211,16
3682,4212,6
3682,4213,15
3682,4214,33
3682,4215,13
3682,4216,13
3682,4217,1
3682,4218,2
3682,4219,3
3682,4220,15
3682,4222,2
3682,4223,16
3682,4224,7
3682,4225,2
3682,4228,4
3682,4229,8
3682,4230,5
3682,4231,3
3682,4232,7
3682,4233,4
3682,4234,14
3682,4235,6
3682,4236,14
3682,4237,20
3682,4238,7
3682,4239,26
3682,4240,21
3682,4241,6
3682,4242,10
3682,4243,11
3682,4244,14
3682,4245,14
3682,4246,37
3682,4247,30
3682,4248,22
3682,4249,12
3682,4250,8
3682,4251,30
3682,4252,12
3682,4253,5
3682,4257,13
3682,4258,6
3682,4259,16
3682,4260,5
3682,4261,16
3682,4262,1
3682,4263,4
3682,4264,301
3682,4266,1
3682,4267,2
3682,4268,4
3682,4269,7
3682,4270,8
3682,4271,7
3682,4278,6
3682,4279,15
3682,4280,15
3682,4281,20
3682,4282,12
3682,4283,28
3682,4284,124
3682,4285,32
3682,4286,6
3682,4287,2
3682,4288,18
3682,4289,181
3682,4290,27
3682,4291,40
3682,4292,76
3682,4293,89
3682,4294,30
3682,4295,22
3682,4296,24
3682,4297,28
3682,4298,18
3682,4299,18
3682,4300,12
3682,4301,28
3682,4302,3
3682,4303,13
3682,4304,29
3682,4305,10
3682,4306,23
3682,4307,51
3682,4308,23
3682,4309,113
3682,4310,17
3682,4311,368
3682,4312,993
3682,4313,345
3682,4314,51
3682,4315,5
3682,4318,19
3682,4319,26
3682,4320,16
3682,4321,11
3682,4322,211
3682,4323,289
3682,4324,39
3682,4325,206
3682,4326,24
3682,4327,21
3682,4328,14
3682,4329,324
3682,4330,234
3682,4331,46
3682,4332,11
3682,4333,102
3682,4334,151
3682,4335,1357
3682,4336,1481
3682,4337,1838
3682,4338,450
3682,4339,31
3682,4340,33
3682,4341,177
3682,4342,27
3682,4350,19
3682,4351,324
3682,4352,26
3682,4353,9
3682,4354,12
3682,4355,12
3682,4356,40
3682,4358,9
3682,4359,86
3682,4361,12
3682,4363,2
3682,4364,3
3682,4365,12
3682,4366,3
3682,4367,46
3682,4368,6
3682,4369,10
3683,4205,3
3683,4208,30
3683,4209,4
3683,4210,3
3683,4211,8
3683,4212,8
3683,4213,8
3683,4214,15
3683,4215,4
3683,4216,3
3683,4218,3
3683,4220,14
3683,4222,9
3683,4224,2
3683,4230,6
3683,4232,7
3683,4233,2
3683,4234,11
3683,4235,3
3683,4236,16
3683,4237,14
3683,4238,22
3683,4239,13
3683,4240,16
3683,4241,11
3683,4242,39
3683,4243,15
3683,4244,6
3683,4245,16
3683,4246,24
3683,4247,15
3683,4248,14
3683,4249,10
3683,4250,6
3683,4251,28
3683,4255,4
3683,4256,12
3683,4257,22
3683,4258,16
3683,4259,8
3683,4260,11
3683,4261,8
3683,4262,10
3683,4263,14
3683,4268,2
3683,4269,1
3683,4270,7
3683,4271,8
3683,4277,4
3683,4278,14
3683,4279,21
3683,4280,11
3683,4281,33
3683,4282,19
3683,4283,19
3683,4284,7
3683,4285,452
3683,4286,48
3683,4287,17
3683,4288,2
3683,4289,12
3683,4290,11
3683,4291,7
3683,4292,12
3683,4293,17
3683,4294,2
3683,4295,22
3683,4296,11
3683,4297,51
3683,4298,14
3683,4299,9
3683,4300,5
3683,4301,11
3683,4302,62
3683,4303,28
3683,4304,28
3683,4305,12
3683,4306,14
3683,4307,26
3683,4308,6
3683,4310,35
3683,4311,480
3683,4312,2128
3683,4313,889
3683,4314,2
3683,4315,4
3683,4318,65
3683,4319,14
3683,4320,13
3683,4321,26
3683,4322,834
3683,4323,18
3683,4324,218
3683,4325,1282
3683,4326,545
3683,4327,12
3683,4328,27
3683,4329,1136
3683,4330,1465
3683,4331,112
3683,4332,16
3683,4333,10
3683,4334,8
3683,4335,12
3683,4336,12
3683,4337,956
3683,4338,245
3683,4339,569
3683,4340,325
3683,4341,227
3683,4342,393
3683,4351,2
3683,4352,28
3683,4353,26
3683,4354,15
3683,4355,208
3683,4356,3
3683,4358,23
3683,4359,32
3683,4362,3
3683,4364,2
3683,4365,10
3683,4366,4
3683,4368,2
3683,4369,21
3683,4370,8
3684,4205,6
3684,4206,7
3684,4207,17
3684,4208,1
3684,4210,1
3684,4211,19
3684,4212,16
3684,4213,8
3684,4214,4
3684,4215,5
3684,4216,9
3684,4217,12
3684,4221,10
3684,4222,4
3684,4225,6
3684,4226,2
3684,4230,2
3684,4231,144
3684,4232,78
3684,4233,5
3684,4234,7
3684,4235,6
3684,4236,70
3684,4237,426
3684,4238,9
3684,4239,9
3684,4240,8
3684,4241,7
3684,4242,8
3684,4243,5
3684,4244,5
3684,4245,177
3684,4246,800
3684,4247,151
3684,4248,13
3684,4249,15
3684,4251,9
3684,4252,5
3684,4253,3
3684,4254,2
3684,4256,5
3684,4257,3
3684,4258,10
3684,4259,4
3684,4260,4
3684,4261,5
3684,4262,12
3684,4263,5
3684,4264,2
3684,4267,7
3684,4268,18
3684,4269,4
3684,4270,12
3684,4271,12
3684,4275,2
3684,4276,7
3684,4277,7
3684,4278,14
3684,4279,16
3684,4280,19
3684,4281,31
3684,4282,47
3684,4283,11
3684,4284,31
3684,4285,46
3684,4286,66
3684,4287,9
3684,4288,19
3684,4289,13
3684,4290,36
3684,4291,30
3684,4292,24
3684,4293,13
3684,4294,5
3684,4295,3
3684,4297,11
3684,4298,4
3684,4299,9
3684,4300,25
3684,4301,23
3684,4302,24
3684,4303,272
3684,4304,788
3684,4305,22
3684,4306,22
3684,4307,25
3684,4308,17
3684,4309,20
3684,4310,19
3684,4311,229
3684,4312,1197
3684,4313,270
3684,4314,27
3684,4316,17
3684,4317,3
3684,4318,31
3684,4319,66
3684,4320,51
3684,4321,53
3684,4322,4
3684,4324,535
3684,4325,1532
3684,4326,323
3684,4327,243
3684,4328,22
3684,4329,14
3684,4330,31
3684,4331,9
3684,4332,6
3684,4333,131
3684,4334,46
3684,4335,15
3684,4336,29
3684,4337,91
3684,4338,24
3684,4339,2317
3684,4340,1351
3684,4341,183
3684,4342,76
3684,4351,5
3684,4352,12
3684,4353,22
3684,4354,1
3684,4355,45
3684,4356,6
3684,4357,3
3684,4358,5
3684,4359,9
3684,4360,3
3684,4362,1
3684,4363,4
3684,4364,4
3684,4367,3
3684,4368,19
3684,4369,42
3684,4370,7
3684,4371,4
3685,4205,23
3685,4206,8
3685,4207,5
3685,4208,12
3685,4210,7
3685,4211,55
3685,4212,45
3685,4213,18
3685,4214,94
3685,4215,4
3685,4216,58
3685,4217,9
3685,4223,4
3685,4229,2
3685,4230,24
3685,4231,25
3685,4232,18
3685,4233,5
3685,4234,2
3685,4235,6
3685,4236,78
3685,4237,550
3685,4238,22
3685,4239,25
3685,4240,22
3685,4241,8
3685,4242,13
3685,4243,2
3685,4244,33
3685,4245,715
3685,4246,1055
3685,4247,46
3685,4248,24
3685,4249,13
3685,4250,30
3685,4251,20
3685,4252,6
3685,4253,2
3685,4254,8
3685,4255,10
3685,4256,1
3685,4257,6
3685,4258,164
3685,4259,139
3685,4260,12
3685,4261,9
3685,4262,6
3685,4263,2
3685,4266,2
3685,4267,1
3685,4268,5
3685,4270,7
3685,4271,8
3685,4272,7
3685,4274,11
3685,4275,4
3685,4276,6
3685,4277,16
3685,4278,209
3685,4279,27
3685,4280,17
3685,4281,27
3685,4282,23
3685,4283,25
3685,4284,20
3685,4285,28
3685,4286,112
3685,4287,149
3685,4288,13
3685,4289,21
3685,4290,125
3685,4291,65
3685,4292,6
3685,4293,18
3685,4294,24
3685,4295,28
3685,4296,20
3685,4297,121
3685,4298,7
3685,4299,7
3685,4300,75
3685,4301,23
3685,4302,15
3685,4303,20
3685,4304,293
3685,4305,26
3685,4306,5
3685,4307,7
3685,4308,18
3685,4309,4
3685,4310,19
3685,4311,2
3685,4316,10
3685,4317,1
3685,4319,9
3685,4320,8
3685,4323,515
3685,4324,1424
3685,4325,1119
3685,4326,21
3685,4327,163
3685,4328,34
3685,4329,33
3685,4330,16
3685,4331,42
3685,4332,36
3685,4333,36
3685,4334,49
3685,4335,56
3685,4336,5
3685,4337,32
3685,4338,33
3685,4339,370
3685,4340,1801
3685,4341,67
3685,4352,72
3685,4353,71
3685,4355,87
3685,4356,10
3685,4357,17
3685,4358,2
3685,4359,3
3685,4360,3
3685,4361,4
3685,4363,1
3685,4364,21
3685,4365,3
3685,4366,44
3685,4367,2
3685,4368,12
3685,4369,9
3685,4370,5
3685,4371,2
3686,4205,9
3686,4206,12
3686,4207,4
3686,4208,12
3686,4209,8
3686,4210,8
3686,4211,79
3686,4212,105
3686,4213,21
3686,4214,33
3686,4215,91
3686,4216,1240
3686,4217,302
3686,4222,2
3686,4223,9
3686,4226,2
3686,4228,2
3686,4229,4
3686,4230,19
3686,4231,12
3686,4232,15
3686,4233,3
3686,4234,10
3686,4235,20
3686,4236,28
3686,4237,18
3686,4238,18
3686,4239,7
3686,4240,18
3686,4241,6
3686,4242,11
3686,4243,12
3686,4244,38
3686,4245,199
3686,4246,236
3686,4247,5
3686,4248,18
3686,4249,2
3686,4250,7
3686,4252,8
3686,4253,3
3686,4254,3
3686,4255,10
3686,4256,1
3686,4257,14
3686,4258,8
3686,4259,5
3686,4260,8
3686,4261,3
3686,4262,6
3686,4266,5
3686,4269,7
3686,4270,8
3686,4271,23
3686,4272,3
3686,4273,8
3686,4274,1
3686,4276,10
3686,4277,13
3686,4278,44
3686,4279,387
3686,4280,4
3686,4281,7
3686,4282,29
3686,4283,23
3686,4284,10
3686,4285,891
3686,4286,1112
3686,4287,248
3686,4288,27
3686,4289,27
3686,4290,22
3686,4291,15
3686,4292,22
3686,4293,42
3686,4294,25
3686,4295,5
3686,4296,23
3686,4297,31
3686,4298,22
3686,4299,28
3686,4300,53
3686,4301,22
3686,4302,10
3686,4303,16
3686,4304,10
3686,4305,90
3686,4306,63
3686,4307,14
3686,4308,23
3686,4309,54
3686,4310,252
3686,4311,55
3686,4312,13
3686,4313,5
3686,4315,5
3686,4316,24
3686,4317,22
3686,4318,35
3686,4319,22
3686,4320,15
3686,4321,15
3686,4322,32
3686,4323,143
3686,4324,240
3686,4325,437
3686,4326,8
3686,4327,5
3686,4328,42
3686,4329,15
3686,4330,29
3686,4331,13
3686,4332,10
3686,4333,8
3686,4334,557
3686,4335,24
3686,4336,19
3686,4337,27
3686,4338,7
3686,4339,70
3686,4340,1212
3686,4341,664
3686,4342,28
3686,4343,1
3686,4344,14
3686,4350,2
3686,4351,2
3686,4352,105
3686,4353,15
3686,4355,18
3686,4356,6
3686,4357,297
3686,4359,2
3686,4360,8
3686,4363,26
3686,4364,60
3686,4365,57
3686,4366,13
3686,4367,9
3686,4368,151
3686,4369,3
3686,4370,4
3686,4371,1
3687,4205,1
3687,4206,15
3687,4207,49
3687,4208,79
3687,4209,4
3687,4210,8
3687,4211,17
3687,4212,14
3687,4213,49
3687,4214,22
3687,4215,12
3687,4216,311
3687,4217,90
3687,4218,12
3687,4225,2
3687,4229,7
3687,4230,24
3687,4231,7
3687,4234,5
3687,4235,25
3687,4236,7
3687,4237,10
3687,4238,2
3687,4239,3
3687,4240,4
3687,4241,4
3687,4242,4
3687,4243,10
3687,4245,8
3687,4246,23
3687,4247,14
3687,4248,16
3687,4249,8
3687,4250,10
3687,4251,4
3687,4253,2
3687,4254,10
3687,4255,2
3687,4257,2
3687,4258,7
3687,4259,4
3687,4260,12
3687,4267,120
3687,4268,295
3687,4269,6
3687,4271,12
3687,4272,12
3687,4273,2
3687,4275,4
3687,4276,14
3687,4277,28
3687,4278,78
3687,4279,507
3687,4280,97
3687,4281,85
3687,4282,14
3687,4283,31
3687,4284,90
3687,4285,1645
3687,4286,671
3687,4287,13
3687,4288,15
3687,4289,23
3687,4290,14
3687,4291,17
3687,4292,20
3687,4293,37
3687,4294,13
3687,4295,45
3687,4296,78
3687,4297,8
3687,4298,16
3687,4299,32
3687,4300,29
3687,4301,54
3687,4302,6
3687,4303,10
3687,4304,7
3687,4305,2
3687,4306,21
3687,4307,11
3687,4308,27
3687,4309,17
3687,4310,25
3687,4311,2
3687,4312,44
3687,4313,14
3687,4314,2
3687,4315,13
3687,4316,23
3687,4317,13
3687,4318,30
3687,4319,21
3687,4320,128
3687,4321,101
3687,4322,21
3687,4323,25
3687,4324,2
3687,4325,8
3687,4326,9
3687,4328,2
3687,4329,3
3687,4330,305
3687,4331,15
3687,4332,12
3687,4333,9
3687,4334,279
3687,4335,3
3687,4336,22
3687,4337,12
3687,4338,45
3687,4339,15
3687,4340,18
3687,4341,13
3687,4342,83
3687,4343,20
3687,4344,54
3687,4345,4
3687,4346,11
3687,4347,7
3687,4348,35
3687,4350,4
3687,4351,3
3687,4352,11
3687,4353,39
3687,4354,117
3687,4355,17
3687,4356,161
3687,4357,231
3687,4362,3
3687,4363,17
3687,4364,8
3687,4365,27
3687,4366,10
3687,4367,11
3687,4368,18
3687,4369,2
3687,4370,22
3687,4371,3
3688,4206,2
3688,4207,5
3688,4208,6
3688,4213,4
3688,4214,12
3688,4215,8
3688,4216,4
3688,4217,13
3688,4218,9
3688,4220,7
3688,4225,4
3688,4226,1
3688,4228,2
3688,4230,8
3688,4231,3
3688,4234,7
3688,4235,9
3688,4236,12
3688,4237,5
3688,4238,9
3688,4239,6
3688,4240,7
3688,4241,9
3688,4242,10
3688,4243,7
3688,4244,3
3688,4245,1
3688,4246,2
3688,4247,9
3688,4248,20
3688,4249,2
3688,4250,11
3688,4251,13
3688,4252,19
3688,4253,16
3688,4254,6
3688,4255,1
3688,4258,5
3688,4259,17
3688,4260,2
3688,4261,5
3688,4262,1
3688,4267,88
3688,4268,264
3688,4269,9
3688,4270,9
3688,4271,7
3688,4273,2
3688,4274,2
3688,4276,8
3688,4277,44
3688,4278,28
3688,4279,3
3688,4280,21
3688,4281,23
3688,4282,16
3688,4283,5
3688,4284,22
3688,4285,39
3688,4286,144
3688,4287,11
3688,4288,21
3688,4289,28
3688,4290,16
3688,4291,16
3688,4292,36
3688,4293,39
3688,4294,13
3688,4295,99
3688,4296,149
3688,4297,19
3688,4298,25
3688,4299,12
3688,4300,57
3688,4301,13
3688,4302,2
3688,4303,8
3688,4304,22
3688,4305,38
3688,4306,37
3688,4307,713
3688,4308,833
3688,4309,23
3688,4310,28
3688,4311,11
3688,4312,185
3688,4313,13
3688,4315,10
3688,4316,266
3688,4317,6
3688,4318,5
3688,4319,10
3688,4320,18
3688,4321,11
3688,4322,17
3688,4323,20
3688,4324,42
3688,4325,2
3688,4326,16
3688,4327,20
3688,4328,36
3688,4329,134
3688,4330,618
3688,4331,31
3688,4332,19
3688,4333,33
3688,4334,402
3688,4335,17
3688,4336,62
3688,4337,37
3688,4338,32
3688,4339,23
3688,4340,15
3688,4341,28
3688,4342,20
3688,4343,485
3688,4344,30
3688,4345,33
3688,4346,16
3688,4347,147
3688,4348,47
3688,4349,342
3688,4350,1707
3688,4351,58
3688,4352,9
3688,4353,26
3688,4354,31
3688,4355,4
3688,4356,6
3688,4357,2
3688,4362,25
3688,4363,318
3688,4364,19
3688,4366,12
3688,4367,5
3688,4368,23
3688,4369,9
3688,4370,12
3688,4371,7
3688,4372,5
3688,4373,1
3689,4208,11
3689,4209,7
3689,4214,2
3689,4216,7
3689,4217,14
3689,4218,106
3689,4219,21
3689,4220,5
3689,4221,13
3689,4222,5
3689,4223,1
3689,4224,7
3689,4225,2
3689,4226,3
3689,4228,19
3689,4230,2
3689,4231,4
3689,4234,21
3689,4235,12
3689,4236,14
3689,4239,10
3689,4240,8
3689,4241,13
3689,4242,5
3689,4243,12
3689,4244,15
3689,4245,2
3689,4246,11
3689,4247,6
3689,4248,12
3689,4250,9
3689,4251,4
3689,4252,5
3689,4253,4
3689,4254,20
3689,4258,3
3689,4260,7
3689,4261,3
3689,4262,4
3689,4268,13
3689,4269,1001
3689,4270,396
3689,4271,8
3689,4272,13
3689,4273,8
3689,4274,17
3689,4275,2
3689,4276,12
3689,4277,14
3689,4278,22
3689,4279,24
3689,4280,15
3689,4281,20
3689,4282,16
3689,4283,19
3689,4284,37
3689,4285,13
3689,4286,18
3689,4287,123
3689,4288,84
3689,4289,10
3689,4290,2
3689,4291,10
3689,4292,17
3689,4293,23
3689,4294,412
3689,4295,1110
3689,4296,182
3689,4297,3
3689,4298,8
3689,4299,12
3689,4300,5
3689,4301,16
3689,4302,3
3689,4303,102
3689,4304,11
3689,4305,45
3689,4306,17
3689,4307,188
3689,4308,67
3689,4309,20
3689,4310,2
3689,4311,2
3689,4312,23
3689,4313,6
3689,4314,5
3689,4315,11
3689,4316,21
3689,4317,12
3689,4318,24
3689,4319,27
3689,4320,12
3689,4321,5
3689,4322,4
3689,4323,57
3689,4324,17
3689,4326,259
3689,4327,399
3689,4328,127
3689,4329,211
3689,4330,11
3689,4331,49
3689,4332,27
3689,4333,18
3689,4334,13
3689,4335,15
3689,4336,18
3689,4337,18
3689,4339,200
3689,4340,1507
3689,4341,753
3689,4342,8
3689,4343,4
3689,4344,8
3689,4345,77
3689,4346,1012
3689,4347,357
3689,4348,231
3689,4349,322
3689,4350,483
3689,4351,22
3689,4352,21
3689,4353,179
3689,4354,10
3689,4356,8
3689,4360,7
3689,4361,4
3689,4362,15
3689,4363,44
3689,4364,101
3689,4365,5
3689,4366,10
3689,4367,12
3689,4368,84
3689,4369,17
3689,4370,8
3689,4371,6
3689,4372,1
3689,4373,5
3689,4374,7
3690,4207,3
3690,4208,181
3690,4209,51
3690,4210,15
3690,4211,7
3690,4215,10
3690,4216,25
3690,4217,35
3690,4218,20
3690,4220,8
3690,4221,20
3690,4223,7
3690,4225,22
3690,4227,4
3690,4228,6
3690,4229,13
3690,4230,15
3690,4233,6
3690,4234,463
3690,4235,11
3690,4236,7
3690,4238,9
3690,4239,10
3690,4240,39
3690,4242,22
3690,4243,9
3690,4244,11
3690,4245,3
3690,4246,5
3690,4247,17
3690,4248,2
3690,4249,59
3690,4250,329
3690,4251,4
3690,4252,2
3690,4253,10
3690,4254,6
3690,4255,10
3690,4258,33
3690,4260,5
3690,4261,22
3690,4268,1
3690,4269,531
3690,4270,263
3690,4271,1
3690,4272,6
3690,4273,19
3690,4274,17
3690,4275,18
3690,4276,3
3690,4278,9
3690,4279,16
3690,4280,20
3690,4281,29
3690,4282,19
3690,4283,6
3690,4284,3
3690,4285,4
3690,4286,11
3690,4288,33
3690,4289,8
3690,4290,4
3690,4291,8
3690,4292,26
3690,4293,13
3690,4294,22
3690,4297,3
3690,4301,71
3690,4302,13
3690,4303,13
3690,4304,6
3690,4305,9
3690,4306,8
3690,4307,165
3690,4308,115
3690,4309,18
3690,4310,9
3690,4311,11
3690,4312,59
3690,4313,105
3690,4314,11
3690,4315,4
3690,4316,9
3690,4317,5
3690,4318,11
3690,4319,214
3690,4320,16
3690,4321,24
3690,4322,136
3690,4323,389
3690,4324,321
3690,4325,48
3690,4327,2
3690,4328,10
3690,4329,20
3690,4330,6
3690,4331,28
3690,4332,11
3690,4333,29
3690,4334,22
3690,4335,6
3690,4336,9
3690,4337,5
3690,4338,2
3690,4339,453
3690,4340,2161
3690,4341,595
3690,4342,8
3690,4343,13
3690,4344,28
3690,4345,24
3690,4346,11
3690,4347,20
3690,4348,19
3690,4349,18
3690,4350,18
3690,4351,15
3690,4352,11
3690,4353,2
3690,4354,8
3690,4355,8
3690,4357,7
3690,4359,55
3690,4360,13
3690,4361,3
3690,4362,32
3690,4363,21
3690,4364,15
3690,4366,12
3690,4367,12
3690,4368,28
3690,4369,10
3690,4370,216
3690,4371,316
3690,4372,79
3690,4373,5
3690,4374,5
3691,4205,5
3691,4206,11
3691,4207,18
3691,4208,20
3691,4209,15
3691,4210,33
3691,4211,1
3691,4217,14
3691,4218,4
3691,4219,16
3691,4220,3
3691,4221,4
3691,4222,5
3691,4223,93
3691,4224,64
3691,4225,5
3691,4231,4
3691,4233,23
3691,4234,336
3691,4235,39
3691,4236,43
3691,4237,14
3691,4238,15
3691,4239,23
3691,4240,610
3691,4241,562
3691,4242,6
3691,4243,13
3691,4245,4
3691,4246,10
3691,4247,5
3691,4248,9
3691,4249,36
3691,4251,25
3691,4252,16
3691,4253,12
3691,4254,23
3691,4255,3
3691,4258,4
3691,4260,4
3691,4261,6
3691,4265,1
3691,4266,7
3691,4267,9
3691,4268,2
3691,4269,20
3691,4270,12
3691,4271,5
3691,4272,10
3691,4273,9
3691,4274,22
3691,4275,122
3691,4276,9
3691,4278,18
3691,4279,184
3691,4280,120
3691,4281,37
3691,4282,72
3691,4283,1
3691,4284,4
3691,4285,4
3691,4286,292
3691,4287,33
3691,4288,36
3691,4289,2
3691,4290,5
3691,4291,5
3691,4292,25
3691,4293,45
3691,4294,13
3691,4297,22
3691,4298,9
3691,4299,2
3691,4300,31
3691,4301,21
3691,4302,17
3691,4303,11
3691,4304,17
3691,4305,35
3691,4306,23
3691,4307,17
3691,4308,12
3691,4309,27
3691,4310,6
3691,4311,16
3691,4312,23
3691,4313,20
3691,4314,9
3691,4315,117
3691,4316,1
3691,4317,5
3691,4318,6
3691,4319,17
3691,4320,29
3691,4321,6
3691,4322,379
3691,4323,2118
3691,4324,1541
3691,4325,814
3691,4326,22
3691,4327,300
3691,4328,2
3691,4329,7
3691,4330,16
3691,4331,4
3691,4332,6
3691,4333,5
3691,4334,5
3691,4335,8
3691,4336,22
3691,4337,4
3691,4338,2
3691,4339,33
3691,4340,416
3691,4341,41
3691,4342,1
3691,4343,14
3691,4344,194
3691,4345,156
3691,4346,15
3691,4347,11
3691,4348,6
3691,4349,17
3691,4350,19
3691,4352,3
3691,4353,6
3691,4354,10
3691,4355,21
3691,4356,8
3691,4357,2
3691,4358,22
3691,4359,21
3691,4360,6
3691,4361,18
3691,4362,14
3691,4363,3
3691,4364,35
3691,4365,7
3691,4366,4
3691,4367,40
3691,4368,27
3691,4369,18
3691,4370,19
3691,4371,22
3691,4372,8
3691,4373,19
3691,4374,4
3691,4375,5
3692,4204,1
3692,4205,14
3692,4206,23
3692,4208,6
3692,4209,5
3692,4215,6
3692,4217,3
3692,4218,1
3692,4219,13
3692,4220,4
3692,4221,5
3692,4222,5
3692,4225,9
3692,4226,6
3692,4227,36
3692,4228,16
3692,4229,19
3692,4230,23
3692,4231,6
3692,4233,6
3692,4234,31
3692,4235,6
3692,4236,1
3692,4237,184
3692,4238,60
3692,4239,23
3692,4240,110
3692,4241,57
3692,4242,3
3692,4244,5
3692,4245,9
3692,4246,3
3692,4247,5
3692,4248,8
3692,4249,4
3692,4250,8
3692,4251,12
3692,4252,2
3692,4253,17
3692,4254,293
3692,4255,79
3692,4256,3
3692,4257,8
3692,4258,9
3692,4260,3
3692,4265,5
3692,4266,16
3692,4268,6
3692,4269,8
3692,4271,10
3692,4272,10
3692,4273,22
3692,4274,287
3692,4275,247
3692,4276,19
3692,4277,16
3692,4278,29
3692,4279,12
3692,4280,29
3692,4281,15
3692,4282,2
3692,4283,11
3692,4284,20
3692,4285,268
3692,4286,121
3692,4287,35
3692,4288,65
3692,4289,45
3692,4290,13
3692,4291,7
3692,4292,87
3692,4293,13
3692,4294,25
3692,4297,23
3692,4298,322
3692,4299,4
3692,4300,21
3692,4301,26
3692,4302,12
3692,4303,15
3692,4304,10
3692,4305,19
3692,4306,34
3692,4307,21
3692,4308,9
3692,4309,32
3692,4310,19
3692,4311,33
3692,4312,22
3692,4313,22
3692,4314,29
3692,4315,29
3692,4318,5
3692,4319,6
3692,4320,35
3692,4321,35
3692,4322,32
3692,4323,1162
3692,4324,758
3692,4325,609
3692,4326,6
3692,4327,427
3692,4328,19
3692,4329,39
3692,4330,14
3692,4331,15
3692,4332,156
3692,4333,17
3692,4334,13
3692,4335,16
3692,4336,23
3692,4337,10
3692,4338,32
3692,4339,23
3692,4340,2
3692,4341,20
3692,4343,272
3692,4344,1111
3692,4345,24
3692,4346,17
3692,4347,28
3692,4348,6
3692,4349,339
3692,4350,10
3692,4351,5
3692,4352,8
3692,4354,50
3692,4355,18
3692,4356,4
3692,4357,36
3692,4358,10
3692,4359,16
3692,4360,15
3692,4361,4
3692,4362,160
3692,4363,7
3692,4364,16
3692,4365,14
3692,4367,11
3692,4368,4
3692,4369,12
3692,4370,3
3692,4371,30
3692,4372,10
3692,4373,24
3692,4374,9
3692,4375,2
3693,4206,5
3693,4207,13
3693,4213,14
3693,4214,6
3693,4215,16
3693,4216,21
3693,4217,12
3693,4218,40
3693,4219,8
3693,4220,14
3693,4222,5
3693,4223,2
3693,4224,5
3693,4225,15
3693,4226,16
3693,4227,228
3693,4228,19
3693,4229,8
3693,4230,11
3693,4234,76
3693,4235,43
3693,4236,12
3693,4237,1120
3693,4238,501
3693,4239,17
3693,4240,8
3693,4241,12
3693,4243,1
3693,4244,5
3693,4245,10
3693,4246,28
3693,4247,14
3693,4248,9
3693,4250,6
3693,4251,11
3693,4252,13
3693,4253,4
3693,4254,10
3693,4255,211
3693,4256,13
3693,4257,9
3693,4258,2
3693,4259,2
3693,4260,1
3693,4264,12
3693,4265,5
3693,4266,8
3693,4267,5
3693,4268,26
3693,4270,2
3693,4271,4
3693,4272,15
3693,4273,9
3693,4274,927
3693,4275,461
3693,4276,3
3693,4277,24
3693,4278,9
3693,4279,6
3693,4280,16
3693,4281,19
3693,4282,9
3693,4283,5
3693,4284,42
3693,4285,45
3693,4286,17
3693,4287,13
3693,4288,31
3693,4289,32
3693,4290,240
3693,4291,51
3693,4292,63
3693,4293,6
3693,4294,44
3693,4295,10
3693,4296,5
3693,4298,21
3693,4299,21
3693,4300,11
3693,4301,15
3693,4302,13
3693,4303,11
3693,4304,11
3693,4305,3
3693,4306,17
3693,4307,31
3693,4308,19
3693,4309,18
3693,4310,41
3693,4311,13
3693,4312,16
3693,4313,197
3693,4314,18
3693,4315,7
3693,4316,11
3693,4317,2
3693,4318,11
3693,4319,30
3693,4320,80
3693,4322,4
3693,4323,57
3693,4324,147
3693,4325,15
3693,4326,15
3693,4327,15
3693,4328,11
3693,4329,21
3693,4330,19
3693,4331,2
3693,4332,10
3693,4333,7
3693,4334,15
3693,4335,15
3693,4336,32
3693,4337,16
3693,4338,31
3693,4339,36
3693,4340,4
3693,4342,9
3693,4343,26
3693,4344,99
3693,4345,22
3693,4346,25
3693,4347,17
3693,4348,181
3693,4349,717
3693,4350,7
3693,4351,5
3693,4352,9
3693,4353,19
3693,4354,66
3693,4355,11
3693,4356,17
3693,4357,15
3693,4358,29
3693,4359,21
3693,4360,171
3693,4361,8
3693,4362,14
3693,4363,15
3693,4364,21
3693,4365,8
3693,4366,2
3693,4367,26
3693,4368,192
3693,4369,20
3693,4370,1
3693,4371,18
3693,4372,10
3693,4373,5
3693,4374,41
3693,4375,2
3693,4376,3
3694,4213,12
3694,4214,6
3694,4215,22
3694,4216,19
3694,4217,112
3694,4218,1056
3694,4219,13
3694,4220,6
3694,4221,6
3694,4222,1
3694,4223,11
3694,4225,9
3694,4226,10
3694,4227,145
3694,4229,9
3694,4230,12
3694,4232,17
3694,4234,183
3694,4235,849
3694,4236,880
3694,4237,1498
3694,4238,427
3694,4239,60
3694,4240,5
3694,4241,4
3694,4242,9
3694,4243,8
3694,4244,6
3694,4245,9
3694,4246,8
3694,4247,5
3694,4248,3
3694,4251,3
3694,4252,4
3694,4253,8
3694,4254,13
3694,4255,30
3694,4256,9
3694,4257,2
3694,4259,4
3694,4263,1
3694,4264,8
3694,4265,8
3694,4266,20
3694,4267,18
3694,4268,2
3694,4271,7
3694,4272,3
3694,4273,14
3694,4274,3
3694,4275,10
3694,4276,16
3694,4277,17
3694,4278,14
3694,4279,28
3694,4280,74
3694,4281,32
3694,4282,17
3694,4283,5
3694,4284,20
3694,4285,19
3694,4286,28
3694,4287,7
3694,4288,9
3694,4289,64
3694,4290,1211
3694,4291,224
3694,4292,16
3694,4293,20
3694,4294,59
3694,4295,254
3694,4296,10
3694,4297,4
3694,4298,12
3694,4299,16
3694,4300,53
3694,4301,101
3694,4302,7
3694,4303,73
3694,4304,19
3694,4305,13
3694,4306,11
3694,4307,24
3694,4308,22
3694,4309,25
3694,4310,43
3694,4311,4
3694,4312,7
3694,4313,12
3694,4314,2
3694,4315,460
3694,4316,251
3694,4317,9
3694,4318,6
3694,4319,1
3694,4320,67
3694,4321,4
3694,4322,16
3694,4323,11
3694,4324,30
3694,4325,10
3694,4326,16
3694,4327,4
3694,4328,6
3694,4329,4
3694,4330,15
3694,4331,28
3694,4332,15
3694,4333,49
3694,4334,61
3694,4335,245
3694,4337,15
3694,4338,122
3694,4339,5
3694,4340,9
3694,4341,35
3694,4342,94
3694,4343,32
3694,4344,9
3694,4345,19
3694,4346,39
3694,4347,19
3694,4348,131
3694,4349,5
3694,4350,5
3694,4351,3
3694,4352,14
3694,4353,27
3694,4354,9
3694,4355,11
3694,4356,235
3694,4357,336
3694,4358,9
3694,4359,12
3694,4360,11
3694,4361,9
3694,4362,5
3694,4363,12
3694,4364,6
3694,4365,11
3694,4366,6
3694,4367,11
3694,4368,444
3694,4369,187
3694,4370,17
3694,4371,9
3694,4372,5
3694,4373,7
3694,4374,175
3694,4375,1
3695,4212,2
3695,4213,3
3695,4214,11
3695,4215,21
3695,4216,6
3695,4217,26
3695,4218,94
3695,4219,19
3695,4220,15
3695,4221,11
3695,4223,6
3695,4224,4
3695,4225,2
3695,4227,10
3695,4228,2
3695,4229,18
3695,4230,17
3695,4231,3
3695,4232,5
3695,4233,5
3695,4234,1497
3695,4235,2855
3695,4236,1423
3695,4237,624
3695,4238,506
3695,4239,736
3695,4240,840
3695,4241,13
3695,4242,14
3695,4244,4
3695,4245,14
3695,4246,5
3695,4247,1
3695,4248,1
3695,4250,9
3695,4251,8
3695,4252,6
3695,4253,4
3695,4256,12
3695,4257,7
3695,4258,3
3695,4259,1
3695,4261,1
3695,4262,8
3695,4263,4
3695,4264,6
3695,4265,11
3695,4268,3
3695,4271,10
3695,4272,18
3695,4273,3
3695,4274,16
3695,4275,10
3695,4276,14
3695,4277,480
3695,4278,13
3695,4279,9
3695,4280,31
3695,4281,41
3695,4282,23
3695,4283,20
3695,4284,12
3695,4285,6
3695,4286,12
3695,4288,23
3695,4289,20
3695,4290,81
3695,4291,16
3695,4292,43
3695,4293,14
3695,4294,23
3695,4295,13
3695,4296,21
3695,4297,11
3695,4298,41
3695,4299,354
3695,4300,479
3695,4301,8
3695,4302,17
3695,4303,35
3695,4304,2
3695,4305,11
3695,4306,180
3695,4307,3
3695,4308,15
3695,4309,9
3695,4310,28
3695,4311,7
3695,4312,24
3695,4314,12
3695,4315,250
3695,4316,39
3695,4317,2
3695,4318,5
3695,4320,14
3695,4321,168
3695,4322,61
3695,4323,8
3695,4324,19
3695,4325,44
3695,4326,4
3695,4327,2
3695,4328,24
3695,4329,58
3695,4330,180
3695,4331,455
3695,4332,17
3695,4333,12
3695,4334,19
3695,4335,14
3695,4336,21
3695,4337,131
3695,4338,75
3695,4339,6
3695,4341,60
3695,4342,15
3695,4343,9
3695,4344,7
3695,4345,4
3695,4346,1
3695,4347,33
3695,4348,56
3695,4349,26
3695,4350,7
3695,4351,7
3695,4352,4
3695,4353,19
3695,4354,15
3695,4355,9
3695,4356,559
3695,4357,751
3695,4358,37
3695,4359,10
3695,4360,7
3695,4361,39
3695,4362,12
3695,4363,1
3695,4364,67
3695,4365,5
3695,4366,40
3695,4367,82
3695,4368,2
3695,4369,3
3695,4371,99
3695,4372,16
3695,4373,38
3695,4376,10
3696,4212,29
3696,4213,16
3696,4214,8
3696,4215,2
3696,4217,2
3696,4218,4
3696,4219,8
3696,4220,2
3696,4221,11
3696,4222,20
3696,4223,140
3696,4224,11
3696,4225,1
3696,4228,2
3696,4229,4
3696,4230,6
3696,4231,5
3696,4232,3
3696,4233,685
3696,4234,3573
3696,4235,3161
3696,4236,1213
3696,4237,658
3696,4238,433
3696,4239,185
3696,4240,1121
3696,4242,2
3696,4243,20
3696,4244,19
3696,4245,21
3696,4246,7
3696,4248,7
3696,4249,5
3696,4250,82
3696,4251,8
3696,4252,14
3696,4256,2
3696,4257,2
3696,4258,7
3696,4261,7
3696,4262,2
3696,4263,30
3696,4264,2
3696,4265,7
3696,4266,12
3696,4267,5
3696,4268,8
3696,4271,32
3696,4272,145
3696,4273,17
3696,4274,13
3696,4275,18
3696,4276,14
3696,4277,29
3696,4278,159
3696,4279,34
3696,4280,5
3696,4282,41
3696,4283,90
3696,4284,28
3696,4285,1
3696,4286,4
3696,4287,7
3696,4288,17
3696,4289,47
3696,4290,32
3696,4291,15
3696,4292,21
3696,4293,28
3696,4294,84
3696,4295,94
3696,4296,21
3696,4297,72
3696,4298,703
3696,4299,1324
3696,4300,825
3696,4301,44
3696,4302,19
3696,4303,18
3696,4304,20
3696,4305,5
3696,4306,41
3696,4307,10
3696,4308,9
3696,4309,144
3696,4310,59
3696,4311,3
3696,4312,19
3696,4314,6
3696,4315,7
3696,4316,10
3696,4317,16
3696,4318,11
3696,4319,8
3696,4320,15
3696,4321,4
3696,4322,10
3696,4324,15
3696,4326,16
3696,4327,40
3696,4328,9
3696,4329,8
3696,4330,26
3696,4331,200
3696,4332,22
3696,4333,5
3696,4334,8
3696,4335,21
3696,4336,7
3696,4337,10
3696,4338,9
3696,4339,18
3696,4340,7
3696,4341,20
3696,4342,51
3696,4343,15
3696,4346,7
3696,4347,17
3696,4348,22
3696,4349,15
3696,4350,24
3696,4351,83
3696,4352,38
3696,4353,13
3696,4354,9
3696,4355,30
3696,4356,47
3696,4357,59
3696,4359,6
3696,4360,3
3696,4361,4
3696,4362,4
3696,4363,2
3696,4364,3
3696,4365,8
3696,4366,56
3696,4367,202
3696,4368,16
3696,4369,9
3696,4370,5
3696,4371,36
3696,4372,5
3696,4373,166
3696,4374,10
3696,4375,46
3697,4204,82
3697,4205,47
3697,4210,11
3697,4211,17
3697,4212,6
3697,4213,9
3697,4214,7
3697,4215,5
3697,4217,15
3697,4221,3
3697,4222,11
3697,4223,90
3697,4224,22
3697,4225,12
3697,4227,2
3697,4228,7
3697,4229,44
3697,4232,1302
3697,4233,1916
3697,4234,1739
3697,4235,1753
3697,4236,528
3697,4237,97
3697,4238,36
3697,4239,17
3697,4240,14
3697,4241,20
3697,4242,13
3697,4243,18
3697,4244,6
3697,4245,50
3697,4246,7
3697,4247,13
3697,4248,3
3697,4249,60
3697,4250,25
3697,4251,5
3697,4252,5
3697,4259,6
3697,4261,5
3697,4262,21
3697,4263,21
3697,4264,57
3697,4265,8
3697,4266,1
3697,4269,3
3697,4270,7
3697,4271,5
3697,4272,18
3697,4273,4
3697,4274,5
3697,4275,4
3697,4276,2
3697,4277,9
3697,4278,8
3697,4279,2
3697,4282,8
3697,4283,83
3697,4284,20
3697,4285,12
3697,4286,15
3697,4287,7
3697,4288,11
3697,4289,30
3697,4290,8
3697,4291,16
3697,4292,24
3697,4293,23
3697,4294,11
3697,4296,11
3697,4297,261
3697,4298,586
3697,4299,1000
3697,4300,1104
3697,4301,16
3697,4302,2
3697,4304,10
3697,4305,26
3697,4306,14
3697,4307,74
3697,4308,126
3697,4309,12
3697,4310,4
3697,4311,19
3697,4312,20
3697,4313,14
3697,4314,95
3697,4315,7
3697,4316,18
3697,4317,19
3697,4318,16
3697,4320,7
3697,4321,6
3697,4322,13
3697,4323,13
3697,4326,2
3697,4327,29
3697,4328,15
3697,4329,17
3697,4330,10
3697,4331,15
3697,4334,40
3697,4335,4
3697,4336,113
3697,4337,34
3697,4338,21
3697,4339,37
3697,4340,31
3697,4341,22
3697,4342,50
3697,4343,88
3697,4347,12
3697,4348,9
3697,4349,4
3697,4350,75
3697,4351,525
3697,4352,663
3697,4353,18
3697,4354,20
3697,4355,3
3697,4356,25
3697,4357,26
3697,4359,5
3697,4360,2
3697,4362,5
3697,4363,29
3697,4364,8
3697,4365,5
3697,4366,4
3697,4367,7
3697,4369,24
3697,4370,14
3697,4371,10
3697,4372,29
3697,4373,28
3697,4374,15
3697,4376,30
3697,4377,5
3698,4204,110
3698,4205,92
3698,4209,2
3698,4210,21
3698,4211,9
3698,4213,4
3698,4214,9
3698,4215,2
3698,4217,8
3698,4218,16
3698,4219,1
3698,4220,2
3698,4223,6
3698,4224,7
3698,4225,10
3698,4228,12
3698,4229,27
3698,4230,22
3698,4231,6
3698,4232,240
3698,4233,1421
3698,4234,1416
3698,4235,270
3698,4236,8
3698,4237,35
3698,4238,7
3698,4239,45
3698,4240,20
3698,4241,29
3698,4242,25
3698,4243,7
3698,4244,2
3698,4245,14
3698,4246,10
3698,4247,18
3698,4248,10
3698,4249,27
3698,4250,2
3698,4255,5
3698,4256,3
3698,4257,10
3698,4258,373
3698,4259,166
3698,4260,4
3698,4261,8
3698,4262,3
3698,4263,10
3698,4264,8
3698,4265,3
3698,4268,1
3698,4270,4
3698,4272,12
3698,4273,3
3698,4274,6
3698,4275,3
3698,4277,2
3698,4278,14
3698,4281,2
3698,4282,27
3698,4283,15
3698,4284,9
3698,4285,22
3698,4286,29
3698,4287,44
3698,4288,166
3698,4289,17
3698,4290,22
3698,4291,12
3698,4292,18
3698,4293,6
3698,4294,2
3698,4295,7
3698,4296,10
3698,4297,27
3698,4298,3
3698,4299,20
3698,4300,696
3698,4301,11
3698,4302,4
3698,4303,5
3698,4304,12
3698,4305,23
3698,4306,107
3698,4307,584
3698,4308,1001
3698,4309,321
3698,4310,9
3698,4311,2
3698,4312,10
3698,4313,53
3698,4314,1753
3698,4315,202
3698,4316,27
3698,4317,18
3698,4318,156
3698,4319,11
3698,4321,17
3698,4323,17
3698,4324,19
3698,4325,15
3698,4326,79
3698,4327,15
3698,4328,12
3698,4329,3
3698,4331,10
3698,4333,5
3698,4334,58
3698,4335,24
3698,4336,284
3698,4337,18
3698,4338,17
3698,4339,9
3698,4340,25
3698,4341,21
3698,4343,20
3698,4344,7
3698,4345,76
3698,4346,483
3698,4347,42
3698,4348,7
3698,4349,2
3698,4350,73
3698,4351,409
3698,4352,783
3698,4353,7
3698,4354,6
3698,4355,43
3698,4356,25
3698,4357,11
3698,4358,4
3698,4359,26
3698,4360,42
3698,4361,4
3698,4362,9
3698,4363,7
3698,4364,2
3698,4366,6
3698,4367,59
3698,4368,15
3698,4369,3
3698,4370,7
3698,4371,34
3698,4372,4
3698,4373,20
3698,4374,24
3698,4375,824
3698,4376,242
3698,4377,3
3699,4204,3
3699,4205,3
3699,4209,23
3699,4210,3
3699,4211,6
3699,4212,12
3699,4213,5
3699,4214,2
3699,4215,8
3699,4216,1
3699,4217,25
3699,4218,40
3699,4219,23
3699,4220,12
3699,4221,4
3699,4223,9
3699,4225,2
3699,4226,9
3699,4227,6
3699,4228,16
3699,4229,5
3699,4230,25
3699,4231,205
3699,4232,43
3699,4233,695
3699,4234,301
3699,4235,6
3699,4236,11
3699,4237,21
3699,4238,24
3699,4239,15
3699,4240,21
3699,4241,16
3699,4242,27
3699,4243,10
3699,4244,9
3699,4245,20
3699,4246,344
3699,4247,183
3699,4248,12
3699,4249,6
3699,4250,3
3699,4251,5
3699,4252,3
3699,4253,8
3699,4254,14
3699,4255,14
3699,4256,3
3699,4257,9
3699,4258,142
3699,4259,10
3699,4261,3
3699,4262,13
3699,4263,11
3699,4264,11
3699,4266,2
3699,4268,9
3699,4269,10
3699,4270,16
3699,4271,7
3699,4272,13
3699,4274,6
3699,4275,5
3699,4278,7
3699,4279,44
3699,4280,4
3699,4281,8
3699,4282,508
3699,4283,126
3699,4284,8
3699,4285,33
3699,4286,143
3699,4287,71
3699,4288,52
3699,4289,5
3699,4290,10
3699,4291,20
3699,4292,11
3699,4293,1
3699,4294,5
3699,4295,12
3699,4296,17
3699,4297,27
3699,4298,32
3699,4299,10
3699,4300,34
3699,4301,132
3699,4302,11
3699,4305,4
3699,4306,23
3699,4307,9
3699,4308,41
3699,4309,18
3699,4310,16
3699,4311,17
3699,4312,5
3699,4313,117
3699,4314,521
3699,4315,80
3699,4316,5
3699,4317,123
3699,4318,5
3699,4319,15
3699,4320,111
3699,4321,17
3699,4322,20
3699,4323,20
3699,4324,16
3699,4325,75
3699,4326,32
3699,4327,8
3699,4328,5
3699,4329,6
3699,4330,133
3699,4331,1
3699,4332,6
3699,4335,12
3699,4336,18
3699,4337,14
3699,4338,25
3699,4339,16
3699,4340,45
3699,4341,16
3699,4342,14
3699,4343,30
3699,4344,15
3699,4345,4
3699,4346,243
3699,4349,2
3699,4350,12
3699,4351,39
3699,4352,17
3699,4353,2
3699,4354,2
3699,4355,30
3699,4356,12
3699,4357,22
3699,4358,4
3699,4359,5
3699,4361,15
3699,4362,39
3699,4363,4
3699,4364,19
3699,4365,57
3699,4366,7
3699,4367,7
3699,4368,12
3699,4369,3
3699,4370,48
3699,4371,4
3699,4372,15
3699,4373,20
3699,4374,36
3699,4375,274
3699,4377,136
3700,4208,4
3700,4209,24
3700,4210,72
3700,4211,24
3700,4213,11
3700,4214,12
3700,4215,2
3700,4216,27
3700,4217,30
3700,4218,32
3700,4219,40
3700,4220,11
3700,4221,10
3700,4222,7
3700,4223,4
3700,4225,7
3700,4226,7
3700,4227,32
3700,4228,2
3700,4229,11
3700,4230,35
3700,4231,206
3700,4232,13
3700,4233,25
3700,4234,29
3700,4235,5
3700,4236,19
3700,4237,10
3700,4238,9
3700,4239,59
3700,4240,10
3700,4241,23
3700,4242,18
3700,4243,235
3700,4244,173
3700,4245,4
3700,4246,14
3700,4247,17
3700,4248,12
3700,4250,1
3700,4253,22
3700,4254,102
3700,4255,54
3700,4256,30
3700,4257,6
3700,4258,2
3700,4259,29
3700,4260,12
3700,4261,15
3700,4262,5
3700,4263,20
3700,4264,4
3700,4265,2
3700,4266,8
3700,4267,18
3700,4269,10
3700,4270,3
3700,4271,6
3700,4272,1
3700,4274,8
3700,4275,6
3700,4276,19
3700,4277,1
3700,4278,6
3700,4279,6
3700,4280,155
3700,4281,677
3700,4282,78
3700,4283,2
3700,4285,84
3700,4286,10
3700,4287,8
3700,4288,32
3700,4289,25
3700,4290,6
3700,4291,29
3700,4292,29
3700,4293,20
3700,4294,45
3700,4295,20
3700,4296,31
3700,4297,241
3700,4298,11
3700,4299,32
3700,4300,19
3700,4301,4
3700,4302,16
3700,4303,15
3700,4304,15
3700,4305,18
3700,4306,34
3700,4307,59
3700,4308,90
3700,4309,61
3700,4310,29
3700,4311,15
3700,4312,24
3700,4313,32
3700,4314,18
3700,4315,39
3700,4317,5
3700,4318,37
3700,4320,201
3700,4321,17
3700,4322,5
3700,4323,3
3700,4324,28
3700,4325,47
3700,4326,13
3700,4327,15
3700,4329,11
3700,4330,3
3700,4331,4
3700,4332,14
3700,4333,63
3700,4334,6
3700,4335,29
3700,4336,8
3700,4337,30
3700,4338,26
3700,4339,7
3700,4340,220
3700,4341,23
3700,4342,10
3700,4343,47
3700,4344,2
3700,4345,5
3700,4347,13
3700,4348,2
3700,4351,9
3700,4352,3
3700,4353,21
3700,4354,29
3700,4355,134
3700,4356,356
3700,4357,14
3700,4358,29
3700,4359,20
3700,4360,22
3700,4361,33
3700,4362,12
3700,4363,2
3700,4364,42
3700,4365,14
3700,4366,49
3700,4367,14
3700,4368,4
3700,4369,2
3700,4370,13
3700,4371,10
3700,4372,7
3700,4374,140
3700,4375,1627
3700,4376,519
3700,4377,852
3700,4378,6
3701,4208,3
3701,4210,11
3701,4211,2
3701,4213,9
3701,4214,13
3701,4215,2
3701,4216,94
3701,4217,17
3701,4218,24
3701,4219,24
3701,4220,13
3701,4221,5
3701,4223,4
3701,4224,12
3701,4225,15
3701,4226,17
3701,4227,6
3701,4228,7
3701,4231,15
3701,4232,30
3701,4233,67
3701,4234,13
3701,4235,11
3701,4236,20
3701,4237,4
3701,4238,21
3701,4239,24
3701,4240,19
3701,4241,38
3701,4242,257
3701,4243,66
3701,4244,30
3701,4245,11
3701,4246,33
3701,4247,22
3701,4248,31
3701,4249,7
3701,4250,9
3701,4251,25
3701,4252,12
3701,4253,49
3701,4254,139
3701,4255,7
3701,4256,1
3701,4257,2
3701,4258,15
3701,4259,11
3701,4260,11
3701,4263,6
3701,4266,2
3701,4267,18
3701,4268,7
3701,4269,20
3701,4270,29
3701,4276,132
3701,4277,60
3701,4278,6
3701,4280,185
3701,4281,163
3701,4282,281
3701,4284,207
3701,4285,19
3701,4286,244
3701,4287,8
3701,4288,13
3701,4289,91
3701,4290,154
3701,4291,14
3701,4292,3
3701,4293,30
3701,4294,24
3701,4295,19
3701,4296,14
3701,4297,60
3701,4298,21
3701,4299,7
3701,4300,16
3701,4301,16
3701,4302,150
3701,4303,20
3701,4304,8
3701,4305,11
3701,4306,19
3701,4307,43
3701,4308,25
3701,4309,22
3701,4310,10
3701,4311,13
3701,4312,13
3701,4313,4
3701,4314,68
3701,4315,2
3701,4316,21
3701,4317,2
3701,4318,14
3701,4319,16
3701,4320,7
3701,4321,21
3701,4322,723
3701,4323,46
3701,4324,2
3701,4325,80
3701,4326,34
3701,4327,24
3701,4328,31
3701,4329,26
3701,4330,4
3701,4332,131
3701,4333,120
3701,4334,6
3701,4335,35
3701,4336,1
3701,4337,20
3701,4338,7
3701,4339,11
3701,4340,88
3701,4341,7
3701,4342,5
3701,4343,5
3701,4344,12
3701,4345,16
3701,4346,6
3701,4347,22
3701,4348,8
3701,4349,8
3701,4350,3
3701,4352,13
3701,4353,5
3701,4354,10
3701,4355,101
3701,4356,11
3701,4357,11
3701,4358,9
3701,4359,23
3701,4360,22
3701,4361,17
3701,4362,13
3701,4363,17
3701,4364,21
3701,4365,12
3701,4366,47
3701,4367,13
3701,4368,2
3701,4369,18
3701,4370,8
3701,4371,68
3701,4372,8
3701,4373,38
3701,4374,1480
3701,4375,2043
3701,4376,1920
3701,4377,802
3702,4211,7
3702,4212,12
3702,4213,2
3702,4214,10
3702,4215,1
3702,4216,403
3702,4217,4
3702,4218,4
3702,4219,11
3702,4220,9
3702,4221,2
3702,4223,1
3702,4224,10
3702,4225,18
3702,4226,50
3702,4227,359
3702,4228,29
3702,4229,19
3702,4230,18
3702,4231,17
3702,4232,22
3702,4233,10
3702,4234,5
3702,4235,4
3702,4236,32
3702,4237,26
3702,4238,27
3702,4239,7
3702,4240,38
3702,4241,11
3702,4242,14
3702,4243,15
3702,4244,7
3702,4245,21
3702,4246,27
3702,4247,14
3702,4248,25
3702,4249,12
3702,4250,13
3702,4251,9
3702,4252,11
3702,4253,8
3702,4254,9
3702,4255,3
3702,4256,2
3702,4257,1
3702,4258,8
3702,4259,4
3702,4260,7
3702,4261,4
3702,4262,13
3702,4263,11
3702,4264,87
3702,4265,14
3702,4266,10
3702,4267,16
3702,4268,9
3702,4269,6
3702,4270,10
3702,4271,4
3702,4272,1
3702,4275,2
3702,4276,4
3702,4277,20
3702,4278,12
3702,4279,14
3702,4280,4
3702,4282,81
3702,4283,581
3702,4284,448
3702,4285,313
3702,4286,494
3702,4287,16
3702,4289,5
3702,4290,6
3702,4291,6
3702,4292,5
3702,4293,8
3702,4294,8
3702,4295,1
3702,4296,14
3702,4297,21
3702,4298,21
3702,4299,15
3702,4300,109
3702,4301,47
3702,4302,9
3702,4303,8
3702,4304,25
3702,4305,17
3702,4306,12
3702,4307,13
3702,4308,67
3702,4309,14
3702,4310,26
3702,4311,44
3702,4312,116
3702,4313,11
3702,4314,181
3702,4315,12
3702,4316,229
3702,4317,38
3702,4320,20
3702,4321,5
3702,4322,83
3702,4323,7
3702,4324,145
3702,4325,901
3702,4326,42
3702,4327,6
3702,4328,19
3702,4329,14
3702,4330,18
3702,4331,7
3702,4332,12
3702,4334,20
3702,4335,18
3702,4336,5
3702,4337,22
3702,4341,3
3702,4343,241
3702,4344,656
3702,4345,95
3702,4346,9
3702,4349,13
3702,4350,2
3702,4351,7
3702,4352,9
3702,4353,8
3702,4354,5
3702,4355,11
3702,4356,3
3702,4357,8
3702,4358,16
3702,4359,12
3702,4360,9
3702,4362,2
3702,4363,31
3702,4364,23
3702,4365,11
3702,4366,9
3702,4367,20
3702,4368,5
3702,4369,17
3702,4370,9
3702,4371,6
3702,4372,7
3702,4373,434
3702,4374,1703
3702,4375,935
3702,4376,137
3702,4377,4
3703,4208,8
3703,4209,7
3703,4210,15
3703,4211,31
3703,4212,25
3703,4213,23
3703,4214,22
3703,4215,29
3703,4216,70
3703,4217,13
3703,4218,11
3703,4219,6
3703,4220,20
3703,4221,7
3703,4224,9
3703,4225,9
3703,4226,14
3703,4227,20
3703,4228,34
3703,4229,31
3703,4230,12
3703,4231,19
3703,4232,13
3703,4233,13
3703,4234,12
3703,4235,5
3703,4236,31
3703,4237,10
3703,4238,13
3703,4239,48
3703,4240,17
3703,4241,24
3703,4242,15
3703,4243,11
3703,4244,19
3703,4245,77
3703,4246,11
3703,4247,8
3703,4248,13
3703,4249,19
3703,4250,20
3703,4251,28
3703,4252,21
3703,4253,14
3703,4255,2
3703,4256,5
3703,4257,9
3703,4258,9
3703,4259,16
3703,4260,39
3703,4261,12
3703,4262,31
3703,4263,15
3703,4264,179
3703,4265,10
3703,4266,30
3703,4267,143
3703,4268,4
3703,4270,7
3703,4271,10
3703,4272,8
3703,4273,4
3703,4275,5
3703,4276,9
3703,4277,8
3703,4278,8
3703,4280,12
3703,4281,125
3703,4282,831
3703,4283,2132
3703,4284,412
3703,4285,118
3703,4286,4
3703,4287,9
3703,4288,34
3703,4289,24
3703,4290,7
3703,4291,2
3703,4293,14
3703,4294,4
3703,4295,6
3703,4296,8
3703,4299,17
3703,4300,12
3703,4301,17
3703,4302,11
3703,4303,4
3703,4304,10
3703,4305,5
3703,4307,5
3703,4308,12
3703,4309,28
3703,4310,101
3703,4311,27
3703,4312,37
3703,4313,4
3703,4314,39
3703,4315,12
3703,4316,302
3703,4317,1578
3703,4318,270
3703,4320,39
3703,4321,156
3703,4322,33
3703,4323,1204
3703,4324,5
3703,4325,361
3703,4326,61
3703,4327,13
3703,4328,2
3703,4329,335
3703,4330,69
3703,4331,15
3703,4332,37
3703,4333,19
3703,4334,25
3703,4335,9
3703,4336,66
3703,4338,4
3703,4339,7
3703,4340,39
3703,4341,15
3703,4342,24
3703,4343,620
3703,4344,1191
3703,4345,243
3703,4346,7
3703,4347,18
3703,4350,2
3703,4351,6
3703,4352,2
3703,4353,64
3703,4355,8
3703,4356,3
3703,4357,14
3703,4358,14
3703,4359,143
3703,4360,77
3703,4361,29
3703,4362,12
3703,4363,17
3703,4364,14
3703,4365,2
3703,4366,4
3703,4367,8
3703,4368,10
3703,4369,18
3703,4370,12
3703,4371,46
3703,4372,9
3703,4373,95
3703,4374,18
3703,4375,115
3703,4376,8
3703,4377,28
3703,4378,20
3704,4208,1
3704,4209,104
3704,4210,281
3704,4211,14
3704,4212,7
3704,4213,8
3704,4214,11
3704,4215,11
3704,4216,2
3704,4217,10
3704,4218,11
3704,4219,23
3704,4220,4
3704,4221,4
3704,4224,1
3704,4225,3
3704,4226,26
3704,4227,26
3704,4228,153
3704,4229,182
3704,4230,19
3704,4231,8
3704,4232,16
3704,4233,192
3704,4234,15
3704,4235,12
3704,4236,558
3704,4237,473
3704,4238,29
3704,4239,10
3704,4240,12
3704,4241,22
3704,4242,14
3704,4243,5
3704,4244,16
3704,4245,192
3704,4246,27
3704,4247,12
3704,4248,11
3704,4249,18
3704,4250,58
3704,4251,14
3704,4252,25
3704,4253,11
3704,4256,10
3704,4257,3
3704,4258,3
3704,4259,301
3704,4260,38
3704,4261,102
3704,4262,25
3704,4263,22
3704,4264,5
3704,4265,15
3704,4267,12
3704,4268,7
3704,4269,4
3704,4270,153
3704,4271,246
3704,4272,3
3704,4273,2
3704,4274,7
3704,4275,4
3704,4276,101
3704,4277,40
3704,4278,15
3704,4279,18
3704,4280,106
3704,4281,1107
3704,4282,1251
3704,4283,2363
3704,4284,1004
3704,4285,41
3704,4286,674
3704,4287,291
3704,4288,233
3704,4289,354
3704,4290,19
3704,4291,27
3704,4292,14
3704,4293,410
3704,4294,9
3704,4295,9
3704,4296,7
3704,4297,27
3704,4298,8
3704,4300,2
3704,4301,1
3704,4302,11
3704,4303,18
3704,4304,7
3704,4305,1
3704,4306,8
3704,4307,1
3704,4312,3
3704,4313,12
3704,4317,50
3704,4318,41
3704,4320,91
3704,4321,90
3704,4322,1057
3704,4323,3005
3704,4324,2496
3704,4325,1081
3704,4326,992
3704,4327,1100
3704,4328,41
3704,4329,730
3704,4330,893
3704,4331,564
3704,4332,93
3704,4333,24
3704,4334,11
3704,4335,27
3704,4336,27
3704,4337,13
3704,4338,134
3704,4339,10
3704,4340,13
3704,4343,6
3704,4344,57
3704,4345,19
3704,4346,8
3704,4347,11
3704,4348,3
3704,4352,2
3704,4353,22
3704,4354,26
3704,4355,9
3704,4356,3
3704,4357,7
3704,4358,5
3704,4359,39
3704,4360,2
3704,4361,23
3704,4362,452
3704,4363,246
3704,4364,14
3704,4365,26
3704,4366,23
3704,4367,32
3704,4368,4
3704,4369,6
3704,4370,9
3704,4371,19
3704,4372,37
3704,4373,13
3704,4374,12
3704,4375,22
3704,4376,128
3704,4377,2
3704,4378,2
3704,4379,3
3704,4380,4
3705,4208,3
3705,4209,120
3705,4210,51
3705,4211,45
3705,4212,21
3705,4213,3
3705,4214,2
3705,4215,22
3705,4216,7
3705,4217,4
3705,4219,8
3705,4220,14
3705,4221,7
3705,4226,1
3705,4227,15
3705,4228,10
3705,4229,26
3705,4230,31
3705,4231,12
3705,4232,24
3705,4233,74
3705,4234,27
3705,4235,7
3705,4236,117
3705,4237,22
3705,4238,10
3705,4239,11
3705,4240,28
3705,4241,31
3705,4242,15
3705,4243,9
3705,4244,31
3705,4245,12
3705,4246,22
3705,4247,12
3705,4248,11
3705,4249,25
3705,4250,27
3705,4251,109
3705,4256,13
3705,4257,24
3705,4258,5
3705,4259,187
3705,4260,45
3705,4261,3
3705,4262,12
3705,4263,14
3705,4264,11
3705,4265,41
3705,4266,87
3705,4267,11
3705,4268,2
3705,4269,4
3705,4270,322
3705,4271,77
3705,4272,4
3705,4273,4
3705,4274,10
3705,4276,198
3705,4277,135
3705,4278,5
3705,4279,23
3705,4280,26
3705,4281,5
3705,4282,621
3705,4283,3191
3705,4284,4463
3705,4285,399
3705,4286,1885
3705,4287,1310
3705,4288,20
3705,4289,22
3705,4290,11
3705,4291,19
3705,4292,13
3705,4293,15
3705,4294,7
3705,4295,3
3705,4296,7
3705,4297,2
3705,4298,41
3705,4300,5
3705,4302,2
3705,4303,176
3705,4304,5
3705,4305,33
3705,4306,4
3705,4308,6
3705,4309,15
3705,4310,289
3705,4311,17
3705,4312,17
3705,4313,5
3705,4314,19
3705,4315,1
3705,4316,4
3705,4317,17
3705,4318,429
3705,4319,225
3705,4322,337
3705,4323,1676
3705,4324,692
3705,4325,22
3705,4326,831
3705,4327,157
3705,4328,6
3705,4329,9
3705,4330,202
3705,4331,944
3705,4332,11
3705,4333,6
3705,4334,163
3705,4335,30
3705,4336,39
3705,4337,11
3705,4338,5
3705,4339,15
3705,4340,30
3705,4342,8
3705,4343,2
3705,4344,26
3705,4345,6
3705,4346,25
3705,4347,146
3705,4348,7
3705,4354,4
3705,4355,5
3705,4358,16
3705,4359,11
3705,4360,16
3705,4361,14
3705,4362,17
3705,4363,12
3705,4364,25
3705,4365,27
3705,4366,6
3705,4367,4
3705,4368,4
3705,4369,45
3705,4370,10
3705,4371,37
3705,4372,18
3705,4373,15
3705,4374,41
3705,4375,30
3705,4376,6
3705,4377,35
3705,4378,7
3705,4379,12
3706,4208,8
3706,4209,6
3706,4210,33
3706,4211,23
3706,4212,18
3706,4213,58
3706,4214,6
3706,4215,24
3706,4216,17
3706,4217,5
3706,4218,3
3706,4219,4
3706,4220,5
3706,4221,6
3706,4226,2
3706,4228,6
3706,4229,6
3706,4230,9
3706,4231,27
3706,4232,12
3706,4233,33
3706,4234,8
3706,4235,8
3706,4236,12
3706,4237,15
3706,4238,19
3706,4239,20
3706,4240,19
3706,4241,19
3706,4242,22
3706,4244,37
3706,4245,3
3706,4246,12
3706,4247,17
3706,4248,27
3706,4249,11
3706,4250,41
3706,4251,388
3706,4252,1
3706,4255,2
3706,4256,6
3706,4257,12
3706,4258,5
3706,4259,11
3706,4260,7
3706,4261,1
3706,4262,24
3706,4263,25
3706,4264,16
3706,4265,11
3706,4266,38
3706,4267,19
3706,4268,17
3706,4269,15
3706,4270,16
3706,4271,4
3706,4272,6
3706,4273,19
3706,4274,9
3706,4275,4
3706,4276,10
3706,4277,11
3706,4278,23
3706,4279,11
3706,4280,12
3706,4281,68
3706,4282,1238
3706,4283,2291
3706,4284,2115
3706,4285,839
3706,4286,1808
3706,4287,1670
3706,4288,54
3706,4289,22
3706,4290,18
3706,4291,19
3706,4292,30
3706,4293,8
3706,4294,24
3706,4295,4
3706,4296,13
3706,4297,2
3706,4298,2
3706,4299,12
3706,4300,2
3706,4304,17
3706,4305,68
3706,4306,11
3706,4307,13
3706,4308,71
3706,4309,18
3706,4310,11
3706,4311,7
3706,4312,24
3706,4313,16
3706,4314,34
3706,4315,44
3706,4316,218
3706,4317,100
3706,4318,960
3706,4319,986
3706,4320,702
3706,4321,345
3706,4322,5841
3706,4323,4058
3706,4324,621
3706,4325,2
3706,4326,6
3706,4331,14
3706,4332,25
3706,4333,46
3706,4334,132
3706,4335,43
3706,4336,5
3706,4337,34
3706,4338,21
3706,4339,78
3706,4340,325
3706,4341,611
3706,4342,514
3706,4343,12
3706,4344,31
3706,4345,10
3706,4346,41
3706,4347,123
3706,4348,27
3706,4349,6
3706,4352,5
3706,4353,11
3706,4354,9
3706,4355,6
3706,4356,2
3706,4357,2
3706,4358,18
3706,4359,48
3706,4360,191
3706,4361,10
3706,4362,8
3706,4363,12
3706,4364,5
3706,4365,3
3706,4366,9
3706,4367,56
3706,4368,4
3706,4370,36
3706,4371,60
3706,4372,22
3706,4373,24
3706,4374,235
3706,4375,7
3706,4376,57
3706,4377,8
3706,4378,22
3706,4379,2
3707,4205,8
3707,4206,4
3707,4207,2
3707,4208,4
3707,4211,9
3707,4212,7
3707,4213,9
3707,4215,2
3707,4216,6
3707,4217,9
3707,4218,4
3707,4219,3
3707,4223,4
3707,4226,4
3707,4227,16
3707,4228,82
3707,4229,78
3707,4230,35
3707,4231,18
3707,4232,15
3707,4233,33
3707,4235,18
3707,4236,7
3707,4237,7
3707,4238,11
3707,4239,27
3707,4240,13
3707,4241,16
3707,4242,16
3707,4244,22
3707,4245,27
3707,4246,21
3707,4247,25
3707,4248,18
3707,4249,11
3707,4250,7
3707,4251,12
3707,4252,13
3707,4253,6
3707,4254,8
3707,4255,3
3707,4256,6
3707,4257,58
3707,4259,16
3707,4260,3
3707,4261,7
3707,4262,66
3707,4263,15
3707,4264,17
3707,4265,10
3707,4266,9
3707,4267,12
3707,4268,4
3707,4269,30
3707,4270,10
3707,4271,16
3707,4272,23
3707,4273,61
3707,4274,8
3707,4275,12
3707,4276,6
3707,4277,5
3707,4279,9
3707,4280,2
3707,4281,13
3707,4282,440
3707,4283,1272
3707,4284,119
3707,4285,1098
3707,4286,961
3707,4287,1242
3707,4288,153
3707,4289,10
3707,4290,11
3707,4291,27
3707,4292,15
3707,4293,33
3707,4294,19
3707,4295,5
3707,4296,10
3707,4297,32
3707,4298,20
3707,4299,12
3707,4300,12
3707,4301,2
3707,4303,2
3707,4304,13
3707,4305,15
3707,4306,23
3707,4307,16
3707,4308,16
3707,4309,21
3707,4310,2
3707,4311,6
3707,4314,6
3707,4315,7
3707,4316,15
3707,4317,23
3707,4318,18
3707,4319,29
3707,4320,1097
3707,4321,1780
3707,4322,4566
3707,4323,3835
3707,4324,3393
3707,4325,966
3707,4326,394
3707,4327,193
3707,4328,16
3707,4333,63
3707,4334,163
3707,4335,10
3707,4339,6
3707,4340,99
3707,4341,218
3707,4342,86
3707,4343,11
3707,4344,19
3707,4345,8
3707,4346,27
3707,4347,14
3707,4348,2
3707,4349,6
3707,4350,12
3707,4351,9
3707,4352,16
3707,4353,12
3707,4354,22
3707,4355,4
3707,4357,23
3707,4358,7
3707,4359,20
3707,4360,40
3707,4361,17
3707,4362,4
3707,4363,24
3707,4364,5
3707,4365,29
3707,4366,31
3707,4367,38
3707,4368,23
3707,4369,22
3707,4370,44
3707,4371,33
3707,4372,29
3707,4373,8
3707,4374,120
3707,4375,7
3707,4376,45
3707,4377,4
3707,4378,3
3708,4205,7
3708,4206,16
3708,4207,5
3708,4208,14
3708,4209,14
3708,4210,2
3708,4211,13
3708,4212,6
3708,4213,18
3708,4214,1
3708,4217,1
3708,4218,1
3708,4219,5
3708,4227,5
3708,4228,11
3708,4229,17
3708,4230,18
3708,4231,77
3708,4232,13
3708,4233,6
3708,4234,318
3708,4235,22
3708,4236,24
3708,4239,3
3708,4240,20
3708,4241,70
3708,4242,160
3708,4243,8
3708,4244,21
3708,4245,949
3708,4246,721
3708,4247,24
3708,4248,5
3708,4249,24
3708,4250,21
3708,4251,7
3708,4252,2
3708,4255,13
3708,4256,5
3708,4257,152
3708,4258,5
3708,4259,13
3708,4260,19
3708,4261,13
3708,4262,240
3708,4263,26
3708,4264,54
3708,4265,29
3708,4266,10
3708,4267,57
3708,4268,282
3708,4269,2
3708,4270,27
3708,4271,17
3708,4272,13
3708,4273,565
3708,4274,25
3708,4275,6
3708,4276,3
3708,4277,32
3708,4278,64
3708,4279,10
3708,4280,34
3708,4282,6
3708,4283,461
3708,4284,6
3708,4285,10
3708,4286,33
3708,4287,12
3708,4288,10
3708,4289,19
3708,4290,12
3708,4291,11
3708,4292,11
3708,4293,29
3708,4294,3
3708,4295,8
3708,4296,50
3708,4297,646
3708,4298,515
3708,4299,22
3708,4300,28
3708,4301,11
3708,4302,2
3708,4303,2
3708,4304,3
3708,4305,9
3708,4306,6
3708,4307,2
3708,4308,5
3708,4309,7
3708,4310,3
3708,4311,3
3708,4312,11
3708,4313,14
3708,4314,297
3708,4315,476
3708,4316,19
3708,4317,25
3708,4318,14
3708,4319,67
3708,4320,1236
3708,4321,2990
3708,4322,2090
3708,4323,4052
3708,4324,323
3708,4325,386
3708,4326,898
3708,4327,313
3708,4328,5
3708,4329,56
3708,4330,169
3708,4331,27
3708,4332,13
3708,4333,8
3708,4334,2
3708,4338,11
3708,4339,45
3708,4340,24
3708,4341,12
3708,4344,17
3708,4345,26
3708,4346,19
3708,4347,12
3708,4348,606
3708,4349,67
3708,4350,12
3708,4351,92
3708,4352,237
3708,4353,11
3708,4354,4
3708,4355,6
3708,4357,13
3708,4358,10
3708,4359,9
3708,4360,14
3708,4361,2
3708,4362,4
3708,4363,10
3708,4364,46
3708,4365,376
3708,4366,182
3708,4367,7
3708,4368,3
3708,4369,20
3708,4370,109
3708,4371,11
3708,4372,109
3708,4373,5
3708,4374,64
3708,4375,8
3708,4376,14
3709,4205,7
3709,4206,81
3709,4207,6
3709,4208,12
3709,4209,10
3709,4210,11
3709,4211,15
3709,4212,8
3709,4213,6
3709,4214,16
3709,4215,5
3709,4216,3
3709,4219,4
3709,4225,2
3709,4226,5
3709,4229,3
3709,4230,4
3709,4231,27
3709,4232,1111
3709,4233,672
3709,4234,2105
3709,4235,274
3709,4243,13
3709,4244,5
3709,4245,1200
3709,4246,238
3709,4247,15
3709,4248,9
3709,4249,57
3709,4250,15
3709,4251,1
3709,4255,7
3709,4256,10
3709,4257,21
3709,4258,16
3709,4259,84
3709,4260,34
3709,4261,12
3709,4262,26
3709,4263,14
3709,4264,21
3709,4265,14
3709,4266,16
3709,4267,780
3709,4268,1367
3709,4269,58
3709,4270,35
3709,4271,7
3709,4272,14
3709,4273,35
3709,4274,8
3709,4275,2
3709,4276,10
3709,4277,10
3709,4278,37
3709,4279,12
3709,4280,17
3709,4281,6
3709,4282,17
3709,4283,6
3709,4284,5
3709,4285,15
3709,4286,11
3709,4287,5
3709,4288,24
3709,4289,18
3709,4290,15
3709,4291,21
3709,4292,8
3709,4293,15
3709,4294,7
3709,4295,38
3709,4296,7
3709,4297,40
3709,4298,303
3709,4299,39
3709,4300,137
3709,4301,11
3709,4302,17
3709,4303,8
3709,4304,17
3709,4305,6
3709,4308,7
3709,4309,3
3709,4310,5
3709,4311,4
3709,4312,16
3709,4313,24
3709,4314,77
3709,4315,306
3709,4316,14
3709,4317,23
3709,4318,9
3709,4319,22
3709,4320,695
3709,4321,1775
3709,4322,567
3709,4323,845
3709,4324,17
3709,4325,11
3709,4326,68
3709,4327,73
3709,4328,55
3709,4329,59
3709,4330,22
3709,4331,79
3709,4332,20
3709,4337,10
3709,4338,12
3709,4339,2
3709,4340,4
3709,4341,1
3709,4344,13
3709,4347,17
3709,4348,131
3709,4349,13
3709,4350,12
3709,4351,4
3709,4352,4
3709,4353,19
3709,4354,26
3709,4355,3
3709,4356,1
3709,4357,2
3709,4358,9
3709,4359,2
3709,4360,7
3709,4361,5
3709,4362,38
3709,4363,12
3709,4364,14
3709,4365,25
3709,4366,14
3709,4367,13
3709,4368,6
3709,4369,4
3709,4370,3
3709,4371,4
3709,4374,4
3709,4375,2
3710,4206,38
3710,4207,20
3710,4208,8
3710,4209,15
3710,4210,121
3710,4211,12
3710,4212,10
3710,4213,17
3710,4214,4
3710,4215,1
3710,4216,7
3710,4219,2
3710,4222,1
3710,4224,19
3710,4225,13
3710,4226,6
3710,4227,9
3710,4228,8
3710,4229,6
3710,4230,7
3710,4232,760
3710,4233,1915
3710,4234,2480
3710,4235,396
3710,4243,18
3710,4245,18
3710,4246,41
3710,4247,26
3710,4248,20
3710,4249,6
3710,4250,2
3710,4255,7
3710,4256,15
3710,4257,7
3710,4258,2
3710,4259,78
3710,4260,132
3710,4262,20
3710,4263,20
3710,4264,16
3710,4265,9
3710,4266,37
3710,4267,21
3710,4268,18
3710,4269,12
3710,4270,15
3710,4272,10
3710,4274,14
3710,4275,13
3710,4276,11
3710,4277,9
3710,4278,12
3710,4279,31
3710,4280,50
3710,4281,29
3710,4282,18
3710,4283,8
3710,4284,26
3710,4285,8
3710,4286,3
3710,4287,4
3710,4288,46
3710,4289,29
3710,4290,825
3710,4291,42
3710,4292,11
3710,4293,9
3710,4294,5
3710,4295,167
3710,4296,4
3710,4297,11
3710,4298,18
3710,4299,13
3710,4300,15
3710,4301,33
3710,4302,181
3710,4303,31
3710,4304,11
3710,4305,483
3710,4306,81
3710,4307,17
3710,4308,24
3710,4309,107
3710,4310,50
3710,4311,101
3710,4313,6
3710,4314,17
3710,4315,28
3710,4316,23
3710,4317,24
3710,4318,15
3710,4319,11
3710,4320,34
3710,4321,21
3710,4322,9
3710,4323,21
3710,4324,61
3710,4326,40
3710,4327,75
3710,4328,613
3710,4329,483
3710,4330,7
3710,4331,10
3710,4332,3
3710,4333,2
3710,4337,20
3710,4338,73
3710,4339,5
3710,4341,658
3710,4342,175
3710,4343,2
3710,4344,5
3710,4347,1
3710,4348,2
3710,4349,76
3710,4350,37
3710,4351,10
3710,4352,3
3710,4354,13
3710,4355,7
3710,4356,2
3710,4360,12
3710,4361,29
3710,4363,4
3710,4364,9
3710,4365,6
3710,4366,73
3710,4367,3
3710,4370,1
3710,4371,11
3710,4372,77
3710,4373,5
3710,4374,2
3711,4205,8
3711,4206,3
3711,4207,13
3711,4208,13
3711,4209,15
3711,4210,224
3711,4211,81
3711,4212,28
3711,4213,67
3711,4214,11
3711,4215,9
3711,4216,11
3711,4217,6
3711,4220,9
3711,4221,3
3711,4222,8
3711,4223,6
3711,4224,10
3711,4225,5
3711,4226,16
3711,4227,21
3711,4228,9
3711,4229,26
3711,4230,18
3711,4232,59
3711,4233,85
3711,4235,2
3711,4244,30
3711,4245,21
3711,4246,43
3711,4247,18
3711,4248,12
3711,4249,6
3711,4250,13
3711,4256,15
3711,4257,18
3711,4258,3
3711,4259,5
3711,4260,7
3711,4262,123
3711,4263,29
3711,4264,5
3711,4265,1
3711,4266,22
3711,4267,19
3711,4268,16
3711,4269,12
3711,4270,8
3711,4273,14
3711,4274,18
3711,4275,6
3711,4276,2
3711,4277,9
3711,4278,8
3711,4279,240
3711,4280,564
3711,4281,20
3711,4282,11
3711,4283,17
3711,4284,20
3711,4285,23
3711,4286,17
3711,4289,1
3711,4290,148
3711,4291,29
3711,4292,7
3711,4293,2
3711,4294,6
3711,4295,50
3711,4296,10
3711,4297,2
3711,4298,2
3711,4300,4
3711,4301,10
3711,4302,8
3711,4303,24
3711,4304,13
3711,4305,371
3711,4306,11
3711,4307,12
3711,4308,18
3711,4309,14
3711,4310,35
3711,4311,42
3711,4314,4
3711,4315,39
3711,4316,18
3711,4317,9
3711,4318,86
3711,4319,12
3711,4320,139
3711,4321,11
3711,4322,13
3711,4323,3
3711,4324,152
3711,4325,37
3711,4326,8
3711,4327,19
3711,4328,16
3711,4329,66
3711,4330,24
3711,4331,184
3711,4332,4
3711,4333,20
3711,4338,10
3711,4339,5
3711,4340,3
3711,4341,531
3711,4342,52
3711,4343,29
3711,4344,2
3711,4345,14
3711,4346,1
3711,4347,4
3711,4348,40
3711,4349,13
3711,4350,3
3711,4351,27
3711,4352,20
3711,4353,32
3711,4354,18
3711,4355,22
3711,4356,49
3711,4357,314
3711,4361,14
3711,4363,5
3711,4364,6
3711,4365,10
3711,4368,9
3711,4371,287
3711,4372,94
3711,4373,2
3711,4374,3
3712,4205,6
3712,4206,7
3712,4207,13
3712,4208,14
3712,4209,2
3712,4210,17
3712,4211,15
3712,4212,16
3712,4213,46
3712,4214,241
3712,4215,25
3712,4216,3
3712,4217,6
3712,4219,9
3712,4220,9
3712,4221,15
3712,4222,10
3712,4223,5
3712,4224,18
3712,4225,7
3712,4226,23
3712,4227,10
3712,4228,14
3712,4229,18
3712,4230,19
3712,4231,19
3712,4232,24
3712,4233,1262
3712,4234,166
3712,4243,6
3712,4244,15
3712,4245,4
3712,4246,7
3712,4247,7
3712,4248,5
3712,4249,5
3712,4250,8
3712,4256,11
3712,4257,7
3712,4258,1
3712,4260,8
3712,4262,2
3712,4263,1
3712,4264,36
3712,4265,16
3712,4266,6
3712,4267,7
3712,4268,8
3712,4274,11
3712,4275,8
3712,4276,7
3712,4277,7
3712,4278,70
3712,4279,428
3712,4280,671
3712,4281,34
3712,4282,19
3712,4283,7
3712,4285,8
3712,4286,10
3712,4287,23
3712,4288,27
3712,4289,21
3712,4290,6
3712,4291,8
3712,4292,11
3712,4293,16
3712,4294,8
3712,4295,4
3712,4296,8
3712,4297,9
3712,4302,11
3712,4303,16
3712,4304,32
3712,4305,21
3712,4306,17
3712,4307,25
3712,4308,8
3712,4309,18
3712,4310,3
3712,4311,29
3712,4314,60
3712,4315,15
3712,4316,15
3712,4317,262
3712,4318,65
3712,4319,46
3712,4321,4
3712,4322,18
3712,4323,10
3712,4324,5
3712,4325,255
3712,4326,366
3712,4327,15
3712,4328,26
3712,4329,2
3712,4330,27
3712,4331,16
3712,4332,15
3712,4333,120
3712,4334,10
3712,4335,10
3712,4336,11
3712,4337,61
3712,4338,20
3712,4339,11
3712,4340,6
3712,4341,9
3712,4342,21
3712,4343,3
3712,4344,58
3712,4345,64
3712,4348,6
3712,4349,9
3712,4350,7
3712,4351,13
3712,4352,12
3712,4353,11
3712,4354,12
3712,4355,6
3712,4356,16
3712,4357,113
3712,4358,61
3712,4359,28
3712,4363,8
3712,4365,18
3712,4366,21
3712,4367,2
3712,4369,19
3712,4371,7
3712,4372,9
3712,4373,12
3713,4205,2
3713,4206,8
3713,4207,11
3713,4208,33
3713,4209,5
3713,4210,9
3713,4211,17
3713,4212,18
3713,4213,9
3713,4214,18
3713,4215,12
3713,4216,30
3713,4219,32
3713,4220,11
3713,4221,23
3713,4222,13
3713,4223,5
3713,4224,16
3713,4225,21
3713,4226,91
3713,4227,69
3713,4228,37
3713,4229,29
3713,4230,228
3713,4231,93
3713,4232,17
3713,4233,248
3713,4234,9
3713,4235,3
3713,4243,8
3713,4244,9
3713,4245,63
3713,4246,266
3713,4247,17
3713,4248,1
3713,4250,20
3713,4251,12
3713,4253,1
3713,4254,1
3713,4256,13
3713,4257,7
3713,4258,2
3713,4259,6
3713,4260,5
3713,4261,5
3713,4262,5
3713,4263,2
3713,4264,8
3713,4265,13
3713,4266,6
3713,4267,5
3713,4268,26
3713,4269,7
3713,4271,3
3713,4274,11
3713,4275,4
3713,4276,6
3713,4277,63
3713,4278,45
3713,4279,16
3713,4280,71
3713,4281,26
3713,4282,108
3713,4283,12
3713,4284,10
3713,4285,7
3713,4286,7
3713,4287,29
3713,4288,9
3713,4289,20
3713,4290,4
3713,4291,6
3713,4292,9
3713,4293,23
3713,4294,149
3713,4295,7
3713,4296,3
3713,4298,6
3713,4299,7
3713,4300,23
3713,4301,14
3713,4302,7
3713,4304,147
3713,4305,9
3713,4306,8
3713,4307,5
3713,4308,15
3713,4309,7
3713,4311,7
3713,4312,2
3713,4313,27
3713,4314,2
3713,4315,13
3713,4316,40
3713,4318,2
3713,4319,1
3713,4320,8
3713,4321,70
3713,4322,1
3713,4324,21
3713,4325,40
3713,4326,12
3713,4327,25
3713,4328,5
3713,4329,21
3713,4330,32
3713,4331,19
3713,4332,3
3713,4333,308
3713,4334,124
3713,4336,7
3713,4337,76
3713,4338,4
3713,4339,4
3713,4340,13
3713,4341,5
3713,4342,12
3713,4343,24
3713,4344,6
3713,4348,8
3713,4349,27
3713,4358,3
3713,4359,41
3713,4360,4
3713,4363,10
3713,4364,211
3713,4365,66
3713,4366,26
3713,4367,7
3713,4368,4
3713,4369,5
3713,4370,6
3713,4371,4
3713,4372,2
3713,4373,6
3714,4205,9
3714,4206,10
3714,4207,8
3714,4208,17
3714,4209,17
3714,4210,17
3714,4211,177
3714,4212,22
3714,4213,10
3714,4214,25
3714,4215,6
3714,4216,61
3714,4217,21
3714,4218,11
3714,4219,8
3714,4220,11
3714,4221,156
3714,4222,23
3714,4223,35
3714,4224,15
3714,4225,18
3714,4226,76
3714,4227,5
3714,4228,25
3714,4229,17
3714,4230,14
3714,4231,28
3714,4232,26
3714,4233,13
3714,4236,6
3714,4243,45
3714,4244,16
3714,4245,32
3714,4246,36
3714,4247,12
3714,4248,17
3714,4249,3
3714,4251,5
3714,4254,31
3714,4255,68
3714,4256,5
3714,4257,47
3714,4258,4
3714,4259,10
3714,4261,9
3714,4262,2
3714,4263,7
3714,4265,3
3714,4266,46
3714,4267,23
3714,4268,13
3714,4269,8
3714,4270,10
3714,4272,2
3714,4273,1
3714,4274,19
3714,4275,27
3714,4276,12
3714,4277,20
3714,4278,1
3714,4279,169
3714,4280,48
3714,4281,1
3714,4282,6
3714,4284,2
3714,4285,14
3714,4286,12
3714,4287,108
3714,4288,707
3714,4289,5
3714,4290,15
3714,4291,4
3714,4292,1
3714,4293,15
3714,4294,396
3714,4295,38
3714,4296,21
3714,4297,14
3714,4298,1
3714,4299,4
3714,4300,27
3714,4301,3
3714,4302,6
3714,4303,7
3714,4304,69
3714,4305,17
3714,4306,65
3714,4307,6
3714,4308,13
3714,4309,38
3714,4310,51
3714,4311,2
3714,4312,2
3714,4313,8
3714,4314,7
3714,4315,25
3714,4316,8
3714,4317,27
3714,4318,4
3714,4319,4
3714,4320,23
3714,4321,24
3714,4322,396
3714,4323,1071
3714,4324,75
3714,4325,15
3714,4326,21
3714,4327,47
3714,4328,173
3714,4329,16
3714,4330,12
3714,4331,26
3714,4332,3
3714,4333,11
3714,4334,2
3714,4338,2
3714,4339,3
3714,4340,24
3714,4341,15
3714,4342,31
3714,4343,43
3714,4344,20
3714,4363,5
3714,4364,306
3714,4365,167
3714,4366,10
3714,4370,27
3714,4371,19
3714,4372,8
3715,4205,46
3715,4206,2
3715,4207,1
3715,4208,14
3715,4209,10
3715,4210,46
3715,4211,28
3715,4212,14
3715,4213,28
3715,4214,16
3715,4215,7
3715,4216,32
3715,4217,19
3715,4218,34
3715,4219,7
3715,4220,28
3715,4221,27
3715,4222,18
3715,4223,10
3715,4224,9
3715,4225,37
3715,4226,8
3715,4227,19
3715,4228,11
3715,4229,4
3715,4230,14
3715,4231,78
3715,4232,116
3715,4233,13
3715,4234,2
3715,4244,28
3715,4245,17
3715,4246,27
3715,4247,60
3715,4248,31
3715,4249,7
3715,4251,13
3715,4252,4
3715,4253,7
3715,4254,14
3715,4255,257
3715,4256,43
3715,4257,5
3715,4258,10
3715,4259,7
3715,4260,80
3715,4261,33
3715,4262,5
3715,4263,9
3715,4265,13
3715,4266,240
3715,4267,134
3715,4268,31
3715,4269,8
3715,4270,13
3715,4271,12
3715,4273,3
3715,4274,6
3715,4275,3
3715,4276,25
3715,4279,8
3715,4282,18
3715,4283,8
3715,4286,2
3715,4287,10
3715,4288,9
3715,4289,10
3715,4291,8
3715,4292,3
3715,4293,5
3715,4294,10
3715,4295,14
3715,4296,26
3715,4297,29
3715,4298,19
3715,4299,27
3715,4300,4
3715,4301,5
3715,4302,16
3715,4303,5
3715,4304,9
3715,4305,14
3715,4306,6
3715,4307,6
3715,4308,6
3715,4309,28
3715,4310,51
3715,4311,590
3715,4312,165
3715,4313,33
3715,4314,20
3715,4315,15
3715,4316,308
3715,4317,26
3715,4318,20
3715,4319,10
3715,4320,1
3715,4321,14
3715,4322,31
3715,4323,893
3715,4324,8
3715,4325,9
3715,4326,10
3715,4327,14
3715,4329,11
3715,4331,149
3715,4332,69
3715,4333,3
3715,4337,35
3715,4338,9
3715,4339,7
3715,4343,99
3715,4344,45
3716,4205,7
3716,4206,8
3716,4207,7
3716,4208,30
3716,4209,16
3716,4210,15
3716,4211,15
3716,4212,23
3716,4213,27
3716,4214,7
3716,4215,35
3716,4216,936
3716,4217,190
3716,4218,36
3716,4219,34
3716,4220,8
3716,4221,25
3716,4222,20
3716,4223,259
3716,4224,11
3716,4225,7
3716,4226,2
3716,4227,9
3716,4228,10
3716,4229,3
3716,4230,49
3716,4231,572
3716,4232,143
3716,4233,7
3716,4235,1
3716,4236,16
3716,4244,7
3716,4245,13
3716,4246,18
3716,4247,12
3716,4248,16
3716,4249,4
3716,4251,12
3716,4252,5
3716,4253,3
3716,4254,13
3716,4255,5
3716,4256,5
3716,4257,15
3716,4258,36
3716,4259,102
3716,4260,1106
3716,4261,1480
3716,4262,1112
3716,4263,288
3716,4264,177
3716,4265,126
3716,4266,1100
3716,4267,284
3716,4268,18
3716,4269,11
3716,4270,2
3716,4271,9
3716,4272,15
3716,4273,13
3716,4274,73
3716,4275,112
3716,4282,8
3716,4283,172
3716,4284,216
3716,4285,16
3716,4287,4
3716,4288,9
3716,4289,7
3716,4290,9
3716,4291,22
3716,4293,11
3716,4294,2
3716,4296,2
3716,4297,2
3716,4298,12
3716,4299,11
3716,4300,16
3716,4301,3
3716,4302,21
3716,4303,18
3716,4304,9
3716,4305,9
3716,4306,6
3716,4307,4
3716,4308,5
3716,4309,3
3716,4311,254
3716,4312,18
3716,4313,8
3716,4314,30
3716,4315,13
3716,4316,298
3716,4317,25
3716,4318,23
3716,4319,29
3716,4320,26
3716,4321,135
3716,4322,11
3716,4323,19
3716,4324,13
3716,4325,9
3716,4326,6
3716,4327,183
3716,4328,9
3716,4329,14
3716,4330,9
3716,4331,1
3716,4332,9
3716,4337,4
3716,4338,17
3716,4339,224
3716,4340,13
3716,4341,2
3716,4343,11
3717,4206,9
3717,4207,4
3717,4208,47
3717,4209,12
3717,4210,17
3717,4211,7
3717,4212,102
3717,4213,34
3717,4214,48
3717,4215,1105
3717,4216,1516
3717,4217,1387
3717,4218,515
3717,4219,22
3717,4220,17
3717,4221,54
3717,4222,84
3717,4223,401
3717,4224,55
3717,4225,14
3717,4226,11
3717,4227,46
3717,4228,11
3717,4231,2
3717,4232,8
3717,4233,4
3717,4235,39
3717,4236,100
3717,4248,17
3717,4249,4
3717,4250,9
3717,4251,1
3717,4252,16
3717,4253,3
3717,4255,21
3717,4256,11
3717,4257,16
3717,4258,7
3717,4259,21
3717,4260,1208
3717,4261,1200
3717,4262,742
3717,4263,39
3717,4264,227
3717,4265,277
3717,4266,240
3717,4267,3
3717,4268,39
3717,4269,7
3717,4270,4
3717,4271,10
3717,4272,77
3717,4273,6
3717,4274,28
3717,4275,5
3717,4277,5
3717,4278,28
3717,4279,7
3717,4283,406
3717,4284,997
3717,4285,26
3717,4286,2
3717,4288,6
3717,4289,8
3717,4290,9
3717,4291,4
3717,4292,1
3717,4293,11
3717,4294,6
3717,4295,5
3717,4296,5
3717,4298,4
3717,4299,7
3717,4300,12
3717,4301,138
3717,4302,12
3717,4303,29
3717,4304,9
3717,4305,4
3717,4307,8
3717,4308,3
3717,4310,8
3717,4311,21
3717,4312,21
3717,4313,10
3717,4314,13
3717,4315,36
3717,4316,11
3717,4317,25
3717,4318,9
3717,4319,6
3717,4320,10
3717,4321,18
3717,4322,3
3717,4323,5
3717,4326,18
3717,4327,162
3717,4328,22
3717,4329,11
3717,4330,5
3717,4331,3
3717,4337,4
3717,4338,12
3717,4339,29
3717,4340,12
3717,4341,17
3717,4342,2
3718,4207,13
3718,4208,4
3718,4209,15
3718,4210,37
3718,4211,64
3718,4212,97
3718,4213,5
3718,4214,5
3718,4215,2
3718,4216,292
3718,4217,394
3718,4218,514
3718,4219,22
3718,4220,36
3718,4221,32
3718,4222,182
3718,4223,73
3718,4224,24
3718,4225,21
3718,4232,9
3718,4236,5
3718,4237,4
3718,4250,3
3718,4251,7
3718,4252,13
3718,4253,3
3718,4254,52
3718,4255,289
3718,4256,25
3718,4257,8
3718,4258,13
3718,4259,396
3718,4260,1999
3718,4261,2316
3718,4262,316
3718,4264,3
3718,4266,21
3718,4267,2
3718,4268,9
3718,4269,12
3718,4271,2
3718,4272,7
3718,4273,9
3718,4277,26
3718,4278,13
3718,4279,9
3718,4283,4
3718,4284,4
3718,4285,15
3718,4286,9
3718,4288,2
3718,4289,14
3718,4290,1
3718,4291,20
3718,4292,17
3718,4293,10
3718,4294,23
3718,4295,9
3718,4296,5
3718,4297,2
3718,4298,3
3718,4300,1
3718,4301,15
3718,4302,4
3718,4303,1
3718,4304,2
3718,4305,9
3718,4307,10
3718,4309,117
3718,4310,140
3718,4314,1
3718,4316,8
3718,4317,26
3718,4319,22
3718,4320,64
3718,4321,26
3718,4322,6
3718,4324,1
3718,4325,13
3718,4326,34
3718,4327,32
3718,4328,30
3718,4329,18
3718,4330,2
3718,4331,4
3718,4332,35
3718,4333,27
3718,4334,6
3718,4338,10
3718,4339,47
3718,4340,6
3718,4341,7
3718,4342,3
3719,4206,6
3719,4207,26
3719,4208,6
3719,4209,10
3719,4210,20
3719,4211,241
3719,4212,10
3719,4213,16
3719,4214,23
3719,4215,6
3719,4216,16
3719,4217,14
3719,4218,14
3719,4219,14
3719,4220,15
3719,4221,13
3719,4222,9
3719,4223,9
3719,4224,2
3719,4232,15
3719,4236,2
3719,4237,2
3719,4242,6
3719,4243,26
3719,4244,7
3719,4245,18
3719,4246,19
3719,4247,1
3719,4248,11
3719,4249,17
3719,4250,73
3719,4251,7
3719,4252,36
3719,4253,37
3719,4254,19
3719,4255,8
3719,4256,15
3719,4257,7
3719,4258,15
3719,4259,76
3719,4260,1562
3719,4261,1900
3719,4262,444
3719,4266,16
3719,4267,87
3719,4268,30
3719,4269,11
3719,4270,9
3719,4272,3
3719,4273,9
3719,4274,9
3719,4277,11
3719,4278,6
3719,4279,4
3719,4280,64
3719,4281,18
3719,4282,80
3719,4283,63
3719,4284,4
3719,4285,40
3719,4286,51
3719,4287,3
3719,4288,12
3719,4289,126
3719,4290,203
3719,4291,27
3719,4292,28
3719,4293,26
3719,4294,38
3719,4295,12
3719,4296,26
3719,4297,13
3719,4298,3
3719,4299,2
3719,4300,7
3719,4304,16
3719,4305,277
3719,4306,7
3719,4307,9
3719,4308,3
3719,4309,18
3719,4310,16
3719,4311,7
3719,4312,10
3719,4313,1
3719,4314,8
3719,4315,6
3719,4316,16
3719,4317,11
3719,4318,3
3719,4319,14
3719,4320,209
3719,4321,158
3719,4322,19
3719,4323,5
3719,4325,12
3719,4326,25
3719,4327,26
3719,4328,11
3719,4329,2
3719,4330,2
3719,4331,14
3719,4332,517
3719,4333,7
3719,4334,1
3719,4335,8
3719,4338,29
3719,4339,39
3719,4340,3
3720,4206,11
3720,4207,13
3720,4208,6
3720,4209,7
3720,4210,12
3720,4211,14
3720,4212,8
3720,4213,13
3720,4214,29
3720,4215,32
3720,4217,6
3720,4218,6
3720,4219,2
3720,4220,2
3720,4221,2
3720,4230,4
3720,4231,37
3720,4232,2
3720,4241,27
3720,4242,20
3720,4243,35
3720,4244,36
3720,4245,16
3720,4246,15
3720,4247,34
3720,4248,31
3720,4249,25
3720,4250,6
3720,4251,14
3720,4252,19
3720,4253,12
3720,4254,12
3720,4255,9
3720,4256,16
3720,4257,5
3720,4258,12
3720,4259,502
3720,4260,957
3720,4261,1262
3720,4262,120
3720,4265,20
3720,4266,26
3720,4267,135
3720,4268,31
3720,4269,19
3720,4270,18
3720,4271,19
3720,4272,15
3720,4273,24
3720,4274,28
3720,4278,2
3720,4279,2
3720,4280,75
3720,4281,33
3720,4282,13
3720,4283,32
3720,4284,10
3720,4285,25
3720,4286,47
3720,4287,34
3720,4288,10
3720,4289,71
3720,4290,106
3720,4291,10
3720,4292,8
3720,4293,2
3720,4294,21
3720,4295,12
3720,4296,32
3720,4297,157
3720,4298,578
3720,4299,16
3720,4300,26
3720,4301,11
3720,4302,1
3720,4304,5
3720,4305,171
3720,4306,312
3720,4307,1
3720,4308,17
3720,4309,80
3720,4310,25
3720,4311,44
3720,4312,7
3720,4313,4
3720,4314,18
3720,4315,23
3720,4316,6
3720,4318,17
3720,4319,7
3720,4320,10
3720,4321,26
3720,4322,46
3720,4324,1
3720,4325,5
3720,4326,12
3720,4327,37
3720,4328,223
3720,4329,431
3720,4330,29
3720,4331,12
3720,4332,319
3720,4333,8
3720,4334,70
3720,4335,20
3720,4336,12
3720,4340,9
3721,4206,2
3721,4207,12
3721,4208,5
3721,4209,3
3721,4210,31
3721,4211,15
3721,4212,14
3721,4213,11
3721,4214,7
3721,4215,30
3721,4230,4
3721,4241,10
3721,4242,20
3721,4243,21
3721,4244,25
3721,4245,75
3721,4246,434
3721,4247,26
3721,4248,12
3721,4249,195
3721,4250,13
3721,4252,15
3721,4253,7
3721,4254,27
3721,4255,16
3721,4256,340
3721,4257,175
3721,4258,11
3721,4259,17
3721,4260,658
3721,4261,784
3721,4265,33
3721,4266,20
3721,4267,14
3721,4268,13
3721,4269,20
3721,4270,11
3721,4271,291
3721,4272,47
3721,4273,37
3721,4274,12
3721,4276,3
3721,4278,1
3721,4279,1
3721,4280,12
3721,4281,19
3721,4282,9
3721,4283,8
3721,4284,7
3721,4285,8
3721,4286,13
3721,4287,15
3721,4288,24
3721,4289,19
3721,4290,19
3721,4291,8
3721,4292,8
3721,4293,9
3721,4294,24
3721,4295,13
3721,4296,21
3721,4297,49
3721,4298,168
3721,4299,100
3721,4300,203
3721,4301,12
3721,4302,6
3721,4303,2
3721,4304,24
3721,4305,32
3721,4306,18
3721,4307,6
3721,4308,27
3721,4309,34
3721,4310,5
3721,4311,4
3721,4314,32
3721,4315,9
3721,4316,26
3721,4317,50
3721,4318,10
3721,4319,1
3721,4320,26
3721,4322,8
3721,4323,14
3721,4324,57
3721,4325,21
3721,4326,15
3721,4327,53
3721,4329,14
3721,4330,16
3721,4331,6
3721,4332,4
3721,4333,22
3721,4334,66
3721,4335,15
3721,4336,27
3721,4340,43
3722,4206,3
3722,4207,4
3722,4208,4
3722,4209,5
3722,4210,9
3722,4211,15
3722,4212,16
3722,4214,4
3722,4229,2
3722,4230,15
3722,4231,12
3722,4241,10
3722,4242,117
3722,4243,187
3722,4244,36
3722,4245,40
3722,4246,28
3722,4247,19
3722,4248,19
3722,4249,148
3722,4250,41
3722,4251,15
3722,4252,18
3722,4253,2
3722,4254,33
3722,4255,14
3722,4256,16
3722,4257,96
3722,4258,7
3722,4259,7
3722,4260,22
3722,4261,36
3722,4265,1
3722,4266,2
3722,4268,17
3722,4269,24
3722,4270,15
3722,4271,95
3722,4272,18
3722,4273,18
3722,4274,117
3722,4275,2
3722,4276,40
3722,4277,49
3722,4278,98
3722,4279,3
3722,4280,3
3722,4281,1
3722,4283,13
3722,4284,2
3722,4285,9
3722,4286,7
3722,4287,16
3722,4288,17
3722,4289,11
3722,4290,26
3722,4291,10
3722,4292,22
3722,4293,87
3722,4294,5
3722,4295,17
3722,4296,10
3722,4297,18
3722,4298,10
3722,4299,9
3722,4300,18
3722,4301,8
3722,4302,14
3722,4303,8
3722,4304,14
3722,4305,15
3722,4306,83
3722,4307,15
3722,4308,12
3722,4309,25
3722,4310,19
3722,4311,17
3722,4312,10
3722,4313,19
3722,4314,19
3722,4315,27
3722,4316,14
3722,4317,47
3722,4318,8
3722,4319,13
3722,4320,8
3722,4321,17
3722,4322,5
3722,4323,6
3722,4324,51
3722,4325,10
3722,4326,11
3722,4327,31
3722,4328,38
3722,4329,13
3722,4330,7
3722,4331,5
3722,4332,8
3722,4333,23
3722,4334,43
3722,4335,163
3722,4336,30
3722,4339,18
3723,4207,36
3723,4208,3
3723,4209,2
3723,4211,11
3723,4212,2
3723,4213,2
3723,4229,5
3723,4230,50
3723,4231,138
3723,4232,23
3723,4233,11
3723,4234,7
3723,4241,9
3723,4242,21
3723,4243,40
3723,4244,9
3723,4245,17
3723,4246,6
3723,4247,45
3723,4248,8
3723,4249,8
3723,4250,21
3723,4251,73
3723,4252,476
3723,4253,21
3723,4254,10
3723,4255,6
3723,4256,1
3723,4257,22
3723,4258,25
3723,4259,16
3723,4260,45
3723,4261,31
3723,4269,20
3723,4270,11
3723,4272,11
3723,4273,35
3723,4274,39
3723,4275,14
3723,4276,17
3723,4277,55
3723,4278,22
3723,4279,20
3723,4280,2
3723,4281,10
3723,4282,8
3723,4283,9
3723,4284,10
3723,4285,3
3723,4286,7
3723,4287,9
3723,4288,32
3723,4289,239
3723,4290,981
3723,4291,10
3723,4292,13
3723,4293,3
3723,4294,9
3723,4295,18
3723,4296,14
3723,4297,30
3723,4298,20
3723,4299,27
3723,4300,9
3723,4301,2
3723,4302,8
3723,4303,2
3723,4304,4
3723,4306,7
3723,4307,4
3723,4308,22
3723,4309,30
3723,4310,20
3723,4311,30
3723,4313,2
3723,4314,7
3723,4315,19
3723,4316,21
3723,4317,15
3723,4318,4
3723,4319,3
3723,4320,12
3723,4321,8
3723,4322,11
3723,4323,33
3723,4324,8
3723,4325,13
3723,4326,10
3723,4327,24
3723,4328,170
3723,4329,22
3723,4330,22
3723,4331,3
3723,4332,54
3723,4333,144
3723,4334,7
3723,4335,4
3723,4336,28
3723,4337,8
3723,4338,2
3723,4339,212
3724,4207,14
3724,4208,66
3724,4209,428
3724,4229,12
3724,4230,2
3724,4231,112
3724,4232,19
3724,4233,57
3724,4234,13
3724,4241,3
3724,4242,10
3724,4243,37
3724,4244,7
3724,4245,6
3724,4246,7
3724,4247,27
3724,4248,32
3724,4249,15
3724,4250,11
3724,4251,49
3724,4252,623
3724,4253,4
3724,4254,7
3724,4255,2
3724,4256,27
3724,4257,18
3724,4258,8
3724,4259,16
3724,4260,22
3724,4261,16
3724,4262,13
3724,4267,7
3724,4268,82
3724,4269,8
3724,4273,6
3724,4274,4
3724,4276,3
3724,4278,2
3724,4279,9
3724,4280,100
3724,4281,38
3724,4282,7
3724,4286,9
3724,4287,15
3724,4288,64
3724,4289,50
3724,4290,72
3724,4291,9
3724,4292,13
3724,4293,14
3724,4294,27
3724,4295,6
3724,4296,23
3724,4297,22
3724,4298,11
3724,4299,8
3724,4300,11
3724,4301,17
3724,4302,63
3724,4303,20
3724,4304,10
3724,4305,11
3724,4307,18
3724,4308,547
3724,4309,131
3724,4310,58
3724,4311,13
3724,4312,59
3724,4313,6
3724,4314,11
3724,4315,5
3724,4316,2
3724,4317,28
3724,4318,3
3724,4319,11
3724,4320,6
3724,4321,8
3724,4323,12
3724,4324,73
3724,4325,21
3724,4326,23
3724,4328,20
3724,4329,10
3724,4330,2
3724,4331,8
3724,4333,119
3724,4334,1
3724,4336,5
3724,4338,9
3724,4339,27
3724,4340,19
3724,4341,4
3725,4207,13
3725,4208,259
3725,4209,723
3725,4210,20
3725,4228,6
3725,4229,12
3725,4230,8
3725,4231,10
3725,4232,13
3725,4233,48
3725,4234,12
3725,4236,7
3725,4242,2
3725,4243,31
3725,4244,17
3725,4245,4
3725,4246,40
3725,4247,9
3725,4248,11
3725,4249,14
3725,4250,14
3725,4251,22
3725,4252,28
3725,4253,2
3725,4254,25
3725,4255,9
3725,4256,29
3725,4257,15
3725,4258,8
3725,4259,14
3725,4260,10
3725,4261,10
3725,4262,23
3725,4263,6
3725,4268,21
3725,4272,1
3725,4280,239
3725,4281,121
3725,4282,12
3725,4285,12
3725,4287,15
3725,4288,7
3725,4289,13
3725,4290,31
3725,4294,4
3725,4295,8
3725,4296,9
3725,4297,8
3725,4298,1
3725,4299,11
3725,4300,9
3725,4301,13
3725,4302,33
3725,4303,8
3725,4304,20
3725,4305,15
3725,4306,280
3725,4307,156
3725,4308,2507
3725,4309,806
3725,4310,597
3725,4311,7
3725,4312,85
3725,4313,19
3725,4314,40
3725,4315,14
3725,4316,12
3725,4317,13
3725,4318,11
3725,4319,23
3725,4320,19
3725,4321,8
3725,4323,1
3725,4324,26
3725,4325,8
3725,4326,3
3725,4327,13
3725,4328,13
3725,4329,9
3725,4330,8
3725,4331,8
3725,4332,7
3725,4333,3
3725,4334,54
3725,4335,3
3725,4336,17
3725,4339,3
3725,4340,36
3726,4207,19
3726,4208,31
3726,4209,4
3726,4210,2
3726,4228,19
3726,4229,27
3726,4230,24
3726,4231,21
3726,4232,20
3726,4233,11
3726,4234,52
3726,4235,7
3726,4236,18
3726,4244,15
3726,4245,5
3726,4246,26
3726,4247,81
3726,4248,59
3726,4249,29
3726,4250,6
3726,4252,11
3726,4253,17
3726,4254,14
3726,4255,9
3726,4256,13
3726,4257,8
3726,4259,22
3726,4260,93
3726,4261,14
3726,4262,13
3726,4263,26
3726,4264,2
3726,4268,35
3726,4279,7
3726,4280,9
3726,4281,5
3726,4283,12
3726,4284,16
3726,4285,10
3726,4286,5
3726,4287,10
3726,4288,9
3726,4289,2
3726,4290,20
3726,4291,10
3726,4292,15
3726,4293,1
3726,4294,10
3726,4295,7
3726,4296,10
3726,4297,13
3726,4298,15
3726,4299,55
3726,4300,21
3726,4301,11
3726,4302,13
3726,4303,12
3726,4304,6
3726,4305,11
3726,4306,76
3726,4307,1023
3726,4308,2306
3726,4309,143
3726,4310,16
3726,4314,8
3726,4315,3
3726,4316,5
3726,4317,4
3726,4318,297
3726,4319,52
3726,4320,171
3726,4321,48
3726,4322,14
3726,4324,9
3726,4327,16
3726,4328,16
3726,4329,12
3726,4330,105
3726,4332,22
3726,4333,13
3726,4334,16
3726,4335,11
3726,4338,1
3726,4339,6
3726,4340,11
3726,4341,1
3727,4227,11
3727,4228,45
3727,4229,35
3727,4230,374
3727,4231,15
3727,4232,30
3727,4233,14
3727,4235,61
3727,4236,102
3727,4237,4
3727,4245,1
3727,4246,23
3727,4247,475
3727,4248,293
3727,4249,9
3727,4250,2
3727,4251,21
3727,4252,4
3727,4253,23
3727,4254,14
3727,4255,202
3727,4256,13
3727,4257,15
3727,4259,30
3727,4260,5
3727,4261,11
3727,4262,74
3727,4263,7
3727,4264,21
3727,4265,10
3727,4268,4
3727,4269,2
3727,4280,20
3727,4281,24
3727,4282,19
3727,4283,12
3727,4284,10
3727,4285,9
3727,4286,20
3727,4287,13
3727,4288,10
3727,4289,6
3727,4290,27
3727,4291,6
3727,4292,20
3727,4295,6
3727,4296,13
3727,4297,12
3727,4298,2
3727,4299,36
3727,4300,78
3727,4301,27
3727,4302,22
3727,4303,7
3727,4304,23
3727,4305,226
3727,4306,257
3727,4307,1183
3727,4308,963
3727,4309,489
3727,4310,7
3727,4311,3
3727,4312,2
3727,4313,6
3727,4315,2
3727,4317,3
3727,4318,271
3727,4319,1303
3727,4320,386
3727,4321,18
3727,4322,13
3727,4323,2
3727,4324,7
3727,4325,18
3727,4326,3
3727,4327,9
3727,4328,11
3727,4329,11
3727,4330,5
3727,4331,27
3727,4332,423
3727,4333,483
3727,4334,43
3727,4335,21
3727,4336,3
3727,4337,9
3727,4340,3
3727,4341,9
3728,4225,4
3728,4226,13
3728,4227,18
3728,4228,10
3728,4229,32
3728,4230,706
3728,4231,66
3728,4232,4
3728,4233,4
3728,4234,5
3728,4235,27
3728,4236,101
3728,4237,22
3728,4245,9
3728,4246,17
3728,4247,39
3728,4248,30
3728,4250,14
3728,4251,94
3728,4253,13
3728,4254,7
3728,4255,420
3728,4256,2
3728,4257,20
3728,4258,40
3728,4259,13
3728,4260,14
3728,4261,19
3728,4262,9
3728,4263,9
3728,4264,6
3728,4265,18
3728,4279,6
3728,4281,11
3728,4282,17
3728,4284,1
3728,4285,19
3728,4286,79
3728,4287,19
3728,4288,1
3728,4289,12
3728,4290,70
3728,4291,132
3728,4292,12
3728,4293,11
3728,4294,9
3728,4295,18
3728,4296,69
3728,4297,203
3728,4298,19
3728,4299,14
3728,4300,5
3728,4301,13
3728,4302,11
3728,4303,8
3728,4304,17
3728,4305,9
3728,4306,67
3728,4307,464
3728,4308,138
3728,4309,8
3728,4310,5
3728,4311,14
3728,4312,12
3728,4313,10
3728,4314,24
3728,4315,28
3728,4316,20
3728,4320,193
3728,4321,43
3728,4322,23
3728,4323,20
3728,4324,23
3728,4325,6
3728,4327,9
3728,4328,7
3728,4329,27
3728,4330,12
3728,4332,4
3728,4333,34
3728,4334,7
3728,4335,134
3728,4336,15
3728,4337,6
3728,4338,22
3729,4224,4
3729,4225,57
3729,4226,19
3729,4227,22
3729,4228,30
3729,4229,9
3729,4230,17
3729,4231,9
3729,4232,13
3729,4233,4
3729,4235,16
3729,4236,16
3729,4237,14
3729,4246,18
3729,4247,43
3729,4248,7
3729,4249,5
3729,4250,38
3729,4251,26
3729,4252,5
3729,4253,23
3729,4254,9
3729,4255,6
3729,4256,10
3729,4257,4
3729,4258,15
3729,4259,35
3729,4260,458
3729,4261,99
3729,4262,15
3729,4263,23
3729,4264,12
3729,4266,1
3729,4270,4
3729,4279,24
3729,4281,6
3729,4282,15
3729,4283,10
3729,4284,12
3729,4285,22
3729,4286,128
3729,4287,13
3729,4288,2
3729,4289,93
3729,4290,80
3729,4291,75
3729,4292,15
3729,4293,12
3729,4294,27
3729,4295,17
3729,4296,18
3729,4297,1
3729,4299,2
3729,4300,33
3729,4301,66
3729,4302,10
3729,4303,14
3729,4304,9
3729,4305,18
3729,4306,20
3729,4307,21
3729,4308,18
3729,4309,9
3729,4310,28
3729,4311,288
3729,4312,389
3729,4313,14
3729,4314,10
3729,4315,24
3729,4317,2
3729,4318,7
3729,4319,31
3729,4320,3
3729,4321,8
3729,4322,36
3729,4323,18
3729,4324,145
3729,4325,167
3729,4326,5
3729,4327,5
3729,4328,22
3729,4329,11
3729,4330,22
3729,4331,1
3729,4333,20
3729,4334,31
3729,4335,15
3729,4336,5
3730,4222,2
3730,4224,6
3730,4225,65
3730,4226,61
3730,4227,12
3730,4228,4
3730,4229,7
3730,4230,19
3730,4231,13
3730,4232,17
3730,4233,5
3730,4238,11
3730,4246,36
3730,4247,19
3730,4249,10
3730,4250,26
3730,4251,9
3730,4252,16
3730,4253,4
3730,4254,14
3730,4255,2
3730,4256,15
3730,4257,7
3730,4258,3
3730,4259,9
3730,4260,358
3730,4261,184
3730,4262,5
3730,4263,22
3730,4265,2
3730,4266,9
3730,4270,4
3730,4271,10
3730,4279,9
3730,4280,17
3730,4281,25
3730,4282,20
3730,4283,10
3730,4284,6
3730,4285,20
3730,4286,21
3730,4287,19
3730,4288,18
3730,4289,13
3730,4290,23
3730,4291,14
3730,4292,9
3730,4293,20
3730,4294,11
3730,4295,11
3730,4296,12
3730,4297,1
3730,4298,7
3730,4299,12
3730,4300,67
3730,4301,67
3730,4302,2
3730,4303,3
3730,4304,7
3730,4305,26
3730,4306,13
3730,4307,19
3730,4308,9
3730,4309,11
3730,4310,10
3730,4311,394
3730,4312,109
3730,4313,12
3730,4314,20
3730,4315,9
3730,4316,68
3730,4317,6
3730,4318,38
3730,4319,23
3730,4323,129
3730,4324,782
3730,4325,264
3730,4326,56
3730,4327,101
3730,4328,188
3730,4329,25
3730,4330,7
3730,4331,32
3730,4332,3
3730,4334,19
3730,4335,17
3730,4336,2
3731,4220,6
3731,4221,4
3731,4222,13
3731,4225,18
3731,4226,9
3731,4227,1
3731,4231,12
3731,4232,1
3731,4233,2
3731,4237,5
3731,4238,4
3731,4239,10
3731,4240,6
3731,4241,13
3731,4242,7
3731,4243,55
3731,4246,4
3731,4247,2
3731,4248,12
3731,4250,3
3731,4252,4
3731,4253,13
3731,4254,17
3731,4255,7
3731,4256,16
3731,4258,3
3731,4259,24
3731,4260,5
3731,4261,21
3731,4262,20
3731,4263,321
3731,4264,166
3731,4265,20
3731,4266,28
3731,4267,3
3731,4269,3
3731,4271,6
3731,4272,47
3731,4273,32
3731,4279,111
3731,4280,249
3731,4281,19
3731,4282,15
3731,4283,6
3731,4284,13
3731,4285,44
3731,4286,10
3731,4287,3
3731,4288,154
3731,4289,310
3731,4290,61
3731,4291,1
3731,4292,22
3731,4293,14
3731,4295,8
3731,4296,3
3731,4297,5
3731,4298,9
3731,4299,26
3731,4300,10
3731,4301,7
3731,4302,16
3731,4303,24
3731,4304,19
3731,4305,209
3731,4306,15
3731,4307,17
3731,4308,7
3731,4309,2
3731,4310,8
3731,4311,19
3731,4312,13
3731,4313,38
3731,4314,5
3731,4315,4
3731,4316,4
3731,4317,12
3731,4318,21
3731,4320,12
3731,4321,13
3731,4323,65
3731,4324,53
3731,4325,17
3731,4326,4
3731,4327,10
3731,4328,11
3731,4329,13
3731,4330,36
3731,4331,13
3731,4336,25
3732,4220,2
3732,4221,11
3732,4222,16
3732,4223,12
3732,4228,1
3732,4229,8
3732,4238,12
3732,4239,22
3732,4240,7
3732,4241,27
3732,4242,25
3732,4243,61
3732,4244,17
3732,4245,5
3732,4252,6
3732,4253,24
3732,4254,126
3732,4255,15
3732,4256,39
3732,4257,2
3732,4258,13
3732,4259,20
3732,4260,5
3732,4261,5
3732,4262,18
3732,4263,211
3732,4264,207
3732,4265,16
3732,4266,18
3732,4267,11
3732,4270,1
3732,4271,31
3732,4272,40
3732,4273,11
3732,4274,15
3732,4275,6
3732,4278,1
3732,4279,196
3732,4280,325
3732,4281,12
3732,4282,12
3732,4283,41
3732,4284,13
3732,4285,10
3732,4286,20
3732,4287,8
3732,4288,210
3732,4289,857
3732,4290,1091
3732,4291,54
3732,4292,25
3732,4293,165
3732,4294,60
3732,4295,21
3732,4296,51
3732,4297,13
3732,4298,8
3732,4299,16
3732,4300,14
3732,4301,9
3732,4302,27
3732,4303,16
3732,4304,9
3732,4305,133
3732,4307,12
3732,4308,11
3732,4309,12
3732,4310,9
3732,4311,13
3732,4312,21
3732,4313,13
3732,4314,9
3732,4315,3
3732,4316,22
3732,4317,21
3732,4318,13
3732,4319,350
3732,4320,3
3732,4321,1
3732,4322,2
3732,4323,4
3732,4327,9
3732,4328,18
3732,4329,14
3732,4330,5
3732,4331,3
3733,4210,64
3733,4211,660
3733,4219,5
3733,4220,6
3733,4221,8
3733,4222,12
3733,4223,41
3733,4224,20
3733,4225,2
3733,4227,2
3733,4228,12
3733,4229,10
3733,4237,20
3733,4238,36
3733,4239,8
3733,4240,77
3733,4241,51
3733,4242,17
3733,4243,24
3733,4244,4
3733,4245,5
3733,4254,2
3733,4255,6
3733,4256,10
3733,4257,14
3733,4258,529
3733,4259,308
3733,4260,37
3733,4261,11
3733,4262,4
3733,4263,49
3733,4264,3
3733,4265,14
3733,4266,5
3733,4267,61
3733,4268,84
3733,4269,11
3733,4271,156
3733,4272,397
3733,4273,6
3733,4275,15
3733,4276,36
3733,4278,2
3733,4279,2
3733,4280,9
3733,4281,5
3733,4282,30
3733,4284,2
3733,4285,1
3733,4287,99
3733,4288,10
3733,4289,35
3733,4290,52
3733,4291,8
3733,4292,14
3733,4293,34
3733,4294,16
3733,4295,22
3733,4296,5
3733,4297,170
3733,4298,604
3733,4299,28
3733,4300,21
3733,4301,16
3733,4302,13
3733,4303,436
3733,4304,4
3733,4305,5
3733,4306,5
3733,4307,13
3733,4308,1
3733,4309,20
3733,4310,72
3733,4311,69
3733,4312,11
3733,4313,3
3733,4314,8
3733,4315,18
3733,4316,9
3733,4317,4
3733,4318,9
3733,4319,5
3733,4320,2
3733,4321,2
3733,4322,8
3733,4323,140
3733,4324,21
3733,4325,73
3733,4326,9
3733,4327,11
3733,4328,397
3733,4329,9
3733,4330,2
3733,4340,10
3733,4415,9
3734,4210,134
3734,4211,1058
3734,4219,23
3734,4220,11
3734,4221,7
3734,4222,21
3734,4223,51
3734,4224,29
3734,4226,5
3734,4227,47
3734,4228,53
3734,4229,4
3734,4233,12
3734,4236,14
3734,4237,24
3734,4239,3
3734,4240,51
3734,4241,19
3734,4242,20
3734,4243,13
3734,4244,19
3734,4245,8
3734,4249,2
3734,4250,6
3734,4251,6
3734,4252,7
3734,4254,21
3734,4255,83
3734,4256,17
3734,4257,13
3734,4258,410
3734,4259,40
3734,4260,11
3734,4261,12
3734,4262,17
3734,4263,17
3734,4264,4
3734,4265,30
3734,4266,15
3734,4267,25
3734,4268,22
3734,4269,18
3734,4270,19
3734,4272,43
3734,4273,21
3734,4274,6
3734,4275,11
3734,4276,17
3734,4277,17
3734,4278,37
3734,4281,54
3734,4282,43
3734,4283,25
3734,4284,14
3734,4285,16
3734,4286,14
3734,4287,16
3734,4288,21
3734,4289,11
3734,4290,8
3734,4291,13
3734,4292,8
3734,4293,11
3734,4294,18
3734,4295,8
3734,4296,10
3734,4297,28
3734,4298,340
3734,4299,6
3734,4300,39
3734,4301,8
3734,4302,21
3734,4303,11
3734,4304,18
3734,4305,29
3734,4306,10
3734,4307,10
3734,4308,12
3734,4309,26
3734,4310,55
3734,4311,99
3734,4312,13
3734,4313,9
3734,4314,15
3734,4315,7
3734,4316,20
3734,4317,14
3734,4318,16
3734,4319,3
3734,4320,10
3734,4321,6
3734,4322,18
3734,4323,5
3734,4324,14
3734,4325,4
3734,4326,81
3734,4327,1065
3734,4328,375
3734,4330,6
3734,4331,5
3734,4332,1
3734,4340,15
3734,4415,118
3734,4416,3
3735,4211,20
3735,4218,6
3735,4219,10
3735,4220,16
3735,4221,4
3735,4222,48
3735,4223,161
3735,4224,8
3735,4225,8
3735,4226,12
3735,4227,17
3735,4228,12
3735,4229,15
3735,4233,17
3735,4234,5
3735,4236,6
3735,4237,3
3735,4238,7
3735,4239,9
3735,4240,47
3735,4241,12
3735,4242,5
3735,4243,5
3735,4244,156
3735,4245,57
3735,4246,6
3735,4249,4
3735,4250,10
3735,4251,47
3735,4253,21
3735,4254,47
3735,4255,52
3735,4256,2
3735,4257,27
3735,4258,12
3735,4259,19
3735,4260,17
3735,4261,18
3735,4262,13
3735,4263,10
3735,4265,8
3735,4266,4
3735,4267,14
3735,4268,19
3735,4269,7
3735,4274,10
3735,4275,13
3735,4276,3
3735,4277,40
3735,4278,30
3735,4279,10
3735,4280,4
3735,4281,14
3735,4282,1
3735,4283,2
3735,4284,4
3735,4285,6
3735,4286,6
3735,4287,14
3735,4289,13
3735,4290,57
3735,4291,21
3735,4292,15
3735,4293,17
3735,4294,25
3735,4295,1
3735,4296,10
3735,4297,29
3735,4298,11
3735,4299,15
3735,4300,13
3735,4301,15
3735,4302,25
3735,4303,4
3735,4304,13
3735,4305,9
3735,4306,42
3735,4307,22
3735,4308,32
3735,4309,228
3735,4310,158
3735,4311,22
3735,4312,9
3735,4313,27
3735,4314,13
3735,4315,6
3735,4316,15
3735,4317,4
3735,4318,14
3735,4319,5
3735,4320,2
3735,4321,7
3735,4322,6
3735,4323,13
3735,4324,7
3735,4326,48
3735,4327,1341
3735,4328,1479
3735,4329,59
3735,4331,9
3735,4334,4
3735,4338,6
3735,4339,14
3735,4340,12
3735,4413,2
3735,4414,2
3735,4415,2
3736,4217,2
3736,4218,6
3736,4219,12
3736,4220,86
3736,4221,37
3736,4222,16
3736,4223,4
3736,4224,22
3736,4225,32
3736,4226,12
3736,4227,30
3736,4233,1
3736,4235,29
3736,4236,8
3736,4237,7
3736,4238,6
3736,4239,11
3736,4240,4
3736,4241,14
3736,4242,32
3736,4243,19
3736,4244,9
3736,4245,25
3736,4246,19
3736,4247,3
3736,4249,2
3736,4250,15
3736,4251,29
3736,4252,8
3736,4253,13
3736,4254,24
3736,4255,7
3736,4256,12
3736,4257,19
3736,4258,12
3736,4259,6
3736,4260,14
3736,4261,16
3736,4262,2
3736,4263,1
3736,4265,4
3736,4266,5
3736,4267,13
3736,4268,5
3736,4274,5
3736,4275,35
3736,4276,52
3736,4277,227
3736,4278,11
3736,4279,20
3736,4280,16
3736,4281,3
3736,4282,3
3736,4283,6
3736,4284,14
3736,4285,42
3736,4286,19
3736,4287,13
3736,4288,16
3736,4289,10
3736,4290,17
3736,4291,20
3736,4293,13
3736,4294,8
3736,4295,9
3736,4296,32
3736,4297,12
3736,4298,13
3736,4299,17
3736,4300,14
3736,4301,14
3736,4302,8
3736,4303,16
3736,4304,30
3736,4305,16
3736,4306,8
3736,4307,8
3736,4308,15
3736,4309,27
3736,4310,56
3736,4311,14
3736,4312,4
3736,4313,9
3736,4314,21
3736,4315,8
3736,4316,216
3736,4317,46
3736,4318,13
3736,4319,19
3736,4320,6
3736,4321,11
3736,4322,3
3736,4323,17
3736,4324,4
3736,4325,4
3736,4326,7
3736,4327,20
3736,4328,541
3736,4329,25
3736,4330,204
3736,4338,53
3736,4339,37
3736,4340,11
3737,4217,10
3737,4218,8
3737,4219,10
3737,4220,9
3737,4221,12
3737,4222,16
3737,4223,17
3737,4224,17
3737,4225,9
3737,4226,19
3737,4227,6
3737,4229,11
3737,4230,5
3737,4233,13
3737,4234,5
3737,4235,30
3737,4236,2
3737,4237,15
3737,4238,46
3737,4239,17
3737,4240,18
3737,4241,2
3737,4242,8
3737,4243,12
3737,4244,78
3737,4245,14
3737,4246,61
3737,4247,8
3737,4248,4
3737,4250,7
3737,4251,12
3737,4252,14
3737,4253,37
3737,4254,15
3737,4255,16
3737,4256,70
3737,4257,50
3737,4258,55
3737,4259,21
3737,4260,1
3737,4261,6
3737,4262,2
3737,4263,19
3737,4264,6
3737,4265,21
3737,4266,13
3737,4267,22
3737,4268,3
3737,4274,7
3737,4275,7
3737,4276,22
3737,4277,21
3737,4278,21
3737,4279,9
3737,4280,9
3737,4281,61
3737,4282,5
3737,4283,10
3737,4284,12
3737,4285,8
3737,4286,5
3737,4287,5
3737,4288,10
3737,4289,16
3737,4290,1
3737,4291,4
3737,4292,25
3737,4293,9
3737,4294,6
3737,4295,8
3737,4296,3
3737,4297,13
3737,4298,7
3737,4299,15
3737,4300,5
3737,4301,26
3737,4302,9
3737,4303,9
3737,4304,10
3737,4305,5
3737,4306,5
3737,4307,21
3737,4308,23
3737,4309,22
3737,4310,24
3737,4311,17
3737,4312,19
3737,4313,17
3737,4314,9
3737,4315,9
3737,4316,6
3737,4317,4
3737,4318,29
3737,4319,6
3737,4320,2
3737,4321,7
3737,4322,9
3737,4323,4
3737,4324,6
3737,4325,11
3737,4326,6
3737,4327,3
3737,4328,10
3737,4329,170
3737,4330,129
3737,4331,24
3737,4332,6
3737,4333,18
3737,4334,12
3737,4335,15
3737,4336,3
3737,4338,40
3737,4339,20
3738,4217,11
3738,4218,16
3738,4219,2
3738,4220,19
3738,4221,11
3738,4222,28
3738,4223,25
3738,4224,30
3738,4225,34
3738,4226,22
3738,4227,20
3738,4228,9
3738,4229,11
3738,4230,21
3738,4232,12
3738,4233,21
3738,4234,63
3738,4235,89
3738,4236,74
3738,4237,34
3738,4238,202
3738,4239,18
3738,4240,23
3738,4241,12
3738,4242,40
3738,4243,10
3738,4244,22
3738,4245,13
3738,4246,12
3738,4247,2
3738,4248,4
3738,4249,5
3738,4250,4
3738,4251,94
3738,4252,163
3738,4253,7
3738,4254,66
3738,4255,11
3738,4256,753
3738,4257,90
3738,4258,29
3738,4259,16
3738,4261,9
3738,4262,21
3738,4263,87
3738,4264,20
3738,4265,6
3738,4266,30
3738,4267,14
3738,4275,15
3738,4277,19
3738,4278,9
3738,4279,20
3738,4280,17
3738,4281,7
3738,4282,4
3738,4283,2
3738,4284,16
3738,4285,9
3738,4286,15
3738,4287,44
3738,4288,255
3738,4289,27
3738,4290,11
3738,4291,8
3738,4292,4
3738,4293,10
3738,4295,17
3738,4296,73
3738,4297,4
3738,4298,16
3738,4299,7
3738,4300,37
3738,4301,30
3738,4302,13
3738,4303,9
3738,4304,18
3738,4305,26
3738,4306,8
3738,4307,3
3738,4308,10
3738,4309,11
3738,4310,22
3738,4311,12
3738,4312,24
3738,4313,7
3738,4314,2
3738,4315,16
3738,4316,8
3738,4317,11
3738,4318,1
3738,4320,10
3738,4321,13
3738,4322,11
3738,4323,14
3738,4324,35
3738,4325,19
3738,4326,8
3738,4327,16
3738,4328,10
3738,4329,15
3738,4330,11
3738,4331,5
3738,4332,22
3738,4333,26
3738,4335,30
3738,4336,41
3738,4337,20
3738,4338,182
3738,4339,16
3739,4217,13
3739,4218,29
3739,4219,15
3739,4220,16
3739,4221,14
3739,4222,8
3739,4223,828
3739,4224,1440
3739,4225,38
3739,4226,53
3739,4227,21
3739,4228,2
3739,4231,14
3739,4232,153
3739,4233,66
3739,4234,88
3739,4235,17
3739,4236,17
3739,4237,20
3739,4238,8
3739,4239,17
3739,4240,25
3739,4241,10
3739,4242,56
3739,4243,18
3739,4244,11
3739,4245,13
3739,4246,17
3739,4247,17
3739,4248,2
3739,4249,2
3739,4251,106
3739,4252,540
3739,4253,19
3739,4254,42
3739,4255,18
3739,4256,18
3739,4257,27
3739,4258,18
3739,4259,1
3739,4260,8
3739,4261,7
3739,4262,26
3739,4263,5
3739,4264,15
3739,4265,38
3739,4266,15
3739,4267,3
3739,4274,20
3739,4275,4
3739,4276,6
3739,4277,12
3739,4278,18
3739,4279,18
3739,4280,13
3739,4281,14
3739,4282,4
3739,4283,20
3739,4284,37
3739,4285,230
3739,4286,14
3739,4287,12
3739,4288,14
3739,4289,15
3739,4290,26
3739,4291,14
3739,4292,11
3739,4293,5
3739,4294,5
3739,4295,9
3739,4296,14
3739,4297,4
3739,4298,31
3739,4299,4
3739,4300,88
3739,4301,73
3739,4302,15
3739,4303,33
3739,4304,15
3739,4305,234
3739,4306,140
3739,4307,80
3739,4308,3
3739,4309,12
3739,4310,20
3739,4311,46
3739,4312,44
3739,4313,66
3739,4314,8
3739,4315,5
3739,4316,7
3739,4318,5
3739,4319,24
3739,4320,19
3739,4321,15
3739,4322,16
3739,4323,10
3739,4324,26
3739,4325,7
3739,4326,7
3739,4327,19
3739,4329,5
3739,4330,7
3739,4331,2
3739,4332,372
3739,4333,67
3739,4335,25
3739,4336,21
3739,4337,56
3739,4338,730
3739,4339,16
3740,4217,18
3740,4218,108
3740,4219,12
3740,4220,7
3740,4221,17
3740,4222,21
3740,4223,125
3740,4224,278
3740,4225,26
3740,4226,91
3740,4227,13
3740,4232,3
3740,4233,74
3740,4234,12
3740,4235,8
3740,4236,11
3740,4237,16
3740,4238,9
3740,4239,1
3740,4240,11
3740,4241,9
3740,4242,112
3740,4243,326
3740,4244,21
3740,4245,22
3740,4246,41
3740,4247,3
3740,4248,32
3740,4249,6
3740,4251,324
3740,4252,289
3740,4253,14
3740,4254,30
3740,4256,9
3740,4257,20
3740,4258,13
3740,4259,8
3740,4260,6
3740,4261,1
3740,4262,18
3740,4263,18
3740,4264,23
3740,4265,65
3740,4266,20
3740,4272,26
3740,4273,4
3740,4274,30
3740,4275,1
3740,4276,10
3740,4277,35
3740,4278,203
3740,4279,249
3740,4280,868
3740,4281,18
3740,4282,13
3740,4283,11
3740,4284,13
3740,4285,17
3740,4286,7
3740,4287,13
3740,4288,20
3740,4289,24
3740,4290,30
3740,4291,73
3740,4292,6
3740,4293,19
3740,4294,29
3740,4295,12
3740,4296,1
3740,4298,5
3740,4299,29
3740,4300,16
3740,4301,12
3740,4302,15
3740,4303,7
3740,4304,22
3740,4305,31
3740,4306,10
3740,4307,4
3740,4308,25
3740,4309,46
3740,4310,15
3740,4311,520
3740,4312,1284
3740,4313,294
3740,4314,5
3740,4315,44
3740,4316,3
3740,4318,12
3740,4319,331
3740,4320,187
3740,4321,12
3740,4322,14
3740,4323,16
3740,4324,22
3740,4325,16
3740,4326,5
3740,4327,9
3740,4328,9
3740,4329,13
3740,4330,7
3740,4331,34
3740,4332,17
3740,4333,14
3740,4336,12
3740,4337,9
3740,4338,29
3741,4215,2
3741,4216,19
3741,4217,322
3741,4218,182
3741,4219,6
3741,4220,6
3741,4221,8
3741,4222,12
3741,4223,22
3741,4224,18
3741,4225,4
3741,4226,21
3741,4227,10
3741,4233,7
3741,4234,9
3741,4235,18
3741,4236,59
3741,4237,13
3741,4238,24
3741,4239,11
3741,4241,23
3741,4242,6
3741,4243,20
3741,4244,10
3741,4245,36
3741,4246,89
3741,4247,101
3741,4248,2
3741,4249,487
3741,4250,52
3741,4253,2
3741,4254,7
3741,4255,13
3741,4256,7
3741,4257,10
3741,4258,28
3741,4259,79
3741,4260,16
3741,4261,4
3741,4262,64
3741,4263,17
3741,4264,17
3741,4265,17
3741,4266,3
3741,4272,14
3741,4273,15
3741,4274,9
3741,4275,31
3741,4276,5
3741,4277,16
3741,4278,3
3741,4279,65
3741,4280,1608
3741,4281,62
3741,4283,2
3741,4286,3
3741,4287,16
3741,4288,11
3741,4289,15
3741,4290,26
3741,4291,22
3741,4292,26
3741,4293,2
3741,4294,26
3741,4295,10
3741,4298,10
3741,4299,17
3741,4300,20
3741,4301,9
3741,4302,7
3741,4303,21
3741,4309,206
3741,4310,25
3741,4311,7
3741,4312,400
3741,4313,39
3741,4314,6
3741,4315,5
3741,4316,2
3741,4317,42
3741,4319,9
3741,4320,20
3741,4321,16
3741,4322,84
3741,4323,23
3741,4324,2
3741,4325,11
3741,4326,6
3741,4327,76
3741,4328,4
3741,4329,3
3741,4330,6
3741,4331,229
3741,4332,121
3741,4333,26
3741,4334,5
3741,4335,16
3741,4336,23
3741,4337,26
3741,4338,25
3742,4213,1
3742,4214,9
3742,4215,50
3742,4216,26
3742,4217,20
3742,4218,35
3742,4219,13
3742,4220,17
3742,4221,8
3742,4222,10
3742,4223,11
3742,4224,21
3742,4225,10
3742,4226,17
3742,4227,5
3742,4233,29
3742,4234,6
3742,4235,15
3742,4236,91
3742,4237,22
3742,4238,21
3742,4239,26
3742,4240,8
3742,4241,8
3742,4242,23
3742,4243,13
3742,4244,7
3742,4245,15
3742,4246,6
3742,4247,120
3742,4248,18
3742,4249,677
3742,4250,1050
3742,4251,385
3742,4254,2
3742,4255,24
3742,4256,6
3742,4257,10
3742,4258,15
3742,4259,26
3742,4260,9
3742,4261,22
3742,4262,237
3742,4263,1
3742,4264,4
3742,4265,10
3742,4272,8
3742,4273,28
3742,4274,10
3742,4275,27
3742,4276,9
3742,4277,19
3742,4278,9
3742,4279,97
3742,4280,528
3742,4281,27
3742,4282,3
3742,4283,5
3742,4284,26
3742,4285,16
3742,4286,3
3742,4287,4
3742,4288,10
3742,4289,3
3742,4290,7
3742,4291,13
3742,4292,2
3742,4293,27
3742,4294,22
3742,4295,48
3742,4296,37
3742,4297,12
3742,4298,17
3742,4299,38
3742,4300,18
3742,4301,623
3742,4302,27
3742,4303,53
3742,4304,2
3742,4305,5
3742,4306,3
3742,4309,4
3742,4310,4
3742,4311,5
3742,4314,4
3742,4315,2
3742,4316,4
3742,4317,9
3742,4318,4
3742,4319,2
3742,4320,10
3742,4321,8
3742,4322,10
3742,4323,6
3742,4324,7
3742,4325,15
3742,4327,15
3742,4329,6
3742,4330,4
3742,4331,12
3742,4332,10
3742,4333,8
3742,4334,21
3742,4335,8
3742,4336,2
3742,4337,4
3742,4338,13
3743,4212,36
3743,4213,307
3743,4214,34
3743,4215,31
3743,4216,9
3743,4217,12
3743,4218,17
3743,4219,10
3743,4220,6
3743,4221,5
3743,4222,18
3743,4223,4
3743,4224,31
3743,4225,14
3743,4226,4
3743,4227,11
3743,4233,2
3743,4234,13
3743,4235,13
3743,4236,40
3743,4237,16
3743,4239,27
3743,4240,12
3743,4241,9
3743,4242,61
3743,4243,26
3743,4244,60
3743,4245,17
3743,4246,19
3743,4247,17
3743,4248,10
3743,4249,24
3743,4250,1611
3743,4251,70
3743,4255,2
3743,4256,10
3743,4257,5
3743,4258,9
3743,4259,4
3743,4260,3
3743,4262,12
3743,4263,10
3743,4264,23
3743,4265,12
3743,4266,2
3743,4271,12
3743,4272,121
3743,4273,134
3743,4274,2
3743,4275,17
3743,4276,6
3743,4277,9
3743,4278,10
3743,4279,6
3743,4280,22
3743,4281,22
3743,4282,9
3743,4283,4
3743,4284,7
3743,4285,17
3743,4286,17
3743,4287,20
3743,4288,14
3743,4289,18
3743,4290,678
3743,4291,1120
3743,4292,387
3743,4293,55
3743,4294,21
3743,4295,8
3743,4296,7
3743,4297,19
3743,4298,13
3743,4299,2
3743,4300,7
3743,4301,168
3743,4302,48
3743,4317,5
3743,4322,5
3743,4323,22
3743,4324,10
3743,4325,5
3743,4327,8
3743,4328,11
3743,4329,14
3743,4330,1
3743,4331,2
3743,4332,9
3743,4333,9
3743,4334,10
3743,4335,10
3743,4336,25
3743,4337,91
3743,4338,4
3744,4215,3
3744,4216,6
3744,4218,16
3744,4220,26
3744,4221,33
3744,4222,23
3744,4223,10
3744,4224,20
3744,4225,9
3744,4226,6
3744,4227,32
3744,4234,4
3744,4235,5
3744,4238,6
3744,4239,16
3744,4240,39
3744,4241,13
3744,4242,7
3744,4243,61
3744,4244,49
3744,4245,5
3744,4246,18
3744,4247,46
3744,4248,6
3744,4249,109
3744,4250,740
3744,4251,2635
3744,4252,312
3744,4257,9
3744,4258,2
3744,4259,12
3744,4260,66
3744,4261,20
3744,4262,5
3744,4271,7
3744,4272,25
3744,4273,12
3744,4277,2
3744,4278,4
3744,4279,10
3744,4280,9
3744,4281,13
3744,4282,14
3744,4283,20
3744,4284,33
3744,4285,370
3744,4286,11
3744,4287,11
3744,4288,17
3744,4289,15
3744,4290,665
3744,4291,2785
3744,4292,1022
3744,4293,12
3744,4294,12
3744,4295,15
3744,4296,19
3744,4297,6
3744,4298,1
3744,4299,5
3744,4300,2
3744,4301,6
3744,4302,9
3744,4303,2
3744,4304,6
3744,4309,3
3744,4310,4
3744,4317,3
3744,4318,7
3744,4320,4
3744,4321,2
3744,4323,15
3744,4324,21
3744,4325,11
3744,4326,17
3744,4328,3
3744,4329,72
3744,4330,26
3744,4331,2
3744,4334,2
3744,4335,17
3744,4336,34
3744,4337,518
3744,4338,21
3745,4216,4
3745,4219,18
3745,4220,9
3745,4221,22
3745,4222,30
3745,4223,187
3745,4224,17
3745,4225,7
3745,4226,6
3745,4227,6
3745,4228,6
3745,4229,4
3745,4230,3
3745,4231,2
3745,4239,15
3745,4240,13
3745,4241,23
3745,4242,46
3745,4243,147
3745,4244,9
3745,4245,16
3745,4246,23
3745,4247,81
3745,4248,19
3745,4249,105
3745,4250,68
3745,4251,708
3745,4252,177
3745,4258,3
3745,4259,22
3745,4260,52
3745,4261,59
3745,4270,28
3745,4271,40
3745,4272,8
3745,4275,3
3745,4276,22
3745,4277,42
3745,4278,5
3745,4280,5
3745,4281,4
3745,4282,4
3745,4283,16
3745,4284,5
3745,4285,23
3745,4286,29
3745,4287,14
3745,4288,14
3745,4289,5
3745,4290,542
3745,4291,1027
3745,4292,210
3745,4293,19
3745,4294,57
3745,4295,14
3745,4296,12
3745,4297,7
3745,4298,12
3745,4299,183
3745,4300,45
3745,4301,10
3745,4302,20
3745,4303,9
3745,4304,5
3745,4305,33
3745,4306,13
3745,4307,10
3745,4310,2
3745,4312,26
3745,4313,5
3745,4314,9
3745,4317,6
3745,4318,23
3745,4319,8
3745,4320,5
3745,4321,12
3745,4322,26
3745,4323,23
3745,4324,971
3745,4325,366
3745,4326,5
3745,4327,3
3745,4328,5
3745,4329,101
3745,4330,1
3745,4335,15
3745,4336,18
3745,4337,105
3746,4215,25
3746,4216,2
3746,4218,9
3746,4219,9
3746,4220,14
3746,4221,21
3746,4222,16
3746,4223,632
3746,4224,48
3746,4225,24
3746,4226,18
3746,4227,7
3746,4228,18
3746,4229,13
3746,4230,7
3746,4231,5
3746,4239,39
3746,4240,10
3746,4242,5
3746,4244,8
3746,4245,20
3746,4247,13
3746,4248,39
3746,4249,130
3746,4250,15
3746,4251,5
3746,4258,14
3746,4259,42
3746,4260,72
3746,4261,191
3746,4262,4
3746,4270,1
3746,4271,12
3746,4272,11
3746,4273,3
3746,4274,10
3746,4275,10
3746,4276,8
3746,4277,4
3746,4279,10
3746,4280,8
3746,4281,8
3746,4282,15
3746,4283,4
3746,4285,28
3746,4286,20
3746,4287,28
3746,4288,9
3746,4289,11
3746,4290,34
3746,4291,19
3746,4292,14
3746,4293,19
3746,4294,3
3746,4295,20
3746,4296,7
3746,4297,6
3746,4298,20
3746,4299,22
3746,4300,14
3746,4301,16
3746,4302,20
3746,4303,7
3746,4304,10
3746,4305,191
3746,4306,13
3746,4307,22
3746,4308,8
3746,4311,10
3746,4312,30
3746,4314,3
3746,4317,13
3746,4318,120
3746,4319,34
3746,4320,6
3746,4321,76
3746,4322,26
3746,4323,13
3746,4324,191
3746,4325,146
3746,4326,5
3746,4327,6
3746,4328,15
3746,4329,7
3746,4330,3
3746,4337,21
3747,4216,6
3747,4217,6
3747,4218,1
3747,4219,13
3747,4220,61
3747,4221,19
3747,4222,62
3747,4223,19
3747,4224,19
3747,4225,15
3747,4226,99
3747,4227,13
3747,4228,124
3747,4229,14
3747,4230,13
3747,4231,18
3747,4232,13
3747,4233,12
3747,4236,6
3747,4237,24
3747,4238,65
3747,4239,60
3747,4240,11
3747,4241,12
3747,4242,26
3747,4243,13
3747,4244,46
3747,4245,50
3747,4246,21
3747,4247,10
3747,4248,194
3747,4249,12
3747,4250,9
3747,4258,16
3747,4259,86
3747,4260,24
3747,4261,20
3747,4262,24
3747,4263,8
3747,4273,2
3747,4274,14
3747,4276,13
3747,4277,24
3747,4278,10
3747,4279,10
3747,4280,10
3747,4281,303
3747,4282,52
3747,4283,6
3747,4284,13
3747,4285,24
3747,4286,24
3747,4287,32
3747,4288,20
3747,4289,26
3747,4290,2
3747,4291,12
3747,4292,6
3747,4293,9
3747,4294,18
3747,4295,33
3747,4296,14
3747,4297,9
3747,4298,42
3747,4299,17
3747,4300,10
3747,4301,29
3747,4302,57
3747,4303,10
3747,4304,25
3747,4305,9
3747,4306,29
3747,4307,9
3747,4308,45
3747,4309,22
3747,4310,2
3747,4311,460
3747,4312,119
3747,4313,145
3747,4314,793
3747,4315,8
3747,4316,5
3747,4317,5
3747,4318,6
3747,4320,14
3747,4321,11
3747,4322,6
3747,4323,17
3747,4324,24
3747,4325,2
3747,4326,25
3747,4327,206
3747,4328,538
3747,4329,56
3747,4330,13
3748,4214,2
3748,4218,2
3748,4219,26
3748,4220,17
3748,4221,5
3748,4222,17
3748,4223,17
3748,4224,22
3748,4225,4
3748,4226,10
3748,4227,11
3748,4228,27
3748,4229,12
3748,4230,8
3748,4231,3
3748,4232,22
3748,4233,36
3748,4234,14
3748,4235,2
3748,4236,2
3748,4238,13
3748,4239,13
3748,4240,13
3748,4241,35
3748,4242,541
3748,4243,89
3748,4244,316
3748,4245,25
3748,4246,23
3748,4247,31
3748,4248,109
3748,4249,7
3748,4250,2
3748,4258,3
3748,4259,2
3748,4260,2
3748,4261,6
3748,4262,1
3748,4272,22
3748,4273,3
3748,4274,14
3748,4275,5
3748,4276,12
3748,4277,61
3748,4279,3
3748,4280,11
3748,4281,181
3748,4282,43
3748,4283,3
3748,4284,2
3748,4285,475
3748,4286,213
3748,4287,32
3748,4288,3
3748,4289,13
3748,4291,18
3748,4292,26
3748,4293,15
3748,4294,16
3748,4295,9
3748,4296,6
3748,4297,12
3748,4298,15
3748,4299,16
3748,4300,33
3748,4301,29
3748,4302,96
3748,4303,26
3748,4304,15
3748,4305,10
3748,4306,8
3748,4307,13
3748,4308,26
3748,4309,54
3748,4310,3
3748,4311,48
3748,4312,8
3748,4313,143
3748,4314,1205
3748,4316,8
3748,4317,4
3748,4318,2
3748,4319,20
3748,4320,8
3748,4321,17
3748,4322,15
3748,4323,30
3748,4324,9
3748,4325,21
3748,4326,15
3748,4327,6
3748,4328,21
3748,4329,5
3748,4330,9
3749,4219,4
3749,4220,16
3749,4221,2
3749,4222,4
3749,4223,20
3749,4224,13
3749,4226,22
3749,4227,3
3749,4228,18
3749,4229,28
3749,4230,92
3749,4231,41
3749,4232,4
3749,4233,16
3749,4234,68
3749,4235,8
3749,4237,2
3749,4238,35
3749,4239,19
3749,4240,43
3749,4241,114
3749,4242,74
3749,4243,25
3749,4244,21
3749,4245,27
3749,4246,25
3749,4247,14
3749,4248,28
3749,4249,39
3749,4261,3
3749,4262,8
3749,4272,9
3749,4273,48
3749,4274,82
3749,4275,14
3749,4276,8
3749,4277,23
3749,4278,12
3749,4279,6
3749,4280,7
3749,4281,39
3749,4282,7
3749,4284,8
3749,4285,80
3749,4286,262
3749,4287,4
3749,4288,3
3749,4289,5
3749,4290,3
3749,4291,5
3749,4292,17
3749,4294,2
3749,4295,7
3749,4296,5
3749,4297,13
3749,4298,3
3749,4299,15
3749,4300,5
3749,4301,15
3749,4302,1059
3749,4303,63
3749,4304,15
3749,4305,15
3749,4306,5
3749,4307,12
3749,4308,5
3749,4309,69
3749,4310,14
3749,4311,2
3749,4313,3
3749,4314,711
3749,4315,36
3749,4316,7
3749,4317,26
3749,4318,44
3749,4319,5
3749,4320,3
3749,4321,150
3749,4322,22
3749,4323,24
3749,4324,17
3749,4325,11
3749,4326,3
3749,4328,3
3749,4329,13
3750,4220,48
3750,4221,52
3750,4222,5
3750,4226,9
3750,4227,5
3750,4228,147
3750,4229,84
3750,4230,402
3750,4231,244
3750,4232,17
3750,4233,15
3750,4234,12
3750,4235,16
3750,4236,5
3750,4238,30
3750,4239,50
3750,4240,14
3750,4241,115
3750,4242,5
3750,4243,29
3750,4244,61
3750,4245,42
3750,4246,45
3750,4247,15
3750,4248,21
3750,4249,29
3750,4272,1
3750,4273,33
3750,4274,12
3750,4275,49
3750,4276,308
3750,4277,24
3750,4278,21
3750,4279,2
3750,4280,32
3750,4281,9
3750,4282,10
3750,4283,5
3750,4284,27
3750,4285,36
3750,4286,15
3750,4287,3
3750,4288,12
3750,4289,9
3750,4290,9
3750,4291,11
3750,4292,130
3750,4293,7
3750,4295,10
3750,4296,15
3750,4297,16
3750,4298,17
3750,4299,12
3750,4300,10
3750,4301,8
3750,4302,98
3750,4303,132
3750,4304,20
3750,4305,6
3750,4307,14
3750,4308,8
3750,4309,16
3750,4310,33
3750,4311,31
3750,4312,16
3750,4313,9
3750,4314,21
3750,4315,5
3750,4316,67
3750,4317,5
3750,4319,17
3750,4320,8
3750,4321,1
3750,4322,16
3750,4323,11
3750,4324,11
3750,4325,30
3750,4326,25
3750,4327,8
3750,4329,42
3750,4330,10
3751,4220,6
3751,4221,10
3751,4222,9
3751,4223,4
3751,4225,16
3751,4226,20
3751,4227,2
3751,4228,28
3751,4229,22
3751,4230,16
3751,4231,16
3751,4232,22
3751,4233,14
3751,4234,21
3751,4235,30
3751,4236,26
3751,4237,1
3751,4239,24
3751,4240,26
3751,4241,20
3751,4242,16
3751,4243,30
3751,4244,21
3751,4245,17
3751,4246,32
3751,4247,9
3751,4248,5
3751,4249,16
3751,4273,18
3751,4274,12
3751,4275,74
3751,4276,66
3751,4277,6
3751,4278,7
3751,4279,8
3751,4280,76
3751,4281,9
3751,4282,8
3751,4283,8
3751,4284,24
3751,4285,21
3751,4286,19
3751,4287,14
3751,4288,8
3751,4289,17
3751,4290,21
3751,4291,54
3751,4292,22
3751,4293,4
3751,4294,5
3751,4295,73
3751,4296,41
3751,4297,4
3751,4298,5
3751,4299,1
3751,4300,13
3751,4301,17
3751,4303,60
3751,4304,3
3751,4305,2
3751,4306,15
3751,4307,18
3751,4308,9
3751,4309,29
3751,4310,118
3751,4311,117
3751,4312,14
3751,4313,25
3751,4314,91
3751,4315,18
3751,4317,19
3751,4318,7
3751,4319,45
3751,4320,21
3751,4321,23
3751,4322,27
3751,4323,10
3751,4324,11
3751,4325,125
3751,4326,8
3751,4327,3
3751,4329,10
3751,4330,15
3752,4221,4
3752,4222,17
3752,4223,4
3752,4224,4
3752,4225,8
3752,4226,77
3752,4227,18
3752,4228,23
3752,4229,16
3752,4230,15
3752,4231,17
3752,4232,11
3752,4233,18
3752,4234,29
3752,4235,19
3752,4236,20
3752,4237,4
3752,4238,4
3752,4239,10
3752,4240,58
3752,4241,8
3752,4242,9
3752,4243,179
3752,4244,33
3752,4245,23
3752,4246,20
3752,4247,7
3752,4248,6
3752,4249,14
3752,4272,4
3752,4273,1
3752,4276,8
3752,4277,17
3752,4278,5
3752,4279,4
3752,4280,7
3752,4281,8
3752,4282,12
3752,4283,17
3752,4284,13
3752,4285,9
3752,4286,6
3752,4287,8
3752,4288,15
3752,4289,1
3752,4290,21
3752,4291,12
3752,4292,21
3752,4293,10
3752,4294,5
3752,4295,17
3752,4296,22
3752,4297,4
3752,4298,14
3752,4299,17
3752,4300,12
3752,4301,1
3752,4302,4
3752,4303,4
3752,4304,13
3752,4305,14
3752,4306,5
3752,4307,17
3752,4308,11
3752,4309,330
3752,4310,946
3752,4311,311
3752,4312,16
3752,4313,10
3752,4314,16
3752,4315,8
3752,4316,7
3752,4317,2
3752,4318,7
3752,4320,12
3752,4321,248
3752,4322,15
3752,4323,35
3752,4324,6
3752,4325,3
3752,4326,31
3752,4327,25
3752,4328,23
3752,4329,6
3752,4330,1
3752,4336,16
3753,4217,6
3753,4218,2
3753,4222,2
3753,4224,7
3753,4225,28
3753,4226,25
3753,4227,12
3753,4228,4
3753,4229,18
3753,4230,25
3753,4231,28
3753,4232,24
3753,4233,15
3753,4234,46
3753,4235,8
3753,4236,125
3753,4237,202
3753,4238,146
3753,4239,206
3753,4240,85
3753,4241,7
3753,4242,9
3753,4243,11
3753,4244,2
3753,4245,8
3753,4246,15
3753,4247,10
3753,4248,7
3753,4249,27
3753,4250,31
3753,4270,3
3753,4271,7
3753,4272,20
3753,4273,21
3753,4274,12
3753,4276,12
3753,4277,9
3753,4278,10
3753,4279,13
3753,4280,20
3753,4281,15
3753,4282,3
3753,4283,15
3753,4284,91
3753,4285,1
3753,4286,4
3753,4288,10
3753,4289,4
3753,4290,15
3753,4291,4
3753,4293,5
3753,4294,284
3753,4295,35
3753,4296,7
3753,4297,8
3753,4298,10
3753,4299,18
3753,4300,17
3753,4301,40
3753,4302,13
3753,4303,21
3753,4304,11
3753,4305,5
3753,4306,23
3753,4307,137
3753,4308,38
3753,4309,194
3753,4310,1315
3753,4311,618
3753,4312,4
3753,4313,3
3753,4314,12
3753,4315,2
3753,4316,9
3753,4317,12
3753,4318,16
3753,4319,6
3753,4320,9
3753,4321,139
3753,4322,181
3753,4324,2
3753,4325,10
3753,4326,7
3753,4327,637
3753,4328,473
3753,4329,1
3753,4330,12
3753,4334,3
3753,4335,12
3753,4336,10
3754,4222,25
3754,4223,7
3754,4224,13
3754,4225,14
3754,4226,6
3754,4227,18
3754,4228,24
3754,4229,22
3754,4230,55
3754,4231,48
3754,4232,19
3754,4233,19
3754,4234,139
3754,4235,158
3754,4236,39
3754,4237,73
3754,4238,13
3754,4239,6
3754,4241,2
3754,4242,14
3754,4243,17
3754,4244,24
3754,4245,16
3754,4246,10
3754,4247,134
3754,4248,21
3754,4249,22
3754,4250,113
3754,4251,2
3754,4252,19
3754,4253,25
3754,4265,6
3754,4270,16
3754,4271,15
3754,4272,11
3754,4273,110
3754,4274,142
3754,4275,3
3754,4276,10
3754,4278,12
3754,4279,17
3754,4280,4
3754,4282,3
3754,4283,7
3754,4284,14
3754,4285,2
3754,4286,7
3754,4287,4
3754,4288,6
3754,4289,5
3754,4290,5
3754,4291,10
3754,4292,27
3754,4293,24
3754,4295,23
3754,4296,5
3754,4297,10
3754,4298,13
3754,4299,6
3754,4300,81
3754,4301,43
3754,4302,12
3754,4303,15
3754,4304,12
3754,4305,2
3754,4306,11
3754,4307,175
3754,4308,89
3754,4310,1898
3754,4311,1895
3754,4312,431
3754,4313,8
3754,4314,6
3754,4315,10
3754,4316,5
3754,4317,15
3754,4318,42
3754,4320,32
3754,4321,7
3754,4322,10
3754,4323,2
3754,4325,30
3754,4326,16
3754,4327,103
3754,4328,191
3754,4329,1
3754,4330,18
3754,4334,14
3754,4336,16
3755,4221,2
3755,4223,2
3755,4225,5
3755,4227,20
3755,4228,44
3755,4229,33
3755,4230,699
3755,4231,494
3755,4232,45
3755,4233,15
3755,4234,20
3755,4235,96
3755,4236,6
3755,4237,18
3755,4245,4
3755,4246,7
3755,4247,20
3755,4248,7
3755,4249,2
3755,4250,18
3755,4251,25
3755,4252,20
3755,4253,5
3755,4270,15
3755,4271,16
3755,4272,31
3755,4273,436
3755,4274,298
3755,4275,10
3755,4276,9
3755,4277,138
3755,4278,2
3755,4279,2
3755,4280,6
3755,4281,7
3755,4282,7
3755,4283,2
3755,4284,5
3755,4288,6
3755,4289,101
3755,4290,6
3755,4291,23
3755,4292,20
3755,4293,8
3755,4295,23
3755,4296,26
3755,4297,12
3755,4298,46
3755,4299,4
3755,4300,7
3755,4301,5
3755,4302,27
3755,4304,19
3755,4305,16
3755,4306,17
3755,4307,29
3755,4308,5
3755,4309,13
3755,4310,361
3755,4311,382
3755,4312,71
3755,4313,7
3755,4314,28
3755,4315,42
3755,4316,8
3755,4318,2
3755,4319,4
3755,4320,13
3755,4322,3
3755,4323,16
3755,4325,16
3755,4326,38
3755,4327,4
3755,4328,214
3755,4329,2
3755,4330,24
3755,4334,5
3755,4335,9
3755,4336,119
3756,4222,1
3756,4223,4
3756,4224,15
3756,4225,41
3756,4226,50
3756,4227,9
3756,4228,2
3756,4229,27
3756,4230,15
3756,4231,25
3756,4232,27
3756,4233,13
3756,4234,19
3756,4235,49
3756,4236,93
3756,4237,12
3756,4249,9
3756,4250,7
3756,4251,30
3756,4252,8
3756,4253,17
3756,4254,6
3756,4270,1
3756,4271,35
3756,4272,21
3756,4273,4
3756,4274,15
3756,4275,9
3756,4276,15
3756,4277,77
3756,4278,10
3756,4279,8
3756,4280,7
3756,4281,5
3756,4286,3
3756,4287,8
3756,4288,25
3756,4289,19
3756,4290,13
3756,4293,17
3756,4294,6
3756,4295,2
3756,4296,11
3756,4297,7
3756,4299,3
3756,4300,9
3756,4301,95
3756,4302,24
3756,4304,3
3756,4305,29
3756,4306,12
3756,4307,4
3756,4308,11
3756,4309,7
3756,4310,15
3756,4311,11
3756,4312,23
3756,4313,8
3756,4314,9
3756,4315,73
3756,4316,2
3756,4317,14
3756,4318,14
3756,4319,15
3756,4320,11
3756,4321,49
3756,4323,7
3756,4326,3
3756,4327,12
3756,4328,78
3756,4329,24
3756,4336,26
3757,4222,1
3757,4224,16
3757,4225,10
3757,4226,4
3757,4227,6
3757,4228,30
3757,4229,6
3757,4230,12
3757,4231,13
3757,4232,18
3757,4233,15
3757,4234,22
3757,4235,21
3757,4236,73
3757,4237,13
3757,4238,4
3757,4250,13
3757,4251,26
3757,4252,24
3757,4253,7
3757,4254,19
3757,4271,31
3757,4272,3
3757,4273,4
3757,4274,30
3757,4275,6
3757,4276,19
3757,4277,15
3757,4278,20
3757,4279,9
3757,4280,14
3757,4281,8
3757,4282,2
3757,4283,1
3757,4286,2
3757,4288,2
3757,4289,3
3757,4290,38
3757,4291,21
3757,4292,13
3757,4293,51
3757,4295,59
3757,4296,11
3757,4297,15
3757,4298,4
3757,4299,7
3757,4300,11
3757,4301,14
3757,4302,16
3757,4303,19
3757,4304,6
3757,4305,14
3757,4306,20
3757,4307,32
3757,4308,6
3757,4309,12
3757,4310,53
3757,4311,6
3757,4312,27
3757,4313,53
3757,4314,18
3757,4315,19
3757,4316,4
3757,4317,5
3757,4318,13
3757,4319,2
3757,4320,12
3757,4321,34
3757,4322,180
3757,4323,12
3757,4324,1
3757,4325,2
3757,4326,10
3757,4327,1
3757,4328,21
3757,4329,10
3757,4336,25
3758,4220,73
3758,4221,79
3758,4222,2
3758,4226,1
3758,4227,14
3758,4228,18
3758,4229,12
3758,4230,51
3758,4231,10
3758,4232,10
3758,4233,30
3758,4234,35
3758,4235,16
3758,4236,25
3758,4238,15
3758,4239,3
3758,4249,2
3758,4250,17
3758,4251,257
3758,4252,58
3758,4253,19
3758,4254,78
3758,4271,2
3758,4272,5
3758,4273,19
3758,4274,10
3758,4275,13
3758,4276,12
3758,4277,10
3758,4278,12
3758,4279,30
3758,4280,74
3758,4281,150
3758,4282,27
3758,4283,21
3758,4284,2
3758,4285,1
3758,4288,1
3758,4289,2
3758,4291,8
3758,4292,2
3758,4293,13
3758,4294,7
3758,4295,1
3758,4296,14
3758,4297,20
3758,4298,20
3758,4299,5
3758,4300,13
3758,4301,11
3758,4302,7
3758,4303,14
3758,4304,8
3758,4305,77
3758,4306,73
3758,4307,17
3758,4308,134
3758,4309,29
3758,4310,23
3758,4311,7
3758,4312,127
3758,4313,200
3758,4314,45
3758,4315,2
3758,4316,19
3758,4317,18
3758,4318,11
3758,4319,6
3758,4320,11
3758,4321,8
3758,4322,204
3758,4323,56
3758,4324,25
3758,4326,3
3758,4327,20
3758,4328,9
3758,4329,35
3758,4336,38
3758,4337,9
3759,4220,8
3759,4221,2
3759,4224,1
3759,4225,9
3759,4226,23
3759,4227,35
3759,4228,20
3759,4229,161
3759,4230,308
3759,4231,49
3759,4232,28
3759,4233,32
3759,4234,6
3759,4235,8
3759,4236,26
3759,4237,17
3759,4238,37
3759,4250,2
3759,4251,33
3759,4252,50
3759,4253,16
3759,4254,2
3759,4272,12
3759,4273,11
3759,4274,20
3759,4275,11
3759,4276,30
3759,4277,19
3759,4278,22
3759,4279,26
3759,4280,11
3759,4281,24
3759,4282,11
3759,4283,18
3759,4284,15
3759,4285,7
3759,4286,21
3759,4288,3
3759,4291,17
3759,4292,6
3759,4293,5
3759,4295,8
3759,4296,30
3759,4297,4
3759,4298,23
3759,4299,17
3759,4300,11
3759,4301,25
3759,4302,8
3759,4303,6
3759,4304,15
3759,4305,533
3759,4306,399
3759,4307,17
3759,4308,62
3759,4309,160
3759,4311,4
3759,4312,5
3759,4313,222
3759,4314,15
3759,4315,2
3759,4316,25
3759,4317,6
3759,4318,19
3759,4319,19
3759,4320,10
3759,4321,128
3759,4322,11
3759,4323,4
3759,4324,386
3759,4327,130
3759,4328,8
3759,4329,22
3759,4330,2
3759,4333,12
3759,4334,5
3759,4335,9
3759,4336,8
3759,4337,13
3760,4221,32
3760,4222,5
3760,4223,4
3760,4224,2
3760,4225,3
3760,4226,7
3760,4227,23
3760,4228,28
3760,4229,8
3760,4230,5
3760,4231,2
3760,4232,34
3760,4233,39
3760,4234,5
3760,4235,27
3760,4236,13
3760,4237,31
3760,4238,39
3760,4239,46
3760,4252,5
3760,4253,14
3760,4254,3
3760,4274,11
3760,4275,111
3760,4276,31
3760,4277,19
3760,4278,18
3760,4279,16
3760,4280,16
3760,4281,70
3760,4282,72
3760,4283,5
3760,4284,6
3760,4285,12
3760,4286,7
3760,4287,26
3760,4288,17
3760,4289,8
3760,4290,36
3760,4291,35
3760,4292,22
3760,4295,8
3760,4296,14
3760,4297,176
3760,4298,9
3760,4299,9
3760,4300,12
3760,4301,37
3760,4302,2
3760,4303,2
3760,4304,9
3760,4305,19
3760,4306,10
3760,4307,16
3760,4308,15
3760,4309,51
3760,4310,17
3760,4311,6
3760,4312,2
3760,4313,8
3760,4314,95
3760,4315,13
3760,4316,14
3760,4317,13
3760,4318,6
3760,4320,52
3760,4321,21
3760,4322,9
3760,4323,9
3760,4324,42
3760,4325,78
3760,4326,6
3760,4327,9
3760,4328,10
3760,4329,22
3760,4330,6
3760,4332,10
3760,4333,35
3760,4334,2
3760,4335,23
3760,4336,3
3760,4337,24
3761,4221,44
3761,4222,126
3761,4223,5
3761,4228,5
3761,4229,23
3761,4230,12
3761,4231,10
3761,4232,15
3761,4233,40
3761,4234,125
3761,4235,435
3761,4236,21
3761,4237,8
3761,4238,700
3761,4239,935
3761,4240,542
3761,4241,242
3761,4242,505
3761,4243,326
3761,4244,251
3761,4245,7
3761,4246,6
3761,4247,2
3761,4253,3
3761,4254,2
3761,4274,374
3761,4275,410
3761,4276,36
3761,4277,5
3761,4278,11
3761,4279,15
3761,4280,19
3761,4281,65
3761,4282,13
3761,4283,21
3761,4285,8
3761,4286,54
3761,4287,22
3761,4288,7
3761,4289,6
3761,4290,29
3761,4291,5
3761,4292,4
3761,4294,26
3761,4295,25
3761,4296,9
3761,4297,33
3761,4298,15
3761,4299,7
3761,4300,28
3761,4301,11
3761,4302,6
3761,4303,10
3761,4304,20
3761,4305,23
3761,4306,2
3761,4307,19
3761,4308,34
3761,4309,60
3761,4310,4
3761,4311,19
3761,4312,13
3761,4313,18
3761,4314,487
3761,4315,100
3761,4316,33
3761,4317,8
3761,4318,9
3761,4319,6
3761,4320,25
3761,4321,1
3761,4322,5
3761,4323,30
3761,4324,12
3761,4325,10
3761,4326,8
3761,4327,22
3761,4328,3
3761,4329,14
3761,4330,38
3761,4331,19
3761,4332,15
3761,4333,11
3761,4334,14
3761,4335,17
3761,4337,31
3762,4221,265
3762,4222,158
3762,4223,4
3762,4228,9
3762,4231,7
3762,4232,1
3762,4233,6
3762,4234,85
3762,4235,147
3762,4236,31
3762,4237,12
3762,4238,24
3762,4239,1025
3762,4240,2038
3762,4241,3376
3762,4242,1592
3762,4243,1072
3762,4244,63
3762,4245,31
3762,4246,23
3762,4247,368
3762,4274,73
3762,4275,1790
3762,4276,608
3762,4277,32
3762,4278,12
3762,4279,47
3762,4280,15
3762,4281,78
3762,4282,10
3762,4283,17
3762,4285,3
3762,4286,7
3762,4287,11
3762,4288,19
3762,4289,10
3762,4290,3
3762,4291,5
3762,4293,7
3762,4294,319
3762,4295,1
3762,4297,17
3762,4298,31
3762,4299,37
3762,4300,23
3762,4301,116
3762,4302,16
3762,4303,22
3762,4304,20
3762,4305,4
3762,4306,1
3762,4307,21
3762,4308,28
3762,4309,1251
3762,4310,929
3762,4311,1639
3762,4312,169
3762,4313,17
3762,4314,3
3762,4315,12
3762,4316,14
3762,4317,10
3762,4318,15
3762,4319,16
3762,4320,14
3762,4321,35
3762,4322,19
3762,4323,11
3762,4324,3
3762,4325,34
3762,4326,17
3762,4327,583
3762,4329,17
3762,4330,68
3762,4331,34
3762,4332,9
3762,4333,10
3762,4334,576
3762,4335,63
3762,4336,4
3762,4337,166
3763,4227,1
3763,4228,30
3763,4229,43
3763,4230,26
3763,4231,27
3763,4232,23
3763,4233,9
3763,4234,25
3763,4235,19
3763,4236,18
3763,4237,42
3763,4238,17
3763,4239,44
3763,4240,141
3763,4241,654
3763,4242,62
3763,4243,16
3763,4244,8
3763,4245,11
3763,4246,19
3763,4247,426
3763,4248,159
3763,4249,4
3763,4255,8
3763,4275,479
3763,4276,118
3763,4277,175
3763,4278,4
3763,4279,10
3763,4280,51
3763,4281,8
3763,4282,6
3763,4285,21
3763,4286,29
3763,4287,8
3763,4288,25
3763,4289,15
3763,4290,5
3763,4291,4
3763,4292,3
3763,4293,15
3763,4294,193
3763,4298,856
3763,4299,611
3763,4300,19
3763,4301,30
3763,4302,8
3763,4303,17
3763,4304,2
3763,4305,2
3763,4306,3
3763,4307,2
3763,4308,5
3763,4309,257
3763,4310,600
3763,4311,1518
3763,4312,505
3763,4313,27
3763,4315,15
3763,4316,8
3763,4317,12
3763,4318,367
3763,4319,7
3763,4320,19
3763,4321,10
3763,4322,39
3763,4323,8
3763,4324,101
3763,4325,29
3763,4326,5
3763,4327,211
3763,4328,27
3763,4329,34
3763,4330,30
3763,4332,1
3763,4333,48
3763,4334,458
3763,4335,1
3763,4337,27
3763,4338,109
3763,4339,42
3764,4228,7
3764,4229,15
3764,4230,24
3764,4231,28
3764,4232,30
3764,4233,23
3764,4234,32
3764,4235,26
3764,4236,70
3764,4237,13
3764,4238,24
3764,4239,8
3764,4240,24
3764,4241,19
3764,4242,30
3764,4243,12
3764,4244,34
3764,4245,26
3764,4246,15
3764,4247,27
3764,4248,41
3764,4249,14
3764,4250,4
3764,4279,75
3764,4280,53
3764,4281,10
3764,4282,4
3764,4285,76
3764,4286,84
3764,4287,50
3764,4288,377
3764,4289,2
3764,4290,8
3764,4291,7
3764,4292,76
3764,4293,60
3764,4294,59
3764,4298,1219
3764,4299,1860
3764,4300,546
3764,4301,2
3764,4302,8
3764,4303,11
3764,4304,4
3764,4305,5
3764,4306,5
3764,4307,87
3764,4308,18
3764,4309,15
3764,4310,18
3764,4311,595
3764,4312,86
3764,4313,61
3764,4314,21
3764,4315,19
3764,4316,11
3764,4317,15
3764,4318,4
3764,4319,170
3764,4320,76
3764,4321,10
3764,4322,3
3764,4323,38
3764,4324,59
3764,4325,10
3764,4326,13
3764,4327,262
3764,4328,16
3764,4329,9
3764,4330,39
3764,4331,16
3764,4332,46
3764,4333,133
3764,4334,46
3764,4337,10
3764,4338,54
3764,4339,65
3765,4230,91
3765,4231,21
3765,4233,2
3765,4234,23
3765,4236,9
3765,4237,8
3765,4238,2
3765,4239,47
3765,4240,54
3765,4241,13
3765,4242,70
3765,4243,21
3765,4244,14
3765,4245,37
3765,4246,16
3765,4247,12
3765,4248,30
3765,4249,9
3765,4254,26
3765,4255,2
3765,4275,6
3765,4277,2
3765,4278,1
3765,4279,19
3765,4280,10
3765,4285,2
3765,4286,16
3765,4287,29
3765,4288,29
3765,4289,4
3765,4290,7
3765,4291,14
3765,4292,14
3765,4293,17
3765,4298,24
3765,4299,134
3765,4300,37
3765,4301,20
3765,4302,5
3765,4303,16
3765,4304,25
3765,4305,21
3765,4306,13
3765,4307,14
3765,4308,17
3765,4309,19
3765,4310,30
3765,4311,2
3765,4312,18
3765,4313,588
3765,4314,489
3765,4315,4
3765,4316,1111
3765,4317,395
3765,4318,11
3765,4319,429
3765,4320,1734
3765,4321,116
3765,4322,10
3765,4323,14
3765,4324,7
3765,4325,24
3765,4326,50
3765,4327,352
3765,4328,14
3765,4329,7
3765,4330,14
3765,4331,66
3765,4332,17
3765,4334,5
3765,4335,9
3765,4336,5
3765,4338,4
3765,4339,668
3765,4340,434
3765,4341,6
3766,4230,9
3766,4231,3
3766,4232,2
3766,4234,2
3766,4235,6
3766,4236,9
3766,4237,41
3766,4238,49
3766,4239,32
3766,4240,32
3766,4241,25
3766,4242,19
3766,4243,26
3766,4244,16
3766,4245,27
3766,4246,8
3766,4247,23
3766,4248,14
3766,4249,24
3766,4250,11
3766,4254,30
3766,4255,7
3766,4274,5
3766,4275,7
3766,4276,62
3766,4277,100
3766,4278,52
3766,4287,45
3766,4288,1
3766,4289,2
3766,4290,2
3766,4291,7
3766,4300,4
3766,4301,26
3766,4302,11
3766,4303,15
3766,4304,489
3766,4305,337
3766,4306,56
3766,4307,108
3766,4308,82
3766,4309,453
3766,4310,720
3766,4311,12
3766,4312,278
3766,4313,485
3766,4314,43
3766,4315,13
3766,4316,501
3766,4317,710
3766,4318,229
3766,4319,147
3766,4320,1050
3766,4321,15
3766,4322,15
3766,4323,214
3766,4324,88
3766,4325,7
3766,4326,1036
3766,4327,981
3766,4328,2
3766,4329,6
3766,4332,7
3766,4333,34
3766,4334,14
3766,4336,10
3766,4337,7
3766,4338,41
3766,4339,1041
3766,4340,330
3766,4341,87
3767,4226,4
3767,4233,2
3767,4234,3
3767,4235,2
3767,4236,33
3767,4237,13
3767,4238,30
3767,4239,15
3767,4240,29
3767,4241,33
3767,4242,13
3767,4243,28
3767,4244,19
3767,4245,20
3767,4246,54
3767,4247,14
3767,4249,21
3767,4250,14
3767,4254,9
3767,4255,58
3767,4256,93
3767,4257,13
3767,4258,2
3767,4274,11
3767,4275,2
3767,4276,13
3767,4277,147
3767,4288,1
3767,4289,49
3767,4290,23
3767,4301,2
3767,4302,32
3767,4303,36
3767,4304,38
3767,4305,31
3767,4306,15
3767,4307,47
3767,4308,87
3767,4309,1347
3767,4310,396
3767,4311,13
3767,4312,50
3767,4313,905
3767,4314,2368
3767,4315,118
3767,4316,1695
3767,4317,1809
3767,4318,2456
3767,4319,1843
3767,4320,331
3767,4322,324
3767,4323,1330
3767,4324,1925
3767,4325,383
3767,4326,370
3767,4327,366
3767,4331,9
3767,4332,42
3767,4333,7
3767,4334,15
3767,4336,48
3767,4337,46
3767,4338,14
3767,4339,21
3767,4340,30
3767,4341,70
3767,4342,11
3768,4226,5
3768,4231,5
3768,4234,68
3768,4235,47
3768,4236,16
3768,4237,17
3768,4238,15
3768,4239,27
3768,4240,61
3768,4241,14
3768,4242,10
3768,4243,282
3768,4244,69
3768,4245,4
3768,4246,25
3768,4247,16
3768,4248,1
3768,4249,16
3768,4250,29
3768,4251,1
3768,4255,3
3768,4256,32
3768,4257,28
3768,4258,14
3768,4274,2
3768,4275,40
3768,4276,3
3768,4277,5
3768,4278,19
3768,4301,20
3768,4302,22
3768,4303,6
3768,4304,14
3768,4306,19
3768,4308,4
3768,4309,1
3768,4310,6
3768,4312,706
3768,4313,2308
3768,4314,1429
3768,4315,1268
3768,4316,1913
3768,4317,3887
3768,4318,511
3768,4319,1530
3768,4320,1608
3768,4321,145
3768,4322,3
3768,4323,233
3768,4324,393
3768,4325,11
3768,4327,14
3768,4331,15
3768,4332,24
3768,4334,12
3768,4335,27
3768,4336,27
3768,4337,7
3768,4338,18
3768,4339,17
3768,4340,20
3768,4341,41
3768,4342,30
3769,4234,14
3769,4235,13
3769,4236,8
3769,4237,2
3769,4238,13
3769,4239,52
3769,4240,948
3769,4241,44
3769,4242,19
3769,4243,44
3769,4246,6
3769,4247,4
3769,4248,28
3769,4249,30
3769,4250,32
3769,4251,13
3769,4257,54
3769,4258,22
3769,4259,38
3769,4260,132
3769,4261,43
3769,4263,5
3769,4273,13
3769,4274,9
3769,4276,2
3769,4277,14
3769,4278,71
3769,4279,28
3769,4280,10
3769,4281,2
3769,4282,7
3769,4284,1
3769,4301,118
3769,4302,107
3769,4303,8
3769,4304,14
3769,4305,5
3769,4306,4
3769,4307,14
3769,4308,48
3769,4309,56
3769,4312,601
3769,4313,1523
3769,4314,1861
3769,4315,2540
3769,4316,1774
3769,4317,3011
3769,4318,2899
3769,4319,997
3769,4320,3405
3769,4321,1980
3769,4323,5
3769,4324,25
3769,4325,16
3769,4326,13
3769,4329,9
3769,4330,5
3769,4331,21
3769,4332,8
3769,4333,6
3769,4334,16
3769,4335,7
3769,4336,8
3769,4337,2
3769,4338,19
3769,4339,20
3769,4340,11
3769,4341,91
3769,4342,75
3770,4229,6
3770,4230,3
3770,4231,2
3770,4232,2
3770,4233,11
3770,4235,2
3770,4237,2
3770,4238,9
3770,4239,74
3770,4240,44
3770,4241,11
3770,4242,7
3770,4243,39
3770,4244,5
3770,4246,6
3770,4247,9
3770,4248,57
3770,4249,37
3770,4250,428
3770,4251,144
3770,4252,1
3770,4253,1
3770,4254,10
3770,4255,9
3770,4257,1
3770,4258,144
3770,4259,13
3770,4260,32
3770,4261,19
3770,4262,2
3770,4263,7
3770,4269,1
3770,4270,1
3770,4271,1
3770,4272,2
3770,4273,27
3770,4274,18
3770,4275,6
3770,4276,8
3770,4277,3
3770,4278,35
3770,4279,15
3770,4280,88
3770,4282,14
3770,4283,22
3770,4284,18
3770,4302,5
3770,4303,10
3770,4304,70
3770,4305,195
3770,4306,92
3770,4307,66
3770,4308,139
3770,4309,74
3770,4310,21
3770,4311,31
3770,4312,1356
3770,4313,2364
3770,4314,1776
3770,4315,2291
3770,4316,2621
3770,4317,8050
3770,4318,3555
3770,4319,1416
3770,4320,1014
3770,4321,2609
3770,4322,231
3770,4324,16
3770,4328,5
3770,4329,19
3770,4330,26
3770,4331,5
3770,4332,25
3770,4333,93
3770,4334,38
3770,4335,14
3770,4338,5
3770,4339,3
3770,4340,2
3770,4341,16
3770,4342,133
3770,4343,8
3771,4228,138
3771,4229,490
3771,4230,319
3771,4231,14
3771,4236,4
3771,4237,3
3771,4238,13
3771,4239,39
3771,4240,9
3771,4241,11
3771,4242,2
3771,4244,23
3771,4245,18
3771,4246,5
3771,4248,94
3771,4249,16
3771,4250,20
3771,4258,152
3771,4259,18
3771,4260,21
3771,4261,38
3771,4262,3
3771,4268,18
3771,4269,13
3771,4270,8
3771,4271,5
3771,4272,13
3771,4273,11
3771,4274,19
3771,4275,12
3771,4276,31
3771,4277,22
3771,4278,22
3771,4279,12
3771,4280,12
3771,4281,12
3771,4282,60
3771,4283,55
3771,4284,30
3771,4285,30
3771,4286,10
3771,4287,37
3771,4288,27
3771,4295,2
3771,4309,2
3771,4312,430
3771,4313,1275
3771,4314,2082
3771,4315,5737
3771,4316,8861
3771,4317,7932
3771,4318,2124
3771,4319,411
3771,4321,382
3771,4322,2
3771,4328,16
3771,4329,10
3771,4330,14
3771,4331,9
3771,4332,24
3771,4333,12
3771,4334,11
3771,4335,3
3771,4337,1
3771,4341,5
3771,4342,94
3771,4343,42
3772,4228,40
3772,4229,10
3772,4230,79
3772,4240,28
3772,4241,22
3772,4242,1
3772,4243,3
3772,4244,1
3772,4245,9
3772,4247,5
3772,4248,26
3772,4249,5
3772,4255,6
3772,4260,3
3772,4261,21
3772,4267,3
3772,4268,3
3772,4271,22
3772,4272,62
3772,4273,70
3772,4274,19
3772,4275,84
3772,4276,29
3772,4277,86
3772,4278,70
3772,4279,15
3772,4280,6
3772,4281,9
3772,4282,35
3772,4283,18
3772,4284,15
3772,4286,2
3772,4287,21
3772,4288,16
3772,4289,14
3772,4290,12
3772,4294,37
3772,4295,5
3772,4296,16
3772,4297,86
3772,4313,207
3772,4314,3799
3772,4315,7336
3772,4316,3502
3772,4317,686
3772,4318,30
3772,4319,178
3772,4321,17
3772,4322,3
3772,4325,1
3772,4326,10
3772,4328,7
3772,4329,13
3772,4330,11
3772,4331,638
3772,4332,281
3772,4333,6
3772,4334,1
3772,4335,10
3772,4336,6
3772,4337,24
3772,4338,20
3772,4339,5
3772,4340,4
3772,4341,19
3772,4342,63
3772,4343,596
3773,4240,20
3773,4241,27
3773,4242,5
3773,4243,2
3773,4245,4
3773,4246,6
3773,4247,14
3773,4248,52
3773,4254,3
3773,4260,27
3773,4261,12
3773,4270,4
3773,4271,31
3773,4272,54
3773,4273,88
3773,4275,11
3773,4276,24
3773,4277,11
3773,4278,6
3773,4279,19
3773,4280,25
3773,4281,16
3773,4282,208
3773,4283,19
3773,4284,22
3773,4285,16
3773,4286,2
3773,4287,2
3773,4288,25
3773,4289,12
3773,4290,15
3773,4291,2
3773,4292,6
3773,4294,5
3773,4295,45
3773,4296,219
3773,4297,25
3773,4302,291
3773,4303,154
3773,4304,22
3773,4311,19
3773,4312,5
3773,4313,3
3773,4314,1459
3773,4315,3702
3773,4316,3366
3773,4317,1766
3773,4318,55
3773,4320,107
3773,4321,11
3773,4322,61
3773,4325,15
3773,4326,7
3773,4327,48
3773,4328,1166
3773,4329,249
3773,4330,14
3773,4331,401
3773,4332,324
3773,4333,22
3773,4334,12
3773,4335,23
3773,4336,11
3773,4337,13
3773,4338,30
3773,4339,12
3773,4342,15
3773,4343,149
3774,4240,5
3774,4241,8
3774,4242,3
3774,4244,3
3774,4245,1
3774,4246,15
3774,4248,1
3774,4251,2
3774,4255,4
3774,4256,90
3774,4257,11
3774,4258,10
3774,4259,7
3774,4260,43
3774,4261,15
3774,4266,1
3774,4270,4
3774,4271,2
3774,4272,4
3774,4273,7
3774,4274,3
3774,4275,20
3774,4276,10
3774,4277,7
3774,4278,18
3774,4279,2
3774,4280,53
3774,4281,26
3774,4282,6
3774,4287,10
3774,4288,3
3774,4289,165
3774,4290,24
3774,4291,17
3774,4293,14
3774,4294,14
3774,4295,2
3774,4296,1
3774,4297,5
3774,4300,11
3774,4301,40
3774,4302,24
3774,4303,56
3774,4304,352
3774,4305,56
3774,4311,9
3774,4312,7
3774,4314,503
3774,4315,2641
3774,4316,2996
3774,4317,1763
3774,4318,53
3774,4326,3
3774,4327,112
3774,4328,708
3774,4329,326
3774,4330,22
3774,4331,13
3774,4332,76
3774,4333,127
3774,4334,20
3774,4335,12
3774,4336,711
3774,4337,25
3774,4338,30
3774,4340,7
3774,4342,9
3774,4343,14
3775,4238,3
3775,4239,15
3775,4242,3
3775,4252,1
3775,4256,11
3775,4257,8
3775,4258,7
3775,4259,71
3775,4260,14
3775,4261,5
3775,4266,3
3775,4267,7
3775,4268,1
3775,4269,12
3775,4270,10
3775,4272,11
3775,4273,15
3775,4274,10
3775,4275,88
3775,4276,270
3775,4277,20
3775,4278,10
3775,4280,50
3775,4281,3
3775,4282,2
3775,4286,5
3775,4287,15
3775,4288,12
3775,4289,127
3775,4290,1
3775,4291,31
3775,4292,16
3775,4294,8
3775,4295,5
3775,4296,2
3775,4297,14
3775,4301,12
3775,4302,38
3775,4303,27
3775,4304,19
3775,4305,40
3775,4306,8
3775,4314,19
3775,4315,24
3775,4317,766
3775,4318,367
3775,4319,6
3775,4324,9
3775,4325,120
3775,4326,275
3775,4327,6
3775,4328,21
3775,4329,20
3775,4330,40
3775,4331,23
3775,4332,8
3775,4333,18
3775,4334,15
3775,4335,17
3775,4336,346
3775,4337,12
3775,4338,9
3775,4339,10
3775,4342,22
3775,4343,3
3775,4344,6
3776,4238,18
3776,4239,2
3776,4240,30
3776,4241,23
3776,4242,12
3776,4243,9
3776,4258,11
3776,4259,277
3776,4260,281
3776,4261,14
3776,4262,17
3776,4265,18
3776,4266,20
3776,4267,3
3776,4268,27
3776,4270,106
3776,4271,3
3776,4272,10
3776,4273,7
3776,4274,57
3776,4275,527
3776,4276,1487
3776,4277,557
3776,4278,16
3776,4279,7
3776,4280,26
3776,4281,29
3776,4282,10
3776,4283,1
3776,4284,3
3776,4286,3
3776,4287,26
3776,4288,17
3776,4289,489
3776,4290,62
3776,4291,277
3776,4292,689
3776,4293,21
3776,4295,4
3776,4296,13
3776,4297,9
3776,4303,7
3776,4304,10
3776,4305,19
3776,4306,18
3776,4315,16
3776,4316,56
3776,4317,29
3776,4318,34
3776,4319,10
3776,4320,18
3776,4321,23
3776,4322,31
3776,4323,39
3776,4324,28
3776,4325,20
3776,4328,18
3776,4329,17
3776,4330,4
3776,4331,6
3776,4332,13
3776,4333,5
3776,4334,10
3776,4335,6
3776,4336,5
3776,4337,13
3776,4338,12
3776,4339,9
3776,4340,4
3776,4342,33
3776,4343,7
3776,4344,13
3777,4239,246
3777,4240,242
3777,4241,6
3777,4242,9
3777,4243,22
3777,4249,2
3777,4252,2
3777,4253,7
3777,4255,2
3777,4256,5
3777,4257,2
3777,4258,13
3777,4259,15
3777,4260,8
3777,4261,22
3777,4262,3
3777,4264,9
3777,4265,7
3777,4266,15
3777,4267,88
3777,4268,9
3777,4269,16
3777,4270,317
3777,4271,19
3777,4272,11
3777,4273,1
3777,4274,9
3777,4275,7
3777,4276,221
3777,4277,253
3777,4278,77
3777,4279,8
3777,4280,14
3777,4281,35
3777,4282,12
3777,4283,10
3777,4284,4
3777,4285,11
3777,4286,6
3777,4287,9
3777,4288,64
3777,4289,122
3777,4290,89
3777,4291,830
3777,4292,624
3777,4293,24
3777,4294,13
3777,4295,35
3777,4296,8
3777,4309,17
3777,4314,2
3777,4315,19
3777,4316,2
3777,4317,12
3777,4318,3
3777,4321,6
3777,4322,290
3777,4323,9
3777,4324,26
3777,4325,53
3777,4326,375
3777,4327,4
3777,4328,3
3777,4330,5
3777,4331,9
3777,4333,2
3777,4334,15
3777,4337,19
3777,4338,25
3777,4339,5
3777,4340,2
3777,4341,16
3777,4342,18
3777,4343,20
3777,4344,9
3778,4237,20
3778,4238,34
3778,4239,17
3778,4240,16
3778,4241,8
3778,4242,3
3778,4253,12
3778,4256,2
3778,4257,4
3778,4258,2
3778,4259,39
3778,4260,55
3778,4261,10
3778,4264,8
3778,4266,4
3778,4267,108
3778,4268,70
3778,4269,5
3778,4270,8
3778,4271,6
3778,4272,6
3778,4273,6
3778,4276,32
3778,4277,19
3778,4278,34
3778,4279,13
3778,4280,10
3778,4281,3
3778,4282,14
3778,4284,9
3778,4285,20
3778,4286,18
3778,4287,21
3778,4288,16
3778,4289,42
3778,4290,33
3778,4291,321
3778,4292,12
3778,4293,27
3778,4294,24
3778,4295,298
3778,4296,195
3778,4297,13
3778,4305,9
3778,4306,8
3778,4307,2
3778,4308,26
3778,4309,4
3778,4310,45
3778,4312,274
3778,4313,22
3778,4314,13
3778,4315,13
3778,4316,39
3778,4317,6
3778,4318,4
3778,4319,12
3778,4320,12
3778,4321,850
3778,4322,2079
3778,4323,1123
3778,4324,14
3778,4325,200
3778,4326,464
3778,4327,14
3778,4328,9
3778,4329,4
3778,4330,9
3778,4331,4
3778,4336,5
3778,4337,14
3778,4339,7
3778,4340,1
3778,4341,15
3778,4342,36
3778,4343,35
3778,4344,4
3779,4236,410
3779,4237,1347
3779,4238,12
3779,4239,40
3779,4240,22
3779,4241,1
3779,4255,2
3779,4256,7
3779,4257,3
3779,4258,2
3779,4259,3
3779,4260,18
3779,4261,2
3779,4263,7
3779,4264,26
3779,4265,5
3779,4268,13
3779,4269,4
3779,4270,7
3779,4275,4
3779,4278,7
3779,4280,4
3779,4281,13
3779,4282,11
3779,4284,14
3779,4285,8
3779,4286,22
3779,4287,19
3779,4289,6
3779,4290,2
3779,4291,27
3779,4292,20
3779,4293,24
3779,4294,6
3779,4295,142
3779,4296,64
3779,4297,42
3779,4298,23
3779,4302,7
3779,4303,18
3779,4304,11
3779,4305,10
3779,4306,14
3779,4307,15
3779,4308,5
3779,4309,14
3779,4310,24
3779,4311,51
3779,4312,1579
3779,4313,31
3779,4314,13
3779,4315,5
3779,4316,80
3779,4317,34
3779,4318,2
3779,4319,35
3779,4320,13
3779,4321,13
3779,4322,147
3779,4323,121
3779,4324,102
3779,4325,4
3779,4326,17
3779,4327,17
3779,4328,10
3779,4329,10
3779,4331,3
3779,4334,2
3779,4337,1
3779,4338,14
3779,4339,15
3779,4340,28
3779,4341,10
3779,4342,20
3779,4343,111
3779,4344,10
3780,4235,9
3780,4236,61
3780,4237,195
3780,4239,7
3780,4259,18
3780,4260,12
3780,4263,2
3780,4264,7
3780,4265,3
3780,4268,7
3780,4269,2
3780,4270,2
3780,4274,3
3780,4275,2
3780,4279,9
3780,4280,19
3780,4281,19
3780,4282,29
3780,4284,3
3780,4285,15
3780,4286,17
3780,4287,25
3780,4288,95
3780,4289,17
3780,4290,7
3780,4291,34
3780,4292,6
3780,4295,19
3780,4296,15
3780,4297,21
3780,4298,372
3780,4299,28
3780,4300,12
3780,4301,13
3780,4302,8
3780,4304,6
3780,4305,8
3780,4306,17
3780,4307,7
3780,4308,22
3780,4309,15
3780,4310,13
3780,4311,7
3780,4312,609
3780,4313,13
3780,4314,27
3780,4315,16
3780,4316,2
3780,4317,2
3780,4318,573
3780,4319,688
3780,4320,17
3780,4321,11
3780,4322,1
3780,4324,17
3780,4325,72
3780,4326,25
3780,4330,5
3780,4331,2
3780,4334,2
3780,4336,6
3780,4337,115
3780,4338,16
3780,4339,10
3780,4340,21
3780,4341,20
3780,4342,11
3780,4343,36
3780,4344,4
3780,4345,6
3781,4259,8
3781,4260,10
3781,4263,3
3781,4267,4
3781,4268,163
3781,4269,16
3781,4270,8
3781,4271,7
3781,4272,7
3781,4274,5
3781,4275,6
3781,4279,10
3781,4280,7
3781,4281,121
3781,4282,71
3781,4283,15
3781,4285,1
3781,4286,3
3781,4287,28
3781,4288,327
3781,4289,8
3781,4290,67
3781,4292,3
3781,4293,2
3781,4294,5
3781,4295,2
3781,4296,7
3781,4297,14
3781,4298,18
3781,4299,5
3781,4300,23
3781,4301,17
3781,4302,24
3781,4303,33
3781,4304,6
3781,4305,4
3781,4306,13
3781,4307,5
3781,4308,20
3781,4309,5
3781,4310,9
3781,4311,14
3781,4312,7
3781,4313,37
3781,4314,35
3781,4315,5
3781,4316,17
3781,4317,339
3781,4318,1208
3781,4319,113
3781,4320,24
3781,4321,3
3781,4322,6
3781,4323,9
3781,4324,129
3781,4325,121
3781,4326,1
3781,4327,5
3781,4329,4
3781,4330,4
3781,4332,18
3781,4333,9
3781,4334,22
3781,4335,5
3781,4336,15
3781,4337,17
3781,4338,29
3781,4339,4
3781,4340,30
3781,4341,12
3781,4342,12
3781,4343,2
3781,4344,16
3781,4345,18
3782,4258,2
3782,4263,4
3782,4267,5
3782,4268,31
3782,4277,1
3782,4278,3
3782,4281,9
3782,4282,37
3782,4285,1
3782,4286,4
3782,4287,9
3782,4288,10
3782,4289,31
3782,4290,26
3782,4291,13
3782,4292,21
3782,4293,33
3782,4294,38
3782,4295,38
3782,4296,23
3782,4297,22
3782,4298,4
3782,4299,6
3782,4300,19
3782,4301,207
3782,4302,65
3782,4304,23
3782,4305,8
3782,4306,2
3782,4307,14
3782,4308,71
3782,4309,470
3782,4310,63
3782,4311,18
3782,4312,71
3782,4313,470
3782,4314,59
3782,4315,21
3782,4317,4
3782,4318,38
3782,4319,56
3782,4320,9
3782,4323,386
3782,4324,188
3782,4325,15
3782,4326,17
3782,4327,5
3782,4329,3
3782,4331,2
3782,4332,32
3782,4333,52
3782,4334,72
3782,4335,16
3782,4336,20
3782,4337,124
3782,4338,74
3782,4339,13
3782,4340,8
3782,4341,17
3782,4342,7
3782,4343,14
3782,4344,153
3782,4345,697
3782,4346,4
3783,4258,39
3783,4261,2
3783,4279,2
3783,4280,1
3783,4282,64
3783,4283,2
3783,4285,7
3783,4286,10
3783,4287,4
3783,4288,4
3783,4289,4
3783,4290,2
3783,4291,7
3783,4292,8
3783,4293,6
3783,4294,21
3783,4295,7
3783,4296,12
3783,4297,7
3783,4298,17
3783,4299,15
3783,4300,9
3783,4301,242
3783,4302,214
3783,4303,10
3783,4304,644
3783,4305,735
3783,4306,234
3783,4307,5
3783,4308,379
3783,4309,783
3783,4310,39
3783,4311,2
3783,4312,125
3783,4313,773
3783,4314,61
3783,4315,10
3783,4316,21
3783,4317,8
3783,4318,255
3783,4319,45
3783,4320,20
3783,4321,9
3783,4322,2
3783,4323,112
3783,4324,23
3783,4325,12
3783,4326,19
3783,4327,3
3783,4328,7
3783,4329,19
3783,4330,35
3783,4331,20
3783,4332,39
3783,4333,13
3783,4334,6
3783,4335,31
3783,4336,25
3783,4337,380
3783,4338,873
3783,4339,188
3783,4340,10
3783,4341,8
3783,4342,26
3783,4343,15
3783,4344,12
3783,4345,280
3783,4346,21
3784,4258,2
3784,4286,1
3784,4290,1
3784,4291,2
3784,4292,4
3784,4293,8
3784,4294,5
3784,4300,8
3784,4301,6
3784,4302,97
3784,4303,37
3784,4304,1625
3784,4305,1655
3784,4306,560
3784,4307,10
3784,4308,8
3784,4309,1
3784,4310,11
3784,4313,25
3784,4314,17
3784,4315,15
3784,4316,19
3784,4317,289
3784,4318,499
3784,4319,2
3784,4320,18
3784,4321,14
3784,4322,8
3784,4323,9
3784,4324,12
3784,4325,6
3784,4327,15
3784,4328,84
3784,4329,1284
3784,4330,872
3784,4331,581
3784,4332,11
3784,4333,16
3784,4334,20
3784,4335,22
3784,4336,37
3784,4337,216
3784,4338,1276
3784,4339,389
3784,4340,28
3784,4341,8
3784,4342,15
3784,4343,8
3784,4344,9
3784,4345,9
3784,4346,9
3785,4285,1
3785,4288,4
3785,4295,6
3785,4299,5
3785,4300,34
3785,4301,60
3785,4302,20
3785,4303,12
3785,4304,356
3785,4305,506
3785,4306,37
3785,4312,6
3785,4313,8
3785,4314,15
3785,4315,32
3785,4316,10
3785,4317,260
3785,4318,243
3785,4319,19
3785,4320,42
3785,4321,23
3785,4322,37
3785,4323,7
3785,4324,22
3785,4325,30
3785,4326,14
3785,4327,12
3785,4328,360
3785,4329,560
3785,4330,452
3785,4331,69
3785,4332,4
3785,4333,12
3785,4334,28
3785,4335,18
3785,4336,6
3785,4337,11
3785,4338,27
3785,4339,39
3785,4340,29
3785,4341,42
3785,4342,10
3785,4343,5
3785,4344,14
3785,4345,1
3785,4346,4
3785,4347,27
3786,4298,22
3786,4299,29
3786,4300,6
3786,4301,27
3786,4302,26
3786,4304,13
3786,4305,29
3786,4306,11
3786,4307,2
3786,4313,3
3786,4314,42
3786,4315,18
3786,4317,8
3786,4318,34
3786,4319,40
3786,4320,61
3786,4321,27
3786,4322,17
3786,4323,2
3786,4324,14
3786,4325,9
3786,4326,55
3786,4327,24
3786,4328,7
3786,4329,6
3786,4330,15
3786,4331,7
3786,4332,22
3786,4333,17
3786,4334,77
3786,4335,23
3786,4336,10
3786,4337,17
3786,4338,28
3786,4339,16
3786,4340,71
3786,4341,90
3786,4342,22
3786,4343,7
3786,4344,5
3786,4345,12
3786,4346,5
3786,4347,13
3786,4348,6
3787,4296,6
3787,4297,1
3787,4298,136
3787,4299,192
3787,4300,111
3787,4301,342
3787,4302,51
3787,4305,34
3787,4306,9
3787,4307,2
3787,4308,4
3787,4312,7
3787,4313,8
3787,4314,2
3787,4315,4
3787,4316,23
3787,4317,27
3787,4318,317
3787,4319,10
3787,4320,11
3787,4321,1
3787,4322,7
3787,4323,5
3787,4324,26
3787,4325,17
3787,4326,14
3787,4327,132
3787,4328,14
3787,4329,5
3787,4330,21
3787,4331,14
3787,4332,7
3787,4333,16
3787,4334,49
3787,4335,9
3787,4336,1
3787,4337,10
3787,4338,6
3787,4339,12
3787,4340,5
3787,4341,12
3787,4342,19
3787,4343,59
3787,4344,22
3787,4345,14
3787,4346,6
3787,4347,8
3787,4348,10
3787,4349,3
3788,4292,2
3788,4293,7
3788,4294,2
3788,4297,3
3788,4298,62
3788,4299,185
3788,4300,536
3788,4301,861
3788,4302,11
3788,4305,12
3788,4306,6
3788,4308,2
3788,4309,2
3788,4312,21
3788,4313,8
3788,4315,6
3788,4316,14
3788,4317,516
3788,4318,489
3788,4319,5
3788,4320,18
3788,4321,8
3788,4322,25
3788,4323,3
3788,4324,14
3788,4325,7
3788,4326,16
3788,4327,30
3788,4328,14
3788,4329,18
3788,4330,26
3788,4331,25
3788,4332,10
3788,4333,8
3788,4334,21
3788,4335,6
3788,4337,13
3788,4339,28
3788,4340,19
3788,4341,3
3788,4342,21
3788,4343,213
3788,4344,301
3788,4345,20
3788,4346,17
3788,4347,11
3788,4348,8
3788,4349,4
3789,4291,4
3789,4293,33
3789,4298,2
3789,4299,49
3789,4300,40
3789,4301,14
3789,4302,5
3789,4303,2
3789,4306,2
3789,4307,12
3789,4308,1
3789,4309,6
3789,4310,6
3789,4311,1
3789,4312,27
3789,4313,26
3789,4314,14
3789,4315,35
3789,4316,53
3789,4317,5
3789,4318,27
3789,4319,6
3789,4320,47
3789,4321,16
3789,4322,4
3789,4323,3
3789,4324,4
3789,4325,13
3789,4326,4
3789,4327,7
3789,4328,15
3789,4329,49
3789,4330,609
3789,4331,22
3789,4332,10
3789,4333,16
3789,4334,14
3789,4335,12
3789,4337,14
3789,4338,14
3789,4339,13
3789,4340,10
3789,4341,8
3789,4342,3
3789,4343,18
3789,4344,62
3789,4345,2
3789,4346,6
3789,4347,15
3789,4348,7
3789,4349,15
3789,4350,451
3790,4292,5
3790,4294,1
3790,4295,10
3790,4296,2
3790,4299,5
3790,4300,396
3790,4301,907
3790,4302,19
3790,4303,31
3790,4307,3
3790,4308,6
3790,4309,2
3790,4311,28
3790,4312,6
3790,4313,13
3790,4314,12
3790,4315,17
3790,4316,24
3790,4317,37
3790,4318,9
3790,4319,6
3790,4320,4
3790,4323,11
3790,4324,12
3790,4325,30
3790,4326,4
3790,4327,8
3790,4328,20
3790,4329,11
3790,4330,243
3790,4331,19
3790,4332,25
3790,4333,22
3790,4334,11
3790,4335,12
3790,4336,14
3790,4337,6
3790,4338,19
3790,4339,1
3790,4341,7
3790,4342,16
3790,4343,9
3790,4344,22
3790,4345,5
3790,4346,6
3790,4347,9
3790,4348,24
3790,4349,10
3790,4350,100
3790,4351,12
3790,4352,3
3791,4293,4
3791,4294,3
3791,4296,19
3791,4297,18
3791,4298,27
3791,4299,18
3791,4300,257
3791,4301,1380
3791,4302,16
3791,4303,18
3791,4307,2
3791,4308,3
3791,4321,1
3791,4322,44
3791,4323,39
3791,4324,30
3791,4325,20
3791,4326,27
3791,4327,21
3791,4328,12
3791,4329,10
3791,4330,12
3791,4331,6
3791,4332,23
3791,4333,7
3791,4334,13
3791,4335,17
3791,4336,10
3791,4337,10
3791,4338,38
3791,4339,55
3791,4340,2
3791,4341,3
3791,4343,1
3791,4344,10
3791,4345,26
3791,4346,8
3791,4347,41
3791,4348,4
3791,4349,8
3791,4350,5
3791,4351,14
3791,4352,19
3792,4294,1
3792,4296,4
3792,4297,11
3792,4298,9
3792,4299,22
3792,4300,26
3792,4301,73
3792,4302,6
3792,4303,28
3792,4304,34
3792,4311,13
3792,4312,13
3792,4313,7
3792,4314,16
3792,4319,13
3792,4320,20
3792,4321,24
3792,4322,4
3792,4323,25
3792,4324,7
3792,4325,7
3792,4326,3
3792,4327,141
3792,4328,11
3792,4329,4
3792,4330,26
3792,4331,10
3792,4332,13
3792,4333,3
3792,4335,15
3792,4336,12
3792,4337,24
3792,4338,19
3792,4339,17
3792,4340,24
3792,4342,7
3792,4343,7
3792,4344,258
3792,4345,16
3792,4346,13
3792,4347,17
3792,4348,13
3792,4350,7
3792,4351,31
3792,4352,31
3792,4353,4
3793,4295,18
3793,4296,71
3793,4297,296
3793,4298,72
3793,4299,17
3793,4301,15
3793,4302,18
3793,4303,7
3793,4304,25
3793,4313,8
3793,4314,10
3793,4315,2
3793,4316,8
3793,4318,2
3793,4319,15
3793,4320,253
3793,4321,181
3793,4322,16
3793,4323,30
3793,4324,22
3793,4325,28
3793,4326,88
3793,4327,118
3793,4328,5
3793,4329,4
3793,4331,7
3793,4332,10
3793,4334,9
3793,4335,15
3793,4336,30
3793,4337,70
3793,4338,105
3793,4339,8
3793,4340,2
3793,4341,15
3793,4342,29
3793,4343,12
3793,4344,19
3793,4345,7
3793,4346,36
3793,4347,20
3793,4348,18
3793,4349,12
3793,4350,14
3793,4351,28
3793,4352,127
3793,4353,7
3793,4354,2
3794,4295,176
3794,4296,257
3794,4297,165
3794,4298,186
3794,4300,6
3794,4302,3
3794,4303,15
3794,4304,14
3794,4305,3
3794,4306,7
3794,4307,11
3794,4308,22
3794,4309,3
3794,4310,23
3794,4311,5
3794,4312,6
3794,4313,9
3794,4314,4
3794,4315,2
3794,4316,22
3794,4317,13
3794,4318,8
3794,4319,18
3794,4320,334
3794,4321,222
3794,4322,24
3794,4323,24
3794,4324,32
3794,4325,18
3794,4326,8
3794,4327,11
3794,4328,4
3794,4329,8
3794,4330,5
3794,4331,2
3794,4332,3
3794,4333,4
3794,4334,9
3794,4335,23
3794,4336,23
3794,4337,64
3794,4338,455
3794,4339,31
3794,4340,14
3794,4342,21
3794,4343,8
3794,4344,10
3794,4345,2
3794,4346,10
3794,4347,5
3794,4348,2
3794,4349,11
3794,4350,6
3794,4351,15
3794,4352,74
3794,4353,31
3794,4354,7
3794,4376,1
3794,4378,3
3794,4379,11
3794,4380,16
3794,4381,36
3794,4382,14
3794,4383,16
3794,4384,1
3795,4296,16
3795,4297,57
3795,4298,26
3795,4299,20
3795,4300,2
3795,4301,7
3795,4302,16
3795,4303,11
3795,4304,110
3795,4305,31
3795,4307,1
3795,4308,17
3795,4309,28
3795,4311,8
3795,4312,30
3795,4313,15
3795,4314,39
3795,4315,10
3795,4316,334
3795,4317,904
3795,4318,942
3795,4319,49
3795,4320,18
3795,4321,33
3795,4322,17
3795,4323,5
3795,4324,7
3795,4325,10
3795,4326,3
3795,4327,13
3795,4328,9
3795,4329,5
3795,4330,18
3795,4331,8
3795,4332,8
3795,4333,13
3795,4334,8
3795,4335,4
3795,4336,6
3795,4337,8
3795,4338,13
3795,4339,9
3795,4340,15
3795,4341,8
3795,4342,30
3795,4343,3
3795,4344,1
3795,4346,3
3795,4347,3
3795,4348,8
3795,4349,2
3795,4350,2
3795,4351,15
3795,4352,11
3795,4353,31
3795,4354,3
3795,4375,12
3795,4376,14
3795,4377,12
3795,4378,3
3795,4379,10
3795,4380,89
3795,4381,321
3795,4382,18
3795,4383,14
3795,4384,9
3796,4296,10
3796,4297,15
3796,4298,3
3796,4299,7
3796,4300,19
3796,4301,13
3796,4302,502
3796,4303,77
3796,4304,12
3796,4305,16
3796,4306,12
3796,4307,20
3796,4308,20
3796,4309,27
3796,4311,7
3796,4313,6
3796,4314,7
3796,4315,74
3796,4316,1388
3796,4317,2477
3796,4318,2642
3796,4319,158
3796,4320,23
3796,4321,6
3796,4322,3
3796,4323,2
3796,4324,26
3796,4325,23
3796,4326,19
3796,4327,7
3796,4328,12
3796,4329,14
3796,4330,95
3796,4331,59
3796,4332,14
3796,4333,4
3796,4334,12
3796,4335,21
3796,4336,18
3796,4337,13
3796,4338,9
3796,4339,11
3796,4340,10
3796,4341,9
3796,4342,197
3796,4343,11
3796,4344,17
3796,4345,3
3796,4346,2
3796,4347,23
3796,4348,8
3796,4349,1
3796,4350,8
3796,4351,17
3796,4352,12
3796,4353,32
3796,4375,11
3796,4376,22
3796,4377,20
3796,4378,14
3796,4379,22
3796,4380,27
3796,4381,15
3796,4382,19
3796,4383,20
3796,4384,3
3796,4385,2
3797,4297,8
3797,4298,9
3797,4300,28
3797,4301,16
3797,4302,115
3797,4303,59
3797,4304,19
3797,4305,15
3797,4306,38
3797,4307,10
3797,4308,34
3797,4309,135
3797,4310,30
3797,4311,15
3797,4312,68
3797,4313,119
3797,4314,11
3797,4315,11
3797,4316,334
3797,4317,888
3797,4318,1761
3797,4319,268
3797,4320,20
3797,4321,5
3797,4322,17
3797,4323,24
3797,4324,114
3797,4325,23
3797,4326,328
3797,4327,13
3797,4328,27
3797,4329,23
3797,4330,1
3797,4331,8
3797,4332,10
3797,4333,6
3797,4334,14
3797,4335,46
3797,4336,16
3797,4337,12
3797,4338,16
3797,4339,7
3797,4340,16
3797,4341,14
3797,4342,236
3797,4343,178
3797,4344,4
3797,4345,9
3797,4346,8
3797,4347,12
3797,4348,15
3797,4349,12
3797,4350,5
3797,4351,23
3797,4352,2
3797,4375,5
3797,4376,22
3797,4377,53
3797,4378,26
3797,4379,2
3797,4381,5
3797,4382,10
3797,4383,7
3797,4384,23
3797,4385,18
3798,4298,9
3798,4299,7
3798,4300,34
3798,4301,4
3798,4302,23
3798,4303,12
3798,4304,21
3798,4305,18
3798,4306,319
3798,4307,32
3798,4308,18
3798,4309,93
3798,4310,60
3798,4311,16
3798,4312,6
3798,4313,4
3798,4314,44
3798,4315,6
3798,4316,8
3798,4317,319
3798,4318,110
3798,4319,29
3798,4320,14
3798,4321,6
3798,4322,16
3798,4323,15
3798,4324,23
3798,4325,20
3798,4326,542
3798,4327,46
3798,4328,25
3798,4329,14
3798,4330,13
3798,4331,7
3798,4334,20
3798,4335,60
3798,4336,7
3798,4337,7
3798,4338,24
3798,4339,21
3798,4340,26
3798,4341,29
3798,4342,28
3798,4343,37
3798,4344,62
3798,4345,10
3798,4346,13
3798,4347,10
3798,4348,22
3798,4349,17
3798,4350,8
3798,4351,2
3798,4352,8
3798,4376,57
3798,4377,163
3798,4378,4
3798,4383,1
3798,4384,9
3798,4385,16
3799,4298,1
3799,4299,5
3799,4300,10
3799,4301,17
3799,4302,11
3799,4303,3
3799,4304,14
3799,4305,10
3799,4306,2
3799,4307,1
3799,4308,32
3799,4309,207
3799,4310,46
3799,4311,5
3799,4312,6
3799,4313,25
3799,4314,12
3799,4315,17
3799,4316,24
3799,4317,7
3799,4318,5
3799,4319,8
3799,4320,15
3799,4321,10
3799,4322,9
3799,4323,9
3799,4324,16
3799,4325,13
3799,4326,19
3799,4327,23
3799,4328,9
3799,4329,16
3799,4330,12
3799,4331,2
3799,4332,16
3799,4333,1
3799,4334,10
3799,4335,11
3799,4336,15
3799,4337,1
3799,4338,17
3799,4339,12
3799,4340,26
3799,4341,41
3799,4342,18
3799,4343,7
3799,4344,9
3799,4345,8
3799,4346,10
3799,4347,4
3799,4348,56
3799,4349,10
3799,4350,24
3799,4351,11
3799,4353,5
3799,4376,95
3799,4377,49
3799,4384,1
3799,4385,16
3799,4386,3
3800,4299,2
3800,4300,6
3800,4301,7
3800,4302,17
3800,4303,63
3800,4304,28
3800,4305,19
3800,4307,1
3800,4308,3
3800,4309,24
3800,4310,8
3800,4311,37
3800,4312,46
3800,4313,41
3800,4314,52
3800,4315,41
3800,4316,9
3800,4317,8
3800,4318,39
3800,4319,117
3800,4320,7
3800,4321,12
3800,4322,18
3800,4323,8
3800,4324,19
3800,4325,38
3800,4326,32
3800,4327,36
3800,4328,9
3800,4329,1
3800,4330,73
3800,4331,9
3800,4332,6
3800,4333,19
3800,4334,13
3800,4336,3
3800,4337,15
3800,4338,23
3800,4339,2
3800,4340,13
3800,4341,13
3800,4342,8
3800,4343,13
3800,4344,20
3800,4345,20
3800,4346,44
3800,4347,173
3800,4348,13
3800,4350,8
3800,4351,5
3800,4352,15
3800,4353,1
3800,4386,1
3800,4388,21
3800,4389,16
3800,4390,3
3801,4300,7
3801,4301,22
3801,4302,6
3801,4303,312
3801,4304,25
3801,4305,13
3801,4307,16
3801,4308,13
3801,4309,1
3801,4311,12
3801,4312,24
3801,4313,34
3801,4314,27
3801,4315,35
3801,4316,40
3801,4317,26
3801,4318,25
3801,4319,386
3801,4320,27
3801,4321,29
3801,4322,12
3801,4323,18
3801,4324,22
3801,4325,29
3801,4326,9
3801,4327,97
3801,4328,16
3801,4329,15
3801,4330,37
3801,4331,19
3801,4332,4
3801,4333,9
3801,4334,16
3801,4335,8
3801,4336,6
3801,4337,4
3801,4338,50
3801,4339,19
3801,4340,4
3801,4341,5
3801,4342,2
3801,4343,25
3801,4344,25
3801,4345,7
3801,4346,8
3801,4347,121
3801,4348,9
3801,4349,9
3801,4350,11
3801,4351,29
3801,4352,773
3801,4385,2
3801,4386,6
3801,4388,3
3801,4389,28
3801,4390,53
3801,4391,3
3802,4300,15
3802,4301,25
3802,4302,6
3802,4303,15
3802,4304,4
3802,4306,2
3802,4307,20
3802,4308,14
3802,4309,21
3802,4310,36
3802,4311,39
3802,4312,235
3802,4313,28
3802,4314,9
3802,4315,6
3802,4316,33
3802,4318,14
3802,4319,14
3802,4320,26
3802,4321,8
3802,4322,19
3802,4323,6
3802,4324,6
3802,4325,19
3802,4326,18
3802,4327,12
3802,4328,9
3802,4329,11
3802,4330,6
3802,4331,24
3802,4332,20
3802,4333,17
3802,4334,38
3802,4335,2
3802,4336,9
3802,4337,6
3802,4338,36
3802,4339,7
3802,4340,6
3802,4341,15
3802,4342,20
3802,4343,122
3802,4344,292
3802,4345,16
3802,4346,10
3802,4347,20
3802,4348,7
3802,4349,5
3802,4350,413
3802,4351,984
3802,4352,1253
3802,4388,85
3802,4389,175
3802,4390,4
3802,4391,1
3803,4301,11
3803,4302,4
3803,4303,15
3803,4304,3
3803,4306,11
3803,4307,111
3803,4308,16
3803,4309,19
3803,4310,24
3803,4312,8
3803,4313,22
3803,4314,16
3803,4315,14
3803,4316,34
3803,4317,32
3803,4318,10
3803,4319,21
3803,4320,18
3803,4321,9
3803,4322,12
3803,4323,8
3803,4324,11
3803,4325,14
3803,4326,5
3803,4327,3
3803,4328,15
3803,4329,17
3803,4330,13
3803,4331,12
3803,4333,13
3803,4334,8
3803,4335,315
3803,4336,23
3803,4337,11
3803,4339,205
3803,4340,24
3803,4341,7
3803,4342,8
3803,4343,11
3803,4344,15
3803,4345,14
3803,4346,10
3803,4347,3
3803,4348,5
3803,4349,7
3803,4350,727
3803,4351,1025
3803,4352,1872
3803,4353,33
3804,4302,9
3804,4303,1
3804,4306,9
3804,4307,195
3804,4308,16
3804,4309,3
3804,4311,6
3804,4312,1
3804,4314,14
3804,4315,64
3804,4316,5
3804,4317,38
3804,4318,48
3804,4319,28
3804,4320,17
3804,4321,10
3804,4322,40
3804,4323,45
3804,4324,7
3804,4325,9
3804,4326,25
3804,4327,13
3804,4328,16
3804,4329,24
3804,4330,8
3804,4331,5
3804,4332,10
3804,4333,12
3804,4334,105
3804,4335,877
3804,4336,16
3804,4337,29
3804,4338,26
3804,4339,78
3804,4340,9
3804,4341,5
3804,4342,13
3804,4343,15
3804,4344,10
3804,4345,2
3804,4346,5
3804,4347,16
3804,4348,8
3804,4349,21
3804,4351,419
3804,4352,424
3805,4302,18
3805,4303,6
3805,4305,2
3805,4306,21
3805,4307,7
3805,4308,4
3805,4309,2
3805,4310,16
3805,4311,22
3805,4312,6
3805,4313,8
3805,4314,36
3805,4315,25
3805,4316,182
3805,4317,1471
3805,4318,464
3805,4319,13
3805,4320,11
3805,4321,255
3805,4322,169
3805,4323,12
3805,4324,24
3805,4325,26
3805,4326,11
3805,4327,10
3805,4328,13
3805,4329,40
3805,4330,17
3805,4331,17
3805,4332,33
3805,4333,19
3805,4334,31
3805,4335,17
3805,4336,6
3805,4337,18
3805,4338,15
3805,4339,12
3805,4340,33
3805,4341,3
3805,4343,6
3805,4344,8
3805,4345,3
3805,4346,13
3805,4347,13
3805,4348,9
3805,4349,28
3805,4350,6
3805,4351,699
3805,4352,185
3806,4302,2
3806,4303,106
3806,4304,91
3806,4305,19
3806,4306,17
3806,4307,3
3806,4308,2
3806,4309,5
3806,4310,5
3806,4311,116
3806,4312,19
3806,4313,33
3806,4314,15
3806,4315,23
3806,4316,18
3806,4317,283
3806,4318,77
3806,4319,8
3806,4320,8
3806,4321,15
3806,4322,16
3806,4323,16
3806,4324,2
3806,4325,27
3806,4326,7
3806,4327,18
3806,4328,19
3806,4329,56
3806,4330,16
3806,4331,4
3806,4332,76
3806,4333,19
3806,4334,11
3806,4335,18
3806,4336,13
3806,4337,30
3806,4338,7
3806,4339,11
3806,4340,7
3806,4341,12
3806,4342,14
3806,4343,4
3806,4344,13
3806,4345,19
3806,4346,39
3806,4347,14
3806,4348,17
3806,4349,6
3806,4350,6
3806,4351,42
3806,4352,2
3807,4303,709
3807,4304,621
3807,4305,18
3807,4306,6
3807,4307,8
3807,4308,6
3807,4309,15
3807,4310,32
3807,4311,50
3807,4312,22
3807,4313,15
3807,4314,13
3807,4315,12
3807,4316,19
3807,4317,16
3807,4318,41
3807,4319,2
3807,4320,8
3807,4321,4
3807,4322,10
3807,4323,37
3807,4324,12
3807,4325,21
3807,4326,11
3807,4327,22
3807,4328,28
3807,4329,18
3807,4330,23
3807,4331,27
3807,4332,82
3807,4333,21
3807,4335,19
3807,4336,8
3807,4337,16
3807,4338,17
3807,4339,11
3807,4340,7
3807,4341,18
3807,4342,9
3807,4343,26
3807,4344,7
3807,4345,11
3807,4346,7
3807,4347,10
3807,4348,102
3807,4349,11
3807,4350,7
3807,4351,167
3808,4303,46
3808,4304,120
3808,4305,18
3808,4306,30
3808,4307,18
3808,4308,16
3808,4309,7
3808,4310,14
3808,4311,17
3808,4312,5
3808,4313,84
3808,4314,4
3808,4315,10
3808,4316,21
3808,4317,36
3808,4318,11
3808,4319,37
3808,4320,27
3808,4321,38
3808,4323,1
3808,4324,31
3808,4326,8
3808,4327,432
3808,4328,263
3808,4329,45
3808,4330,17
3808,4331,15
3808,4332,5
3808,4333,12
3808,4334,80
3808,4335,13
3808,4336,31
3808,4337,25
3808,4338,19
3808,4339,7
3808,4340,3
3808,4341,21
3808,4342,16
3808,4343,17
3808,4344,9
3808,4345,6
3808,4346,1
3808,4348,3
3808,4349,9
3808,4350,19
3808,4351,39
3809,4304,15
3809,4305,8
3809,4306,10
3809,4307,31
3809,4308,37
3809,4309,6
3809,4310,7
3809,4311,4
3809,4312,8
3809,4313,21
3809,4314,4
3809,4315,46
3809,4316,15
3809,4317,17
3809,4318,25
3809,4319,3
3809,4320,97
3809,4321,22
3809,4322,10
3809,4323,3
3809,4325,2
3809,4326,18
3809,4327,697
3809,4328,543
3809,4329,21
3809,4330,23
3809,4331,17
3809,4332,11
3809,4333,8
3809,4334,19
3809,4335,12
3809,4336,8
3809,4337,15
3809,4338,23
3809,4339,16
3809,4340,13
3809,4341,13
3809,4342,144
3809,4343,8
3809,4344,31
3809,4345,9
3809,4346,8
3809,4347,4
3809,4348,8
3809,4349,7
3809,4350,12
3809,4351,86
3810,4305,7
3810,4306,30
3810,4307,113
3810,4308,69
3810,4309,23
3810,4310,11
3810,4312,5
3810,4313,18
3810,4314,12
3810,4315,7
3810,4316,24
3810,4317,18
3810,4318,49
3810,4319,51
3810,4320,223
3810,4321,19
3810,4322,20
3810,4324,11
3810,4325,6
3810,4326,64
3810,4327,1
3810,4328,24
3810,4329,13
3810,4330,9
3810,4331,16
3810,4332,28
3810,4333,11
3810,4334,4
3810,4335,6
3810,4336,24
3810,4337,19
3810,4338,5
3810,4339,6
3810,4340,20
3810,4341,5
3810,4342,37
3810,4343,11
3810,4344,19
3810,4345,8
3810,4346,117
3810,4347,150
3810,4348,1
3810,4349,11
3810,4350,14
3810,4351,263
3811,4305,33
3811,4306,27
3811,4307,12
3811,4308,12
3811,4309,187
3811,4310,24
3811,4311,9
3811,4312,4
3811,4313,13
3811,4314,3
3811,4315,18
3811,4316,195
3811,4317,72
3811,4318,48
3811,4319,20
3811,4320,100
3811,4321,8
3811,4322,9
3811,4323,10
3811,4324,24
3811,4325,56
3811,4326,10
3811,4327,10
3811,4328,6
3811,4329,1
3811,4330,16
3811,4331,12
3811,4332,16
3811,4335,4
3811,4336,19
3811,4337,38
3811,4338,219
3811,4339,93
3811,4340,8
3811,4341,26
3811,4342,15
3811,4343,27
3811,4345,11
3811,4346,25
3811,4347,376
3811,4348,14
3811,4349,15
3811,4350,2
3811,4351,18
3811,4352,130
3812,4305,8
3812,4306,15
3812,4307,19
3812,4308,9
3812,4309,37
3812,4310,12
3812,4311,4
3812,4312,22
3812,4313,20
3812,4314,7
3812,4315,12
3812,4316,37
3812,4317,7
3812,4318,6
3812,4319,60
3812,4320,47
3812,4321,5
3812,4322,18
3812,4323,15
3812,4324,38
3812,4325,44
3812,4326,25
3812,4327,8
3812,4329,13
3812,4330,8
3812,4331,10
3812,4332,8
3812,4333,2
3812,4334,2
3812,4335,17
3812,4336,16
3812,4337,26
3812,4338,44
3812,4339,207
3812,4340,8
3812,4341,5
3812,4342,4
3812,4343,14
3812,4344,2
3812,4345,3
3812,4346,18
3812,4347,26
3812,4348,17
3812,4349,7
3812,4350,11
3812,4351,4
3812,4352,509
3813,4306,16
3813,4307,28
3813,4308,12
3813,4309,27
3813,4310,12
3813,4311,233
3813,4312,9
3813,4313,15
3813,4314,19
3813,4315,8
3813,4316,5
3813,4317,8
3813,4318,8
3813,4319,7
3813,4320,34
3813,4322,10
3813,4323,124
3813,4324,26
3813,4325,88
3813,4326,176
3813,4327,19
3813,4328,18
3813,4329,79
3813,4330,19
3813,4331,47
3813,4332,28
3813,4333,34
3813,4334,19
3813,4335,25
3813,4336,9
3813,4337,15
3813,4338,15
3813,4339,6
3813,4340,15
3813,4341,14
3813,4342,7
3813,4343,6
3813,4344,23
3813,4345,7
3813,4346,11
3813,4347,16
3813,4348,18
3813,4349,407
3813,4350,156
3813,4351,1541
3813,4352,1249
3814,4306,1
3814,4307,13
3814,4308,13
3814,4309,28
3814,4310,11
3814,4311,18
3814,4312,62
3814,4313,34
3814,4314,15
3814,4315,74
3814,4316,9
3814,4317,4
3814,4318,23
3814,4319,74
3814,4320,663
3814,4321,902
3814,4322,15
3814,4323,17
3814,4324,2
3814,4325,11
3814,4326,47
3814,4327,10
3814,4328,2
3814,4329,23
3814,4330,8
3814,4331,19
3814,4332,27
3814,4333,15
3814,4334,12
3814,4335,16
3814,4336,2
3814,4337,19
3814,4338,15
3814,4339,2
3814,4340,62
3814,4341,68
3814,4342,12
3814,4343,14
3814,4344,15
3814,4345,10
3814,4346,1
3814,4347,12
3814,4348,9
3814,4349,224
3814,4350,721
3814,4351,1833
3814,4352,2819
3814,4353,259
3815,4309,6
3815,4310,12
3815,4311,13
3815,4312,6
3815,4313,13
3815,4314,8
3815,4315,20
3815,4316,6
3815,4317,10
3815,4318,354
3815,4319,1125
3815,4320,868
3815,4321,335
3815,4322,25
3815,4323,15
3815,4324,14
3815,4325,6
3815,4326,10
3815,4327,6
3815,4329,13
3815,4330,16
3815,4331,12
3815,4332,16
3815,4333,14
3815,4334,18
3815,4335,4
3815,4336,12
3815,4337,7
3815,4338,7
3815,4339,6
3815,4340,36
3815,4341,18
3815,4342,6
3815,4343,7
3815,4344,15
3815,4345,64
3815,4346,2
3815,4348,20
3815,4349,51
3815,4350,357
3815,4351,2123
3815,4352,2527
3815,4353,1100
3815,4354,1
3816,4309,2
3816,4310,27
3816,4311,39
3816,4312,89
3816,4313,29
3816,4314,41
3816,4315,6
3816,4316,4
3816,4317,6
3816,4318,336
3816,4319,1414
3816,4320,1835
3816,4321,1555
3816,4322,7
3816,4323,8
3816,4324,13
3816,4325,7
3816,4327,17
3816,4328,99
3816,4329,16
3816,4330,3
3816,4332,6
3816,4333,18
3816,4334,9
3816,4336,7
3816,4337,12
3816,4338,9
3816,4339,2
3816,4340,2
3816,4341,8
3816,4342,4
3816,4343,7
3816,4344,26
3816,4345,14
3816,4346,487
3816,4347,52
3816,4348,18
3816,4350,3
3816,4351,1439
3816,4352,2508
3816,4353,1590
3817,4308,30
3817,4309,17
3817,4310,36
3817,4311,43
3817,4312,8
3817,4313,12
3817,4314,19
3817,4315,14
3817,4316,69
3817,4317,47
3817,4318,541
3817,4319,1886
3817,4320,3483
3817,4321,602
3817,4322,9
3817,4323,11
3817,4324,11
3817,4325,20
3817,4326,16
3817,4327,33
3817,4328,55
3817,4329,17
3817,4330,23
3817,4331,12
3817,4333,5
3817,4334,11
3817,4335,56
3817,4336,125
3817,4337,9
3817,4338,8
3817,4339,24
3817,4340,13
3817,4341,19
3817,4343,4
3817,4344,18
3817,4345,14
3817,4346,85
3817,4347,15
3817,4348,28
3817,4349,32
3817,4350,16
3817,4351,706
3817,4352,1176
3817,4353,648
3818,4308,156
3818,4309,332
3818,4310,10
3818,4311,13
3818,4312,30
3818,4313,175
3818,4314,17
3818,4315,24
3818,4316,6
3818,4317,12
3818,4318,595
3818,4319,2180
3818,4320,2719
3818,4321,505
3818,4322,16
3818,4323,14
3818,4324,16
3818,4325,9
3818,4326,10
3818,4327,11
3818,4328,10
3818,4329,11
3818,4330,27
3818,4331,253
3818,4332,382
3818,4333,447
3818,4334,40
3818,4335,23
3818,4336,47
3818,4337,1
3818,4338,8
3818,4339,20
3818,4340,3
3818,4342,1
3818,4343,8
3818,4344,16
3818,4345,325
3818,4346,27
3818,4347,6
3818,4349,16
3818,4350,3
3818,4351,22
3818,4352,119
3819,4308,56
3819,4309,79
3819,4310,16
3819,4311,15
3819,4312,10
3819,4313,14
3819,4314,12
3819,4315,23
3819,4316,19
3819,4317,32
3819,4318,16
3819,4319,643
3819,4320,1438
3819,4321,475
3819,4322,49
3819,4323,46
3819,4324,51
3819,4325,11
3819,4326,516
3819,4327,53
3819,4328,12
3819,4329,17
3819,4330,2
3819,4331,37
3819,4332,1132
3819,4333,701
3819,4334,15
3819,4335,19
3819,4336,10
3819,4337,9
3819,4338,14
3819,4339,83
3819,4340,6
3819,4342,13
3819,4343,41
3819,4344,4
3819,4345,71
3819,4346,95
3819,4347,24
3819,4348,42
3819,4349,944
3819,4350,210
3819,4352,4
3820,4309,16
3820,4310,23
3820,4311,9
3820,4312,2
3820,4313,3
3820,4314,10
3820,4315,6
3820,4316,12
3820,4317,25
3820,4318,24
3820,4319,353
3820,4320,907
3820,4321,15
3820,4322,93
3820,4323,7
3820,4324,20
3820,4325,8
3820,4326,19
3820,4327,13
3820,4328,17
3820,4329,7
3820,4330,14
3820,4331,29
3820,4332,121
3820,4333,63
3820,4334,11
3820,4335,6
3820,4336,1
3820,4337,12
3820,4338,15
3820,4339,122
3820,4340,46
3820,4341,2
3820,4342,4
3820,4344,4
3820,4345,21
3820,4346,16
3820,4347,24
3820,4348,21
3820,4349,33
3820,4350,125
3820,4358,1
3821,4311,12
3821,4312,16
3821,4313,11
3821,4314,1
3821,4315,2
3821,4316,8
3821,4317,137
3821,4318,29
3821,4319,9
3821,4321,18
3821,4322,4
3821,4323,9
3821,4324,19
3821,4325,24
3821,4326,15
3821,4327,5
3821,4328,15
3821,4329,10
3821,4330,4
3821,4331,23
3821,4332,17
3821,4333,29
3821,4334,10
3821,4335,6
3821,4336,13
3821,4337,10
3821,4338,10
3821,4339,5
3821,4340,4
3821,4341,12
3821,4342,8
3821,4343,4
3821,4344,13
3821,4345,27
3821,4346,13
3821,4347,34
3821,4348,67
3821,4349,237
3821,4350,1644
3821,4351,205
3822,4311,7
3822,4312,20
3822,4313,10
3822,4315,8
3822,4316,16
3822,4317,98
3822,4318,8
3822,4319,9
3822,4320,8
3822,4322,88
3822,4323,14
3822,4324,20
3822,4325,5
3822,4326,12
3822,4327,18
3822,4328,20
3822,4329,3
3822,4330,6
3822,4331,9
3822,4332,26
3822,4333,10
3822,4334,9
3822,4335,10
3822,4336,32
3822,4337,271
3822,4338,5
3822,4339,15
3822,4340,39
3822,4341,6
3822,4342,5
3822,4343,14
3822,4345,12
3822,4346,13
3822,4347,9
3822,4348,48
3822,4349,51
3822,4350,125
3823,4313,8
3823,4314,2
3823,4315,5
3823,4316,2
3823,4317,3
3823,4318,17
3823,4319,12
3823,4320,13
3823,4321,23
3823,4322,673
3823,4323,135
3823,4324,26
3823,4325,16
3823,4326,15
3823,4327,20
3823,4328,4
3823,4329,7
3823,4330,8
3823,4331,5
3823,4332,12
3823,4333,20
3823,4334,18
3823,4335,19
3823,4336,22
3823,4337,33
3823,4338,7
3823,4339,2
3823,4340,3
3823,4341,31
3823,4342,6
3823,4344,2
3823,4345,1
3823,4346,2
3823,4347,9
3823,4348,35
3823,4349,16
3824,4315,1
3824,4316,11
3824,4317,189
3824,4318,42
3824,4319,23
3824,4320,13
3824,4321,10
3824,4322,10
3824,4323,10
3824,4324,29
3824,4325,25
3824,4326,23
3824,4327,25
3824,4328,14
3824,4329,13
3824,4330,6
3824,4331,20
3824,4332,52
3824,4333,24
3824,4334,11
3824,4335,24
3824,4336,15
3824,4337,15
3824,4338,7
3824,4340,12
3824,4341,3
3824,4344,6
3824,4345,6
3824,4346,24
3824,4347,13
3824,4348,36
3825,4317,711
3825,4318,61
3825,4319,8
3825,4320,7
3825,4321,28
3825,4322,6
3825,4323,6
3825,4324,10
3825,4325,27
3825,4326,8
3825,4327,31
3825,4328,19
3825,4329,12
3825,4330,12
3825,4331,22
3825,4332,64
3825,4333,17
3825,4334,12
3825,4335,24
3825,4336,26
3825,4337,2
3825,4339,51
3825,4340,8
3825,4343,1
3825,4344,3
3825,4345,274
3825,4346,189
3825,4347,2
3826,4315,2
3826,4316,4
3826,4317,63
3826,4318,20
3826,4319,6
3826,4320,25
3826,4321,13
3826,4322,7
3826,4323,10
3826,4324,10
3826,4325,4
3826,4326,130
3826,4327,25
3826,4328,12
3826,4329,6
3826,4330,10
3826,4331,3
3826,4332,609
3826,4333,306
3826,4334,26
3826,4335,21
3826,4336,1
3826,4338,4
3826,4339,16
3826,4340,4
3826,4344,3
3826,4345,80
3826,4346,57
3827,4316,14
3827,4317,36
3827,4318,26
3827,4319,17
3827,4320,30
3827,4321,13
3827,4322,85
3827,4323,7
3827,4324,11
3827,4325,15
3827,4326,28
3827,4327,14
3827,4328,16
3827,4329,17
3827,4330,20
3827,4331,27
3827,4332,89
3827,4333,48
3827,4334,21
3827,4335,7
3827,4336,10
3827,4337,9
3827,4338,12
3827,4339,6
3827,4341,1
3827,4344,17
3827,4345,9
3827,4346,3
3828,4316,43
3828,4317,59
3828,4318,15
3828,4319,53
3828,4320,542
3828,4321,21
3828,4322,386
3828,4323,98
3828,4324,6
3828,4325,17
3828,4326,11
3828,4327,67
3828,4328,3
3828,4329,25
3828,4330,13
3828,4331,19
3828,4332,28
3828,4333,19
3828,4335,14
3828,4337,6
3828,4338,16
3828,4339,17
3828,4340,8
3828,4341,5
3828,4345,23
3828,4346,5
3829,4316,5
3829,4317,23
3829,4318,334
3829,4319,455
3829,4320,135
3829,4321,22
3829,4322,77
3829,4323,12
3829,4324,17
3829,4325,27
3829,4326,23
3829,4327,207
3829,4328,20
3829,4329,16
3829,4330,9
3829,4331,20
3829,4332,24
3829,4333,8
3829,4334,13
3829,4335,2
3829,4337,9
3829,4338,8
3829,4340,3
3829,4341,11
3829,4342,8
3829,4344,11
3829,4345,17
3829,4346,13
3830,4316,1
3830,4317,36
3830,4318,541
3830,4319,1111
3830,4320,16
3830,4321,12
3830,4322,22
3830,4323,2
3830,4325,8
3830,4326,8
3830,4327,9
3830,4328,21
3830,4329,28
3830,4330,21
3830,4331,36
3830,4332,116
3830,4333,11
3830,4334,8
3830,4335,3
3830,4336,11
3830,4337,8
3830,4338,13
3830,4339,9
3830,4340,2
3830,4341,7
3830,4345,20
3831,4317,134
3831,4318,1875
3831,4319,822
3831,4320,1
3831,4321,14
3831,4322,24
3831,4323,7
3831,4324,2
3831,4329,8
3831,4330,6
3831,4331,6
3831,4332,318
3831,4333,22
3831,4334,20
3831,4335,12
3831,4336,5
3831,4337,27
3831,4338,44
3831,4339,9
3831,4341,4
3831,4345,25
3831,4346,16
3832,4318,348
3832,4319,50
3832,4331,1
3832,4332,88
3832,4333,5
3832,4334,6
3832,4338,18
3832,4339,9
3832,4342,4
3832,4343,5
3832,4344,110
3832,4345,891
3832,4346,393
3833,4334,4
3833,4335,2
3833,4337,1
3833,4338,7
3833,4339,3
3833,4341,5
3833,4342,13
3833,4343,3
3833,4344,10
3833,4345,47
3833,4346,19
3834,4337,5
3834,4338,2
3834,4339,4
3834,4341,1
3834,4342,3
3834,4343,2
3834,4344,7
3834,4345,19
3834,4346,8
3835,4342,4
3835,4343,8
3835,4344,7
3835,4345,14
3835,4346,17
3835,4347,2
3836,4340,4
3836,4342,1
3836,4344,5
3836,4345,7
3836,4346,5
3836,4347,9
3838,4347,1
3839,4345,4
3839,4346,7
3839,4347,28
3839,4348,47
3840,4344,1
3840,4347,1
3840,4348,34
3840,4349,13
3840,4350,2
3846,4352,2
3846,4353,2
3846,4354,516
3846,4355,697
3846,4356,136
3847,4352,34
3847,4353,859
3847,4354,912
3847,4355,1750
3847,4356,2020
3847,4357,185
3848,4354,5
3848,4355,104
3848,4356,449
3848,4357,14
