kommune_kode,kommune_navn,indicator_id,ratio,raw_value,unit,data_year,source,category,dimension,reference
201,Allerød,life_expectancy,102.82,83.9,år,2021-2025,DST HISBK,social,sundhed,81.6
153,Brøndby,life_expectancy,98.53,80.4,år,2021-2025,DST HISBK,social,sundhed,81.6
175,Rødovre,life_expectancy,99.63,81.3,år,2021-2025,DST HISBK,social,sundhed,81.6
155,Dragør,life_expectancy,102.33,83.5,år,2021-2025,DST HISBK,social,sundhed,81.6
190,Furesø,life_expectancy,101.96,83.2,år,2021-2025,DST HISBK,social,sundhed,81.6
167,Hvidovre,life_expectancy,99.51,81.2,år,2021-2025,DST HISBK,social,sundhed,81.6
230,Rudersdal,life_expectancy,102.82,83.9,år,2021-2025,DST HISBK,social,sundhed,81.6
746,Skanderborg,life_expectancy,101.72,83.0,år,2021-2025,DST HISBK,social,sundhed,81.6
269,Solrød,life_expectancy,102.08,83.3,år,2021-2025,DST HISBK,social,sundhed,81.6
265,Roskilde,life_expectancy,100.74,82.2,år,2021-2025,DST HISBK,social,sundhed,81.6
240,Egedal,life_expectancy,101.72,83.0,år,2021-2025,DST HISBK,social,sundhed,81.6
151,Ballerup,life_expectancy,99.51,81.2,år,2021-2025,DST HISBK,social,sundhed,81.6
223,Hørsholm,life_expectancy,102.45,83.6,år,2021-2025,DST HISBK,social,sundhed,81.6
185,Tårnby,life_expectancy,99.51,81.2,år,2021-2025,DST HISBK,social,sundhed,81.6
157,Gentofte,life_expectancy,103.06,84.1,år,2021-2025,DST HISBK,social,sundhed,81.6
350,Lejre,life_expectancy,101.84,83.1,år,2021-2025,DST HISBK,social,sundhed,81.6
163,Herlev,life_expectancy,98.65,80.5,år,2021-2025,DST HISBK,social,sundhed,81.6
173,Lyngby-Taarbæk,life_expectancy,103.06,84.1,år,2021-2025,DST HISBK,social,sundhed,81.6
210,Fredensborg,life_expectancy,100.61,82.1,år,2021-2025,DST HISBK,social,sundhed,81.6
183,Ishøj,life_expectancy,97.67,79.7,år,2021-2025,DST HISBK,social,sundhed,81.6
710,Favrskov,life_expectancy,101.23,82.6,år,2021-2025,DST HISBK,social,sundhed,81.6
530,Billund,life_expectancy,100.74,82.2,år,2021-2025,DST HISBK,social,sundhed,81.6
840,Rebild,life_expectancy,100.37,81.9,år,2021-2025,DST HISBK,social,sundhed,81.6
187,Vallensbæk,life_expectancy,101.84,83.1,år,2021-2025,DST HISBK,social,sundhed,81.6
253,Greve,life_expectancy,100.74,82.2,år,2021-2025,DST HISBK,social,sundhed,81.6
147,Frederiksberg,life_expectancy,101.23,82.6,år,2021-2025,DST HISBK,social,sundhed,81.6
259,Køge,life_expectancy,99.39,81.1,år,2021-2025,DST HISBK,social,sundhed,81.6
159,Gladsaxe,life_expectancy,100.0,81.6,år,2021-2025,DST HISBK,social,sundhed,81.6
217,Helsingør,life_expectancy,99.75,81.4,år,2021-2025,DST HISBK,social,sundhed,81.6
250,Frederikssund,life_expectancy,99.75,81.4,år,2021-2025,DST HISBK,social,sundhed,81.6
661,Holstebro,life_expectancy,100.12,81.7,år,2021-2025,DST HISBK,social,sundhed,81.6
657,Herning,life_expectancy,100.25,81.8,år,2021-2025,DST HISBK,social,sundhed,81.6
260,Halsnæs,life_expectancy,98.77,80.6,år,2021-2025,DST HISBK,social,sundhed,81.6
773,Morsø,life_expectancy,98.77,80.6,år,2021-2025,DST HISBK,social,sundhed,81.6
219,Hillerød,life_expectancy,101.1,82.5,år,2021-2025,DST HISBK,social,sundhed,81.6
340,Sorø,life_expectancy,99.02,80.8,år,2021-2025,DST HISBK,social,sundhed,81.6
561,Esbjerg,life_expectancy,99.02,80.8,år,2021-2025,DST HISBK,social,sundhed,81.6
740,Silkeborg,life_expectancy,101.23,82.6,år,2021-2025,DST HISBK,social,sundhed,81.6
615,Horsens,life_expectancy,99.88,81.5,år,2021-2025,DST HISBK,social,sundhed,81.6
316,Holbæk,life_expectancy,99.51,81.2,år,2021-2025,DST HISBK,social,sundhed,81.6
766,Hedensted,life_expectancy,100.74,82.2,år,2021-2025,DST HISBK,social,sundhed,81.6
607,Fredericia,life_expectancy,99.51,81.2,år,2021-2025,DST HISBK,social,sundhed,81.6
410,Middelfart,life_expectancy,100.25,81.8,år,2021-2025,DST HISBK,social,sundhed,81.6
329,Ringsted,life_expectancy,99.75,81.4,år,2021-2025,DST HISBK,social,sundhed,81.6
370,Næstved,life_expectancy,98.9,80.7,år,2021-2025,DST HISBK,social,sundhed,81.6
851,Aalborg,life_expectancy,99.39,81.1,år,2021-2025,DST HISBK,social,sundhed,81.6
810,Brønderslev,life_expectancy,99.14,80.9,år,2021-2025,DST HISBK,social,sundhed,81.6
727,Odder,life_expectancy,102.33,83.5,år,2021-2025,DST HISBK,social,sundhed,81.6
336,Stevns,life_expectancy,99.51,81.2,år,2021-2025,DST HISBK,social,sundhed,81.6
751,Aarhus,life_expectancy,100.98,82.4,år,2021-2025,DST HISBK,social,sundhed,81.6
813,Frederikshavn,life_expectancy,98.9,80.7,år,2021-2025,DST HISBK,social,sundhed,81.6
161,Glostrup,life_expectancy,99.39,81.1,år,2021-2025,DST HISBK,social,sundhed,81.6
270,Gribskov,life_expectancy,100.25,81.8,år,2021-2025,DST HISBK,social,sundhed,81.6
860,Hjørring,life_expectancy,99.63,81.3,år,2021-2025,DST HISBK,social,sundhed,81.6
165,Albertslund,life_expectancy,99.88,81.5,år,2021-2025,DST HISBK,social,sundhed,81.6
479,Svendborg,life_expectancy,99.63,81.3,år,2021-2025,DST HISBK,social,sundhed,81.6
791,Viborg,life_expectancy,100.49,82.0,år,2021-2025,DST HISBK,social,sundhed,81.6
480,Nordfyns,life_expectancy,99.51,81.2,år,2021-2025,DST HISBK,social,sundhed,81.6
706,Syddjurs,life_expectancy,100.74,82.2,år,2021-2025,DST HISBK,social,sundhed,81.6
440,Kerteminde,life_expectancy,101.23,82.6,år,2021-2025,DST HISBK,social,sundhed,81.6
630,Vejle,life_expectancy,100.49,82.0,år,2021-2025,DST HISBK,social,sundhed,81.6
101,København,life_expectancy,99.14,80.9,år,2021-2025,DST HISBK,social,sundhed,81.6
730,Randers,life_expectancy,99.02,80.8,år,2021-2025,DST HISBK,social,sundhed,81.6
760,Ringkøbing-Skjern,life_expectancy,100.49,82.0,år,2021-2025,DST HISBK,social,sundhed,81.6
430,Faaborg-Midtfyn,life_expectancy,100.0,81.6,år,2021-2025,DST HISBK,social,sundhed,81.6
320,Faxe,life_expectancy,99.39,81.1,år,2021-2025,DST HISBK,social,sundhed,81.6
169,Høje-Taastrup,life_expectancy,100.12,81.7,år,2021-2025,DST HISBK,social,sundhed,81.6
573,Varde,life_expectancy,100.74,82.2,år,2021-2025,DST HISBK,social,sundhed,81.6
621,Kolding,life_expectancy,100.49,82.0,år,2021-2025,DST HISBK,social,sundhed,81.6
420,Assens,life_expectancy,99.02,80.8,år,2021-2025,DST HISBK,social,sundhed,81.6
580,Aabenraa,life_expectancy,99.88,81.5,år,2021-2025,DST HISBK,social,sundhed,81.6
787,Thisted,life_expectancy,98.9,80.7,år,2021-2025,DST HISBK,social,sundhed,81.6
756,Ikast-Brande,life_expectancy,100.12,81.7,år,2021-2025,DST HISBK,social,sundhed,81.6
461,Odense,life_expectancy,99.88,81.5,år,2021-2025,DST HISBK,social,sundhed,81.6
779,Skive,life_expectancy,99.88,81.5,år,2021-2025,DST HISBK,social,sundhed,81.6
450,Nyborg,life_expectancy,99.63,81.3,år,2021-2025,DST HISBK,social,sundhed,81.6
846,Mariagerfjord,life_expectancy,99.75,81.4,år,2021-2025,DST HISBK,social,sundhed,81.6
820,Vesthimmerlands,life_expectancy,99.14,80.9,år,2021-2025,DST HISBK,social,sundhed,81.6
540,Sønderborg,life_expectancy,100.12,81.7,år,2021-2025,DST HISBK,social,sundhed,81.6
400,Bornholm,life_expectancy,99.14,80.9,år,2021-2025,DST HISBK,social,sundhed,81.6
510,Haderslev,life_expectancy,100.0,81.6,år,2021-2025,DST HISBK,social,sundhed,81.6
671,Struer,life_expectancy,99.26,81.0,år,2021-2025,DST HISBK,social,sundhed,81.6
665,Lemvig,life_expectancy,99.75,81.4,år,2021-2025,DST HISBK,social,sundhed,81.6
707,Norddjurs,life_expectancy,99.14,80.9,år,2021-2025,DST HISBK,social,sundhed,81.6
330,Slagelse,life_expectancy,98.65,80.5,år,2021-2025,DST HISBK,social,sundhed,81.6
306,Odsherred,life_expectancy,98.53,80.4,år,2021-2025,DST HISBK,social,sundhed,81.6
575,Vejen,life_expectancy,100.25,81.8,år,2021-2025,DST HISBK,social,sundhed,81.6
376,Guldborgsund,life_expectancy,97.3,79.4,år,2021-2025,DST HISBK,social,sundhed,81.6
849,Jammerbugt,life_expectancy,99.63,81.3,år,2021-2025,DST HISBK,social,sundhed,81.6
326,Kalundborg,life_expectancy,98.41,80.3,år,2021-2025,DST HISBK,social,sundhed,81.6
390,Vordingborg,life_expectancy,97.92,79.9,år,2021-2025,DST HISBK,social,sundhed,81.6
550,Tønder,life_expectancy,98.77,80.6,år,2021-2025,DST HISBK,social,sundhed,81.6
360,Lolland,life_expectancy,96.32,78.6,år,2021-2025,DST HISBK,social,sundhed,81.6
482,Langeland,life_expectancy,99.26,81.0,år,2021-2025,DST HISBK,social,sundhed,81.6
201,Allerød,selvvurderet_helbred,104.18,85.5,%,2025,Sundhedsprofilen 2025,social,sundhed,82.068
153,Brøndby,selvvurderet_helbred,92.0,75.5,%,2025,Sundhedsprofilen 2025,social,sundhed,82.068
175,Rødovre,selvvurderet_helbred,101.87,83.6,%,2025,Sundhedsprofilen 2025,social,sundhed,82.068
155,Dragør,selvvurderet_helbred,102.48,84.1,%,2025,Sundhedsprofilen 2025,social,sundhed,82.068
190,Furesø,selvvurderet_helbred,104.43,85.7,%,2025,Sundhedsprofilen 2025,social,sundhed,82.068
167,Hvidovre,selvvurderet_helbred,98.82,81.1,%,2025,Sundhedsprofilen 2025,social,sundhed,82.068
230,Rudersdal,selvvurderet_helbred,106.62,87.5,%,2025,Sundhedsprofilen 2025,social,sundhed,82.068
746,Skanderborg,selvvurderet_helbred,102.72,84.3,%,2025,Sundhedsprofilen 2025,social,sundhed,82.068
269,Solrød,selvvurderet_helbred,100.28,82.3,%,2025,Sundhedsprofilen 2025,social,sundhed,82.068
265,Roskilde,selvvurderet_helbred,101.01,82.9,%,2025,Sundhedsprofilen 2025,social,sundhed,82.068
240,Egedal,selvvurderet_helbred,104.06,85.4,%,2025,Sundhedsprofilen 2025,social,sundhed,82.068
151,Ballerup,selvvurderet_helbred,97.48,80.0,%,2025,Sundhedsprofilen 2025,social,sundhed,82.068
223,Hørsholm,selvvurderet_helbred,103.69,85.1,%,2025,Sundhedsprofilen 2025,social,sundhed,82.068
185,Tårnby,selvvurderet_helbred,98.33,80.7,%,2025,Sundhedsprofilen 2025,social,sundhed,82.068
157,Gentofte,selvvurderet_helbred,105.77,86.8,%,2025,Sundhedsprofilen 2025,social,sundhed,82.068
350,Lejre,selvvurderet_helbred,101.14,83.0,%,2025,Sundhedsprofilen 2025,social,sundhed,82.068
163,Herlev,selvvurderet_helbred,99.43,81.6,%,2025,Sundhedsprofilen 2025,social,sundhed,82.068
173,Lyngby-Taarbæk,selvvurderet_helbred,105.4,86.5,%,2025,Sundhedsprofilen 2025,social,sundhed,82.068
210,Fredensborg,selvvurderet_helbred,100.65,82.6,%,2025,Sundhedsprofilen 2025,social,sundhed,82.068
183,Ishøj,selvvurderet_helbred,95.16,78.1,%,2025,Sundhedsprofilen 2025,social,sundhed,82.068
710,Favrskov,selvvurderet_helbred,102.48,84.1,%,2025,Sundhedsprofilen 2025,social,sundhed,82.068
530,Billund,selvvurderet_helbred,98.45,80.8,%,2025,Sundhedsprofilen 2025,social,sundhed,82.068
840,Rebild,selvvurderet_helbred,102.48,84.1,%,2025,Sundhedsprofilen 2025,social,sundhed,82.068
187,Vallensbæk,selvvurderet_helbred,105.89,86.9,%,2025,Sundhedsprofilen 2025,social,sundhed,82.068
253,Greve,selvvurderet_helbred,99.8,81.9,%,2025,Sundhedsprofilen 2025,social,sundhed,82.068
147,Frederiksberg,selvvurderet_helbred,104.43,85.7,%,2025,Sundhedsprofilen 2025,social,sundhed,82.068
259,Køge,selvvurderet_helbred,97.72,80.2,%,2025,Sundhedsprofilen 2025,social,sundhed,82.068
159,Gladsaxe,selvvurderet_helbred,100.65,82.6,%,2025,Sundhedsprofilen 2025,social,sundhed,82.068
217,Helsingør,selvvurderet_helbred,99.06,81.3,%,2025,Sundhedsprofilen 2025,social,sundhed,82.068
250,Frederikssund,selvvurderet_helbred,96.14,78.9,%,2025,Sundhedsprofilen 2025,social,sundhed,82.068
661,Holstebro,selvvurderet_helbred,100.77,82.7,%,2025,Sundhedsprofilen 2025,social,sundhed,82.068
825,Læsø,selvvurderet_helbred,97.85,80.3,%,2025,Sundhedsprofilen 2025,social,sundhed,82.068
657,Herning,selvvurderet_helbred,100.77,82.7,%,2025,Sundhedsprofilen 2025,social,sundhed,82.068
260,Halsnæs,selvvurderet_helbred,92.85,76.2,%,2025,Sundhedsprofilen 2025,social,sundhed,82.068
773,Morsø,selvvurderet_helbred,97.72,80.2,%,2025,Sundhedsprofilen 2025,social,sundhed,82.068
219,Hillerød,selvvurderet_helbred,101.26,83.1,%,2025,Sundhedsprofilen 2025,social,sundhed,82.068
340,Sorø,selvvurderet_helbred,97.48,80.0,%,2025,Sundhedsprofilen 2025,social,sundhed,82.068
492,Ærø,selvvurderet_helbred,99.31,81.5,%,2025,Sundhedsprofilen 2025,social,sundhed,82.068
561,Esbjerg,selvvurderet_helbred,96.51,79.2,%,2025,Sundhedsprofilen 2025,social,sundhed,82.068
740,Silkeborg,selvvurderet_helbred,99.67,81.8,%,2025,Sundhedsprofilen 2025,social,sundhed,82.068
615,Horsens,selvvurderet_helbred,100.77,82.7,%,2025,Sundhedsprofilen 2025,social,sundhed,82.068
563,Fanø,selvvurderet_helbred,102.35,84.0,%,2025,Sundhedsprofilen 2025,social,sundhed,82.068
316,Holbæk,selvvurderet_helbred,98.21,80.6,%,2025,Sundhedsprofilen 2025,social,sundhed,82.068
766,Hedensted,selvvurderet_helbred,100.16,82.2,%,2025,Sundhedsprofilen 2025,social,sundhed,82.068
607,Fredericia,selvvurderet_helbred,97.11,79.7,%,2025,Sundhedsprofilen 2025,social,sundhed,82.068
410,Middelfart,selvvurderet_helbred,103.21,84.7,%,2025,Sundhedsprofilen 2025,social,sundhed,82.068
329,Ringsted,selvvurderet_helbred,97.48,80.0,%,2025,Sundhedsprofilen 2025,social,sundhed,82.068
370,Næstved,selvvurderet_helbred,97.85,80.3,%,2025,Sundhedsprofilen 2025,social,sundhed,82.068
851,Aalborg,selvvurderet_helbred,100.53,82.5,%,2025,Sundhedsprofilen 2025,social,sundhed,82.068
810,Brønderslev,selvvurderet_helbred,98.21,80.6,%,2025,Sundhedsprofilen 2025,social,sundhed,82.068
727,Odder,selvvurderet_helbred,99.31,81.5,%,2025,Sundhedsprofilen 2025,social,sundhed,82.068
336,Stevns,selvvurderet_helbred,101.38,83.2,%,2025,Sundhedsprofilen 2025,social,sundhed,82.068
751,Aarhus,selvvurderet_helbred,102.35,84.0,%,2025,Sundhedsprofilen 2025,social,sundhed,82.068
813,Frederikshavn,selvvurderet_helbred,96.51,79.2,%,2025,Sundhedsprofilen 2025,social,sundhed,82.068
161,Glostrup,selvvurderet_helbred,98.45,80.8,%,2025,Sundhedsprofilen 2025,social,sundhed,82.068
270,Gribskov,selvvurderet_helbred,98.7,81.0,%,2025,Sundhedsprofilen 2025,social,sundhed,82.068
860,Hjørring,selvvurderet_helbred,96.75,79.4,%,2025,Sundhedsprofilen 2025,social,sundhed,82.068
165,Albertslund,selvvurderet_helbred,94.07,77.2,%,2025,Sundhedsprofilen 2025,social,sundhed,82.068
479,Svendborg,selvvurderet_helbred,101.5,83.3,%,2025,Sundhedsprofilen 2025,social,sundhed,82.068
791,Viborg,selvvurderet_helbred,101.14,83.0,%,2025,Sundhedsprofilen 2025,social,sundhed,82.068
480,Nordfyns,selvvurderet_helbred,98.7,81.0,%,2025,Sundhedsprofilen 2025,social,sundhed,82.068
706,Syddjurs,selvvurderet_helbred,101.5,83.3,%,2025,Sundhedsprofilen 2025,social,sundhed,82.068
440,Kerteminde,selvvurderet_helbred,96.38,79.1,%,2025,Sundhedsprofilen 2025,social,sundhed,82.068
630,Vejle,selvvurderet_helbred,99.31,81.5,%,2025,Sundhedsprofilen 2025,social,sundhed,82.068
101,København,selvvurderet_helbred,104.06,85.4,%,2025,Sundhedsprofilen 2025,social,sundhed,82.068
730,Randers,selvvurderet_helbred,98.7,81.0,%,2025,Sundhedsprofilen 2025,social,sundhed,82.068
760,Ringkøbing-Skjern,selvvurderet_helbred,99.55,81.7,%,2025,Sundhedsprofilen 2025,social,sundhed,82.068
430,Faaborg-Midtfyn,selvvurderet_helbred,98.82,81.1,%,2025,Sundhedsprofilen 2025,social,sundhed,82.068
320,Faxe,selvvurderet_helbred,94.92,77.9,%,2025,Sundhedsprofilen 2025,social,sundhed,82.068
169,Høje-Taastrup,selvvurderet_helbred,100.53,82.5,%,2025,Sundhedsprofilen 2025,social,sundhed,82.068
573,Varde,selvvurderet_helbred,100.16,82.2,%,2025,Sundhedsprofilen 2025,social,sundhed,82.068
621,Kolding,selvvurderet_helbred,97.85,80.3,%,2025,Sundhedsprofilen 2025,social,sundhed,82.068
420,Assens,selvvurderet_helbred,97.36,79.9,%,2025,Sundhedsprofilen 2025,social,sundhed,82.068
580,Aabenraa,selvvurderet_helbred,98.82,81.1,%,2025,Sundhedsprofilen 2025,social,sundhed,82.068
787,Thisted,selvvurderet_helbred,97.24,79.8,%,2025,Sundhedsprofilen 2025,social,sundhed,82.068
756,Ikast-Brande,selvvurderet_helbred,99.31,81.5,%,2025,Sundhedsprofilen 2025,social,sundhed,82.068
461,Odense,selvvurderet_helbred,100.77,82.7,%,2025,Sundhedsprofilen 2025,social,sundhed,82.068
779,Skive,selvvurderet_helbred,97.72,80.2,%,2025,Sundhedsprofilen 2025,social,sundhed,82.068
450,Nyborg,selvvurderet_helbred,98.82,81.1,%,2025,Sundhedsprofilen 2025,social,sundhed,82.068
846,Mariagerfjord,selvvurderet_helbred,99.06,81.3,%,2025,Sundhedsprofilen 2025,social,sundhed,82.068
820,Vesthimmerlands,selvvurderet_helbred,95.41,78.3,%,2025,Sundhedsprofilen 2025,social,sundhed,82.068
540,Sønderborg,selvvurderet_helbred,99.8,81.9,%,2025,Sundhedsprofilen 2025,social,sundhed,82.068
400,Bornholm,selvvurderet_helbred,95.9,78.7,%,2025,Sundhedsprofilen 2025,social,sundhed,82.068
510,Haderslev,selvvurderet_helbred,98.94,81.2,%,2025,Sundhedsprofilen 2025,social,sundhed,82.068
671,Struer,selvvurderet_helbred,95.77,78.6,%,2025,Sundhedsprofilen 2025,social,sundhed,82.068
665,Lemvig,selvvurderet_helbred,100.04,82.1,%,2025,Sundhedsprofilen 2025,social,sundhed,82.068
707,Norddjurs,selvvurderet_helbred,94.8,77.8,%,2025,Sundhedsprofilen 2025,social,sundhed,82.068
330,Slagelse,selvvurderet_helbred,95.9,78.7,%,2025,Sundhedsprofilen 2025,social,sundhed,82.068
306,Odsherred,selvvurderet_helbred,94.68,77.7,%,2025,Sundhedsprofilen 2025,social,sundhed,82.068
575,Vejen,selvvurderet_helbred,98.09,80.5,%,2025,Sundhedsprofilen 2025,social,sundhed,82.068
376,Guldborgsund,selvvurderet_helbred,94.31,77.4,%,2025,Sundhedsprofilen 2025,social,sundhed,82.068
849,Jammerbugt,selvvurderet_helbred,95.9,78.7,%,2025,Sundhedsprofilen 2025,social,sundhed,82.068
326,Kalundborg,selvvurderet_helbred,93.22,76.5,%,2025,Sundhedsprofilen 2025,social,sundhed,82.068
390,Vordingborg,selvvurderet_helbred,90.53,74.3,%,2025,Sundhedsprofilen 2025,social,sundhed,82.068
550,Tønder,selvvurderet_helbred,96.99,79.6,%,2025,Sundhedsprofilen 2025,social,sundhed,82.068
360,Lolland,selvvurderet_helbred,93.95,77.1,%,2025,Sundhedsprofilen 2025,social,sundhed,82.068
741,Samsø,selvvurderet_helbred,99.31,81.5,%,2025,Sundhedsprofilen 2025,social,sundhed,82.068
482,Langeland,selvvurderet_helbred,90.78,74.5,%,2025,Sundhedsprofilen 2025,social,sundhed,82.068
201,Allerød,mentalt_helbred,143.51,11.1,%,2025,Sundhedsprofilen 2025,social,sundhed,15.9293
153,Brøndby,mentalt_helbred,74.79,21.3,%,2025,Sundhedsprofilen 2025,social,sundhed,15.9293
175,Rødovre,mentalt_helbred,109.86,14.5,%,2025,Sundhedsprofilen 2025,social,sundhed,15.9293
155,Dragør,mentalt_helbred,110.62,14.4,%,2025,Sundhedsprofilen 2025,social,sundhed,15.9293
190,Furesø,mentalt_helbred,116.27,13.7,%,2025,Sundhedsprofilen 2025,social,sundhed,15.9293
167,Hvidovre,mentalt_helbred,95.39,16.7,%,2025,Sundhedsprofilen 2025,social,sundhed,15.9293
230,Rudersdal,mentalt_helbred,127.43,12.5,%,2025,Sundhedsprofilen 2025,social,sundhed,15.9293
746,Skanderborg,mentalt_helbred,133.86,11.9,%,2025,Sundhedsprofilen 2025,social,sundhed,15.9293
269,Solrød,mentalt_helbred,112.97,14.1,%,2025,Sundhedsprofilen 2025,social,sundhed,15.9293
265,Roskilde,mentalt_helbred,92.08,17.3,%,2025,Sundhedsprofilen 2025,social,sundhed,15.9293
240,Egedal,mentalt_helbred,115.43,13.8,%,2025,Sundhedsprofilen 2025,social,sundhed,15.9293
151,Ballerup,mentalt_helbred,86.1,18.5,%,2025,Sundhedsprofilen 2025,social,sundhed,15.9293
223,Hørsholm,mentalt_helbred,150.0,10.3,%,2025,Sundhedsprofilen 2025,social,sundhed,15.9293
185,Tårnby,mentalt_helbred,103.44,15.4,%,2025,Sundhedsprofilen 2025,social,sundhed,15.9293
157,Gentofte,mentalt_helbred,132.74,12.0,%,2025,Sundhedsprofilen 2025,social,sundhed,15.9293
350,Lejre,mentalt_helbred,113.78,14.0,%,2025,Sundhedsprofilen 2025,social,sundhed,15.9293
163,Herlev,mentalt_helbred,98.94,16.1,%,2025,Sundhedsprofilen 2025,social,sundhed,15.9293
173,Lyngby-Taarbæk,mentalt_helbred,123.48,12.9,%,2025,Sundhedsprofilen 2025,social,sundhed,15.9293
210,Fredensborg,mentalt_helbred,107.63,14.8,%,2025,Sundhedsprofilen 2025,social,sundhed,15.9293
183,Ishøj,mentalt_helbred,84.28,18.9,%,2025,Sundhedsprofilen 2025,social,sundhed,15.9293
710,Favrskov,mentalt_helbred,116.27,13.7,%,2025,Sundhedsprofilen 2025,social,sundhed,15.9293
530,Billund,mentalt_helbred,106.91,14.9,%,2025,Sundhedsprofilen 2025,social,sundhed,15.9293
840,Rebild,mentalt_helbred,131.65,12.1,%,2025,Sundhedsprofilen 2025,social,sundhed,15.9293
187,Vallensbæk,mentalt_helbred,114.6,13.9,%,2025,Sundhedsprofilen 2025,social,sundhed,15.9293
253,Greve,mentalt_helbred,96.54,16.5,%,2025,Sundhedsprofilen 2025,social,sundhed,15.9293
147,Frederiksberg,mentalt_helbred,104.11,15.3,%,2025,Sundhedsprofilen 2025,social,sundhed,15.9293
259,Køge,mentalt_helbred,104.11,15.3,%,2025,Sundhedsprofilen 2025,social,sundhed,15.9293
159,Gladsaxe,mentalt_helbred,93.7,17.0,%,2025,Sundhedsprofilen 2025,social,sundhed,15.9293
217,Helsingør,mentalt_helbred,106.2,15.0,%,2025,Sundhedsprofilen 2025,social,sundhed,15.9293
250,Frederikssund,mentalt_helbred,104.8,15.2,%,2025,Sundhedsprofilen 2025,social,sundhed,15.9293
661,Holstebro,mentalt_helbred,117.13,13.6,%,2025,Sundhedsprofilen 2025,social,sundhed,15.9293
825,Læsø,mentalt_helbred,139.73,11.4,%,2025,Sundhedsprofilen 2025,social,sundhed,15.9293
657,Herning,mentalt_helbred,106.91,14.9,%,2025,Sundhedsprofilen 2025,social,sundhed,15.9293
260,Halsnæs,mentalt_helbred,100.18,15.9,%,2025,Sundhedsprofilen 2025,social,sundhed,15.9293
773,Morsø,mentalt_helbred,132.74,12.0,%,2025,Sundhedsprofilen 2025,social,sundhed,15.9293
219,Hillerød,mentalt_helbred,93.7,17.0,%,2025,Sundhedsprofilen 2025,social,sundhed,15.9293
340,Sorø,mentalt_helbred,109.86,14.5,%,2025,Sundhedsprofilen 2025,social,sundhed,15.9293
492,Ærø,mentalt_helbred,129.51,12.3,%,2025,Sundhedsprofilen 2025,social,sundhed,15.9293
561,Esbjerg,mentalt_helbred,85.64,18.6,%,2025,Sundhedsprofilen 2025,social,sundhed,15.9293
740,Silkeborg,mentalt_helbred,121.6,13.1,%,2025,Sundhedsprofilen 2025,social,sundhed,15.9293
615,Horsens,mentalt_helbred,104.8,15.2,%,2025,Sundhedsprofilen 2025,social,sundhed,15.9293
563,Fanø,mentalt_helbred,148.87,10.7,%,2025,Sundhedsprofilen 2025,social,sundhed,15.9293
316,Holbæk,mentalt_helbred,97.13,16.4,%,2025,Sundhedsprofilen 2025,social,sundhed,15.9293
766,Hedensted,mentalt_helbred,117.99,13.5,%,2025,Sundhedsprofilen 2025,social,sundhed,15.9293
607,Fredericia,mentalt_helbred,89.49,17.8,%,2025,Sundhedsprofilen 2025,social,sundhed,15.9293
410,Middelfart,mentalt_helbred,117.99,13.5,%,2025,Sundhedsprofilen 2025,social,sundhed,15.9293
329,Ringsted,mentalt_helbred,110.62,14.4,%,2025,Sundhedsprofilen 2025,social,sundhed,15.9293
370,Næstved,mentalt_helbred,87.52,18.2,%,2025,Sundhedsprofilen 2025,social,sundhed,15.9293
851,Aalborg,mentalt_helbred,92.61,17.2,%,2025,Sundhedsprofilen 2025,social,sundhed,15.9293
810,Brønderslev,mentalt_helbred,108.36,14.7,%,2025,Sundhedsprofilen 2025,social,sundhed,15.9293
727,Odder,mentalt_helbred,102.11,15.6,%,2025,Sundhedsprofilen 2025,social,sundhed,15.9293
336,Stevns,mentalt_helbred,102.11,15.6,%,2025,Sundhedsprofilen 2025,social,sundhed,15.9293
751,Aarhus,mentalt_helbred,87.52,18.2,%,2025,Sundhedsprofilen 2025,social,sundhed,15.9293
813,Frederikshavn,mentalt_helbred,108.36,14.7,%,2025,Sundhedsprofilen 2025,social,sundhed,15.9293
161,Glostrup,mentalt_helbred,93.15,17.1,%,2025,Sundhedsprofilen 2025,social,sundhed,15.9293
270,Gribskov,mentalt_helbred,109.1,14.6,%,2025,Sundhedsprofilen 2025,social,sundhed,15.9293
860,Hjørring,mentalt_helbred,107.63,14.8,%,2025,Sundhedsprofilen 2025,social,sundhed,15.9293
165,Albertslund,mentalt_helbred,77.33,20.6,%,2025,Sundhedsprofilen 2025,social,sundhed,15.9293
479,Svendborg,mentalt_helbred,117.99,13.5,%,2025,Sundhedsprofilen 2025,social,sundhed,15.9293
791,Viborg,mentalt_helbred,112.18,14.2,%,2025,Sundhedsprofilen 2025,social,sundhed,15.9293
480,Nordfyns,mentalt_helbred,104.8,15.2,%,2025,Sundhedsprofilen 2025,social,sundhed,15.9293
706,Syddjurs,mentalt_helbred,106.91,14.9,%,2025,Sundhedsprofilen 2025,social,sundhed,15.9293
440,Kerteminde,mentalt_helbred,101.46,15.7,%,2025,Sundhedsprofilen 2025,social,sundhed,15.9293
630,Vejle,mentalt_helbred,104.8,15.2,%,2025,Sundhedsprofilen 2025,social,sundhed,15.9293
101,København,mentalt_helbred,84.73,18.8,%,2025,Sundhedsprofilen 2025,social,sundhed,15.9293
730,Randers,mentalt_helbred,92.08,17.3,%,2025,Sundhedsprofilen 2025,social,sundhed,15.9293
760,Ringkøbing-Skjern,mentalt_helbred,142.23,11.2,%,2025,Sundhedsprofilen 2025,social,sundhed,15.9293
430,Faaborg-Midtfyn,mentalt_helbred,105.49,15.1,%,2025,Sundhedsprofilen 2025,social,sundhed,15.9293
320,Faxe,mentalt_helbred,93.15,17.1,%,2025,Sundhedsprofilen 2025,social,sundhed,15.9293
169,Høje-Taastrup,mentalt_helbred,94.82,16.8,%,2025,Sundhedsprofilen 2025,social,sundhed,15.9293
573,Varde,mentalt_helbred,132.74,12.0,%,2025,Sundhedsprofilen 2025,social,sundhed,15.9293
621,Kolding,mentalt_helbred,101.46,15.7,%,2025,Sundhedsprofilen 2025,social,sundhed,15.9293
420,Assens,mentalt_helbred,115.43,13.8,%,2025,Sundhedsprofilen 2025,social,sundhed,15.9293
580,Aabenraa,mentalt_helbred,111.39,14.3,%,2025,Sundhedsprofilen 2025,social,sundhed,15.9293
787,Thisted,mentalt_helbred,132.74,12.0,%,2025,Sundhedsprofilen 2025,social,sundhed,15.9293
756,Ikast-Brande,mentalt_helbred,116.27,13.7,%,2025,Sundhedsprofilen 2025,social,sundhed,15.9293
461,Odense,mentalt_helbred,93.7,17.0,%,2025,Sundhedsprofilen 2025,social,sundhed,15.9293
779,Skive,mentalt_helbred,102.77,15.5,%,2025,Sundhedsprofilen 2025,social,sundhed,15.9293
450,Nyborg,mentalt_helbred,115.43,13.8,%,2025,Sundhedsprofilen 2025,social,sundhed,15.9293
846,Mariagerfjord,mentalt_helbred,112.18,14.2,%,2025,Sundhedsprofilen 2025,social,sundhed,15.9293
820,Vesthimmerlands,mentalt_helbred,102.11,15.6,%,2025,Sundhedsprofilen 2025,social,sundhed,15.9293
540,Sønderborg,mentalt_helbred,112.97,14.1,%,2025,Sundhedsprofilen 2025,social,sundhed,15.9293
400,Bornholm,mentalt_helbred,114.6,13.9,%,2025,Sundhedsprofilen 2025,social,sundhed,15.9293
510,Haderslev,mentalt_helbred,103.44,15.4,%,2025,Sundhedsprofilen 2025,social,sundhed,15.9293
671,Struer,mentalt_helbred,108.36,14.7,%,2025,Sundhedsprofilen 2025,social,sundhed,15.9293
665,Lemvig,mentalt_helbred,123.48,12.9,%,2025,Sundhedsprofilen 2025,social,sundhed,15.9293
707,Norddjurs,mentalt_helbred,107.63,14.8,%,2025,Sundhedsprofilen 2025,social,sundhed,15.9293
330,Slagelse,mentalt_helbred,87.05,18.3,%,2025,Sundhedsprofilen 2025,social,sundhed,15.9293
306,Odsherred,mentalt_helbred,121.6,13.1,%,2025,Sundhedsprofilen 2025,social,sundhed,15.9293
575,Vejen,mentalt_helbred,102.77,15.5,%,2025,Sundhedsprofilen 2025,social,sundhed,15.9293
376,Guldborgsund,mentalt_helbred,98.33,16.2,%,2025,Sundhedsprofilen 2025,social,sundhed,15.9293
849,Jammerbugt,mentalt_helbred,105.49,15.1,%,2025,Sundhedsprofilen 2025,social,sundhed,15.9293
326,Kalundborg,mentalt_helbred,89.49,17.8,%,2025,Sundhedsprofilen 2025,social,sundhed,15.9293
390,Vordingborg,mentalt_helbred,87.05,18.3,%,2025,Sundhedsprofilen 2025,social,sundhed,15.9293
550,Tønder,mentalt_helbred,117.99,13.5,%,2025,Sundhedsprofilen 2025,social,sundhed,15.9293
360,Lolland,mentalt_helbred,91.55,17.4,%,2025,Sundhedsprofilen 2025,social,sundhed,15.9293
741,Samsø,mentalt_helbred,122.53,13.0,%,2025,Sundhedsprofilen 2025,social,sundhed,15.9293
482,Langeland,mentalt_helbred,106.91,14.9,%,2025,Sundhedsprofilen 2025,social,sundhed,15.9293
201,Allerød,hospital_long,107.82,7.42,%,2025,DST SBR01,social,sundhed,8.0
153,Brøndby,hospital_long,86.86,9.21,%,2025,DST SBR01,social,sundhed,8.0
175,Rødovre,hospital_long,93.02,8.6,%,2025,DST SBR01,social,sundhed,8.0
155,Dragør,hospital_long,91.43,8.75,%,2025,DST SBR01,social,sundhed,8.0
190,Furesø,hospital_long,102.17,7.83,%,2025,DST SBR01,social,sundhed,8.0
167,Hvidovre,hospital_long,93.57,8.55,%,2025,DST SBR01,social,sundhed,8.0
230,Rudersdal,hospital_long,101.91,7.85,%,2025,DST SBR01,social,sundhed,8.0
746,Skanderborg,hospital_long,121.58,6.58,%,2025,DST SBR01,social,sundhed,8.0
269,Solrød,hospital_long,99.5,8.04,%,2025,DST SBR01,social,sundhed,8.0
265,Roskilde,hospital_long,102.56,7.8,%,2025,DST SBR01,social,sundhed,8.0
240,Egedal,hospital_long,96.27,8.31,%,2025,DST SBR01,social,sundhed,8.0
151,Ballerup,hospital_long,93.13,8.59,%,2025,DST SBR01,social,sundhed,8.0
223,Hørsholm,hospital_long,99.13,8.07,%,2025,DST SBR01,social,sundhed,8.0
185,Tårnby,hospital_long,95.92,8.34,%,2025,DST SBR01,social,sundhed,8.0
157,Gentofte,hospital_long,105.96,7.55,%,2025,DST SBR01,social,sundhed,8.0
350,Lejre,hospital_long,99.88,8.01,%,2025,DST SBR01,social,sundhed,8.0
163,Herlev,hospital_long,94.12,8.5,%,2025,DST SBR01,social,sundhed,8.0
173,Lyngby-Taarbæk,hospital_long,113.48,7.05,%,2025,DST SBR01,social,sundhed,8.0
210,Fredensborg,hospital_long,97.09,8.24,%,2025,DST SBR01,social,sundhed,8.0
183,Ishøj,hospital_long,89.09,8.98,%,2025,DST SBR01,social,sundhed,8.0
710,Favrskov,hospital_long,115.44,6.93,%,2025,DST SBR01,social,sundhed,8.0
530,Billund,hospital_long,103.9,7.7,%,2025,DST SBR01,social,sundhed,8.0
840,Rebild,hospital_long,101.27,7.9,%,2025,DST SBR01,social,sundhed,8.0
187,Vallensbæk,hospital_long,98.04,8.16,%,2025,DST SBR01,social,sundhed,8.0
253,Greve,hospital_long,99.38,8.05,%,2025,DST SBR01,social,sundhed,8.0
147,Frederiksberg,hospital_long,99.01,8.08,%,2025,DST SBR01,social,sundhed,8.0
259,Køge,hospital_long,94.56,8.46,%,2025,DST SBR01,social,sundhed,8.0
159,Gladsaxe,hospital_long,102.04,7.84,%,2025,DST SBR01,social,sundhed,8.0
217,Helsingør,hospital_long,90.91,8.8,%,2025,DST SBR01,social,sundhed,8.0
250,Frederikssund,hospital_long,92.59,8.64,%,2025,DST SBR01,social,sundhed,8.0
661,Holstebro,hospital_long,104.3,7.67,%,2025,DST SBR01,social,sundhed,8.0
825,Læsø,hospital_long,74.01,10.81,%,2025,DST SBR01,social,sundhed,8.0
657,Herning,hospital_long,107.1,7.47,%,2025,DST SBR01,social,sundhed,8.0
260,Halsnæs,hospital_long,86.86,9.21,%,2025,DST SBR01,social,sundhed,8.0
773,Morsø,hospital_long,91.43,8.75,%,2025,DST SBR01,social,sundhed,8.0
219,Hillerød,hospital_long,94.34,8.48,%,2025,DST SBR01,social,sundhed,8.0
340,Sorø,hospital_long,88.11,9.08,%,2025,DST SBR01,social,sundhed,8.0
492,Ærø,hospital_long,77.67,10.3,%,2025,DST SBR01,social,sundhed,8.0
561,Esbjerg,hospital_long,96.85,8.26,%,2025,DST SBR01,social,sundhed,8.0
740,Silkeborg,hospital_long,103.49,7.73,%,2025,DST SBR01,social,sundhed,8.0
615,Horsens,hospital_long,107.53,7.44,%,2025,DST SBR01,social,sundhed,8.0
563,Fanø,hospital_long,95.58,8.37,%,2025,DST SBR01,social,sundhed,8.0
316,Holbæk,hospital_long,93.68,8.54,%,2025,DST SBR01,social,sundhed,8.0
766,Hedensted,hospital_long,106.38,7.52,%,2025,DST SBR01,social,sundhed,8.0
607,Fredericia,hospital_long,97.92,8.17,%,2025,DST SBR01,social,sundhed,8.0
410,Middelfart,hospital_long,97.09,8.24,%,2025,DST SBR01,social,sundhed,8.0
329,Ringsted,hospital_long,97.44,8.21,%,2025,DST SBR01,social,sundhed,8.0
370,Næstved,hospital_long,89.99,8.89,%,2025,DST SBR01,social,sundhed,8.0
851,Aalborg,hospital_long,103.9,7.7,%,2025,DST SBR01,social,sundhed,8.0
810,Brønderslev,hospital_long,94.23,8.49,%,2025,DST SBR01,social,sundhed,8.0
727,Odder,hospital_long,110.34,7.25,%,2025,DST SBR01,social,sundhed,8.0
336,Stevns,hospital_long,90.09,8.88,%,2025,DST SBR01,social,sundhed,8.0
751,Aarhus,hospital_long,124.03,6.45,%,2025,DST SBR01,social,sundhed,8.0
813,Frederikshavn,hospital_long,88.2,9.07,%,2025,DST SBR01,social,sundhed,8.0
161,Glostrup,hospital_long,88.3,9.06,%,2025,DST SBR01,social,sundhed,8.0
270,Gribskov,hospital_long,86.77,9.22,%,2025,DST SBR01,social,sundhed,8.0
860,Hjørring,hospital_long,91.85,8.71,%,2025,DST SBR01,social,sundhed,8.0
165,Albertslund,hospital_long,88.89,9.0,%,2025,DST SBR01,social,sundhed,8.0
479,Svendborg,hospital_long,101.27,7.9,%,2025,DST SBR01,social,sundhed,8.0
791,Viborg,hospital_long,96.15,8.32,%,2025,DST SBR01,social,sundhed,8.0
480,Nordfyns,hospital_long,102.04,7.84,%,2025,DST SBR01,social,sundhed,8.0
706,Syddjurs,hospital_long,110.04,7.27,%,2025,DST SBR01,social,sundhed,8.0
440,Kerteminde,hospital_long,98.77,8.1,%,2025,DST SBR01,social,sundhed,8.0
630,Vejle,hospital_long,103.23,7.75,%,2025,DST SBR01,social,sundhed,8.0
101,København,hospital_long,110.34,7.25,%,2025,DST SBR01,social,sundhed,8.0
730,Randers,hospital_long,102.17,7.83,%,2025,DST SBR01,social,sundhed,8.0
760,Ringkøbing-Skjern,hospital_long,106.52,7.51,%,2025,DST SBR01,social,sundhed,8.0
430,Faaborg-Midtfyn,hospital_long,105.4,7.59,%,2025,DST SBR01,social,sundhed,8.0
320,Faxe,hospital_long,90.5,8.84,%,2025,DST SBR01,social,sundhed,8.0
169,Høje-Taastrup,hospital_long,91.64,8.73,%,2025,DST SBR01,social,sundhed,8.0
573,Varde,hospital_long,101.27,7.9,%,2025,DST SBR01,social,sundhed,8.0
621,Kolding,hospital_long,106.24,7.53,%,2025,DST SBR01,social,sundhed,8.0
420,Assens,hospital_long,99.01,8.08,%,2025,DST SBR01,social,sundhed,8.0
580,Aabenraa,hospital_long,92.27,8.67,%,2025,DST SBR01,social,sundhed,8.0
787,Thisted,hospital_long,90.81,8.81,%,2025,DST SBR01,social,sundhed,8.0
756,Ikast-Brande,hospital_long,104.99,7.62,%,2025,DST SBR01,social,sundhed,8.0
461,Odense,hospital_long,112.99,7.08,%,2025,DST SBR01,social,sundhed,8.0
779,Skive,hospital_long,92.81,8.62,%,2025,DST SBR01,social,sundhed,8.0
450,Nyborg,hospital_long,99.01,8.08,%,2025,DST SBR01,social,sundhed,8.0
846,Mariagerfjord,hospital_long,90.4,8.85,%,2025,DST SBR01,social,sundhed,8.0
820,Vesthimmerlands,hospital_long,91.01,8.79,%,2025,DST SBR01,social,sundhed,8.0
540,Sønderborg,hospital_long,92.27,8.67,%,2025,DST SBR01,social,sundhed,8.0
400,Bornholm,hospital_long,78.97,10.13,%,2025,DST SBR01,social,sundhed,8.0
510,Haderslev,hospital_long,92.49,8.65,%,2025,DST SBR01,social,sundhed,8.0
671,Struer,hospital_long,96.74,8.27,%,2025,DST SBR01,social,sundhed,8.0
665,Lemvig,hospital_long,94.23,8.49,%,2025,DST SBR01,social,sundhed,8.0
707,Norddjurs,hospital_long,99.26,8.06,%,2025,DST SBR01,social,sundhed,8.0
330,Slagelse,hospital_long,83.07,9.63,%,2025,DST SBR01,social,sundhed,8.0
306,Odsherred,hospital_long,77.59,10.31,%,2025,DST SBR01,social,sundhed,8.0
575,Vejen,hospital_long,102.3,7.82,%,2025,DST SBR01,social,sundhed,8.0
376,Guldborgsund,hospital_long,75.83,10.55,%,2025,DST SBR01,social,sundhed,8.0
849,Jammerbugt,hospital_long,87.91,9.1,%,2025,DST SBR01,social,sundhed,8.0
326,Kalundborg,hospital_long,87.82,9.11,%,2025,DST SBR01,social,sundhed,8.0
390,Vordingborg,hospital_long,78.43,10.2,%,2025,DST SBR01,social,sundhed,8.0
550,Tønder,hospital_long,91.53,8.74,%,2025,DST SBR01,social,sundhed,8.0
360,Lolland,hospital_long,74.14,10.79,%,2025,DST SBR01,social,sundhed,8.0
741,Samsø,hospital_long,72.73,11.0,%,2025,DST SBR01,social,sundhed,8.0
482,Langeland,hospital_long,85.84,9.32,%,2025,DST SBR01,social,sundhed,8.0
201,Allerød,hjemsyg,150.0,15.96,pr. 1.000 indb.,2025,DST HJEMSYG,social,sundhed,25.39
153,Brøndby,hjemsyg,120.39,21.09,pr. 1.000 indb.,2025,DST HJEMSYG,social,sundhed,25.39
175,Rødovre,hjemsyg,115.41,22.0,pr. 1.000 indb.,2025,DST HJEMSYG,social,sundhed,25.39
155,Dragør,hjemsyg,95.31,26.64,pr. 1.000 indb.,2025,DST HJEMSYG,social,sundhed,25.39
190,Furesø,hjemsyg,139.74,18.17,pr. 1.000 indb.,2025,DST HJEMSYG,social,sundhed,25.39
167,Hvidovre,hjemsyg,128.62,19.74,pr. 1.000 indb.,2025,DST HJEMSYG,social,sundhed,25.39
230,Rudersdal,hjemsyg,122.95,20.65,pr. 1.000 indb.,2025,DST HJEMSYG,social,sundhed,25.39
746,Skanderborg,hjemsyg,119.54,21.24,pr. 1.000 indb.,2025,DST HJEMSYG,social,sundhed,25.39
269,Solrød,hjemsyg,122.89,20.66,pr. 1.000 indb.,2025,DST HJEMSYG,social,sundhed,25.39
265,Roskilde,hjemsyg,112.44,22.58,pr. 1.000 indb.,2025,DST HJEMSYG,social,sundhed,25.39
240,Egedal,hjemsyg,119.15,21.31,pr. 1.000 indb.,2025,DST HJEMSYG,social,sundhed,25.39
151,Ballerup,hjemsyg,91.13,27.86,pr. 1.000 indb.,2025,DST HJEMSYG,social,sundhed,25.39
223,Hørsholm,hjemsyg,86.36,29.4,pr. 1.000 indb.,2025,DST HJEMSYG,social,sundhed,25.39
185,Tårnby,hjemsyg,112.79,22.51,pr. 1.000 indb.,2025,DST HJEMSYG,social,sundhed,25.39
157,Gentofte,hjemsyg,150.0,16.49,pr. 1.000 indb.,2025,DST HJEMSYG,social,sundhed,25.39
350,Lejre,hjemsyg,116.68,21.76,pr. 1.000 indb.,2025,DST HJEMSYG,social,sundhed,25.39
163,Herlev,hjemsyg,129.41,19.62,pr. 1.000 indb.,2025,DST HJEMSYG,social,sundhed,25.39
173,Lyngby-Taarbæk,hjemsyg,135.78,18.7,pr. 1.000 indb.,2025,DST HJEMSYG,social,sundhed,25.39
210,Fredensborg,hjemsyg,124.71,20.36,pr. 1.000 indb.,2025,DST HJEMSYG,social,sundhed,25.39
183,Ishøj,hjemsyg,125.26,20.27,pr. 1.000 indb.,2025,DST HJEMSYG,social,sundhed,25.39
710,Favrskov,hjemsyg,118.7,21.39,pr. 1.000 indb.,2025,DST HJEMSYG,social,sundhed,25.39
530,Billund,hjemsyg,73.38,34.6,pr. 1.000 indb.,2025,DST HJEMSYG,social,sundhed,25.39
840,Rebild,hjemsyg,71.89,35.32,pr. 1.000 indb.,2025,DST HJEMSYG,social,sundhed,25.39
187,Vallensbæk,hjemsyg,122.42,20.74,pr. 1.000 indb.,2025,DST HJEMSYG,social,sundhed,25.39
253,Greve,hjemsyg,97.35,26.08,pr. 1.000 indb.,2025,DST HJEMSYG,social,sundhed,25.39
147,Frederiksberg,hjemsyg,143.12,17.74,pr. 1.000 indb.,2025,DST HJEMSYG,social,sundhed,25.39
259,Køge,hjemsyg,109.11,23.27,pr. 1.000 indb.,2025,DST HJEMSYG,social,sundhed,25.39
159,Gladsaxe,hjemsyg,118.31,21.46,pr. 1.000 indb.,2025,DST HJEMSYG,social,sundhed,25.39
217,Helsingør,hjemsyg,95.56,26.57,pr. 1.000 indb.,2025,DST HJEMSYG,social,sundhed,25.39
250,Frederikssund,hjemsyg,87.46,29.03,pr. 1.000 indb.,2025,DST HJEMSYG,social,sundhed,25.39
661,Holstebro,hjemsyg,89.75,28.29,pr. 1.000 indb.,2025,DST HJEMSYG,social,sundhed,25.39
825,Læsø,hjemsyg,42.37,59.92,pr. 1.000 indb.,2025,DST HJEMSYG,social,sundhed,25.39
657,Herning,hjemsyg,79.1,32.1,pr. 1.000 indb.,2025,DST HJEMSYG,social,sundhed,25.39
260,Halsnæs,hjemsyg,87.76,28.93,pr. 1.000 indb.,2025,DST HJEMSYG,social,sundhed,25.39
773,Morsø,hjemsyg,67.06,37.86,pr. 1.000 indb.,2025,DST HJEMSYG,social,sundhed,25.39
219,Hillerød,hjemsyg,134.69,18.85,pr. 1.000 indb.,2025,DST HJEMSYG,social,sundhed,25.39
340,Sorø,hjemsyg,107.31,23.66,pr. 1.000 indb.,2025,DST HJEMSYG,social,sundhed,25.39
492,Ærø,hjemsyg,63.27,40.13,pr. 1.000 indb.,2025,DST HJEMSYG,social,sundhed,25.39
561,Esbjerg,hjemsyg,78.83,32.21,pr. 1.000 indb.,2025,DST HJEMSYG,social,sundhed,25.39
740,Silkeborg,hjemsyg,104.23,24.36,pr. 1.000 indb.,2025,DST HJEMSYG,social,sundhed,25.39
615,Horsens,hjemsyg,92.46,27.46,pr. 1.000 indb.,2025,DST HJEMSYG,social,sundhed,25.39
563,Fanø,hjemsyg,57.26,44.34,pr. 1.000 indb.,2025,DST HJEMSYG,social,sundhed,25.39
316,Holbæk,hjemsyg,84.02,30.22,pr. 1.000 indb.,2025,DST HJEMSYG,social,sundhed,25.39
766,Hedensted,hjemsyg,85.57,29.67,pr. 1.000 indb.,2025,DST HJEMSYG,social,sundhed,25.39
607,Fredericia,hjemsyg,81.85,31.02,pr. 1.000 indb.,2025,DST HJEMSYG,social,sundhed,25.39
410,Middelfart,hjemsyg,80.48,31.55,pr. 1.000 indb.,2025,DST HJEMSYG,social,sundhed,25.39
329,Ringsted,hjemsyg,112.2,22.63,pr. 1.000 indb.,2025,DST HJEMSYG,social,sundhed,25.39
370,Næstved,hjemsyg,102.21,24.84,pr. 1.000 indb.,2025,DST HJEMSYG,social,sundhed,25.39
851,Aalborg,hjemsyg,100.87,25.17,pr. 1.000 indb.,2025,DST HJEMSYG,social,sundhed,25.39
810,Brønderslev,hjemsyg,85.26,29.78,pr. 1.000 indb.,2025,DST HJEMSYG,social,sundhed,25.39
727,Odder,hjemsyg,88.75,28.61,pr. 1.000 indb.,2025,DST HJEMSYG,social,sundhed,25.39
336,Stevns,hjemsyg,71.7,35.41,pr. 1.000 indb.,2025,DST HJEMSYG,social,sundhed,25.39
751,Aarhus,hjemsyg,150.0,14.95,pr. 1.000 indb.,2025,DST HJEMSYG,social,sundhed,25.39
813,Frederikshavn,hjemsyg,67.54,37.59,pr. 1.000 indb.,2025,DST HJEMSYG,social,sundhed,25.39
161,Glostrup,hjemsyg,113.96,22.28,pr. 1.000 indb.,2025,DST HJEMSYG,social,sundhed,25.39
270,Gribskov,hjemsyg,106.01,23.95,pr. 1.000 indb.,2025,DST HJEMSYG,social,sundhed,25.39
860,Hjørring,hjemsyg,76.34,33.26,pr. 1.000 indb.,2025,DST HJEMSYG,social,sundhed,25.39
165,Albertslund,hjemsyg,101.97,24.9,pr. 1.000 indb.,2025,DST HJEMSYG,social,sundhed,25.39
479,Svendborg,hjemsyg,80.86,31.4,pr. 1.000 indb.,2025,DST HJEMSYG,social,sundhed,25.39
791,Viborg,hjemsyg,78.83,32.21,pr. 1.000 indb.,2025,DST HJEMSYG,social,sundhed,25.39
480,Nordfyns,hjemsyg,73.32,34.63,pr. 1.000 indb.,2025,DST HJEMSYG,social,sundhed,25.39
706,Syddjurs,hjemsyg,90.39,28.09,pr. 1.000 indb.,2025,DST HJEMSYG,social,sundhed,25.39
440,Kerteminde,hjemsyg,85.03,29.86,pr. 1.000 indb.,2025,DST HJEMSYG,social,sundhed,25.39
630,Vejle,hjemsyg,90.94,27.92,pr. 1.000 indb.,2025,DST HJEMSYG,social,sundhed,25.39
101,København,hjemsyg,150.0,10.92,pr. 1.000 indb.,2025,DST HJEMSYG,social,sundhed,25.39
730,Randers,hjemsyg,99.06,25.63,pr. 1.000 indb.,2025,DST HJEMSYG,social,sundhed,25.39
760,Ringkøbing-Skjern,hjemsyg,98.95,25.66,pr. 1.000 indb.,2025,DST HJEMSYG,social,sundhed,25.39
430,Faaborg-Midtfyn,hjemsyg,77.72,32.67,pr. 1.000 indb.,2025,DST HJEMSYG,social,sundhed,25.39
320,Faxe,hjemsyg,79.37,31.99,pr. 1.000 indb.,2025,DST HJEMSYG,social,sundhed,25.39
169,Høje-Taastrup,hjemsyg,131.21,19.35,pr. 1.000 indb.,2025,DST HJEMSYG,social,sundhed,25.39
573,Varde,hjemsyg,75.52,33.62,pr. 1.000 indb.,2025,DST HJEMSYG,social,sundhed,25.39
621,Kolding,hjemsyg,96.54,26.3,pr. 1.000 indb.,2025,DST HJEMSYG,social,sundhed,25.39
420,Assens,hjemsyg,82.41,30.81,pr. 1.000 indb.,2025,DST HJEMSYG,social,sundhed,25.39
580,Aabenraa,hjemsyg,74.09,34.27,pr. 1.000 indb.,2025,DST HJEMSYG,social,sundhed,25.39
787,Thisted,hjemsyg,62.28,40.77,pr. 1.000 indb.,2025,DST HJEMSYG,social,sundhed,25.39
756,Ikast-Brande,hjemsyg,103.3,24.58,pr. 1.000 indb.,2025,DST HJEMSYG,social,sundhed,25.39
461,Odense,hjemsyg,99.73,25.46,pr. 1.000 indb.,2025,DST HJEMSYG,social,sundhed,25.39
779,Skive,hjemsyg,81.51,31.15,pr. 1.000 indb.,2025,DST HJEMSYG,social,sundhed,25.39
450,Nyborg,hjemsyg,63.14,40.21,pr. 1.000 indb.,2025,DST HJEMSYG,social,sundhed,25.39
846,Mariagerfjord,hjemsyg,63.44,40.02,pr. 1.000 indb.,2025,DST HJEMSYG,social,sundhed,25.39
820,Vesthimmerlands,hjemsyg,61.57,41.24,pr. 1.000 indb.,2025,DST HJEMSYG,social,sundhed,25.39
540,Sønderborg,hjemsyg,63.29,40.12,pr. 1.000 indb.,2025,DST HJEMSYG,social,sundhed,25.39
400,Bornholm,hjemsyg,60.32,42.09,pr. 1.000 indb.,2025,DST HJEMSYG,social,sundhed,25.39
510,Haderslev,hjemsyg,80.81,31.42,pr. 1.000 indb.,2025,DST HJEMSYG,social,sundhed,25.39
671,Struer,hjemsyg,63.57,39.94,pr. 1.000 indb.,2025,DST HJEMSYG,social,sundhed,25.39
665,Lemvig,hjemsyg,60.5,41.97,pr. 1.000 indb.,2025,DST HJEMSYG,social,sundhed,25.39
707,Norddjurs,hjemsyg,65.86,38.55,pr. 1.000 indb.,2025,DST HJEMSYG,social,sundhed,25.39
330,Slagelse,hjemsyg,79.72,31.85,pr. 1.000 indb.,2025,DST HJEMSYG,social,sundhed,25.39
306,Odsherred,hjemsyg,53.98,47.04,pr. 1.000 indb.,2025,DST HJEMSYG,social,sundhed,25.39
575,Vejen,hjemsyg,83.8,30.3,pr. 1.000 indb.,2025,DST HJEMSYG,social,sundhed,25.39
376,Guldborgsund,hjemsyg,74.96,33.87,pr. 1.000 indb.,2025,DST HJEMSYG,social,sundhed,25.39
849,Jammerbugt,hjemsyg,84.02,30.22,pr. 1.000 indb.,2025,DST HJEMSYG,social,sundhed,25.39
326,Kalundborg,hjemsyg,71.5,35.51,pr. 1.000 indb.,2025,DST HJEMSYG,social,sundhed,25.39
390,Vordingborg,hjemsyg,64.31,39.48,pr. 1.000 indb.,2025,DST HJEMSYG,social,sundhed,25.39
550,Tønder,hjemsyg,58.27,43.57,pr. 1.000 indb.,2025,DST HJEMSYG,social,sundhed,25.39
360,Lolland,hjemsyg,72.46,35.04,pr. 1.000 indb.,2025,DST HJEMSYG,social,sundhed,25.39
741,Samsø,hjemsyg,47.12,53.88,pr. 1.000 indb.,2025,DST HJEMSYG,social,sundhed,25.39
482,Langeland,hjemsyg,46.41,54.71,pr. 1.000 indb.,2025,DST HJEMSYG,social,sundhed,25.39
201,Allerød,wellbeing,103.41,3.7,score (1-5),2026,UVM GS/TRIV/TRIVIND,social,uddannelse,3.577895
153,Brøndby,wellbeing,99.5,3.56,score (1-5),2026,UVM GS/TRIV/TRIVIND,social,uddannelse,3.577895
175,Rødovre,wellbeing,100.06,3.58,score (1-5),2026,UVM GS/TRIV/TRIVIND,social,uddannelse,3.577895
155,Dragør,wellbeing,103.41,3.7,score (1-5),2026,UVM GS/TRIV/TRIVIND,social,uddannelse,3.577895
190,Furesø,wellbeing,102.85,3.68,score (1-5),2026,UVM GS/TRIV/TRIVIND,social,uddannelse,3.577895
167,Hvidovre,wellbeing,100.62,3.6,score (1-5),2026,UVM GS/TRIV/TRIVIND,social,uddannelse,3.577895
230,Rudersdal,wellbeing,102.85,3.68,score (1-5),2026,UVM GS/TRIV/TRIVIND,social,uddannelse,3.577895
746,Skanderborg,wellbeing,102.29,3.66,score (1-5),2026,UVM GS/TRIV/TRIVIND,social,uddannelse,3.577895
269,Solrød,wellbeing,101.74,3.64,score (1-5),2026,UVM GS/TRIV/TRIVIND,social,uddannelse,3.577895
265,Roskilde,wellbeing,99.5,3.56,score (1-5),2026,UVM GS/TRIV/TRIVIND,social,uddannelse,3.577895
240,Egedal,wellbeing,97.82,3.5,score (1-5),2026,UVM GS/TRIV/TRIVIND,social,uddannelse,3.577895
151,Ballerup,wellbeing,100.62,3.6,score (1-5),2026,UVM GS/TRIV/TRIVIND,social,uddannelse,3.577895
223,Hørsholm,wellbeing,103.97,3.72,score (1-5),2026,UVM GS/TRIV/TRIVIND,social,uddannelse,3.577895
185,Tårnby,wellbeing,99.5,3.56,score (1-5),2026,UVM GS/TRIV/TRIVIND,social,uddannelse,3.577895
350,Lejre,wellbeing,98.38,3.52,score (1-5),2026,UVM GS/TRIV/TRIVIND,social,uddannelse,3.577895
163,Herlev,wellbeing,97.82,3.5,score (1-5),2026,UVM GS/TRIV/TRIVIND,social,uddannelse,3.577895
173,Lyngby-Taarbæk,wellbeing,103.97,3.72,score (1-5),2026,UVM GS/TRIV/TRIVIND,social,uddannelse,3.577895
210,Fredensborg,wellbeing,100.06,3.58,score (1-5),2026,UVM GS/TRIV/TRIVIND,social,uddannelse,3.577895
183,Ishøj,wellbeing,100.06,3.58,score (1-5),2026,UVM GS/TRIV/TRIVIND,social,uddannelse,3.577895
710,Favrskov,wellbeing,101.18,3.62,score (1-5),2026,UVM GS/TRIV/TRIVIND,social,uddannelse,3.577895
530,Billund,wellbeing,97.26,3.48,score (1-5),2026,UVM GS/TRIV/TRIVIND,social,uddannelse,3.577895
840,Rebild,wellbeing,100.62,3.6,score (1-5),2026,UVM GS/TRIV/TRIVIND,social,uddannelse,3.577895
187,Vallensbæk,wellbeing,100.62,3.6,score (1-5),2026,UVM GS/TRIV/TRIVIND,social,uddannelse,3.577895
253,Greve,wellbeing,100.06,3.58,score (1-5),2026,UVM GS/TRIV/TRIVIND,social,uddannelse,3.577895
147,Frederiksberg,wellbeing,101.74,3.64,score (1-5),2026,UVM GS/TRIV/TRIVIND,social,uddannelse,3.577895
259,Køge,wellbeing,100.62,3.6,score (1-5),2026,UVM GS/TRIV/TRIVIND,social,uddannelse,3.577895
217,Helsingør,wellbeing,100.62,3.6,score (1-5),2026,UVM GS/TRIV/TRIVIND,social,uddannelse,3.577895
250,Frederikssund,wellbeing,99.5,3.56,score (1-5),2026,UVM GS/TRIV/TRIVIND,social,uddannelse,3.577895
661,Holstebro,wellbeing,101.74,3.64,score (1-5),2026,UVM GS/TRIV/TRIVIND,social,uddannelse,3.577895
825,Læsø,wellbeing,98.94,3.54,score (1-5),2026,UVM GS/TRIV/TRIVIND,social,uddannelse,3.577895
657,Herning,wellbeing,102.85,3.68,score (1-5),2026,UVM GS/TRIV/TRIVIND,social,uddannelse,3.577895
260,Halsnæs,wellbeing,97.26,3.48,score (1-5),2026,UVM GS/TRIV/TRIVIND,social,uddannelse,3.577895
773,Morsø,wellbeing,98.38,3.52,score (1-5),2026,UVM GS/TRIV/TRIVIND,social,uddannelse,3.577895
219,Hillerød,wellbeing,100.06,3.58,score (1-5),2026,UVM GS/TRIV/TRIVIND,social,uddannelse,3.577895
340,Sorø,wellbeing,100.06,3.58,score (1-5),2026,UVM GS/TRIV/TRIVIND,social,uddannelse,3.577895
492,Ærø,wellbeing,95.03,3.4,score (1-5),2026,UVM GS/TRIV/TRIVIND,social,uddannelse,3.577895
561,Esbjerg,wellbeing,100.62,3.6,score (1-5),2026,UVM GS/TRIV/TRIVIND,social,uddannelse,3.577895
740,Silkeborg,wellbeing,100.62,3.6,score (1-5),2026,UVM GS/TRIV/TRIVIND,social,uddannelse,3.577895
615,Horsens,wellbeing,100.06,3.58,score (1-5),2026,UVM GS/TRIV/TRIVIND,social,uddannelse,3.577895
563,Fanø,wellbeing,97.26,3.48,score (1-5),2026,UVM GS/TRIV/TRIVIND,social,uddannelse,3.577895
316,Holbæk,wellbeing,97.26,3.48,score (1-5),2026,UVM GS/TRIV/TRIVIND,social,uddannelse,3.577895
766,Hedensted,wellbeing,101.18,3.62,score (1-5),2026,UVM GS/TRIV/TRIVIND,social,uddannelse,3.577895
607,Fredericia,wellbeing,99.5,3.56,score (1-5),2026,UVM GS/TRIV/TRIVIND,social,uddannelse,3.577895
410,Middelfart,wellbeing,101.74,3.64,score (1-5),2026,UVM GS/TRIV/TRIVIND,social,uddannelse,3.577895
329,Ringsted,wellbeing,100.62,3.6,score (1-5),2026,UVM GS/TRIV/TRIVIND,social,uddannelse,3.577895
370,Næstved,wellbeing,99.5,3.56,score (1-5),2026,UVM GS/TRIV/TRIVIND,social,uddannelse,3.577895
851,Aalborg,wellbeing,100.62,3.6,score (1-5),2026,UVM GS/TRIV/TRIVIND,social,uddannelse,3.577895
810,Brønderslev,wellbeing,101.18,3.62,score (1-5),2026,UVM GS/TRIV/TRIVIND,social,uddannelse,3.577895
727,Odder,wellbeing,98.94,3.54,score (1-5),2026,UVM GS/TRIV/TRIVIND,social,uddannelse,3.577895
336,Stevns,wellbeing,97.82,3.5,score (1-5),2026,UVM GS/TRIV/TRIVIND,social,uddannelse,3.577895
751,Aarhus,wellbeing,102.29,3.66,score (1-5),2026,UVM GS/TRIV/TRIVIND,social,uddannelse,3.577895
813,Frederikshavn,wellbeing,98.94,3.54,score (1-5),2026,UVM GS/TRIV/TRIVIND,social,uddannelse,3.577895
161,Glostrup,wellbeing,97.82,3.5,score (1-5),2026,UVM GS/TRIV/TRIVIND,social,uddannelse,3.577895
270,Gribskov,wellbeing,96.15,3.44,score (1-5),2026,UVM GS/TRIV/TRIVIND,social,uddannelse,3.577895
860,Hjørring,wellbeing,101.18,3.62,score (1-5),2026,UVM GS/TRIV/TRIVIND,social,uddannelse,3.577895
165,Albertslund,wellbeing,99.5,3.56,score (1-5),2026,UVM GS/TRIV/TRIVIND,social,uddannelse,3.577895
479,Svendborg,wellbeing,100.62,3.6,score (1-5),2026,UVM GS/TRIV/TRIVIND,social,uddannelse,3.577895
791,Viborg,wellbeing,100.62,3.6,score (1-5),2026,UVM GS/TRIV/TRIVIND,social,uddannelse,3.577895
480,Nordfyns,wellbeing,101.18,3.62,score (1-5),2026,UVM GS/TRIV/TRIVIND,social,uddannelse,3.577895
706,Syddjurs,wellbeing,98.38,3.52,score (1-5),2026,UVM GS/TRIV/TRIVIND,social,uddannelse,3.577895
440,Kerteminde,wellbeing,100.06,3.58,score (1-5),2026,UVM GS/TRIV/TRIVIND,social,uddannelse,3.577895
630,Vejle,wellbeing,100.62,3.6,score (1-5),2026,UVM GS/TRIV/TRIVIND,social,uddannelse,3.577895
730,Randers,wellbeing,100.62,3.6,score (1-5),2026,UVM GS/TRIV/TRIVIND,social,uddannelse,3.577895
760,Ringkøbing-Skjern,wellbeing,103.41,3.7,score (1-5),2026,UVM GS/TRIV/TRIVIND,social,uddannelse,3.577895
430,Faaborg-Midtfyn,wellbeing,97.82,3.5,score (1-5),2026,UVM GS/TRIV/TRIVIND,social,uddannelse,3.577895
320,Faxe,wellbeing,95.03,3.4,score (1-5),2026,UVM GS/TRIV/TRIVIND,social,uddannelse,3.577895
169,Høje-Taastrup,wellbeing,98.94,3.54,score (1-5),2026,UVM GS/TRIV/TRIVIND,social,uddannelse,3.577895
573,Varde,wellbeing,98.94,3.54,score (1-5),2026,UVM GS/TRIV/TRIVIND,social,uddannelse,3.577895
621,Kolding,wellbeing,101.74,3.64,score (1-5),2026,UVM GS/TRIV/TRIVIND,social,uddannelse,3.577895
420,Assens,wellbeing,99.5,3.56,score (1-5),2026,UVM GS/TRIV/TRIVIND,social,uddannelse,3.577895
580,Aabenraa,wellbeing,99.5,3.56,score (1-5),2026,UVM GS/TRIV/TRIVIND,social,uddannelse,3.577895
787,Thisted,wellbeing,100.06,3.58,score (1-5),2026,UVM GS/TRIV/TRIVIND,social,uddannelse,3.577895
756,Ikast-Brande,wellbeing,102.29,3.66,score (1-5),2026,UVM GS/TRIV/TRIVIND,social,uddannelse,3.577895
461,Odense,wellbeing,101.74,3.64,score (1-5),2026,UVM GS/TRIV/TRIVIND,social,uddannelse,3.577895
779,Skive,wellbeing,100.62,3.6,score (1-5),2026,UVM GS/TRIV/TRIVIND,social,uddannelse,3.577895
450,Nyborg,wellbeing,100.06,3.58,score (1-5),2026,UVM GS/TRIV/TRIVIND,social,uddannelse,3.577895
846,Mariagerfjord,wellbeing,101.74,3.64,score (1-5),2026,UVM GS/TRIV/TRIVIND,social,uddannelse,3.577895
820,Vesthimmerlands,wellbeing,100.62,3.6,score (1-5),2026,UVM GS/TRIV/TRIVIND,social,uddannelse,3.577895
540,Sønderborg,wellbeing,101.74,3.64,score (1-5),2026,UVM GS/TRIV/TRIVIND,social,uddannelse,3.577895
400,Bornholm,wellbeing,97.82,3.5,score (1-5),2026,UVM GS/TRIV/TRIVIND,social,uddannelse,3.577895
510,Haderslev,wellbeing,101.18,3.62,score (1-5),2026,UVM GS/TRIV/TRIVIND,social,uddannelse,3.577895
671,Struer,wellbeing,101.74,3.64,score (1-5),2026,UVM GS/TRIV/TRIVIND,social,uddannelse,3.577895
665,Lemvig,wellbeing,101.18,3.62,score (1-5),2026,UVM GS/TRIV/TRIVIND,social,uddannelse,3.577895
707,Norddjurs,wellbeing,97.26,3.48,score (1-5),2026,UVM GS/TRIV/TRIVIND,social,uddannelse,3.577895
330,Slagelse,wellbeing,99.5,3.56,score (1-5),2026,UVM GS/TRIV/TRIVIND,social,uddannelse,3.577895
306,Odsherred,wellbeing,97.26,3.48,score (1-5),2026,UVM GS/TRIV/TRIVIND,social,uddannelse,3.577895
575,Vejen,wellbeing,98.94,3.54,score (1-5),2026,UVM GS/TRIV/TRIVIND,social,uddannelse,3.577895
376,Guldborgsund,wellbeing,99.5,3.56,score (1-5),2026,UVM GS/TRIV/TRIVIND,social,uddannelse,3.577895
849,Jammerbugt,wellbeing,100.62,3.6,score (1-5),2026,UVM GS/TRIV/TRIVIND,social,uddannelse,3.577895
326,Kalundborg,wellbeing,98.38,3.52,score (1-5),2026,UVM GS/TRIV/TRIVIND,social,uddannelse,3.577895
390,Vordingborg,wellbeing,99.5,3.56,score (1-5),2026,UVM GS/TRIV/TRIVIND,social,uddannelse,3.577895
550,Tønder,wellbeing,99.5,3.56,score (1-5),2026,UVM GS/TRIV/TRIVIND,social,uddannelse,3.577895
360,Lolland,wellbeing,97.82,3.5,score (1-5),2026,UVM GS/TRIV/TRIVIND,social,uddannelse,3.577895
741,Samsø,wellbeing,98.38,3.52,score (1-5),2026,UVM GS/TRIV/TRIVIND,social,uddannelse,3.577895
482,Langeland,wellbeing,97.82,3.5,score (1-5),2026,UVM GS/TRIV/TRIVIND,social,uddannelse,3.577895
201,Allerød,rygning,150.0,5.1,%,2025,Sundhedsprofilen 2025,social,sundhed,10.47
153,Brøndby,rygning,66.69,15.7,%,2025,Sundhedsprofilen 2025,social,sundhed,10.47
175,Rødovre,rygning,111.38,9.4,%,2025,Sundhedsprofilen 2025,social,sundhed,10.47
155,Dragør,rygning,129.26,8.1,%,2025,Sundhedsprofilen 2025,social,sundhed,10.47
190,Furesø,rygning,149.57,7.0,%,2025,Sundhedsprofilen 2025,social,sundhed,10.47
167,Hvidovre,rygning,91.84,11.4,%,2025,Sundhedsprofilen 2025,social,sundhed,10.47
230,Rudersdal,rygning,150.0,5.3,%,2025,Sundhedsprofilen 2025,social,sundhed,10.47
746,Skanderborg,rygning,120.34,8.7,%,2025,Sundhedsprofilen 2025,social,sundhed,10.47
269,Solrød,rygning,118.98,8.8,%,2025,Sundhedsprofilen 2025,social,sundhed,10.47
265,Roskilde,rygning,129.26,8.1,%,2025,Sundhedsprofilen 2025,social,sundhed,10.47
240,Egedal,rygning,141.49,7.4,%,2025,Sundhedsprofilen 2025,social,sundhed,10.47
151,Ballerup,rygning,123.18,8.5,%,2025,Sundhedsprofilen 2025,social,sundhed,10.47
223,Hørsholm,rygning,150.0,6.8,%,2025,Sundhedsprofilen 2025,social,sundhed,10.47
185,Tårnby,rygning,97.85,10.7,%,2025,Sundhedsprofilen 2025,social,sundhed,10.47
157,Gentofte,rygning,150.0,6.1,%,2025,Sundhedsprofilen 2025,social,sundhed,10.47
350,Lejre,rygning,103.66,10.1,%,2025,Sundhedsprofilen 2025,social,sundhed,10.47
163,Herlev,rygning,94.32,11.1,%,2025,Sundhedsprofilen 2025,social,sundhed,10.47
173,Lyngby-Taarbæk,rygning,150.0,5.1,%,2025,Sundhedsprofilen 2025,social,sundhed,10.47
210,Fredensborg,rygning,130.88,8.0,%,2025,Sundhedsprofilen 2025,social,sundhed,10.47
183,Ishøj,rygning,60.17,17.4,%,2025,Sundhedsprofilen 2025,social,sundhed,10.47
710,Favrskov,rygning,113.8,9.2,%,2025,Sundhedsprofilen 2025,social,sundhed,10.47
530,Billund,rygning,100.67,10.4,%,2025,Sundhedsprofilen 2025,social,sundhed,10.47
840,Rebild,rygning,130.88,8.0,%,2025,Sundhedsprofilen 2025,social,sundhed,10.47
187,Vallensbæk,rygning,112.58,9.3,%,2025,Sundhedsprofilen 2025,social,sundhed,10.47
253,Greve,rygning,105.76,9.9,%,2025,Sundhedsprofilen 2025,social,sundhed,10.47
147,Frederiksberg,rygning,116.33,9.0,%,2025,Sundhedsprofilen 2025,social,sundhed,10.47
259,Køge,rygning,97.85,10.7,%,2025,Sundhedsprofilen 2025,social,sundhed,10.47
159,Gladsaxe,rygning,111.38,9.4,%,2025,Sundhedsprofilen 2025,social,sundhed,10.47
217,Helsingør,rygning,98.77,10.6,%,2025,Sundhedsprofilen 2025,social,sundhed,10.47
250,Frederikssund,rygning,93.48,11.2,%,2025,Sundhedsprofilen 2025,social,sundhed,10.47
661,Holstebro,rygning,106.84,9.8,%,2025,Sundhedsprofilen 2025,social,sundhed,10.47
825,Læsø,rygning,121.74,8.6,%,2025,Sundhedsprofilen 2025,social,sundhed,10.47
657,Herning,rygning,117.64,8.9,%,2025,Sundhedsprofilen 2025,social,sundhed,10.47
260,Halsnæs,rygning,74.79,14.0,%,2025,Sundhedsprofilen 2025,social,sundhed,10.47
773,Morsø,rygning,79.32,13.2,%,2025,Sundhedsprofilen 2025,social,sundhed,10.47
219,Hillerød,rygning,135.97,7.7,%,2025,Sundhedsprofilen 2025,social,sundhed,10.47
340,Sorø,rygning,80.54,13.0,%,2025,Sundhedsprofilen 2025,social,sundhed,10.47
492,Ærø,rygning,83.76,12.5,%,2025,Sundhedsprofilen 2025,social,sundhed,10.47
561,Esbjerg,rygning,79.32,13.2,%,2025,Sundhedsprofilen 2025,social,sundhed,10.47
740,Silkeborg,rygning,118.98,8.8,%,2025,Sundhedsprofilen 2025,social,sundhed,10.47
615,Horsens,rygning,96.94,10.8,%,2025,Sundhedsprofilen 2025,social,sundhed,10.47
563,Fanø,rygning,93.48,11.2,%,2025,Sundhedsprofilen 2025,social,sundhed,10.47
316,Holbæk,rygning,81.16,12.9,%,2025,Sundhedsprofilen 2025,social,sundhed,10.47
766,Hedensted,rygning,99.71,10.5,%,2025,Sundhedsprofilen 2025,social,sundhed,10.47
607,Fredericia,rygning,83.76,12.5,%,2025,Sundhedsprofilen 2025,social,sundhed,10.47
410,Middelfart,rygning,104.7,10.0,%,2025,Sundhedsprofilen 2025,social,sundhed,10.47
329,Ringsted,rygning,86.53,12.1,%,2025,Sundhedsprofilen 2025,social,sundhed,10.47
370,Næstved,rygning,89.49,11.7,%,2025,Sundhedsprofilen 2025,social,sundhed,10.47
851,Aalborg,rygning,116.33,9.0,%,2025,Sundhedsprofilen 2025,social,sundhed,10.47
810,Brønderslev,rygning,115.05,9.1,%,2025,Sundhedsprofilen 2025,social,sundhed,10.47
727,Odder,rygning,93.48,11.2,%,2025,Sundhedsprofilen 2025,social,sundhed,10.47
336,Stevns,rygning,81.8,12.8,%,2025,Sundhedsprofilen 2025,social,sundhed,10.47
751,Aarhus,rygning,126.14,8.3,%,2025,Sundhedsprofilen 2025,social,sundhed,10.47
813,Frederikshavn,rygning,83.76,12.5,%,2025,Sundhedsprofilen 2025,social,sundhed,10.47
161,Glostrup,rygning,91.84,11.4,%,2025,Sundhedsprofilen 2025,social,sundhed,10.47
270,Gribskov,rygning,105.76,9.9,%,2025,Sundhedsprofilen 2025,social,sundhed,10.47
860,Hjørring,rygning,98.77,10.6,%,2025,Sundhedsprofilen 2025,social,sundhed,10.47
165,Albertslund,rygning,78.13,13.4,%,2025,Sundhedsprofilen 2025,social,sundhed,10.47
479,Svendborg,rygning,93.48,11.2,%,2025,Sundhedsprofilen 2025,social,sundhed,10.47
791,Viborg,rygning,96.94,10.8,%,2025,Sundhedsprofilen 2025,social,sundhed,10.47
480,Nordfyns,rygning,81.16,12.9,%,2025,Sundhedsprofilen 2025,social,sundhed,10.47
706,Syddjurs,rygning,89.49,11.7,%,2025,Sundhedsprofilen 2025,social,sundhed,10.47
440,Kerteminde,rygning,100.67,10.4,%,2025,Sundhedsprofilen 2025,social,sundhed,10.47
630,Vejle,rygning,113.8,9.2,%,2025,Sundhedsprofilen 2025,social,sundhed,10.47
101,København,rygning,98.77,10.6,%,2025,Sundhedsprofilen 2025,social,sundhed,10.47
730,Randers,rygning,96.06,10.9,%,2025,Sundhedsprofilen 2025,social,sundhed,10.47
760,Ringkøbing-Skjern,rygning,85.12,12.3,%,2025,Sundhedsprofilen 2025,social,sundhed,10.47
430,Faaborg-Midtfyn,rygning,79.92,13.1,%,2025,Sundhedsprofilen 2025,social,sundhed,10.47
320,Faxe,rygning,85.82,12.2,%,2025,Sundhedsprofilen 2025,social,sundhed,10.47
169,Høje-Taastrup,rygning,86.53,12.1,%,2025,Sundhedsprofilen 2025,social,sundhed,10.47
573,Varde,rygning,85.82,12.2,%,2025,Sundhedsprofilen 2025,social,sundhed,10.47
621,Kolding,rygning,112.58,9.3,%,2025,Sundhedsprofilen 2025,social,sundhed,10.47
420,Assens,rygning,86.53,12.1,%,2025,Sundhedsprofilen 2025,social,sundhed,10.47
580,Aabenraa,rygning,92.65,11.3,%,2025,Sundhedsprofilen 2025,social,sundhed,10.47
787,Thisted,rygning,87.98,11.9,%,2025,Sundhedsprofilen 2025,social,sundhed,10.47
756,Ikast-Brande,rygning,99.71,10.5,%,2025,Sundhedsprofilen 2025,social,sundhed,10.47
461,Odense,rygning,126.14,8.3,%,2025,Sundhedsprofilen 2025,social,sundhed,10.47
779,Skive,rygning,97.85,10.7,%,2025,Sundhedsprofilen 2025,social,sundhed,10.47
450,Nyborg,rygning,86.53,12.1,%,2025,Sundhedsprofilen 2025,social,sundhed,10.47
846,Mariagerfjord,rygning,100.67,10.4,%,2025,Sundhedsprofilen 2025,social,sundhed,10.47
820,Vesthimmerlands,rygning,86.53,12.1,%,2025,Sundhedsprofilen 2025,social,sundhed,10.47
540,Sønderborg,rygning,100.67,10.4,%,2025,Sundhedsprofilen 2025,social,sundhed,10.47
400,Bornholm,rygning,68.88,15.2,%,2025,Sundhedsprofilen 2025,social,sundhed,10.47
510,Haderslev,rygning,112.58,9.3,%,2025,Sundhedsprofilen 2025,social,sundhed,10.47
671,Struer,rygning,73.73,14.2,%,2025,Sundhedsprofilen 2025,social,sundhed,10.47
665,Lemvig,rygning,83.76,12.5,%,2025,Sundhedsprofilen 2025,social,sundhed,10.47
707,Norddjurs,rygning,71.22,14.7,%,2025,Sundhedsprofilen 2025,social,sundhed,10.47
330,Slagelse,rygning,78.13,13.4,%,2025,Sundhedsprofilen 2025,social,sundhed,10.47
306,Odsherred,rygning,73.22,14.3,%,2025,Sundhedsprofilen 2025,social,sundhed,10.47
575,Vejen,rygning,81.8,12.8,%,2025,Sundhedsprofilen 2025,social,sundhed,10.47
376,Guldborgsund,rygning,76.99,13.6,%,2025,Sundhedsprofilen 2025,social,sundhed,10.47
849,Jammerbugt,rygning,87.25,12.0,%,2025,Sundhedsprofilen 2025,social,sundhed,10.47
326,Kalundborg,rygning,73.73,14.2,%,2025,Sundhedsprofilen 2025,social,sundhed,10.47
390,Vordingborg,rygning,70.74,14.8,%,2025,Sundhedsprofilen 2025,social,sundhed,10.47
550,Tønder,rygning,72.71,14.4,%,2025,Sundhedsprofilen 2025,social,sundhed,10.47
360,Lolland,rygning,57.21,18.3,%,2025,Sundhedsprofilen 2025,social,sundhed,10.47
741,Samsø,rygning,100.67,10.4,%,2025,Sundhedsprofilen 2025,social,sundhed,10.47
482,Langeland,rygning,71.71,14.6,%,2025,Sundhedsprofilen 2025,social,sundhed,10.47
201,Allerød,alkohol,84.57,17.0,%,2025,Sundhedsprofilen 2025,social,sundhed,14.3765
153,Brøndby,alkohol,130.7,11.0,%,2025,Sundhedsprofilen 2025,social,sundhed,14.3765
175,Rødovre,alkohol,106.49,13.5,%,2025,Sundhedsprofilen 2025,social,sundhed,14.3765
155,Dragør,alkohol,70.47,20.4,%,2025,Sundhedsprofilen 2025,social,sundhed,14.3765
190,Furesø,alkohol,92.16,15.6,%,2025,Sundhedsprofilen 2025,social,sundhed,14.3765
167,Hvidovre,alkohol,123.94,11.6,%,2025,Sundhedsprofilen 2025,social,sundhed,14.3765
230,Rudersdal,alkohol,85.07,16.9,%,2025,Sundhedsprofilen 2025,social,sundhed,14.3765
746,Skanderborg,alkohol,109.74,13.1,%,2025,Sundhedsprofilen 2025,social,sundhed,14.3765
269,Solrød,alkohol,87.66,16.4,%,2025,Sundhedsprofilen 2025,social,sundhed,14.3765
265,Roskilde,alkohol,95.84,15.0,%,2025,Sundhedsprofilen 2025,social,sundhed,14.3765
240,Egedal,alkohol,108.91,13.2,%,2025,Sundhedsprofilen 2025,social,sundhed,14.3765
151,Ballerup,alkohol,114.1,12.6,%,2025,Sundhedsprofilen 2025,social,sundhed,14.3765
223,Hørsholm,alkohol,69.12,20.8,%,2025,Sundhedsprofilen 2025,social,sundhed,14.3765
185,Tårnby,alkohol,91.57,15.7,%,2025,Sundhedsprofilen 2025,social,sundhed,14.3765
157,Gentofte,alkohol,71.88,20.0,%,2025,Sundhedsprofilen 2025,social,sundhed,14.3765
350,Lejre,alkohol,93.96,15.3,%,2025,Sundhedsprofilen 2025,social,sundhed,14.3765
163,Herlev,alkohol,115.01,12.5,%,2025,Sundhedsprofilen 2025,social,sundhed,14.3765
173,Lyngby-Taarbæk,alkohol,92.75,15.5,%,2025,Sundhedsprofilen 2025,social,sundhed,14.3765
210,Fredensborg,alkohol,89.85,16.0,%,2025,Sundhedsprofilen 2025,social,sundhed,14.3765
183,Ishøj,alkohol,135.63,10.6,%,2025,Sundhedsprofilen 2025,social,sundhed,14.3765
710,Favrskov,alkohol,109.74,13.1,%,2025,Sundhedsprofilen 2025,social,sundhed,14.3765
530,Billund,alkohol,99.84,14.4,%,2025,Sundhedsprofilen 2025,social,sundhed,14.3765
840,Rebild,alkohol,135.63,10.6,%,2025,Sundhedsprofilen 2025,social,sundhed,14.3765
187,Vallensbæk,alkohol,125.01,11.5,%,2025,Sundhedsprofilen 2025,social,sundhed,14.3765
253,Greve,alkohol,104.94,13.7,%,2025,Sundhedsprofilen 2025,social,sundhed,14.3765
147,Frederiksberg,alkohol,78.99,18.2,%,2025,Sundhedsprofilen 2025,social,sundhed,14.3765
259,Køge,alkohol,109.74,13.1,%,2025,Sundhedsprofilen 2025,social,sundhed,14.3765
159,Gladsaxe,alkohol,106.49,13.5,%,2025,Sundhedsprofilen 2025,social,sundhed,14.3765
217,Helsingør,alkohol,78.56,18.3,%,2025,Sundhedsprofilen 2025,social,sundhed,14.3765
250,Frederikssund,alkohol,84.07,17.1,%,2025,Sundhedsprofilen 2025,social,sundhed,14.3765
661,Holstebro,alkohol,102.69,14.0,%,2025,Sundhedsprofilen 2025,social,sundhed,14.3765
825,Læsø,alkohol,72.61,19.8,%,2025,Sundhedsprofilen 2025,social,sundhed,14.3765
657,Herning,alkohol,113.2,12.7,%,2025,Sundhedsprofilen 2025,social,sundhed,14.3765
260,Halsnæs,alkohol,80.77,17.8,%,2025,Sundhedsprofilen 2025,social,sundhed,14.3765
773,Morsø,alkohol,127.23,11.3,%,2025,Sundhedsprofilen 2025,social,sundhed,14.3765
219,Hillerød,alkohol,108.09,13.3,%,2025,Sundhedsprofilen 2025,social,sundhed,14.3765
340,Sorø,alkohol,104.18,13.8,%,2025,Sundhedsprofilen 2025,social,sundhed,14.3765
492,Ærø,alkohol,70.47,20.4,%,2025,Sundhedsprofilen 2025,social,sundhed,14.3765
561,Esbjerg,alkohol,87.66,16.4,%,2025,Sundhedsprofilen 2025,social,sundhed,14.3765
740,Silkeborg,alkohol,115.94,12.4,%,2025,Sundhedsprofilen 2025,social,sundhed,14.3765
615,Horsens,alkohol,119.8,12.0,%,2025,Sundhedsprofilen 2025,social,sundhed,14.3765
563,Fanø,alkohol,56.38,25.5,%,2025,Sundhedsprofilen 2025,social,sundhed,14.3765
316,Holbæk,alkohol,103.43,13.9,%,2025,Sundhedsprofilen 2025,social,sundhed,14.3765
766,Hedensted,alkohol,101.24,14.2,%,2025,Sundhedsprofilen 2025,social,sundhed,14.3765
607,Fredericia,alkohol,116.88,12.3,%,2025,Sundhedsprofilen 2025,social,sundhed,14.3765
410,Middelfart,alkohol,86.09,16.7,%,2025,Sundhedsprofilen 2025,social,sundhed,14.3765
329,Ringsted,alkohol,110.59,13.0,%,2025,Sundhedsprofilen 2025,social,sundhed,14.3765
370,Næstved,alkohol,128.36,11.2,%,2025,Sundhedsprofilen 2025,social,sundhed,14.3765
851,Aalborg,alkohol,113.2,12.7,%,2025,Sundhedsprofilen 2025,social,sundhed,14.3765
810,Brønderslev,alkohol,150.0,9.2,%,2025,Sundhedsprofilen 2025,social,sundhed,14.3765
727,Odder,alkohol,99.84,14.4,%,2025,Sundhedsprofilen 2025,social,sundhed,14.3765
336,Stevns,alkohol,88.2,16.3,%,2025,Sundhedsprofilen 2025,social,sundhed,14.3765
751,Aarhus,alkohol,98.47,14.6,%,2025,Sundhedsprofilen 2025,social,sundhed,14.3765
813,Frederikshavn,alkohol,115.01,12.5,%,2025,Sundhedsprofilen 2025,social,sundhed,14.3765
161,Glostrup,alkohol,115.94,12.4,%,2025,Sundhedsprofilen 2025,social,sundhed,14.3765
270,Gribskov,alkohol,90.99,15.8,%,2025,Sundhedsprofilen 2025,social,sundhed,14.3765
860,Hjørring,alkohol,130.7,11.0,%,2025,Sundhedsprofilen 2025,social,sundhed,14.3765
165,Albertslund,alkohol,135.63,10.6,%,2025,Sundhedsprofilen 2025,social,sundhed,14.3765
479,Svendborg,alkohol,83.1,17.3,%,2025,Sundhedsprofilen 2025,social,sundhed,14.3765
791,Viborg,alkohol,121.83,11.8,%,2025,Sundhedsprofilen 2025,social,sundhed,14.3765
480,Nordfyns,alkohol,102.69,14.0,%,2025,Sundhedsprofilen 2025,social,sundhed,14.3765
706,Syddjurs,alkohol,83.1,17.3,%,2025,Sundhedsprofilen 2025,social,sundhed,14.3765
440,Kerteminde,alkohol,91.57,15.7,%,2025,Sundhedsprofilen 2025,social,sundhed,14.3765
630,Vejle,alkohol,98.47,14.6,%,2025,Sundhedsprofilen 2025,social,sundhed,14.3765
101,København,alkohol,81.22,17.7,%,2025,Sundhedsprofilen 2025,social,sundhed,14.3765
730,Randers,alkohol,110.59,13.0,%,2025,Sundhedsprofilen 2025,social,sundhed,14.3765
760,Ringkøbing-Skjern,alkohol,98.47,14.6,%,2025,Sundhedsprofilen 2025,social,sundhed,14.3765
430,Faaborg-Midtfyn,alkohol,83.1,17.3,%,2025,Sundhedsprofilen 2025,social,sundhed,14.3765
320,Faxe,alkohol,91.57,15.7,%,2025,Sundhedsprofilen 2025,social,sundhed,14.3765
169,Høje-Taastrup,alkohol,128.36,11.2,%,2025,Sundhedsprofilen 2025,social,sundhed,14.3765
573,Varde,alkohol,108.09,13.3,%,2025,Sundhedsprofilen 2025,social,sundhed,14.3765
621,Kolding,alkohol,113.2,12.7,%,2025,Sundhedsprofilen 2025,social,sundhed,14.3765
420,Assens,alkohol,95.84,15.0,%,2025,Sundhedsprofilen 2025,social,sundhed,14.3765
580,Aabenraa,alkohol,107.29,13.4,%,2025,Sundhedsprofilen 2025,social,sundhed,14.3765
787,Thisted,alkohol,135.63,10.6,%,2025,Sundhedsprofilen 2025,social,sundhed,14.3765
756,Ikast-Brande,alkohol,116.88,12.3,%,2025,Sundhedsprofilen 2025,social,sundhed,14.3765
461,Odense,alkohol,95.21,15.1,%,2025,Sundhedsprofilen 2025,social,sundhed,14.3765
779,Skive,alkohol,101.24,14.2,%,2025,Sundhedsprofilen 2025,social,sundhed,14.3765
450,Nyborg,alkohol,94.58,15.2,%,2025,Sundhedsprofilen 2025,social,sundhed,14.3765
846,Mariagerfjord,alkohol,123.94,11.6,%,2025,Sundhedsprofilen 2025,social,sundhed,14.3765
820,Vesthimmerlands,alkohol,129.52,11.1,%,2025,Sundhedsprofilen 2025,social,sundhed,14.3765
540,Sønderborg,alkohol,129.52,11.1,%,2025,Sundhedsprofilen 2025,social,sundhed,14.3765
400,Bornholm,alkohol,99.84,14.4,%,2025,Sundhedsprofilen 2025,social,sundhed,14.3765
510,Haderslev,alkohol,123.94,11.6,%,2025,Sundhedsprofilen 2025,social,sundhed,14.3765
671,Struer,alkohol,117.84,12.2,%,2025,Sundhedsprofilen 2025,social,sundhed,14.3765
665,Lemvig,alkohol,100.53,14.3,%,2025,Sundhedsprofilen 2025,social,sundhed,14.3765
707,Norddjurs,alkohol,106.49,13.5,%,2025,Sundhedsprofilen 2025,social,sundhed,14.3765
330,Slagelse,alkohol,125.01,11.5,%,2025,Sundhedsprofilen 2025,social,sundhed,14.3765
306,Odsherred,alkohol,93.96,15.3,%,2025,Sundhedsprofilen 2025,social,sundhed,14.3765
575,Vejen,alkohol,146.7,9.8,%,2025,Sundhedsprofilen 2025,social,sundhed,14.3765
376,Guldborgsund,alkohol,110.59,13.0,%,2025,Sundhedsprofilen 2025,social,sundhed,14.3765
849,Jammerbugt,alkohol,130.7,11.0,%,2025,Sundhedsprofilen 2025,social,sundhed,14.3765
326,Kalundborg,alkohol,119.8,12.0,%,2025,Sundhedsprofilen 2025,social,sundhed,14.3765
390,Vordingborg,alkohol,100.53,14.3,%,2025,Sundhedsprofilen 2025,social,sundhed,14.3765
550,Tønder,alkohol,108.09,13.3,%,2025,Sundhedsprofilen 2025,social,sundhed,14.3765
360,Lolland,alkohol,90.42,15.9,%,2025,Sundhedsprofilen 2025,social,sundhed,14.3765
741,Samsø,alkohol,82.62,17.4,%,2025,Sundhedsprofilen 2025,social,sundhed,14.3765
482,Langeland,alkohol,74.49,19.3,%,2025,Sundhedsprofilen 2025,social,sundhed,14.3765
201,Allerød,kost,150.0,11.7,%,2025,Sundhedsprofilen 2025,social,sundhed,18.38529
153,Brøndby,kost,81.35,22.6,%,2025,Sundhedsprofilen 2025,social,sundhed,18.38529
175,Rødovre,kost,117.85,15.6,%,2025,Sundhedsprofilen 2025,social,sundhed,18.38529
155,Dragør,kost,138.24,13.3,%,2025,Sundhedsprofilen 2025,social,sundhed,18.38529
190,Furesø,kost,150.0,10.0,%,2025,Sundhedsprofilen 2025,social,sundhed,18.38529
167,Hvidovre,kost,98.32,18.7,%,2025,Sundhedsprofilen 2025,social,sundhed,18.38529
230,Rudersdal,kost,150.0,8.8,%,2025,Sundhedsprofilen 2025,social,sundhed,18.38529
746,Skanderborg,kost,117.85,15.6,%,2025,Sundhedsprofilen 2025,social,sundhed,18.38529
269,Solrød,kost,99.38,18.5,%,2025,Sundhedsprofilen 2025,social,sundhed,18.38529
265,Roskilde,kost,124.22,14.8,%,2025,Sundhedsprofilen 2025,social,sundhed,18.38529
240,Egedal,kost,104.46,17.6,%,2025,Sundhedsprofilen 2025,social,sundhed,18.38529
151,Ballerup,kost,101.02,18.2,%,2025,Sundhedsprofilen 2025,social,sundhed,18.38529
223,Hørsholm,kost,150.0,10.8,%,2025,Sundhedsprofilen 2025,social,sundhed,18.38529
185,Tårnby,kost,87.55,21.0,%,2025,Sundhedsprofilen 2025,social,sundhed,18.38529
157,Gentofte,kost,150.0,9.6,%,2025,Sundhedsprofilen 2025,social,sundhed,18.38529
350,Lejre,kost,110.09,16.7,%,2025,Sundhedsprofilen 2025,social,sundhed,18.38529
163,Herlev,kost,102.71,17.9,%,2025,Sundhedsprofilen 2025,social,sundhed,18.38529
173,Lyngby-Taarbæk,kost,150.0,9.1,%,2025,Sundhedsprofilen 2025,social,sundhed,18.38529
210,Fredensborg,kost,149.47,12.3,%,2025,Sundhedsprofilen 2025,social,sundhed,18.38529
183,Ishøj,kost,89.68,20.5,%,2025,Sundhedsprofilen 2025,social,sundhed,18.38529
710,Favrskov,kost,97.28,18.9,%,2025,Sundhedsprofilen 2025,social,sundhed,18.38529
530,Billund,kost,94.77,19.4,%,2025,Sundhedsprofilen 2025,social,sundhed,18.38529
840,Rebild,kost,90.57,20.3,%,2025,Sundhedsprofilen 2025,social,sundhed,18.38529
187,Vallensbæk,kost,112.79,16.3,%,2025,Sundhedsprofilen 2025,social,sundhed,18.38529
253,Greve,kost,95.76,19.2,%,2025,Sundhedsprofilen 2025,social,sundhed,18.38529
147,Frederiksberg,kost,150.0,11.8,%,2025,Sundhedsprofilen 2025,social,sundhed,18.38529
259,Køge,kost,97.79,18.8,%,2025,Sundhedsprofilen 2025,social,sundhed,18.38529
159,Gladsaxe,kost,136.19,13.5,%,2025,Sundhedsprofilen 2025,social,sundhed,18.38529
217,Helsingør,kost,131.32,14.0,%,2025,Sundhedsprofilen 2025,social,sundhed,18.38529
250,Frederikssund,kost,96.26,19.1,%,2025,Sundhedsprofilen 2025,social,sundhed,18.38529
661,Holstebro,kost,77.25,23.8,%,2025,Sundhedsprofilen 2025,social,sundhed,18.38529
825,Læsø,kost,90.12,20.4,%,2025,Sundhedsprofilen 2025,social,sundhed,18.38529
657,Herning,kost,79.94,23.0,%,2025,Sundhedsprofilen 2025,social,sundhed,18.38529
260,Halsnæs,kost,85.12,21.6,%,2025,Sundhedsprofilen 2025,social,sundhed,18.38529
773,Morsø,kost,63.18,29.1,%,2025,Sundhedsprofilen 2025,social,sundhed,18.38529
219,Hillerød,kost,121.76,15.1,%,2025,Sundhedsprofilen 2025,social,sundhed,18.38529
340,Sorø,kost,117.85,15.6,%,2025,Sundhedsprofilen 2025,social,sundhed,18.38529
492,Ærø,kost,100.47,18.3,%,2025,Sundhedsprofilen 2025,social,sundhed,18.38529
561,Esbjerg,kost,80.29,22.9,%,2025,Sundhedsprofilen 2025,social,sundhed,18.38529
740,Silkeborg,kost,102.14,18.0,%,2025,Sundhedsprofilen 2025,social,sundhed,18.38529
615,Horsens,kost,83.95,21.9,%,2025,Sundhedsprofilen 2025,social,sundhed,18.38529
563,Fanø,kost,111.43,16.5,%,2025,Sundhedsprofilen 2025,social,sundhed,18.38529
316,Holbæk,kost,89.68,20.5,%,2025,Sundhedsprofilen 2025,social,sundhed,18.38529
766,Hedensted,kost,80.99,22.7,%,2025,Sundhedsprofilen 2025,social,sundhed,18.38529
607,Fredericia,kost,81.71,22.5,%,2025,Sundhedsprofilen 2025,social,sundhed,18.38529
410,Middelfart,kost,93.33,19.7,%,2025,Sundhedsprofilen 2025,social,sundhed,18.38529
329,Ringsted,kost,81.35,22.6,%,2025,Sundhedsprofilen 2025,social,sundhed,18.38529
370,Næstved,kost,88.82,20.7,%,2025,Sundhedsprofilen 2025,social,sundhed,18.38529
851,Aalborg,kost,87.97,20.9,%,2025,Sundhedsprofilen 2025,social,sundhed,18.38529
810,Brønderslev,kost,73.84,24.9,%,2025,Sundhedsprofilen 2025,social,sundhed,18.38529
727,Odder,kost,112.79,16.3,%,2025,Sundhedsprofilen 2025,social,sundhed,18.38529
336,Stevns,kost,91.93,20.0,%,2025,Sundhedsprofilen 2025,social,sundhed,18.38529
751,Aarhus,kost,120.96,15.2,%,2025,Sundhedsprofilen 2025,social,sundhed,18.38529
813,Frederikshavn,kost,80.29,22.9,%,2025,Sundhedsprofilen 2025,social,sundhed,18.38529
161,Glostrup,kost,90.12,20.4,%,2025,Sundhedsprofilen 2025,social,sundhed,18.38529
270,Gribskov,kost,98.32,18.7,%,2025,Sundhedsprofilen 2025,social,sundhed,18.38529
860,Hjørring,kost,82.45,22.3,%,2025,Sundhedsprofilen 2025,social,sundhed,18.38529
165,Albertslund,kost,91.93,20.0,%,2025,Sundhedsprofilen 2025,social,sundhed,18.38529
479,Svendborg,kost,110.75,16.6,%,2025,Sundhedsprofilen 2025,social,sundhed,18.38529
791,Viborg,kost,75.97,24.2,%,2025,Sundhedsprofilen 2025,social,sundhed,18.38529
480,Nordfyns,kost,75.04,24.5,%,2025,Sundhedsprofilen 2025,social,sundhed,18.38529
706,Syddjurs,kost,113.49,16.2,%,2025,Sundhedsprofilen 2025,social,sundhed,18.38529
440,Kerteminde,kost,84.72,21.7,%,2025,Sundhedsprofilen 2025,social,sundhed,18.38529
630,Vejle,kost,99.38,18.5,%,2025,Sundhedsprofilen 2025,social,sundhed,18.38529
101,København,kost,150.0,11.8,%,2025,Sundhedsprofilen 2025,social,sundhed,18.38529
730,Randers,kost,77.25,23.8,%,2025,Sundhedsprofilen 2025,social,sundhed,18.38529
760,Ringkøbing-Skjern,kost,82.08,22.4,%,2025,Sundhedsprofilen 2025,social,sundhed,18.38529
430,Faaborg-Midtfyn,kost,96.26,19.1,%,2025,Sundhedsprofilen 2025,social,sundhed,18.38529
320,Faxe,kost,83.95,21.9,%,2025,Sundhedsprofilen 2025,social,sundhed,18.38529
169,Høje-Taastrup,kost,103.29,17.8,%,2025,Sundhedsprofilen 2025,social,sundhed,18.38529
573,Varde,kost,87.13,21.1,%,2025,Sundhedsprofilen 2025,social,sundhed,18.38529
621,Kolding,kost,96.26,19.1,%,2025,Sundhedsprofilen 2025,social,sundhed,18.38529
420,Assens,kost,82.08,22.4,%,2025,Sundhedsprofilen 2025,social,sundhed,18.38529
580,Aabenraa,kost,92.39,19.9,%,2025,Sundhedsprofilen 2025,social,sundhed,18.38529
787,Thisted,kost,73.84,24.9,%,2025,Sundhedsprofilen 2025,social,sundhed,18.38529
756,Ikast-Brande,kost,81.71,22.5,%,2025,Sundhedsprofilen 2025,social,sundhed,18.38529
461,Odense,kost,101.58,18.1,%,2025,Sundhedsprofilen 2025,social,sundhed,18.38529
779,Skive,kost,72.96,25.2,%,2025,Sundhedsprofilen 2025,social,sundhed,18.38529
450,Nyborg,kost,79.59,23.1,%,2025,Sundhedsprofilen 2025,social,sundhed,18.38529
846,Mariagerfjord,kost,84.72,21.7,%,2025,Sundhedsprofilen 2025,social,sundhed,18.38529
820,Vesthimmerlands,kost,72.38,25.4,%,2025,Sundhedsprofilen 2025,social,sundhed,18.38529
540,Sønderborg,kost,84.72,21.7,%,2025,Sundhedsprofilen 2025,social,sundhed,18.38529
400,Bornholm,kost,96.76,19.0,%,2025,Sundhedsprofilen 2025,social,sundhed,18.38529
510,Haderslev,kost,73.54,25.0,%,2025,Sundhedsprofilen 2025,social,sundhed,18.38529
671,Struer,kost,72.67,25.3,%,2025,Sundhedsprofilen 2025,social,sundhed,18.38529
665,Lemvig,kost,82.82,22.2,%,2025,Sundhedsprofilen 2025,social,sundhed,18.38529
707,Norddjurs,kost,74.13,24.8,%,2025,Sundhedsprofilen 2025,social,sundhed,18.38529
330,Slagelse,kost,88.82,20.7,%,2025,Sundhedsprofilen 2025,social,sundhed,18.38529
306,Odsherred,kost,75.35,24.4,%,2025,Sundhedsprofilen 2025,social,sundhed,18.38529
575,Vejen,kost,77.58,23.7,%,2025,Sundhedsprofilen 2025,social,sundhed,18.38529
376,Guldborgsund,kost,93.33,19.7,%,2025,Sundhedsprofilen 2025,social,sundhed,18.38529
849,Jammerbugt,kost,77.9,23.6,%,2025,Sundhedsprofilen 2025,social,sundhed,18.38529
326,Kalundborg,kost,84.72,21.7,%,2025,Sundhedsprofilen 2025,social,sundhed,18.38529
390,Vordingborg,kost,89.68,20.5,%,2025,Sundhedsprofilen 2025,social,sundhed,18.38529
550,Tønder,kost,75.97,24.2,%,2025,Sundhedsprofilen 2025,social,sundhed,18.38529
360,Lolland,kost,70.71,26.0,%,2025,Sundhedsprofilen 2025,social,sundhed,18.38529
741,Samsø,kost,128.57,14.3,%,2025,Sundhedsprofilen 2025,social,sundhed,18.38529
482,Langeland,kost,91.47,20.1,%,2025,Sundhedsprofilen 2025,social,sundhed,18.38529
201,Allerød,svaer_overvaegt,141.77,13.0,%,2025,Sundhedsprofilen 2025,social,sundhed,18.4307
153,Brøndby,svaer_overvaegt,66.78,27.6,%,2025,Sundhedsprofilen 2025,social,sundhed,18.4307
175,Rødovre,svaer_overvaegt,111.03,16.6,%,2025,Sundhedsprofilen 2025,social,sundhed,18.4307
155,Dragør,svaer_overvaegt,148.63,12.4,%,2025,Sundhedsprofilen 2025,social,sundhed,18.4307
190,Furesø,svaer_overvaegt,141.77,13.0,%,2025,Sundhedsprofilen 2025,social,sundhed,18.4307
167,Hvidovre,svaer_overvaegt,95.99,19.2,%,2025,Sundhedsprofilen 2025,social,sundhed,18.4307
230,Rudersdal,svaer_overvaegt,150.0,9.2,%,2025,Sundhedsprofilen 2025,social,sundhed,18.4307
746,Skanderborg,svaer_overvaegt,102.96,17.9,%,2025,Sundhedsprofilen 2025,social,sundhed,18.4307
269,Solrød,svaer_overvaegt,118.15,15.6,%,2025,Sundhedsprofilen 2025,social,sundhed,18.4307
265,Roskilde,svaer_overvaegt,116.65,15.8,%,2025,Sundhedsprofilen 2025,social,sundhed,18.4307
240,Egedal,svaer_overvaegt,104.72,17.6,%,2025,Sundhedsprofilen 2025,social,sundhed,18.4307
151,Ballerup,svaer_overvaegt,98.56,18.7,%,2025,Sundhedsprofilen 2025,social,sundhed,18.4307
223,Hørsholm,svaer_overvaegt,150.0,10.1,%,2025,Sundhedsprofilen 2025,social,sundhed,18.4307
185,Tårnby,svaer_overvaegt,107.78,17.1,%,2025,Sundhedsprofilen 2025,social,sundhed,18.4307
157,Gentofte,svaer_overvaegt,150.0,7.5,%,2025,Sundhedsprofilen 2025,social,sundhed,18.4307
350,Lejre,svaer_overvaegt,105.92,17.4,%,2025,Sundhedsprofilen 2025,social,sundhed,18.4307
163,Herlev,svaer_overvaegt,95.0,19.4,%,2025,Sundhedsprofilen 2025,social,sundhed,18.4307
173,Lyngby-Taarbæk,svaer_overvaegt,150.0,11.2,%,2025,Sundhedsprofilen 2025,social,sundhed,18.4307
210,Fredensborg,svaer_overvaegt,118.15,15.6,%,2025,Sundhedsprofilen 2025,social,sundhed,18.4307
183,Ishøj,svaer_overvaegt,83.02,22.2,%,2025,Sundhedsprofilen 2025,social,sundhed,18.4307
710,Favrskov,svaer_overvaegt,85.33,21.6,%,2025,Sundhedsprofilen 2025,social,sundhed,18.4307
530,Billund,svaer_overvaegt,75.85,24.3,%,2025,Sundhedsprofilen 2025,social,sundhed,18.4307
840,Rebild,svaer_overvaegt,86.12,21.4,%,2025,Sundhedsprofilen 2025,social,sundhed,18.4307
187,Vallensbæk,svaer_overvaegt,113.07,16.3,%,2025,Sundhedsprofilen 2025,social,sundhed,18.4307
253,Greve,svaer_overvaegt,105.32,17.5,%,2025,Sundhedsprofilen 2025,social,sundhed,18.4307
147,Frederiksberg,svaer_overvaegt,150.0,9.3,%,2025,Sundhedsprofilen 2025,social,sundhed,18.4307
259,Køge,svaer_overvaegt,89.91,20.5,%,2025,Sundhedsprofilen 2025,social,sundhed,18.4307
159,Gladsaxe,svaer_overvaegt,124.53,14.8,%,2025,Sundhedsprofilen 2025,social,sundhed,18.4307
217,Helsingør,svaer_overvaegt,119.68,15.4,%,2025,Sundhedsprofilen 2025,social,sundhed,18.4307
250,Frederikssund,svaer_overvaegt,89.91,20.5,%,2025,Sundhedsprofilen 2025,social,sundhed,18.4307
661,Holstebro,svaer_overvaegt,82.28,22.4,%,2025,Sundhedsprofilen 2025,social,sundhed,18.4307
825,Læsø,svaer_overvaegt,73.14,25.2,%,2025,Sundhedsprofilen 2025,social,sundhed,18.4307
657,Herning,svaer_overvaegt,95.99,19.2,%,2025,Sundhedsprofilen 2025,social,sundhed,18.4307
260,Halsnæs,svaer_overvaegt,80.13,23.0,%,2025,Sundhedsprofilen 2025,social,sundhed,18.4307
773,Morsø,svaer_overvaegt,78.1,23.6,%,2025,Sundhedsprofilen 2025,social,sundhed,18.4307
219,Hillerød,svaer_overvaegt,101.27,18.2,%,2025,Sundhedsprofilen 2025,social,sundhed,18.4307
340,Sorø,svaer_overvaegt,90.79,20.3,%,2025,Sundhedsprofilen 2025,social,sundhed,18.4307
492,Ærø,svaer_overvaegt,98.56,18.7,%,2025,Sundhedsprofilen 2025,social,sundhed,18.4307
561,Esbjerg,svaer_overvaegt,91.24,20.2,%,2025,Sundhedsprofilen 2025,social,sundhed,18.4307
740,Silkeborg,svaer_overvaegt,101.27,18.2,%,2025,Sundhedsprofilen 2025,social,sundhed,18.4307
615,Horsens,svaer_overvaegt,84.16,21.9,%,2025,Sundhedsprofilen 2025,social,sundhed,18.4307
563,Fanø,svaer_overvaegt,108.42,17.0,%,2025,Sundhedsprofilen 2025,social,sundhed,18.4307
316,Holbæk,svaer_overvaegt,89.47,20.6,%,2025,Sundhedsprofilen 2025,social,sundhed,18.4307
766,Hedensted,svaer_overvaegt,78.1,23.6,%,2025,Sundhedsprofilen 2025,social,sundhed,18.4307
607,Fredericia,svaer_overvaegt,79.79,23.1,%,2025,Sundhedsprofilen 2025,social,sundhed,18.4307
410,Middelfart,svaer_overvaegt,91.24,20.2,%,2025,Sundhedsprofilen 2025,social,sundhed,18.4307
329,Ringsted,svaer_overvaegt,74.32,24.8,%,2025,Sundhedsprofilen 2025,social,sundhed,18.4307
370,Næstved,svaer_overvaegt,85.72,21.5,%,2025,Sundhedsprofilen 2025,social,sundhed,18.4307
851,Aalborg,svaer_overvaegt,101.83,18.1,%,2025,Sundhedsprofilen 2025,social,sundhed,18.4307
810,Brønderslev,svaer_overvaegt,72.85,25.3,%,2025,Sundhedsprofilen 2025,social,sundhed,18.4307
727,Odder,svaer_overvaegt,88.61,20.8,%,2025,Sundhedsprofilen 2025,social,sundhed,18.4307
336,Stevns,svaer_overvaegt,91.24,20.2,%,2025,Sundhedsprofilen 2025,social,sundhed,18.4307
751,Aarhus,svaer_overvaegt,146.28,12.6,%,2025,Sundhedsprofilen 2025,social,sundhed,18.4307
813,Frederikshavn,svaer_overvaegt,74.02,24.9,%,2025,Sundhedsprofilen 2025,social,sundhed,18.4307
161,Glostrup,svaer_overvaegt,82.65,22.3,%,2025,Sundhedsprofilen 2025,social,sundhed,18.4307
270,Gribskov,svaer_overvaegt,110.36,16.7,%,2025,Sundhedsprofilen 2025,social,sundhed,18.4307
860,Hjørring,svaer_overvaegt,77.12,23.9,%,2025,Sundhedsprofilen 2025,social,sundhed,18.4307
165,Albertslund,svaer_overvaegt,81.55,22.6,%,2025,Sundhedsprofilen 2025,social,sundhed,18.4307
479,Svendborg,svaer_overvaegt,103.54,17.8,%,2025,Sundhedsprofilen 2025,social,sundhed,18.4307
791,Viborg,svaer_overvaegt,85.72,21.5,%,2025,Sundhedsprofilen 2025,social,sundhed,18.4307
480,Nordfyns,svaer_overvaegt,71.99,25.6,%,2025,Sundhedsprofilen 2025,social,sundhed,18.4307
706,Syddjurs,svaer_overvaegt,85.33,21.6,%,2025,Sundhedsprofilen 2025,social,sundhed,18.4307
440,Kerteminde,svaer_overvaegt,81.91,22.5,%,2025,Sundhedsprofilen 2025,social,sundhed,18.4307
630,Vejle,svaer_overvaegt,95.0,19.4,%,2025,Sundhedsprofilen 2025,social,sundhed,18.4307
101,København,svaer_overvaegt,150.0,11.4,%,2025,Sundhedsprofilen 2025,social,sundhed,18.4307
730,Randers,svaer_overvaegt,77.12,23.9,%,2025,Sundhedsprofilen 2025,social,sundhed,18.4307
760,Ringkøbing-Skjern,svaer_overvaegt,85.33,21.6,%,2025,Sundhedsprofilen 2025,social,sundhed,18.4307
430,Faaborg-Midtfyn,svaer_overvaegt,84.16,21.9,%,2025,Sundhedsprofilen 2025,social,sundhed,18.4307
320,Faxe,svaer_overvaegt,72.85,25.3,%,2025,Sundhedsprofilen 2025,social,sundhed,18.4307
169,Høje-Taastrup,svaer_overvaegt,86.53,21.3,%,2025,Sundhedsprofilen 2025,social,sundhed,18.4307
573,Varde,svaer_overvaegt,84.54,21.8,%,2025,Sundhedsprofilen 2025,social,sundhed,18.4307
621,Kolding,svaer_overvaegt,89.04,20.7,%,2025,Sundhedsprofilen 2025,social,sundhed,18.4307
420,Assens,svaer_overvaegt,75.54,24.4,%,2025,Sundhedsprofilen 2025,social,sundhed,18.4307
580,Aabenraa,svaer_overvaegt,89.47,20.6,%,2025,Sundhedsprofilen 2025,social,sundhed,18.4307
787,Thisted,svaer_overvaegt,69.29,26.6,%,2025,Sundhedsprofilen 2025,social,sundhed,18.4307
756,Ikast-Brande,svaer_overvaegt,83.02,22.2,%,2025,Sundhedsprofilen 2025,social,sundhed,18.4307
461,Odense,svaer_overvaegt,115.92,15.9,%,2025,Sundhedsprofilen 2025,social,sundhed,18.4307
779,Skive,svaer_overvaegt,75.54,24.4,%,2025,Sundhedsprofilen 2025,social,sundhed,18.4307
450,Nyborg,svaer_overvaegt,84.54,21.8,%,2025,Sundhedsprofilen 2025,social,sundhed,18.4307
846,Mariagerfjord,svaer_overvaegt,83.4,22.1,%,2025,Sundhedsprofilen 2025,social,sundhed,18.4307
820,Vesthimmerlands,svaer_overvaegt,76.79,24.0,%,2025,Sundhedsprofilen 2025,social,sundhed,18.4307
540,Sønderborg,svaer_overvaegt,91.24,20.2,%,2025,Sundhedsprofilen 2025,social,sundhed,18.4307
400,Bornholm,svaer_overvaegt,93.56,19.7,%,2025,Sundhedsprofilen 2025,social,sundhed,18.4307
510,Haderslev,svaer_overvaegt,82.28,22.4,%,2025,Sundhedsprofilen 2025,social,sundhed,18.4307
671,Struer,svaer_overvaegt,83.02,22.2,%,2025,Sundhedsprofilen 2025,social,sundhed,18.4307
665,Lemvig,svaer_overvaegt,78.43,23.5,%,2025,Sundhedsprofilen 2025,social,sundhed,18.4307
707,Norddjurs,svaer_overvaegt,74.32,24.8,%,2025,Sundhedsprofilen 2025,social,sundhed,18.4307
330,Slagelse,svaer_overvaegt,79.1,23.3,%,2025,Sundhedsprofilen 2025,social,sundhed,18.4307
306,Odsherred,svaer_overvaegt,76.48,24.1,%,2025,Sundhedsprofilen 2025,social,sundhed,18.4307
575,Vejen,svaer_overvaegt,75.85,24.3,%,2025,Sundhedsprofilen 2025,social,sundhed,18.4307
376,Guldborgsund,svaer_overvaegt,76.79,24.0,%,2025,Sundhedsprofilen 2025,social,sundhed,18.4307
849,Jammerbugt,svaer_overvaegt,71.99,25.6,%,2025,Sundhedsprofilen 2025,social,sundhed,18.4307
326,Kalundborg,svaer_overvaegt,74.32,24.8,%,2025,Sundhedsprofilen 2025,social,sundhed,18.4307
390,Vordingborg,svaer_overvaegt,80.84,22.8,%,2025,Sundhedsprofilen 2025,social,sundhed,18.4307
550,Tønder,svaer_overvaegt,76.79,24.0,%,2025,Sundhedsprofilen 2025,social,sundhed,18.4307
360,Lolland,svaer_overvaegt,71.71,25.7,%,2025,Sundhedsprofilen 2025,social,sundhed,18.4307
741,Samsø,svaer_overvaegt,97.0,19.0,%,2025,Sundhedsprofilen 2025,social,sundhed,18.4307
482,Langeland,svaer_overvaegt,74.32,24.8,%,2025,Sundhedsprofilen 2025,social,sundhed,18.4307
201,Allerød,education,95.71,90.92,%,2025,DST HFUDD11,social,uddannelse,95.0
153,Brøndby,education,85.99,81.69,%,2025,DST HFUDD11,social,uddannelse,95.0
175,Rødovre,education,91.45,86.88,%,2025,DST HFUDD11,social,uddannelse,95.0
155,Dragør,education,91.79,87.2,%,2025,DST HFUDD11,social,uddannelse,95.0
190,Furesø,education,92.57,87.94,%,2025,DST HFUDD11,social,uddannelse,95.0
167,Hvidovre,education,88.66,84.23,%,2025,DST HFUDD11,social,uddannelse,95.0
230,Rudersdal,education,94.84,90.1,%,2025,DST HFUDD11,social,uddannelse,95.0
746,Skanderborg,education,95.52,90.74,%,2025,DST HFUDD11,social,uddannelse,95.0
269,Solrød,education,93.25,88.59,%,2025,DST HFUDD11,social,uddannelse,95.0
265,Roskilde,education,92.26,87.65,%,2025,DST HFUDD11,social,uddannelse,95.0
240,Egedal,education,96.64,91.81,%,2025,DST HFUDD11,social,uddannelse,95.0
151,Ballerup,education,89.6,85.12,%,2025,DST HFUDD11,social,uddannelse,95.0
223,Hørsholm,education,93.4,88.73,%,2025,DST HFUDD11,social,uddannelse,95.0
185,Tårnby,education,89.51,85.03,%,2025,DST HFUDD11,social,uddannelse,95.0
157,Gentofte,education,96.06,91.26,%,2025,DST HFUDD11,social,uddannelse,95.0
350,Lejre,education,90.4,85.88,%,2025,DST HFUDD11,social,uddannelse,95.0
163,Herlev,education,92.75,88.11,%,2025,DST HFUDD11,social,uddannelse,95.0
173,Lyngby-Taarbæk,education,96.86,92.02,%,2025,DST HFUDD11,social,uddannelse,95.0
210,Fredensborg,education,89.6,85.12,%,2025,DST HFUDD11,social,uddannelse,95.0
183,Ishøj,education,83.16,79.0,%,2025,DST HFUDD11,social,uddannelse,95.0
710,Favrskov,education,94.06,89.36,%,2025,DST HFUDD11,social,uddannelse,95.0
530,Billund,education,86.78,82.44,%,2025,DST HFUDD11,social,uddannelse,95.0
840,Rebild,education,95.27,90.51,%,2025,DST HFUDD11,social,uddannelse,95.0
187,Vallensbæk,education,91.82,87.23,%,2025,DST HFUDD11,social,uddannelse,95.0
253,Greve,education,91.55,86.97,%,2025,DST HFUDD11,social,uddannelse,95.0
147,Frederiksberg,education,99.56,94.58,%,2025,DST HFUDD11,social,uddannelse,95.0
259,Køge,education,89.2,84.74,%,2025,DST HFUDD11,social,uddannelse,95.0
159,Gladsaxe,education,92.19,87.58,%,2025,DST HFUDD11,social,uddannelse,95.0
217,Helsingør,education,87.55,83.17,%,2025,DST HFUDD11,social,uddannelse,95.0
250,Frederikssund,education,88.36,83.94,%,2025,DST HFUDD11,social,uddannelse,95.0
661,Holstebro,education,89.54,85.06,%,2025,DST HFUDD11,social,uddannelse,95.0
825,Læsø,education,88.64,84.21,%,2025,DST HFUDD11,social,uddannelse,95.0
657,Herning,education,88.96,84.51,%,2025,DST HFUDD11,social,uddannelse,95.0
260,Halsnæs,education,82.35,78.23,%,2025,DST HFUDD11,social,uddannelse,95.0
773,Morsø,education,85.13,80.87,%,2025,DST HFUDD11,social,uddannelse,95.0
219,Hillerød,education,94.08,89.38,%,2025,DST HFUDD11,social,uddannelse,95.0
340,Sorø,education,86.94,82.59,%,2025,DST HFUDD11,social,uddannelse,95.0
492,Ærø,education,88.31,83.89,%,2025,DST HFUDD11,social,uddannelse,95.0
561,Esbjerg,education,88.19,83.78,%,2025,DST HFUDD11,social,uddannelse,95.0
740,Silkeborg,education,93.55,88.87,%,2025,DST HFUDD11,social,uddannelse,95.0
615,Horsens,education,89.39,84.92,%,2025,DST HFUDD11,social,uddannelse,95.0
563,Fanø,education,92.51,87.88,%,2025,DST HFUDD11,social,uddannelse,95.0
316,Holbæk,education,85.67,81.39,%,2025,DST HFUDD11,social,uddannelse,95.0
766,Hedensted,education,87.72,83.33,%,2025,DST HFUDD11,social,uddannelse,95.0
607,Fredericia,education,86.23,81.92,%,2025,DST HFUDD11,social,uddannelse,95.0
410,Middelfart,education,89.86,85.37,%,2025,DST HFUDD11,social,uddannelse,95.0
329,Ringsted,education,87.46,83.09,%,2025,DST HFUDD11,social,uddannelse,95.0
370,Næstved,education,86.27,81.96,%,2025,DST HFUDD11,social,uddannelse,95.0
851,Aalborg,education,93.6,88.92,%,2025,DST HFUDD11,social,uddannelse,95.0
810,Brønderslev,education,89.38,84.91,%,2025,DST HFUDD11,social,uddannelse,95.0
727,Odder,education,92.25,87.64,%,2025,DST HFUDD11,social,uddannelse,95.0
336,Stevns,education,85.09,80.84,%,2025,DST HFUDD11,social,uddannelse,95.0
751,Aarhus,education,95.82,91.03,%,2025,DST HFUDD11,social,uddannelse,95.0
813,Frederikshavn,education,83.96,79.76,%,2025,DST HFUDD11,social,uddannelse,95.0
161,Glostrup,education,90.61,86.08,%,2025,DST HFUDD11,social,uddannelse,95.0
270,Gribskov,education,88.42,84.0,%,2025,DST HFUDD11,social,uddannelse,95.0
860,Hjørring,education,86.6,82.27,%,2025,DST HFUDD11,social,uddannelse,95.0
165,Albertslund,education,85.35,81.08,%,2025,DST HFUDD11,social,uddannelse,95.0
479,Svendborg,education,86.95,82.6,%,2025,DST HFUDD11,social,uddannelse,95.0
791,Viborg,education,88.71,84.27,%,2025,DST HFUDD11,social,uddannelse,95.0
480,Nordfyns,education,85.59,81.31,%,2025,DST HFUDD11,social,uddannelse,95.0
706,Syddjurs,education,91.39,86.82,%,2025,DST HFUDD11,social,uddannelse,95.0
440,Kerteminde,education,87.82,83.43,%,2025,DST HFUDD11,social,uddannelse,95.0
630,Vejle,education,90.07,85.57,%,2025,DST HFUDD11,social,uddannelse,95.0
101,København,education,98.26,93.35,%,2025,DST HFUDD11,social,uddannelse,95.0
730,Randers,education,87.57,83.19,%,2025,DST HFUDD11,social,uddannelse,95.0
760,Ringkøbing-Skjern,education,87.13,82.77,%,2025,DST HFUDD11,social,uddannelse,95.0
430,Faaborg-Midtfyn,education,88.6,84.17,%,2025,DST HFUDD11,social,uddannelse,95.0
320,Faxe,education,83.06,78.91,%,2025,DST HFUDD11,social,uddannelse,95.0
169,Høje-Taastrup,education,89.61,85.13,%,2025,DST HFUDD11,social,uddannelse,95.0
573,Varde,education,86.63,82.3,%,2025,DST HFUDD11,social,uddannelse,95.0
621,Kolding,education,89.75,85.26,%,2025,DST HFUDD11,social,uddannelse,95.0
420,Assens,education,85.27,81.01,%,2025,DST HFUDD11,social,uddannelse,95.0
580,Aabenraa,education,85.46,81.19,%,2025,DST HFUDD11,social,uddannelse,95.0
787,Thisted,education,83.48,79.31,%,2025,DST HFUDD11,social,uddannelse,95.0
756,Ikast-Brande,education,86.95,82.6,%,2025,DST HFUDD11,social,uddannelse,95.0
461,Odense,education,93.58,88.9,%,2025,DST HFUDD11,social,uddannelse,95.0
779,Skive,education,84.17,79.96,%,2025,DST HFUDD11,social,uddannelse,95.0
450,Nyborg,education,85.71,81.42,%,2025,DST HFUDD11,social,uddannelse,95.0
846,Mariagerfjord,education,84.8,80.56,%,2025,DST HFUDD11,social,uddannelse,95.0
820,Vesthimmerlands,education,81.81,77.72,%,2025,DST HFUDD11,social,uddannelse,95.0
540,Sønderborg,education,85.51,81.23,%,2025,DST HFUDD11,social,uddannelse,95.0
400,Bornholm,education,83.14,78.98,%,2025,DST HFUDD11,social,uddannelse,95.0
510,Haderslev,education,80.95,76.9,%,2025,DST HFUDD11,social,uddannelse,95.0
671,Struer,education,85.36,81.09,%,2025,DST HFUDD11,social,uddannelse,95.0
665,Lemvig,education,87.15,82.79,%,2025,DST HFUDD11,social,uddannelse,95.0
707,Norddjurs,education,85.03,80.78,%,2025,DST HFUDD11,social,uddannelse,95.0
330,Slagelse,education,83.24,79.08,%,2025,DST HFUDD11,social,uddannelse,95.0
306,Odsherred,education,77.26,73.4,%,2025,DST HFUDD11,social,uddannelse,95.0
575,Vejen,education,86.14,81.83,%,2025,DST HFUDD11,social,uddannelse,95.0
376,Guldborgsund,education,80.82,76.78,%,2025,DST HFUDD11,social,uddannelse,95.0
849,Jammerbugt,education,84.75,80.51,%,2025,DST HFUDD11,social,uddannelse,95.0
326,Kalundborg,education,82.96,78.81,%,2025,DST HFUDD11,social,uddannelse,95.0
390,Vordingborg,education,83.08,78.93,%,2025,DST HFUDD11,social,uddannelse,95.0
550,Tønder,education,82.03,77.93,%,2025,DST HFUDD11,social,uddannelse,95.0
360,Lolland,education,71.91,68.31,%,2025,DST HFUDD11,social,uddannelse,95.0
741,Samsø,education,93.99,89.29,%,2025,DST HFUDD11,social,uddannelse,95.0
482,Langeland,education,80.56,76.53,%,2025,DST HFUDD11,social,uddannelse,95.0
201,Allerød,low_education,78.76,17.8,%,2025,DST HFUDD11,social,uddannelse,14.02
153,Brøndby,low_education,69.06,20.3,%,2025,DST HFUDD11,social,uddannelse,14.02
175,Rødovre,low_education,86.44,16.22,%,2025,DST HFUDD11,social,uddannelse,14.02
155,Dragør,low_education,77.12,18.18,%,2025,DST HFUDD11,social,uddannelse,14.02
190,Furesø,low_education,61.55,22.78,%,2025,DST HFUDD11,social,uddannelse,14.02
167,Hvidovre,low_education,80.39,17.44,%,2025,DST HFUDD11,social,uddannelse,14.02
230,Rudersdal,low_education,92.6,15.14,%,2025,DST HFUDD11,social,uddannelse,14.02
746,Skanderborg,low_education,71.02,19.74,%,2025,DST HFUDD11,social,uddannelse,14.02
269,Solrød,low_education,93.65,14.97,%,2025,DST HFUDD11,social,uddannelse,14.02
265,Roskilde,low_education,95.7,14.65,%,2025,DST HFUDD11,social,uddannelse,14.02
240,Egedal,low_education,88.07,15.92,%,2025,DST HFUDD11,social,uddannelse,14.02
151,Ballerup,low_education,83.3,16.83,%,2025,DST HFUDD11,social,uddannelse,14.02
223,Hørsholm,low_education,87.57,16.01,%,2025,DST HFUDD11,social,uddannelse,14.02
185,Tårnby,low_education,60.09,23.33,%,2025,DST HFUDD11,social,uddannelse,14.02
157,Gentofte,low_education,143.5,9.77,%,2025,DST HFUDD11,social,uddannelse,14.02
350,Lejre,low_education,59.28,23.65,%,2025,DST HFUDD11,social,uddannelse,14.02
163,Herlev,low_education,90.04,15.57,%,2025,DST HFUDD11,social,uddannelse,14.02
173,Lyngby-Taarbæk,low_education,150.0,7.57,%,2025,DST HFUDD11,social,uddannelse,14.02
210,Fredensborg,low_education,71.35,19.65,%,2025,DST HFUDD11,social,uddannelse,14.02
183,Ishøj,low_education,73.91,18.97,%,2025,DST HFUDD11,social,uddannelse,14.02
710,Favrskov,low_education,75.74,18.51,%,2025,DST HFUDD11,social,uddannelse,14.02
530,Billund,low_education,63.3,22.15,%,2025,DST HFUDD11,social,uddannelse,14.02
840,Rebild,low_education,79.52,17.63,%,2025,DST HFUDD11,social,uddannelse,14.02
187,Vallensbæk,low_education,100.14,14.0,%,2025,DST HFUDD11,social,uddannelse,14.02
253,Greve,low_education,68.56,20.45,%,2025,DST HFUDD11,social,uddannelse,14.02
147,Frederiksberg,low_education,150.0,5.32,%,2025,DST HFUDD11,social,uddannelse,14.02
259,Køge,low_education,69.34,20.22,%,2025,DST HFUDD11,social,uddannelse,14.02
159,Gladsaxe,low_education,97.29,14.41,%,2025,DST HFUDD11,social,uddannelse,14.02
217,Helsingør,low_education,60.43,23.2,%,2025,DST HFUDD11,social,uddannelse,14.02
250,Frederikssund,low_education,65.91,21.27,%,2025,DST HFUDD11,social,uddannelse,14.02
661,Holstebro,low_education,77.5,18.09,%,2025,DST HFUDD11,social,uddannelse,14.02
825,Læsø,low_education,106.13,13.21,%,2025,DST HFUDD11,social,uddannelse,14.02
657,Herning,low_education,69.47,20.18,%,2025,DST HFUDD11,social,uddannelse,14.02
260,Halsnæs,low_education,53.05,26.43,%,2025,DST HFUDD11,social,uddannelse,14.02
773,Morsø,low_education,54.03,25.95,%,2025,DST HFUDD11,social,uddannelse,14.02
219,Hillerød,low_education,80.39,17.44,%,2025,DST HFUDD11,social,uddannelse,14.02
340,Sorø,low_education,53.7,26.11,%,2025,DST HFUDD11,social,uddannelse,14.02
492,Ærø,low_education,94.92,14.77,%,2025,DST HFUDD11,social,uddannelse,14.02
561,Esbjerg,low_education,81.99,17.1,%,2025,DST HFUDD11,social,uddannelse,14.02
740,Silkeborg,low_education,81.28,17.25,%,2025,DST HFUDD11,social,uddannelse,14.02
615,Horsens,low_education,71.53,19.6,%,2025,DST HFUDD11,social,uddannelse,14.02
563,Fanø,low_education,86.12,16.28,%,2025,DST HFUDD11,social,uddannelse,14.02
316,Holbæk,low_education,62.81,22.32,%,2025,DST HFUDD11,social,uddannelse,14.02
766,Hedensted,low_education,62.39,22.47,%,2025,DST HFUDD11,social,uddannelse,14.02
607,Fredericia,low_education,62.84,22.31,%,2025,DST HFUDD11,social,uddannelse,14.02
410,Middelfart,low_education,63.5,22.08,%,2025,DST HFUDD11,social,uddannelse,14.02
329,Ringsted,low_education,73.75,19.01,%,2025,DST HFUDD11,social,uddannelse,14.02
370,Næstved,low_education,60.4,23.21,%,2025,DST HFUDD11,social,uddannelse,14.02
851,Aalborg,low_education,142.77,9.82,%,2025,DST HFUDD11,social,uddannelse,14.02
810,Brønderslev,low_education,67.86,20.66,%,2025,DST HFUDD11,social,uddannelse,14.02
727,Odder,low_education,63.58,22.05,%,2025,DST HFUDD11,social,uddannelse,14.02
336,Stevns,low_education,53.51,26.2,%,2025,DST HFUDD11,social,uddannelse,14.02
751,Aarhus,low_education,150.0,6.84,%,2025,DST HFUDD11,social,uddannelse,14.02
813,Frederikshavn,low_education,56.78,24.69,%,2025,DST HFUDD11,social,uddannelse,14.02
161,Glostrup,low_education,92.72,15.12,%,2025,DST HFUDD11,social,uddannelse,14.02
270,Gribskov,low_education,53.92,26.0,%,2025,DST HFUDD11,social,uddannelse,14.02
860,Hjørring,low_education,61.33,22.86,%,2025,DST HFUDD11,social,uddannelse,14.02
165,Albertslund,low_education,72.01,19.47,%,2025,DST HFUDD11,social,uddannelse,14.02
479,Svendborg,low_education,59.71,23.48,%,2025,DST HFUDD11,social,uddannelse,14.02
791,Viborg,low_education,66.45,21.1,%,2025,DST HFUDD11,social,uddannelse,14.02
480,Nordfyns,low_education,59.48,23.57,%,2025,DST HFUDD11,social,uddannelse,14.02
706,Syddjurs,low_education,65.73,21.33,%,2025,DST HFUDD11,social,uddannelse,14.02
440,Kerteminde,low_education,59.61,23.52,%,2025,DST HFUDD11,social,uddannelse,14.02
630,Vejle,low_education,69.82,20.08,%,2025,DST HFUDD11,social,uddannelse,14.02
101,København,low_education,150.0,6.23,%,2025,DST HFUDD11,social,uddannelse,14.02
730,Randers,low_education,69.06,20.3,%,2025,DST HFUDD11,social,uddannelse,14.02
760,Ringkøbing-Skjern,low_education,64.58,21.71,%,2025,DST HFUDD11,social,uddannelse,14.02
430,Faaborg-Midtfyn,low_education,62.84,22.31,%,2025,DST HFUDD11,social,uddannelse,14.02
320,Faxe,low_education,47.06,29.79,%,2025,DST HFUDD11,social,uddannelse,14.02
169,Høje-Taastrup,low_education,90.39,15.51,%,2025,DST HFUDD11,social,uddannelse,14.02
573,Varde,low_education,68.93,20.34,%,2025,DST HFUDD11,social,uddannelse,14.02
621,Kolding,low_education,79.48,17.64,%,2025,DST HFUDD11,social,uddannelse,14.02
420,Assens,low_education,52.67,26.62,%,2025,DST HFUDD11,social,uddannelse,14.02
580,Aabenraa,low_education,64.25,21.82,%,2025,DST HFUDD11,social,uddannelse,14.02
787,Thisted,low_education,60.88,23.03,%,2025,DST HFUDD11,social,uddannelse,14.02
756,Ikast-Brande,low_education,62.84,22.31,%,2025,DST HFUDD11,social,uddannelse,14.02
461,Odense,low_education,137.72,10.18,%,2025,DST HFUDD11,social,uddannelse,14.02
779,Skive,low_education,61.44,22.82,%,2025,DST HFUDD11,social,uddannelse,14.02
450,Nyborg,low_education,56.08,25.0,%,2025,DST HFUDD11,social,uddannelse,14.02
846,Mariagerfjord,low_education,56.06,25.01,%,2025,DST HFUDD11,social,uddannelse,14.02
820,Vesthimmerlands,low_education,54.07,25.93,%,2025,DST HFUDD11,social,uddannelse,14.02
540,Sønderborg,low_education,57.18,24.52,%,2025,DST HFUDD11,social,uddannelse,14.02
400,Bornholm,low_education,52.81,26.55,%,2025,DST HFUDD11,social,uddannelse,14.02
510,Haderslev,low_education,49.79,28.16,%,2025,DST HFUDD11,social,uddannelse,14.02
671,Struer,low_education,53.82,26.05,%,2025,DST HFUDD11,social,uddannelse,14.02
665,Lemvig,low_education,63.76,21.99,%,2025,DST HFUDD11,social,uddannelse,14.02
707,Norddjurs,low_education,56.67,24.74,%,2025,DST HFUDD11,social,uddannelse,14.02
330,Slagelse,low_education,60.17,23.3,%,2025,DST HFUDD11,social,uddannelse,14.02
306,Odsherred,low_education,41.47,33.81,%,2025,DST HFUDD11,social,uddannelse,14.02
575,Vejen,low_education,61.01,22.98,%,2025,DST HFUDD11,social,uddannelse,14.02
376,Guldborgsund,low_education,50.25,27.9,%,2025,DST HFUDD11,social,uddannelse,14.02
849,Jammerbugt,low_education,54.62,25.67,%,2025,DST HFUDD11,social,uddannelse,14.02
326,Kalundborg,low_education,60.4,23.21,%,2025,DST HFUDD11,social,uddannelse,14.02
390,Vordingborg,low_education,48.45,28.94,%,2025,DST HFUDD11,social,uddannelse,14.02
550,Tønder,low_education,53.11,26.4,%,2025,DST HFUDD11,social,uddannelse,14.02
360,Lolland,low_education,37.17,37.72,%,2025,DST HFUDD11,social,uddannelse,14.02
741,Samsø,low_education,75.25,18.63,%,2025,DST HFUDD11,social,uddannelse,14.02
482,Langeland,low_education,52.39,26.76,%,2025,DST HFUDD11,social,uddannelse,14.02
201,Allerød,exam_grade,109.57,8.0,karakter,2025,UVM GS/KARA/KARAGNS,social,uddannelse,7.30102
153,Brøndby,exam_grade,95.88,7.0,karakter,2025,UVM GS/KARA/KARAGNS,social,uddannelse,7.30102
175,Rødovre,exam_grade,102.73,7.5,karakter,2025,UVM GS/KARA/KARAGNS,social,uddannelse,7.30102
155,Dragør,exam_grade,110.94,8.1,karakter,2025,UVM GS/KARA/KARAGNS,social,uddannelse,7.30102
190,Furesø,exam_grade,113.68,8.3,karakter,2025,UVM GS/KARA/KARAGNS,social,uddannelse,7.30102
167,Hvidovre,exam_grade,105.46,7.7,karakter,2025,UVM GS/KARA/KARAGNS,social,uddannelse,7.30102
230,Rudersdal,exam_grade,116.42,8.5,karakter,2025,UVM GS/KARA/KARAGNS,social,uddannelse,7.30102
746,Skanderborg,exam_grade,102.73,7.5,karakter,2025,UVM GS/KARA/KARAGNS,social,uddannelse,7.30102
269,Solrød,exam_grade,102.73,7.5,karakter,2025,UVM GS/KARA/KARAGNS,social,uddannelse,7.30102
265,Roskilde,exam_grade,106.83,7.8,karakter,2025,UVM GS/KARA/KARAGNS,social,uddannelse,7.30102
240,Egedal,exam_grade,104.1,7.6,karakter,2025,UVM GS/KARA/KARAGNS,social,uddannelse,7.30102
151,Ballerup,exam_grade,99.99,7.3,karakter,2025,UVM GS/KARA/KARAGNS,social,uddannelse,7.30102
223,Hørsholm,exam_grade,117.79,8.6,karakter,2025,UVM GS/KARA/KARAGNS,social,uddannelse,7.30102
185,Tårnby,exam_grade,101.36,7.4,karakter,2025,UVM GS/KARA/KARAGNS,social,uddannelse,7.30102
157,Gentofte,exam_grade,120.53,8.8,karakter,2025,UVM GS/KARA/KARAGNS,social,uddannelse,7.30102
350,Lejre,exam_grade,102.73,7.5,karakter,2025,UVM GS/KARA/KARAGNS,social,uddannelse,7.30102
163,Herlev,exam_grade,102.73,7.5,karakter,2025,UVM GS/KARA/KARAGNS,social,uddannelse,7.30102
173,Lyngby-Taarbæk,exam_grade,116.42,8.5,karakter,2025,UVM GS/KARA/KARAGNS,social,uddannelse,7.30102
210,Fredensborg,exam_grade,108.2,7.9,karakter,2025,UVM GS/KARA/KARAGNS,social,uddannelse,7.30102
183,Ishøj,exam_grade,95.88,7.0,karakter,2025,UVM GS/KARA/KARAGNS,social,uddannelse,7.30102
710,Favrskov,exam_grade,102.73,7.5,karakter,2025,UVM GS/KARA/KARAGNS,social,uddannelse,7.30102
530,Billund,exam_grade,89.03,6.5,karakter,2025,UVM GS/KARA/KARAGNS,social,uddannelse,7.30102
840,Rebild,exam_grade,109.57,8.0,karakter,2025,UVM GS/KARA/KARAGNS,social,uddannelse,7.30102
187,Vallensbæk,exam_grade,102.73,7.5,karakter,2025,UVM GS/KARA/KARAGNS,social,uddannelse,7.30102
253,Greve,exam_grade,102.73,7.5,karakter,2025,UVM GS/KARA/KARAGNS,social,uddannelse,7.30102
147,Frederiksberg,exam_grade,116.42,8.5,karakter,2025,UVM GS/KARA/KARAGNS,social,uddannelse,7.30102
259,Køge,exam_grade,101.36,7.4,karakter,2025,UVM GS/KARA/KARAGNS,social,uddannelse,7.30102
159,Gladsaxe,exam_grade,108.2,7.9,karakter,2025,UVM GS/KARA/KARAGNS,social,uddannelse,7.30102
217,Helsingør,exam_grade,101.36,7.4,karakter,2025,UVM GS/KARA/KARAGNS,social,uddannelse,7.30102
250,Frederikssund,exam_grade,98.62,7.2,karakter,2025,UVM GS/KARA/KARAGNS,social,uddannelse,7.30102
661,Holstebro,exam_grade,98.62,7.2,karakter,2025,UVM GS/KARA/KARAGNS,social,uddannelse,7.30102
825,Læsø,exam_grade,90.4,6.6,karakter,2025,UVM GS/KARA/KARAGNS,social,uddannelse,7.30102
657,Herning,exam_grade,101.36,7.4,karakter,2025,UVM GS/KARA/KARAGNS,social,uddannelse,7.30102
260,Halsnæs,exam_grade,95.88,7.0,karakter,2025,UVM GS/KARA/KARAGNS,social,uddannelse,7.30102
773,Morsø,exam_grade,90.4,6.6,karakter,2025,UVM GS/KARA/KARAGNS,social,uddannelse,7.30102
219,Hillerød,exam_grade,105.46,7.7,karakter,2025,UVM GS/KARA/KARAGNS,social,uddannelse,7.30102
340,Sorø,exam_grade,102.73,7.5,karakter,2025,UVM GS/KARA/KARAGNS,social,uddannelse,7.30102
492,Ærø,exam_grade,105.46,7.7,karakter,2025,UVM GS/KARA/KARAGNS,social,uddannelse,7.30102
561,Esbjerg,exam_grade,94.51,6.9,karakter,2025,UVM GS/KARA/KARAGNS,social,uddannelse,7.30102
740,Silkeborg,exam_grade,102.73,7.5,karakter,2025,UVM GS/KARA/KARAGNS,social,uddannelse,7.30102
615,Horsens,exam_grade,98.62,7.2,karakter,2025,UVM GS/KARA/KARAGNS,social,uddannelse,7.30102
563,Fanø,exam_grade,104.1,7.6,karakter,2025,UVM GS/KARA/KARAGNS,social,uddannelse,7.30102
316,Holbæk,exam_grade,98.62,7.2,karakter,2025,UVM GS/KARA/KARAGNS,social,uddannelse,7.30102
766,Hedensted,exam_grade,93.14,6.8,karakter,2025,UVM GS/KARA/KARAGNS,social,uddannelse,7.30102
607,Fredericia,exam_grade,94.51,6.9,karakter,2025,UVM GS/KARA/KARAGNS,social,uddannelse,7.30102
410,Middelfart,exam_grade,97.25,7.1,karakter,2025,UVM GS/KARA/KARAGNS,social,uddannelse,7.30102
329,Ringsted,exam_grade,104.1,7.6,karakter,2025,UVM GS/KARA/KARAGNS,social,uddannelse,7.30102
370,Næstved,exam_grade,95.88,7.0,karakter,2025,UVM GS/KARA/KARAGNS,social,uddannelse,7.30102
851,Aalborg,exam_grade,105.46,7.7,karakter,2025,UVM GS/KARA/KARAGNS,social,uddannelse,7.30102
810,Brønderslev,exam_grade,98.62,7.2,karakter,2025,UVM GS/KARA/KARAGNS,social,uddannelse,7.30102
727,Odder,exam_grade,98.62,7.2,karakter,2025,UVM GS/KARA/KARAGNS,social,uddannelse,7.30102
336,Stevns,exam_grade,93.14,6.8,karakter,2025,UVM GS/KARA/KARAGNS,social,uddannelse,7.30102
751,Aarhus,exam_grade,106.83,7.8,karakter,2025,UVM GS/KARA/KARAGNS,social,uddannelse,7.30102
813,Frederikshavn,exam_grade,97.25,7.1,karakter,2025,UVM GS/KARA/KARAGNS,social,uddannelse,7.30102
161,Glostrup,exam_grade,97.25,7.1,karakter,2025,UVM GS/KARA/KARAGNS,social,uddannelse,7.30102
270,Gribskov,exam_grade,97.25,7.1,karakter,2025,UVM GS/KARA/KARAGNS,social,uddannelse,7.30102
860,Hjørring,exam_grade,97.25,7.1,karakter,2025,UVM GS/KARA/KARAGNS,social,uddannelse,7.30102
165,Albertslund,exam_grade,97.25,7.1,karakter,2025,UVM GS/KARA/KARAGNS,social,uddannelse,7.30102
479,Svendborg,exam_grade,99.99,7.3,karakter,2025,UVM GS/KARA/KARAGNS,social,uddannelse,7.30102
791,Viborg,exam_grade,98.62,7.2,karakter,2025,UVM GS/KARA/KARAGNS,social,uddannelse,7.30102
480,Nordfyns,exam_grade,91.77,6.7,karakter,2025,UVM GS/KARA/KARAGNS,social,uddannelse,7.30102
706,Syddjurs,exam_grade,99.99,7.3,karakter,2025,UVM GS/KARA/KARAGNS,social,uddannelse,7.30102
440,Kerteminde,exam_grade,98.62,7.2,karakter,2025,UVM GS/KARA/KARAGNS,social,uddannelse,7.30102
630,Vejle,exam_grade,102.73,7.5,karakter,2025,UVM GS/KARA/KARAGNS,social,uddannelse,7.30102
101,København,exam_grade,109.57,8.0,karakter,2025,UVM GS/KARA/KARAGNS,social,uddannelse,7.30102
730,Randers,exam_grade,101.36,7.4,karakter,2025,UVM GS/KARA/KARAGNS,social,uddannelse,7.30102
760,Ringkøbing-Skjern,exam_grade,99.99,7.3,karakter,2025,UVM GS/KARA/KARAGNS,social,uddannelse,7.30102
430,Faaborg-Midtfyn,exam_grade,93.14,6.8,karakter,2025,UVM GS/KARA/KARAGNS,social,uddannelse,7.30102
320,Faxe,exam_grade,95.88,7.0,karakter,2025,UVM GS/KARA/KARAGNS,social,uddannelse,7.30102
169,Høje-Taastrup,exam_grade,98.62,7.2,karakter,2025,UVM GS/KARA/KARAGNS,social,uddannelse,7.30102
573,Varde,exam_grade,93.14,6.8,karakter,2025,UVM GS/KARA/KARAGNS,social,uddannelse,7.30102
621,Kolding,exam_grade,104.1,7.6,karakter,2025,UVM GS/KARA/KARAGNS,social,uddannelse,7.30102
420,Assens,exam_grade,98.62,7.2,karakter,2025,UVM GS/KARA/KARAGNS,social,uddannelse,7.30102
580,Aabenraa,exam_grade,94.51,6.9,karakter,2025,UVM GS/KARA/KARAGNS,social,uddannelse,7.30102
787,Thisted,exam_grade,93.14,6.8,karakter,2025,UVM GS/KARA/KARAGNS,social,uddannelse,7.30102
756,Ikast-Brande,exam_grade,94.51,6.9,karakter,2025,UVM GS/KARA/KARAGNS,social,uddannelse,7.30102
461,Odense,exam_grade,99.99,7.3,karakter,2025,UVM GS/KARA/KARAGNS,social,uddannelse,7.30102
779,Skive,exam_grade,94.51,6.9,karakter,2025,UVM GS/KARA/KARAGNS,social,uddannelse,7.30102
450,Nyborg,exam_grade,98.62,7.2,karakter,2025,UVM GS/KARA/KARAGNS,social,uddannelse,7.30102
846,Mariagerfjord,exam_grade,98.62,7.2,karakter,2025,UVM GS/KARA/KARAGNS,social,uddannelse,7.30102
820,Vesthimmerlands,exam_grade,95.88,7.0,karakter,2025,UVM GS/KARA/KARAGNS,social,uddannelse,7.30102
540,Sønderborg,exam_grade,98.62,7.2,karakter,2025,UVM GS/KARA/KARAGNS,social,uddannelse,7.30102
400,Bornholm,exam_grade,102.73,7.5,karakter,2025,UVM GS/KARA/KARAGNS,social,uddannelse,7.30102
510,Haderslev,exam_grade,93.14,6.8,karakter,2025,UVM GS/KARA/KARAGNS,social,uddannelse,7.30102
671,Struer,exam_grade,94.51,6.9,karakter,2025,UVM GS/KARA/KARAGNS,social,uddannelse,7.30102
665,Lemvig,exam_grade,102.73,7.5,karakter,2025,UVM GS/KARA/KARAGNS,social,uddannelse,7.30102
707,Norddjurs,exam_grade,87.66,6.4,karakter,2025,UVM GS/KARA/KARAGNS,social,uddannelse,7.30102
330,Slagelse,exam_grade,99.99,7.3,karakter,2025,UVM GS/KARA/KARAGNS,social,uddannelse,7.30102
306,Odsherred,exam_grade,94.51,6.9,karakter,2025,UVM GS/KARA/KARAGNS,social,uddannelse,7.30102
575,Vejen,exam_grade,94.51,6.9,karakter,2025,UVM GS/KARA/KARAGNS,social,uddannelse,7.30102
376,Guldborgsund,exam_grade,91.77,6.7,karakter,2025,UVM GS/KARA/KARAGNS,social,uddannelse,7.30102
849,Jammerbugt,exam_grade,94.51,6.9,karakter,2025,UVM GS/KARA/KARAGNS,social,uddannelse,7.30102
326,Kalundborg,exam_grade,93.14,6.8,karakter,2025,UVM GS/KARA/KARAGNS,social,uddannelse,7.30102
390,Vordingborg,exam_grade,97.25,7.1,karakter,2025,UVM GS/KARA/KARAGNS,social,uddannelse,7.30102
550,Tønder,exam_grade,94.51,6.9,karakter,2025,UVM GS/KARA/KARAGNS,social,uddannelse,7.30102
360,Lolland,exam_grade,89.03,6.5,karakter,2025,UVM GS/KARA/KARAGNS,social,uddannelse,7.30102
741,Samsø,exam_grade,89.03,6.5,karakter,2025,UVM GS/KARA/KARAGNS,social,uddannelse,7.30102
482,Langeland,exam_grade,94.51,6.9,karakter,2025,UVM GS/KARA/KARAGNS,social,uddannelse,7.30102
201,Allerød,high_absence,103.21,22.2,%,2025,UVM GS/ELEVFRAV/FRAVAAR,social,uddannelse,22.912245
153,Brøndby,high_absence,79.28,28.9,%,2025,UVM GS/ELEVFRAV/FRAVAAR,social,uddannelse,22.912245
175,Rødovre,high_absence,106.57,21.5,%,2025,UVM GS/ELEVFRAV/FRAVAAR,social,uddannelse,22.912245
155,Dragør,high_absence,78.2,29.3,%,2025,UVM GS/ELEVFRAV/FRAVAAR,social,uddannelse,22.912245
190,Furesø,high_absence,115.14,19.9,%,2025,UVM GS/ELEVFRAV/FRAVAAR,social,uddannelse,22.912245
167,Hvidovre,high_absence,112.87,20.3,%,2025,UVM GS/ELEVFRAV/FRAVAAR,social,uddannelse,22.912245
230,Rudersdal,high_absence,112.31,20.4,%,2025,UVM GS/ELEVFRAV/FRAVAAR,social,uddannelse,22.912245
746,Skanderborg,high_absence,108.59,21.1,%,2025,UVM GS/ELEVFRAV/FRAVAAR,social,uddannelse,22.912245
269,Solrød,high_absence,90.56,25.3,%,2025,UVM GS/ELEVFRAV/FRAVAAR,social,uddannelse,22.912245
265,Roskilde,high_absence,86.14,26.6,%,2025,UVM GS/ELEVFRAV/FRAVAAR,social,uddannelse,22.912245
240,Egedal,high_absence,99.19,23.1,%,2025,UVM GS/ELEVFRAV/FRAVAAR,social,uddannelse,22.912245
151,Ballerup,high_absence,91.65,25.0,%,2025,UVM GS/ELEVFRAV/FRAVAAR,social,uddannelse,22.912245
223,Hørsholm,high_absence,83.02,27.6,%,2025,UVM GS/ELEVFRAV/FRAVAAR,social,uddannelse,22.912245
185,Tårnby,high_absence,74.39,30.8,%,2025,UVM GS/ELEVFRAV/FRAVAAR,social,uddannelse,22.912245
157,Gentofte,high_absence,116.9,19.6,%,2025,UVM GS/ELEVFRAV/FRAVAAR,social,uddannelse,22.912245
350,Lejre,high_absence,100.49,22.8,%,2025,UVM GS/ELEVFRAV/FRAVAAR,social,uddannelse,22.912245
163,Herlev,high_absence,111.22,20.6,%,2025,UVM GS/ELEVFRAV/FRAVAAR,social,uddannelse,22.912245
173,Lyngby-Taarbæk,high_absence,130.18,17.6,%,2025,UVM GS/ELEVFRAV/FRAVAAR,social,uddannelse,22.912245
210,Fredensborg,high_absence,107.07,21.4,%,2025,UVM GS/ELEVFRAV/FRAVAAR,social,uddannelse,22.912245
183,Ishøj,high_absence,95.07,24.1,%,2025,UVM GS/ELEVFRAV/FRAVAAR,social,uddannelse,22.912245
710,Favrskov,high_absence,97.5,23.5,%,2025,UVM GS/ELEVFRAV/FRAVAAR,social,uddannelse,22.912245
530,Billund,high_absence,100.93,22.7,%,2025,UVM GS/ELEVFRAV/FRAVAAR,social,uddannelse,22.912245
840,Rebild,high_absence,148.78,15.4,%,2025,UVM GS/ELEVFRAV/FRAVAAR,social,uddannelse,22.912245
187,Vallensbæk,high_absence,92.76,24.7,%,2025,UVM GS/ELEVFRAV/FRAVAAR,social,uddannelse,22.912245
253,Greve,high_absence,91.28,25.1,%,2025,UVM GS/ELEVFRAV/FRAVAAR,social,uddannelse,22.912245
147,Frederiksberg,high_absence,112.87,20.3,%,2025,UVM GS/ELEVFRAV/FRAVAAR,social,uddannelse,22.912245
259,Køge,high_absence,73.91,31.0,%,2025,UVM GS/ELEVFRAV/FRAVAAR,social,uddannelse,22.912245
159,Gladsaxe,high_absence,108.08,21.2,%,2025,UVM GS/ELEVFRAV/FRAVAAR,social,uddannelse,22.912245
217,Helsingør,high_absence,82.72,27.7,%,2025,UVM GS/ELEVFRAV/FRAVAAR,social,uddannelse,22.912245
250,Frederikssund,high_absence,78.47,29.2,%,2025,UVM GS/ELEVFRAV/FRAVAAR,social,uddannelse,22.912245
661,Holstebro,high_absence,150.0,15.0,%,2025,UVM GS/ELEVFRAV/FRAVAAR,social,uddannelse,22.912245
825,Læsø,high_absence,150.0,12.0,%,2025,UVM GS/ELEVFRAV/FRAVAAR,social,uddannelse,22.912245
657,Herning,high_absence,150.0,11.9,%,2025,UVM GS/ELEVFRAV/FRAVAAR,social,uddannelse,22.912245
260,Halsnæs,high_absence,83.32,27.5,%,2025,UVM GS/ELEVFRAV/FRAVAAR,social,uddannelse,22.912245
773,Morsø,high_absence,112.87,20.3,%,2025,UVM GS/ELEVFRAV/FRAVAAR,social,uddannelse,22.912245
219,Hillerød,high_absence,79.28,28.9,%,2025,UVM GS/ELEVFRAV/FRAVAAR,social,uddannelse,22.912245
340,Sorø,high_absence,100.05,22.9,%,2025,UVM GS/ELEVFRAV/FRAVAAR,social,uddannelse,22.912245
492,Ærø,high_absence,78.2,29.3,%,2025,UVM GS/ELEVFRAV/FRAVAAR,social,uddannelse,22.912245
561,Esbjerg,high_absence,94.68,24.2,%,2025,UVM GS/ELEVFRAV/FRAVAAR,social,uddannelse,22.912245
740,Silkeborg,high_absence,150.0,14.8,%,2025,UVM GS/ELEVFRAV/FRAVAAR,social,uddannelse,22.912245
615,Horsens,high_absence,102.29,22.4,%,2025,UVM GS/ELEVFRAV/FRAVAAR,social,uddannelse,22.912245
563,Fanø,high_absence,60.94,37.6,%,2025,UVM GS/ELEVFRAV/FRAVAAR,social,uddannelse,22.912245
316,Holbæk,high_absence,86.46,26.5,%,2025,UVM GS/ELEVFRAV/FRAVAAR,social,uddannelse,22.912245
766,Hedensted,high_absence,110.69,20.7,%,2025,UVM GS/ELEVFRAV/FRAVAAR,social,uddannelse,22.912245
607,Fredericia,high_absence,102.75,22.3,%,2025,UVM GS/ELEVFRAV/FRAVAAR,social,uddannelse,22.912245
410,Middelfart,high_absence,120.59,19.0,%,2025,UVM GS/ELEVFRAV/FRAVAAR,social,uddannelse,22.912245
329,Ringsted,high_absence,92.76,24.7,%,2025,UVM GS/ELEVFRAV/FRAVAAR,social,uddannelse,22.912245
370,Næstved,high_absence,88.12,26.0,%,2025,UVM GS/ELEVFRAV/FRAVAAR,social,uddannelse,22.912245
851,Aalborg,high_absence,90.56,25.3,%,2025,UVM GS/ELEVFRAV/FRAVAAR,social,uddannelse,22.912245
810,Brønderslev,high_absence,125.2,18.3,%,2025,UVM GS/ELEVFRAV/FRAVAAR,social,uddannelse,22.912245
727,Odder,high_absence,150.0,12.0,%,2025,UVM GS/ELEVFRAV/FRAVAAR,social,uddannelse,22.912245
336,Stevns,high_absence,74.15,30.9,%,2025,UVM GS/ELEVFRAV/FRAVAAR,social,uddannelse,22.912245
751,Aarhus,high_absence,150.0,14.6,%,2025,UVM GS/ELEVFRAV/FRAVAAR,social,uddannelse,22.912245
813,Frederikshavn,high_absence,99.62,23.0,%,2025,UVM GS/ELEVFRAV/FRAVAAR,social,uddannelse,22.912245
161,Glostrup,high_absence,110.69,20.7,%,2025,UVM GS/ELEVFRAV/FRAVAAR,social,uddannelse,22.912245
270,Gribskov,high_absence,63.82,35.9,%,2025,UVM GS/ELEVFRAV/FRAVAAR,social,uddannelse,22.912245
860,Hjørring,high_absence,104.62,21.9,%,2025,UVM GS/ELEVFRAV/FRAVAAR,social,uddannelse,22.912245
165,Albertslund,high_absence,98.76,23.2,%,2025,UVM GS/ELEVFRAV/FRAVAAR,social,uddannelse,22.912245
479,Svendborg,high_absence,82.72,27.7,%,2025,UVM GS/ELEVFRAV/FRAVAAR,social,uddannelse,22.912245
791,Viborg,high_absence,132.44,17.3,%,2025,UVM GS/ELEVFRAV/FRAVAAR,social,uddannelse,22.912245
480,Nordfyns,high_absence,83.02,27.6,%,2025,UVM GS/ELEVFRAV/FRAVAAR,social,uddannelse,22.912245
706,Syddjurs,high_absence,111.22,20.6,%,2025,UVM GS/ELEVFRAV/FRAVAAR,social,uddannelse,22.912245
440,Kerteminde,high_absence,88.46,25.9,%,2025,UVM GS/ELEVFRAV/FRAVAAR,social,uddannelse,22.912245
630,Vejle,high_absence,121.23,18.9,%,2025,UVM GS/ELEVFRAV/FRAVAAR,social,uddannelse,22.912245
101,København,high_absence,91.28,25.1,%,2025,UVM GS/ELEVFRAV/FRAVAAR,social,uddannelse,22.912245
730,Randers,high_absence,122.53,18.7,%,2025,UVM GS/ELEVFRAV/FRAVAAR,social,uddannelse,22.912245
760,Ringkøbing-Skjern,high_absence,119.33,19.2,%,2025,UVM GS/ELEVFRAV/FRAVAAR,social,uddannelse,22.912245
430,Faaborg-Midtfyn,high_absence,110.16,20.8,%,2025,UVM GS/ELEVFRAV/FRAVAAR,social,uddannelse,22.912245
320,Faxe,high_absence,80.68,28.4,%,2025,UVM GS/ELEVFRAV/FRAVAAR,social,uddannelse,22.912245
169,Høje-Taastrup,high_absence,110.16,20.8,%,2025,UVM GS/ELEVFRAV/FRAVAAR,social,uddannelse,22.912245
573,Varde,high_absence,136.38,16.8,%,2025,UVM GS/ELEVFRAV/FRAVAAR,social,uddannelse,22.912245
621,Kolding,high_absence,102.29,22.4,%,2025,UVM GS/ELEVFRAV/FRAVAAR,social,uddannelse,22.912245
420,Assens,high_absence,89.15,25.7,%,2025,UVM GS/ELEVFRAV/FRAVAAR,social,uddannelse,22.912245
580,Aabenraa,high_absence,130.93,17.5,%,2025,UVM GS/ELEVFRAV/FRAVAAR,social,uddannelse,22.912245
787,Thisted,high_absence,88.81,25.8,%,2025,UVM GS/ELEVFRAV/FRAVAAR,social,uddannelse,22.912245
756,Ikast-Brande,high_absence,138.03,16.6,%,2025,UVM GS/ELEVFRAV/FRAVAAR,social,uddannelse,22.912245
461,Odense,high_absence,150.0,14.0,%,2025,UVM GS/ELEVFRAV/FRAVAAR,social,uddannelse,22.912245
779,Skive,high_absence,128.72,17.8,%,2025,UVM GS/ELEVFRAV/FRAVAAR,social,uddannelse,22.912245
450,Nyborg,high_absence,121.23,18.9,%,2025,UVM GS/ELEVFRAV/FRAVAAR,social,uddannelse,22.912245
846,Mariagerfjord,high_absence,128.0,17.9,%,2025,UVM GS/ELEVFRAV/FRAVAAR,social,uddannelse,22.912245
820,Vesthimmerlands,high_absence,139.71,16.4,%,2025,UVM GS/ELEVFRAV/FRAVAAR,social,uddannelse,22.912245
540,Sønderborg,high_absence,138.03,16.6,%,2025,UVM GS/ELEVFRAV/FRAVAAR,social,uddannelse,22.912245
400,Bornholm,high_absence,74.63,30.7,%,2025,UVM GS/ELEVFRAV/FRAVAAR,social,uddannelse,22.912245
510,Haderslev,high_absence,100.49,22.8,%,2025,UVM GS/ELEVFRAV/FRAVAAR,social,uddannelse,22.912245
671,Struer,high_absence,150.0,14.2,%,2025,UVM GS/ELEVFRAV/FRAVAAR,social,uddannelse,22.912245
665,Lemvig,high_absence,150.0,12.5,%,2025,UVM GS/ELEVFRAV/FRAVAAR,social,uddannelse,22.912245
707,Norddjurs,high_absence,99.19,23.1,%,2025,UVM GS/ELEVFRAV/FRAVAAR,social,uddannelse,22.912245
330,Slagelse,high_absence,78.74,29.1,%,2025,UVM GS/ELEVFRAV/FRAVAAR,social,uddannelse,22.912245
306,Odsherred,high_absence,72.05,31.8,%,2025,UVM GS/ELEVFRAV/FRAVAAR,social,uddannelse,22.912245
575,Vejen,high_absence,97.5,23.5,%,2025,UVM GS/ELEVFRAV/FRAVAAR,social,uddannelse,22.912245
376,Guldborgsund,high_absence,106.57,21.5,%,2025,UVM GS/ELEVFRAV/FRAVAAR,social,uddannelse,22.912245
849,Jammerbugt,high_absence,110.16,20.8,%,2025,UVM GS/ELEVFRAV/FRAVAAR,social,uddannelse,22.912245
326,Kalundborg,high_absence,79.28,28.9,%,2025,UVM GS/ELEVFRAV/FRAVAAR,social,uddannelse,22.912245
390,Vordingborg,high_absence,75.87,30.2,%,2025,UVM GS/ELEVFRAV/FRAVAAR,social,uddannelse,22.912245
550,Tønder,high_absence,121.23,18.9,%,2025,UVM GS/ELEVFRAV/FRAVAAR,social,uddannelse,22.912245
360,Lolland,high_absence,66.99,34.2,%,2025,UVM GS/ELEVFRAV/FRAVAAR,social,uddannelse,22.912245
741,Samsø,high_absence,52.19,43.9,%,2025,UVM GS/ELEVFRAV/FRAVAAR,social,uddannelse,22.912245
482,Langeland,high_absence,108.08,21.2,%,2025,UVM GS/ELEVFRAV/FRAVAAR,social,uddannelse,22.912245
201,Allerød,youth_education,111.36,92.7,%,2023,UVM GS/PROFMOD/PROFMOD,social,uddannelse,83.245918
153,Brøndby,youth_education,101.63,84.6,%,2023,UVM GS/PROFMOD/PROFMOD,social,uddannelse,83.245918
175,Rødovre,youth_education,100.06,83.3,%,2023,UVM GS/PROFMOD/PROFMOD,social,uddannelse,83.245918
155,Dragør,youth_education,107.03,89.1,%,2023,UVM GS/PROFMOD/PROFMOD,social,uddannelse,83.245918
190,Furesø,youth_education,109.07,90.8,%,2023,UVM GS/PROFMOD/PROFMOD,social,uddannelse,83.245918
167,Hvidovre,youth_education,100.67,83.8,%,2023,UVM GS/PROFMOD/PROFMOD,social,uddannelse,83.245918
230,Rudersdal,youth_education,110.76,92.2,%,2023,UVM GS/PROFMOD/PROFMOD,social,uddannelse,83.245918
746,Skanderborg,youth_education,102.95,85.7,%,2023,UVM GS/PROFMOD/PROFMOD,social,uddannelse,83.245918
269,Solrød,youth_education,106.43,88.6,%,2023,UVM GS/PROFMOD/PROFMOD,social,uddannelse,83.245918
265,Roskilde,youth_education,105.71,88.0,%,2023,UVM GS/PROFMOD/PROFMOD,social,uddannelse,83.245918
240,Egedal,youth_education,107.51,89.5,%,2023,UVM GS/PROFMOD/PROFMOD,social,uddannelse,83.245918
151,Ballerup,youth_education,102.23,85.1,%,2023,UVM GS/PROFMOD/PROFMOD,social,uddannelse,83.245918
223,Hørsholm,youth_education,111.6,92.9,%,2023,UVM GS/PROFMOD/PROFMOD,social,uddannelse,83.245918
185,Tårnby,youth_education,102.35,85.2,%,2023,UVM GS/PROFMOD/PROFMOD,social,uddannelse,83.245918
157,Gentofte,youth_education,110.76,92.2,%,2023,UVM GS/PROFMOD/PROFMOD,social,uddannelse,83.245918
350,Lejre,youth_education,104.15,86.7,%,2023,UVM GS/PROFMOD/PROFMOD,social,uddannelse,83.245918
163,Herlev,youth_education,102.83,85.6,%,2023,UVM GS/PROFMOD/PROFMOD,social,uddannelse,83.245918
173,Lyngby-Taarbæk,youth_education,110.28,91.8,%,2023,UVM GS/PROFMOD/PROFMOD,social,uddannelse,83.245918
210,Fredensborg,youth_education,105.95,88.2,%,2023,UVM GS/PROFMOD/PROFMOD,social,uddannelse,83.245918
183,Ishøj,youth_education,96.46,80.3,%,2023,UVM GS/PROFMOD/PROFMOD,social,uddannelse,83.245918
710,Favrskov,youth_education,101.51,84.5,%,2023,UVM GS/PROFMOD/PROFMOD,social,uddannelse,83.245918
530,Billund,youth_education,95.38,79.4,%,2023,UVM GS/PROFMOD/PROFMOD,social,uddannelse,83.245918
840,Rebild,youth_education,101.87,84.8,%,2023,UVM GS/PROFMOD/PROFMOD,social,uddannelse,83.245918
187,Vallensbæk,youth_education,107.87,89.8,%,2023,UVM GS/PROFMOD/PROFMOD,social,uddannelse,83.245918
253,Greve,youth_education,103.91,86.5,%,2023,UVM GS/PROFMOD/PROFMOD,social,uddannelse,83.245918
147,Frederiksberg,youth_education,105.95,88.2,%,2023,UVM GS/PROFMOD/PROFMOD,social,uddannelse,83.245918
259,Køge,youth_education,103.43,86.1,%,2023,UVM GS/PROFMOD/PROFMOD,social,uddannelse,83.245918
159,Gladsaxe,youth_education,104.87,87.3,%,2023,UVM GS/PROFMOD/PROFMOD,social,uddannelse,83.245918
217,Helsingør,youth_education,103.79,86.4,%,2023,UVM GS/PROFMOD/PROFMOD,social,uddannelse,83.245918
250,Frederikssund,youth_education,100.79,83.9,%,2023,UVM GS/PROFMOD/PROFMOD,social,uddannelse,83.245918
661,Holstebro,youth_education,102.71,85.5,%,2023,UVM GS/PROFMOD/PROFMOD,social,uddannelse,83.245918
825,Læsø,youth_education,90.94,75.7,%,2023,UVM GS/PROFMOD/PROFMOD,social,uddannelse,83.245918
657,Herning,youth_education,98.62,82.1,%,2023,UVM GS/PROFMOD/PROFMOD,social,uddannelse,83.245918
260,Halsnæs,youth_education,97.18,80.9,%,2023,UVM GS/PROFMOD/PROFMOD,social,uddannelse,83.245918
773,Morsø,youth_education,95.26,79.3,%,2023,UVM GS/PROFMOD/PROFMOD,social,uddannelse,83.245918
219,Hillerød,youth_education,106.07,88.3,%,2023,UVM GS/PROFMOD/PROFMOD,social,uddannelse,83.245918
340,Sorø,youth_education,98.38,81.9,%,2023,UVM GS/PROFMOD/PROFMOD,social,uddannelse,83.245918
492,Ærø,youth_education,94.78,78.9,%,2023,UVM GS/PROFMOD/PROFMOD,social,uddannelse,83.245918
561,Esbjerg,youth_education,98.5,82.0,%,2023,UVM GS/PROFMOD/PROFMOD,social,uddannelse,83.245918
740,Silkeborg,youth_education,102.71,85.5,%,2023,UVM GS/PROFMOD/PROFMOD,social,uddannelse,83.245918
615,Horsens,youth_education,100.31,83.5,%,2023,UVM GS/PROFMOD/PROFMOD,social,uddannelse,83.245918
563,Fanø,youth_education,101.27,84.3,%,2023,UVM GS/PROFMOD/PROFMOD,social,uddannelse,83.245918
316,Holbæk,youth_education,96.46,80.3,%,2023,UVM GS/PROFMOD/PROFMOD,social,uddannelse,83.245918
766,Hedensted,youth_education,94.66,78.8,%,2023,UVM GS/PROFMOD/PROFMOD,social,uddannelse,83.245918
607,Fredericia,youth_education,96.7,80.5,%,2023,UVM GS/PROFMOD/PROFMOD,social,uddannelse,83.245918
410,Middelfart,youth_education,99.46,82.8,%,2023,UVM GS/PROFMOD/PROFMOD,social,uddannelse,83.245918
329,Ringsted,youth_education,99.46,82.8,%,2023,UVM GS/PROFMOD/PROFMOD,social,uddannelse,83.245918
370,Næstved,youth_education,99.94,83.2,%,2023,UVM GS/PROFMOD/PROFMOD,social,uddannelse,83.245918
851,Aalborg,youth_education,101.99,84.9,%,2023,UVM GS/PROFMOD/PROFMOD,social,uddannelse,83.245918
810,Brønderslev,youth_education,99.7,83.0,%,2023,UVM GS/PROFMOD/PROFMOD,social,uddannelse,83.245918
727,Odder,youth_education,98.14,81.7,%,2023,UVM GS/PROFMOD/PROFMOD,social,uddannelse,83.245918
336,Stevns,youth_education,99.34,82.7,%,2023,UVM GS/PROFMOD/PROFMOD,social,uddannelse,83.245918
751,Aarhus,youth_education,101.87,84.8,%,2023,UVM GS/PROFMOD/PROFMOD,social,uddannelse,83.245918
813,Frederikshavn,youth_education,97.54,81.2,%,2023,UVM GS/PROFMOD/PROFMOD,social,uddannelse,83.245918
161,Glostrup,youth_education,104.03,86.6,%,2023,UVM GS/PROFMOD/PROFMOD,social,uddannelse,83.245918
270,Gribskov,youth_education,100.67,83.8,%,2023,UVM GS/PROFMOD/PROFMOD,social,uddannelse,83.245918
860,Hjørring,youth_education,96.58,80.4,%,2023,UVM GS/PROFMOD/PROFMOD,social,uddannelse,83.245918
165,Albertslund,youth_education,98.5,82.0,%,2023,UVM GS/PROFMOD/PROFMOD,social,uddannelse,83.245918
479,Svendborg,youth_education,101.03,84.1,%,2023,UVM GS/PROFMOD/PROFMOD,social,uddannelse,83.245918
791,Viborg,youth_education,100.06,83.3,%,2023,UVM GS/PROFMOD/PROFMOD,social,uddannelse,83.245918
480,Nordfyns,youth_education,97.42,81.1,%,2023,UVM GS/PROFMOD/PROFMOD,social,uddannelse,83.245918
706,Syddjurs,youth_education,96.58,80.4,%,2023,UVM GS/PROFMOD/PROFMOD,social,uddannelse,83.245918
440,Kerteminde,youth_education,94.54,78.7,%,2023,UVM GS/PROFMOD/PROFMOD,social,uddannelse,83.245918
630,Vejle,youth_education,100.06,83.3,%,2023,UVM GS/PROFMOD/PROFMOD,social,uddannelse,83.245918
101,København,youth_education,101.99,84.9,%,2023,UVM GS/PROFMOD/PROFMOD,social,uddannelse,83.245918
730,Randers,youth_education,100.79,83.9,%,2023,UVM GS/PROFMOD/PROFMOD,social,uddannelse,83.245918
760,Ringkøbing-Skjern,youth_education,100.06,83.3,%,2023,UVM GS/PROFMOD/PROFMOD,social,uddannelse,83.245918
430,Faaborg-Midtfyn,youth_education,96.94,80.7,%,2023,UVM GS/PROFMOD/PROFMOD,social,uddannelse,83.245918
320,Faxe,youth_education,91.18,75.9,%,2023,UVM GS/PROFMOD/PROFMOD,social,uddannelse,83.245918
169,Høje-Taastrup,youth_education,100.06,83.3,%,2023,UVM GS/PROFMOD/PROFMOD,social,uddannelse,83.245918
573,Varde,youth_education,97.42,81.1,%,2023,UVM GS/PROFMOD/PROFMOD,social,uddannelse,83.245918
621,Kolding,youth_education,102.71,85.5,%,2023,UVM GS/PROFMOD/PROFMOD,social,uddannelse,83.245918
420,Assens,youth_education,95.98,79.9,%,2023,UVM GS/PROFMOD/PROFMOD,social,uddannelse,83.245918
580,Aabenraa,youth_education,95.02,79.1,%,2023,UVM GS/PROFMOD/PROFMOD,social,uddannelse,83.245918
787,Thisted,youth_education,98.02,81.6,%,2023,UVM GS/PROFMOD/PROFMOD,social,uddannelse,83.245918
756,Ikast-Brande,youth_education,96.82,80.6,%,2023,UVM GS/PROFMOD/PROFMOD,social,uddannelse,83.245918
461,Odense,youth_education,101.51,84.5,%,2023,UVM GS/PROFMOD/PROFMOD,social,uddannelse,83.245918
779,Skive,youth_education,100.19,83.4,%,2023,UVM GS/PROFMOD/PROFMOD,social,uddannelse,83.245918
450,Nyborg,youth_education,98.62,82.1,%,2023,UVM GS/PROFMOD/PROFMOD,social,uddannelse,83.245918
846,Mariagerfjord,youth_education,97.06,80.8,%,2023,UVM GS/PROFMOD/PROFMOD,social,uddannelse,83.245918
820,Vesthimmerlands,youth_education,96.22,80.1,%,2023,UVM GS/PROFMOD/PROFMOD,social,uddannelse,83.245918
540,Sønderborg,youth_education,97.9,81.5,%,2023,UVM GS/PROFMOD/PROFMOD,social,uddannelse,83.245918
400,Bornholm,youth_education,99.58,82.9,%,2023,UVM GS/PROFMOD/PROFMOD,social,uddannelse,83.245918
510,Haderslev,youth_education,97.9,81.5,%,2023,UVM GS/PROFMOD/PROFMOD,social,uddannelse,83.245918
671,Struer,youth_education,97.78,81.4,%,2023,UVM GS/PROFMOD/PROFMOD,social,uddannelse,83.245918
665,Lemvig,youth_education,103.43,86.1,%,2023,UVM GS/PROFMOD/PROFMOD,social,uddannelse,83.245918
707,Norddjurs,youth_education,92.14,76.7,%,2023,UVM GS/PROFMOD/PROFMOD,social,uddannelse,83.245918
330,Slagelse,youth_education,98.02,81.6,%,2023,UVM GS/PROFMOD/PROFMOD,social,uddannelse,83.245918
306,Odsherred,youth_education,94.18,78.4,%,2023,UVM GS/PROFMOD/PROFMOD,social,uddannelse,83.245918
575,Vejen,youth_education,99.34,82.7,%,2023,UVM GS/PROFMOD/PROFMOD,social,uddannelse,83.245918
376,Guldborgsund,youth_education,95.38,79.4,%,2023,UVM GS/PROFMOD/PROFMOD,social,uddannelse,83.245918
849,Jammerbugt,youth_education,97.18,80.9,%,2023,UVM GS/PROFMOD/PROFMOD,social,uddannelse,83.245918
326,Kalundborg,youth_education,93.34,77.7,%,2023,UVM GS/PROFMOD/PROFMOD,social,uddannelse,83.245918
390,Vordingborg,youth_education,95.98,79.9,%,2023,UVM GS/PROFMOD/PROFMOD,social,uddannelse,83.245918
550,Tønder,youth_education,96.58,80.4,%,2023,UVM GS/PROFMOD/PROFMOD,social,uddannelse,83.245918
360,Lolland,youth_education,86.85,72.3,%,2023,UVM GS/PROFMOD/PROFMOD,social,uddannelse,83.245918
741,Samsø,youth_education,93.46,77.8,%,2023,UVM GS/PROFMOD/PROFMOD,social,uddannelse,83.245918
482,Langeland,youth_education,89.73,74.7,%,2023,UVM GS/PROFMOD/PROFMOD,social,uddannelse,83.245918
201,Allerød,disposable_income,132.04,324951.0,kr. (median),2024,DST INDKP106 (median),social,velfaerd,246098.0
153,Brøndby,disposable_income,94.57,232739.0,kr. (median),2024,DST INDKP106 (median),social,velfaerd,246098.0
175,Rødovre,disposable_income,105.6,259874.0,kr. (median),2024,DST INDKP106 (median),social,velfaerd,246098.0
155,Dragør,disposable_income,131.62,323923.0,kr. (median),2024,DST INDKP106 (median),social,velfaerd,246098.0
190,Furesø,disposable_income,128.62,316529.0,kr. (median),2024,DST INDKP106 (median),social,velfaerd,246098.0
167,Hvidovre,disposable_income,105.62,259940.0,kr. (median),2024,DST INDKP106 (median),social,velfaerd,246098.0
230,Rudersdal,disposable_income,138.89,341797.0,kr. (median),2024,DST INDKP106 (median),social,velfaerd,246098.0
746,Skanderborg,disposable_income,113.65,279681.0,kr. (median),2024,DST INDKP106 (median),social,velfaerd,246098.0
269,Solrød,disposable_income,122.1,300487.0,kr. (median),2024,DST INDKP106 (median),social,velfaerd,246098.0
265,Roskilde,disposable_income,114.21,281072.0,kr. (median),2024,DST INDKP106 (median),social,velfaerd,246098.0
240,Egedal,disposable_income,123.0,302699.0,kr. (median),2024,DST INDKP106 (median),social,velfaerd,246098.0
151,Ballerup,disposable_income,103.98,255902.0,kr. (median),2024,DST INDKP106 (median),social,velfaerd,246098.0
223,Hørsholm,disposable_income,130.8,321889.0,kr. (median),2024,DST INDKP106 (median),social,velfaerd,246098.0
185,Tårnby,disposable_income,113.14,278443.0,kr. (median),2024,DST INDKP106 (median),social,velfaerd,246098.0
157,Gentofte,disposable_income,138.94,341925.0,kr. (median),2024,DST INDKP106 (median),social,velfaerd,246098.0
350,Lejre,disposable_income,113.78,280018.0,kr. (median),2024,DST INDKP106 (median),social,velfaerd,246098.0
163,Herlev,disposable_income,106.66,262488.0,kr. (median),2024,DST INDKP106 (median),social,velfaerd,246098.0
173,Lyngby-Taarbæk,disposable_income,121.07,297955.0,kr. (median),2024,DST INDKP106 (median),social,velfaerd,246098.0
210,Fredensborg,disposable_income,114.51,281809.0,kr. (median),2024,DST INDKP106 (median),social,velfaerd,246098.0
183,Ishøj,disposable_income,94.09,231557.0,kr. (median),2024,DST INDKP106 (median),social,velfaerd,246098.0
710,Favrskov,disposable_income,107.81,265316.0,kr. (median),2024,DST INDKP106 (median),social,velfaerd,246098.0
530,Billund,disposable_income,99.54,244971.0,kr. (median),2024,DST INDKP106 (median),social,velfaerd,246098.0
840,Rebild,disposable_income,106.78,262794.0,kr. (median),2024,DST INDKP106 (median),social,velfaerd,246098.0
187,Vallensbæk,disposable_income,112.36,276505.0,kr. (median),2024,DST INDKP106 (median),social,velfaerd,246098.0
253,Greve,disposable_income,113.74,279910.0,kr. (median),2024,DST INDKP106 (median),social,velfaerd,246098.0
147,Frederiksberg,disposable_income,112.02,275691.0,kr. (median),2024,DST INDKP106 (median),social,velfaerd,246098.0
259,Køge,disposable_income,107.59,264784.0,kr. (median),2024,DST INDKP106 (median),social,velfaerd,246098.0
159,Gladsaxe,disposable_income,110.78,272619.0,kr. (median),2024,DST INDKP106 (median),social,velfaerd,246098.0
217,Helsingør,disposable_income,106.28,261547.0,kr. (median),2024,DST INDKP106 (median),social,velfaerd,246098.0
250,Frederikssund,disposable_income,106.38,261808.0,kr. (median),2024,DST INDKP106 (median),social,velfaerd,246098.0
661,Holstebro,disposable_income,97.44,239803.0,kr. (median),2024,DST INDKP106 (median),social,velfaerd,246098.0
825,Læsø,disposable_income,85.44,210265.0,kr. (median),2024,DST INDKP106 (median),social,velfaerd,246098.0
657,Herning,disposable_income,98.65,242768.0,kr. (median),2024,DST INDKP106 (median),social,velfaerd,246098.0
260,Halsnæs,disposable_income,100.01,246121.0,kr. (median),2024,DST INDKP106 (median),social,velfaerd,246098.0
773,Morsø,disposable_income,88.36,217462.0,kr. (median),2024,DST INDKP106 (median),social,velfaerd,246098.0
219,Hillerød,disposable_income,115.93,285298.0,kr. (median),2024,DST INDKP106 (median),social,velfaerd,246098.0
340,Sorø,disposable_income,102.3,251770.0,kr. (median),2024,DST INDKP106 (median),social,velfaerd,246098.0
492,Ærø,disposable_income,84.54,208059.0,kr. (median),2024,DST INDKP106 (median),social,velfaerd,246098.0
561,Esbjerg,disposable_income,97.51,239975.0,kr. (median),2024,DST INDKP106 (median),social,velfaerd,246098.0
740,Silkeborg,disposable_income,104.05,256059.0,kr. (median),2024,DST INDKP106 (median),social,velfaerd,246098.0
615,Horsens,disposable_income,100.08,246288.0,kr. (median),2024,DST INDKP106 (median),social,velfaerd,246098.0
563,Fanø,disposable_income,98.87,243305.0,kr. (median),2024,DST INDKP106 (median),social,velfaerd,246098.0
316,Holbæk,disposable_income,102.55,252367.0,kr. (median),2024,DST INDKP106 (median),social,velfaerd,246098.0
766,Hedensted,disposable_income,102.94,253343.0,kr. (median),2024,DST INDKP106 (median),social,velfaerd,246098.0
607,Fredericia,disposable_income,97.09,238937.0,kr. (median),2024,DST INDKP106 (median),social,velfaerd,246098.0
410,Middelfart,disposable_income,101.64,250145.0,kr. (median),2024,DST INDKP106 (median),social,velfaerd,246098.0
329,Ringsted,disposable_income,103.64,255054.0,kr. (median),2024,DST INDKP106 (median),social,velfaerd,246098.0
370,Næstved,disposable_income,98.46,242309.0,kr. (median),2024,DST INDKP106 (median),social,velfaerd,246098.0
851,Aalborg,disposable_income,95.45,234901.0,kr. (median),2024,DST INDKP106 (median),social,velfaerd,246098.0
810,Brønderslev,disposable_income,95.13,234115.0,kr. (median),2024,DST INDKP106 (median),social,velfaerd,246098.0
727,Odder,disposable_income,102.63,252573.0,kr. (median),2024,DST INDKP106 (median),social,velfaerd,246098.0
336,Stevns,disposable_income,103.1,253736.0,kr. (median),2024,DST INDKP106 (median),social,velfaerd,246098.0
751,Aarhus,disposable_income,95.03,233860.0,kr. (median),2024,DST INDKP106 (median),social,velfaerd,246098.0
813,Frederikshavn,disposable_income,92.11,226682.0,kr. (median),2024,DST INDKP106 (median),social,velfaerd,246098.0
161,Glostrup,disposable_income,104.25,256553.0,kr. (median),2024,DST INDKP106 (median),social,velfaerd,246098.0
270,Gribskov,disposable_income,106.58,262293.0,kr. (median),2024,DST INDKP106 (median),social,velfaerd,246098.0
860,Hjørring,disposable_income,92.45,227509.0,kr. (median),2024,DST INDKP106 (median),social,velfaerd,246098.0
165,Albertslund,disposable_income,94.47,232487.0,kr. (median),2024,DST INDKP106 (median),social,velfaerd,246098.0
479,Svendborg,disposable_income,94.06,231484.0,kr. (median),2024,DST INDKP106 (median),social,velfaerd,246098.0
791,Viborg,disposable_income,98.0,241176.0,kr. (median),2024,DST INDKP106 (median),social,velfaerd,246098.0
480,Nordfyns,disposable_income,92.74,228228.0,kr. (median),2024,DST INDKP106 (median),social,velfaerd,246098.0
706,Syddjurs,disposable_income,98.25,241790.0,kr. (median),2024,DST INDKP106 (median),social,velfaerd,246098.0
440,Kerteminde,disposable_income,96.42,237276.0,kr. (median),2024,DST INDKP106 (median),social,velfaerd,246098.0
630,Vejle,disposable_income,104.26,256584.0,kr. (median),2024,DST INDKP106 (median),social,velfaerd,246098.0
101,København,disposable_income,101.26,249198.0,kr. (median),2024,DST INDKP106 (median),social,velfaerd,246098.0
730,Randers,disposable_income,94.63,232890.0,kr. (median),2024,DST INDKP106 (median),social,velfaerd,246098.0
760,Ringkøbing-Skjern,disposable_income,95.96,236150.0,kr. (median),2024,DST INDKP106 (median),social,velfaerd,246098.0
430,Faaborg-Midtfyn,disposable_income,94.84,233406.0,kr. (median),2024,DST INDKP106 (median),social,velfaerd,246098.0
320,Faxe,disposable_income,99.6,245114.0,kr. (median),2024,DST INDKP106 (median),social,velfaerd,246098.0
169,Høje-Taastrup,disposable_income,102.43,252070.0,kr. (median),2024,DST INDKP106 (median),social,velfaerd,246098.0
573,Varde,disposable_income,96.86,238380.0,kr. (median),2024,DST INDKP106 (median),social,velfaerd,246098.0
621,Kolding,disposable_income,99.1,243879.0,kr. (median),2024,DST INDKP106 (median),social,velfaerd,246098.0
420,Assens,disposable_income,93.66,230507.0,kr. (median),2024,DST INDKP106 (median),social,velfaerd,246098.0
580,Aabenraa,disposable_income,92.39,227379.0,kr. (median),2024,DST INDKP106 (median),social,velfaerd,246098.0
787,Thisted,disposable_income,91.23,224515.0,kr. (median),2024,DST INDKP106 (median),social,velfaerd,246098.0
756,Ikast-Brande,disposable_income,96.29,236964.0,kr. (median),2024,DST INDKP106 (median),social,velfaerd,246098.0
461,Odense,disposable_income,91.96,226300.0,kr. (median),2024,DST INDKP106 (median),social,velfaerd,246098.0
779,Skive,disposable_income,92.81,228399.0,kr. (median),2024,DST INDKP106 (median),social,velfaerd,246098.0
450,Nyborg,disposable_income,94.2,231818.0,kr. (median),2024,DST INDKP106 (median),social,velfaerd,246098.0
846,Mariagerfjord,disposable_income,94.83,233380.0,kr. (median),2024,DST INDKP106 (median),social,velfaerd,246098.0
820,Vesthimmerlands,disposable_income,92.5,227639.0,kr. (median),2024,DST INDKP106 (median),social,velfaerd,246098.0
540,Sønderborg,disposable_income,91.43,225003.0,kr. (median),2024,DST INDKP106 (median),social,velfaerd,246098.0
400,Bornholm,disposable_income,88.89,218761.0,kr. (median),2024,DST INDKP106 (median),social,velfaerd,246098.0
510,Haderslev,disposable_income,91.92,226211.0,kr. (median),2024,DST INDKP106 (median),social,velfaerd,246098.0
671,Struer,disposable_income,90.3,222224.0,kr. (median),2024,DST INDKP106 (median),social,velfaerd,246098.0
665,Lemvig,disposable_income,92.12,226717.0,kr. (median),2024,DST INDKP106 (median),social,velfaerd,246098.0
707,Norddjurs,disposable_income,90.38,222418.0,kr. (median),2024,DST INDKP106 (median),social,velfaerd,246098.0
330,Slagelse,disposable_income,94.88,233490.0,kr. (median),2024,DST INDKP106 (median),social,velfaerd,246098.0
306,Odsherred,disposable_income,90.14,221834.0,kr. (median),2024,DST INDKP106 (median),social,velfaerd,246098.0
575,Vejen,disposable_income,96.96,238614.0,kr. (median),2024,DST INDKP106 (median),social,velfaerd,246098.0
376,Guldborgsund,disposable_income,90.16,221890.0,kr. (median),2024,DST INDKP106 (median),social,velfaerd,246098.0
849,Jammerbugt,disposable_income,93.18,229322.0,kr. (median),2024,DST INDKP106 (median),social,velfaerd,246098.0
326,Kalundborg,disposable_income,97.44,239797.0,kr. (median),2024,DST INDKP106 (median),social,velfaerd,246098.0
390,Vordingborg,disposable_income,91.65,225540.0,kr. (median),2024,DST INDKP106 (median),social,velfaerd,246098.0
550,Tønder,disposable_income,88.01,216579.0,kr. (median),2024,DST INDKP106 (median),social,velfaerd,246098.0
360,Lolland,disposable_income,83.06,204412.0,kr. (median),2024,DST INDKP106 (median),social,velfaerd,246098.0
741,Samsø,disposable_income,89.13,219354.0,kr. (median),2024,DST INDKP106 (median),social,velfaerd,246098.0
482,Langeland,disposable_income,82.17,202217.0,kr. (median),2024,DST INDKP106 (median),social,velfaerd,246098.0
201,Allerød,employment,108.91,84.3,%,2024,DST RAS200,social,velfaerd,77.4
153,Brøndby,employment,95.35,73.8,%,2024,DST RAS200,social,velfaerd,77.4
175,Rødovre,employment,101.94,78.9,%,2024,DST RAS200,social,velfaerd,77.4
155,Dragør,employment,108.53,84.0,%,2024,DST RAS200,social,velfaerd,77.4
190,Furesø,employment,106.2,82.2,%,2024,DST RAS200,social,velfaerd,77.4
167,Hvidovre,employment,101.81,78.8,%,2024,DST RAS200,social,velfaerd,77.4
230,Rudersdal,employment,103.36,80.0,%,2024,DST RAS200,social,velfaerd,77.4
746,Skanderborg,employment,106.72,82.6,%,2024,DST RAS200,social,velfaerd,77.4
269,Solrød,employment,109.17,84.5,%,2024,DST RAS200,social,velfaerd,77.4
265,Roskilde,employment,103.62,80.2,%,2024,DST RAS200,social,velfaerd,77.4
240,Egedal,employment,109.17,84.5,%,2024,DST RAS200,social,velfaerd,77.4
151,Ballerup,employment,100.0,77.4,%,2024,DST RAS200,social,velfaerd,77.4
223,Hørsholm,employment,105.17,81.4,%,2024,DST RAS200,social,velfaerd,77.4
185,Tårnby,employment,103.88,80.4,%,2024,DST RAS200,social,velfaerd,77.4
157,Gentofte,employment,101.16,78.3,%,2024,DST RAS200,social,velfaerd,77.4
350,Lejre,employment,105.81,81.9,%,2024,DST RAS200,social,velfaerd,77.4
163,Herlev,employment,101.29,78.4,%,2024,DST RAS200,social,velfaerd,77.4
173,Lyngby-Taarbæk,employment,99.35,76.9,%,2024,DST RAS200,social,velfaerd,77.4
210,Fredensborg,employment,103.36,80.0,%,2024,DST RAS200,social,velfaerd,77.4
183,Ishøj,employment,95.61,74.0,%,2024,DST RAS200,social,velfaerd,77.4
710,Favrskov,employment,105.81,81.9,%,2024,DST RAS200,social,velfaerd,77.4
530,Billund,employment,102.97,79.7,%,2024,DST RAS200,social,velfaerd,77.4
840,Rebild,employment,107.24,83.0,%,2024,DST RAS200,social,velfaerd,77.4
187,Vallensbæk,employment,105.17,81.4,%,2024,DST RAS200,social,velfaerd,77.4
253,Greve,employment,105.04,81.3,%,2024,DST RAS200,social,velfaerd,77.4
147,Frederiksberg,employment,102.45,79.3,%,2024,DST RAS200,social,velfaerd,77.4
259,Køge,employment,102.33,79.2,%,2024,DST RAS200,social,velfaerd,77.4
159,Gladsaxe,employment,101.55,78.6,%,2024,DST RAS200,social,velfaerd,77.4
217,Helsingør,employment,101.16,78.3,%,2024,DST RAS200,social,velfaerd,77.4
250,Frederikssund,employment,103.49,80.1,%,2024,DST RAS200,social,velfaerd,77.4
661,Holstebro,employment,103.1,79.8,%,2024,DST RAS200,social,velfaerd,77.4
825,Læsø,employment,97.67,75.6,%,2024,DST RAS200,social,velfaerd,77.4
657,Herning,employment,102.58,79.4,%,2024,DST RAS200,social,velfaerd,77.4
260,Halsnæs,employment,99.74,77.2,%,2024,DST RAS200,social,velfaerd,77.4
773,Morsø,employment,98.84,76.5,%,2024,DST RAS200,social,velfaerd,77.4
219,Hillerød,employment,105.56,81.7,%,2024,DST RAS200,social,velfaerd,77.4
340,Sorø,employment,100.39,77.7,%,2024,DST RAS200,social,velfaerd,77.4
492,Ærø,employment,95.35,73.8,%,2024,DST RAS200,social,velfaerd,77.4
561,Esbjerg,employment,101.16,78.3,%,2024,DST RAS200,social,velfaerd,77.4
740,Silkeborg,employment,103.75,80.3,%,2024,DST RAS200,social,velfaerd,77.4
615,Horsens,employment,101.42,78.5,%,2024,DST RAS200,social,velfaerd,77.4
563,Fanø,employment,103.49,80.1,%,2024,DST RAS200,social,velfaerd,77.4
316,Holbæk,employment,101.29,78.4,%,2024,DST RAS200,social,velfaerd,77.4
766,Hedensted,employment,105.94,82.0,%,2024,DST RAS200,social,velfaerd,77.4
607,Fredericia,employment,97.93,75.8,%,2024,DST RAS200,social,velfaerd,77.4
410,Middelfart,employment,103.36,80.0,%,2024,DST RAS200,social,velfaerd,77.4
329,Ringsted,employment,100.78,78.0,%,2024,DST RAS200,social,velfaerd,77.4
370,Næstved,employment,100.0,77.4,%,2024,DST RAS200,social,velfaerd,77.4
851,Aalborg,employment,97.8,75.7,%,2024,DST RAS200,social,velfaerd,77.4
810,Brønderslev,employment,100.78,78.0,%,2024,DST RAS200,social,velfaerd,77.4
727,Odder,employment,102.2,79.1,%,2024,DST RAS200,social,velfaerd,77.4
336,Stevns,employment,102.45,79.3,%,2024,DST RAS200,social,velfaerd,77.4
751,Aarhus,employment,95.99,74.3,%,2024,DST RAS200,social,velfaerd,77.4
813,Frederikshavn,employment,97.55,75.5,%,2024,DST RAS200,social,velfaerd,77.4
161,Glostrup,employment,101.94,78.9,%,2024,DST RAS200,social,velfaerd,77.4
270,Gribskov,employment,102.84,79.6,%,2024,DST RAS200,social,velfaerd,77.4
860,Hjørring,employment,100.0,77.4,%,2024,DST RAS200,social,velfaerd,77.4
165,Albertslund,employment,96.51,74.7,%,2024,DST RAS200,social,velfaerd,77.4
479,Svendborg,employment,95.35,73.8,%,2024,DST RAS200,social,velfaerd,77.4
791,Viborg,employment,100.52,77.8,%,2024,DST RAS200,social,velfaerd,77.4
480,Nordfyns,employment,98.58,76.3,%,2024,DST RAS200,social,velfaerd,77.4
706,Syddjurs,employment,100.26,77.6,%,2024,DST RAS200,social,velfaerd,77.4
440,Kerteminde,employment,100.26,77.6,%,2024,DST RAS200,social,velfaerd,77.4
630,Vejle,employment,103.1,79.8,%,2024,DST RAS200,social,velfaerd,77.4
101,København,employment,99.1,76.7,%,2024,DST RAS200,social,velfaerd,77.4
730,Randers,employment,97.93,75.8,%,2024,DST RAS200,social,velfaerd,77.4
760,Ringkøbing-Skjern,employment,104.52,80.9,%,2024,DST RAS200,social,velfaerd,77.4
430,Faaborg-Midtfyn,employment,98.97,76.6,%,2024,DST RAS200,social,velfaerd,77.4
320,Faxe,employment,100.65,77.9,%,2024,DST RAS200,social,velfaerd,77.4
169,Høje-Taastrup,employment,100.78,78.0,%,2024,DST RAS200,social,velfaerd,77.4
573,Varde,employment,104.26,80.7,%,2024,DST RAS200,social,velfaerd,77.4
621,Kolding,employment,101.29,78.4,%,2024,DST RAS200,social,velfaerd,77.4
420,Assens,employment,98.58,76.3,%,2024,DST RAS200,social,velfaerd,77.4
580,Aabenraa,employment,97.29,75.3,%,2024,DST RAS200,social,velfaerd,77.4
787,Thisted,employment,100.65,77.9,%,2024,DST RAS200,social,velfaerd,77.4
756,Ikast-Brande,employment,99.48,77.0,%,2024,DST RAS200,social,velfaerd,77.4
461,Odense,employment,94.57,73.2,%,2024,DST RAS200,social,velfaerd,77.4
779,Skive,employment,100.78,78.0,%,2024,DST RAS200,social,velfaerd,77.4
450,Nyborg,employment,95.87,74.2,%,2024,DST RAS200,social,velfaerd,77.4
846,Mariagerfjord,employment,99.61,77.1,%,2024,DST RAS200,social,velfaerd,77.4
820,Vesthimmerlands,employment,99.61,77.1,%,2024,DST RAS200,social,velfaerd,77.4
540,Sønderborg,employment,95.87,74.2,%,2024,DST RAS200,social,velfaerd,77.4
400,Bornholm,employment,96.25,74.5,%,2024,DST RAS200,social,velfaerd,77.4
510,Haderslev,employment,98.71,76.4,%,2024,DST RAS200,social,velfaerd,77.4
671,Struer,employment,98.84,76.5,%,2024,DST RAS200,social,velfaerd,77.4
665,Lemvig,employment,102.2,79.1,%,2024,DST RAS200,social,velfaerd,77.4
707,Norddjurs,employment,97.03,75.1,%,2024,DST RAS200,social,velfaerd,77.4
330,Slagelse,employment,97.03,75.1,%,2024,DST RAS200,social,velfaerd,77.4
306,Odsherred,employment,95.35,73.8,%,2024,DST RAS200,social,velfaerd,77.4
575,Vejen,employment,104.01,80.5,%,2024,DST RAS200,social,velfaerd,77.4
376,Guldborgsund,employment,95.22,73.7,%,2024,DST RAS200,social,velfaerd,77.4
849,Jammerbugt,employment,100.13,77.5,%,2024,DST RAS200,social,velfaerd,77.4
326,Kalundborg,employment,97.42,75.4,%,2024,DST RAS200,social,velfaerd,77.4
390,Vordingborg,employment,96.51,74.7,%,2024,DST RAS200,social,velfaerd,77.4
550,Tønder,employment,97.55,75.5,%,2024,DST RAS200,social,velfaerd,77.4
360,Lolland,employment,89.41,69.2,%,2024,DST RAS200,social,velfaerd,77.4
741,Samsø,employment,100.9,78.1,%,2024,DST RAS200,social,velfaerd,77.4
482,Langeland,employment,91.73,71.0,%,2024,DST RAS200,social,velfaerd,77.4
201,Allerød,child_poverty,150.0,1.8,%,2024,DST LABY07,social,velfaerd,4.3
153,Brøndby,child_poverty,50.0,8.6,%,2024,DST LABY07,social,velfaerd,4.3
175,Rødovre,child_poverty,87.76,4.9,%,2024,DST LABY07,social,velfaerd,4.3
155,Dragør,child_poverty,150.0,1.7,%,2024,DST LABY07,social,velfaerd,4.3
190,Furesø,child_poverty,150.0,2.8,%,2024,DST LABY07,social,velfaerd,4.3
167,Hvidovre,child_poverty,113.16,3.8,%,2024,DST LABY07,social,velfaerd,4.3
230,Rudersdal,child_poverty,150.0,2.4,%,2024,DST LABY07,social,velfaerd,4.3
746,Skanderborg,child_poverty,150.0,2.1,%,2024,DST LABY07,social,velfaerd,4.3
269,Solrød,child_poverty,150.0,1.8,%,2024,DST LABY07,social,velfaerd,4.3
265,Roskilde,child_poverty,150.0,2.4,%,2024,DST LABY07,social,velfaerd,4.3
240,Egedal,child_poverty,150.0,1.9,%,2024,DST LABY07,social,velfaerd,4.3
151,Ballerup,child_poverty,104.88,4.1,%,2024,DST LABY07,social,velfaerd,4.3
223,Hørsholm,child_poverty,150.0,2.7,%,2024,DST LABY07,social,velfaerd,4.3
185,Tårnby,child_poverty,116.22,3.7,%,2024,DST LABY07,social,velfaerd,4.3
157,Gentofte,child_poverty,150.0,2.4,%,2024,DST LABY07,social,velfaerd,4.3
350,Lejre,child_poverty,148.28,2.9,%,2024,DST LABY07,social,velfaerd,4.3
163,Herlev,child_poverty,102.38,4.2,%,2024,DST LABY07,social,velfaerd,4.3
173,Lyngby-Taarbæk,child_poverty,150.0,2.5,%,2024,DST LABY07,social,velfaerd,4.3
210,Fredensborg,child_poverty,113.16,3.8,%,2024,DST LABY07,social,velfaerd,4.3
183,Ishøj,child_poverty,71.67,6.0,%,2024,DST LABY07,social,velfaerd,4.3
710,Favrskov,child_poverty,150.0,2.6,%,2024,DST LABY07,social,velfaerd,4.3
530,Billund,child_poverty,150.0,2.5,%,2024,DST LABY07,social,velfaerd,4.3
840,Rebild,child_poverty,150.0,2.4,%,2024,DST LABY07,social,velfaerd,4.3
187,Vallensbæk,child_poverty,89.58,4.8,%,2024,DST LABY07,social,velfaerd,4.3
253,Greve,child_poverty,122.86,3.5,%,2024,DST LABY07,social,velfaerd,4.3
147,Frederiksberg,child_poverty,143.33,3.0,%,2024,DST LABY07,social,velfaerd,4.3
259,Køge,child_poverty,97.73,4.4,%,2024,DST LABY07,social,velfaerd,4.3
159,Gladsaxe,child_poverty,100.0,4.3,%,2024,DST LABY07,social,velfaerd,4.3
217,Helsingør,child_poverty,104.88,4.1,%,2024,DST LABY07,social,velfaerd,4.3
250,Frederikssund,child_poverty,107.5,4.0,%,2024,DST LABY07,social,velfaerd,4.3
661,Holstebro,child_poverty,107.5,4.0,%,2024,DST LABY07,social,velfaerd,4.3
825,Læsø,child_poverty,150.0,2.6,%,2024,DST LABY07,social,velfaerd,4.3
657,Herning,child_poverty,110.26,3.9,%,2024,DST LABY07,social,velfaerd,4.3
260,Halsnæs,child_poverty,100.0,4.3,%,2024,DST LABY07,social,velfaerd,4.3
773,Morsø,child_poverty,104.88,4.1,%,2024,DST LABY07,social,velfaerd,4.3
219,Hillerød,child_poverty,134.37,3.2,%,2024,DST LABY07,social,velfaerd,4.3
340,Sorø,child_poverty,93.48,4.6,%,2024,DST LABY07,social,velfaerd,4.3
492,Ærø,child_poverty,81.13,5.3,%,2024,DST LABY07,social,velfaerd,4.3
561,Esbjerg,child_poverty,110.26,3.9,%,2024,DST LABY07,social,velfaerd,4.3
740,Silkeborg,child_poverty,138.71,3.1,%,2024,DST LABY07,social,velfaerd,4.3
615,Horsens,child_poverty,113.16,3.8,%,2024,DST LABY07,social,velfaerd,4.3
563,Fanø,child_poverty,126.47,3.4,%,2024,DST LABY07,social,velfaerd,4.3
316,Holbæk,child_poverty,110.26,3.9,%,2024,DST LABY07,social,velfaerd,4.3
766,Hedensted,child_poverty,130.3,3.3,%,2024,DST LABY07,social,velfaerd,4.3
607,Fredericia,child_poverty,66.15,6.5,%,2024,DST LABY07,social,velfaerd,4.3
410,Middelfart,child_poverty,113.16,3.8,%,2024,DST LABY07,social,velfaerd,4.3
329,Ringsted,child_poverty,102.38,4.2,%,2024,DST LABY07,social,velfaerd,4.3
370,Næstved,child_poverty,87.76,4.9,%,2024,DST LABY07,social,velfaerd,4.3
851,Aalborg,child_poverty,97.73,4.4,%,2024,DST LABY07,social,velfaerd,4.3
810,Brønderslev,child_poverty,93.48,4.6,%,2024,DST LABY07,social,velfaerd,4.3
727,Odder,child_poverty,143.33,3.0,%,2024,DST LABY07,social,velfaerd,4.3
336,Stevns,child_poverty,102.38,4.2,%,2024,DST LABY07,social,velfaerd,4.3
751,Aarhus,child_poverty,86.0,5.0,%,2024,DST LABY07,social,velfaerd,4.3
813,Frederikshavn,child_poverty,79.63,5.4,%,2024,DST LABY07,social,velfaerd,4.3
161,Glostrup,child_poverty,97.73,4.4,%,2024,DST LABY07,social,velfaerd,4.3
270,Gribskov,child_poverty,107.5,4.0,%,2024,DST LABY07,social,velfaerd,4.3
860,Hjørring,child_poverty,104.88,4.1,%,2024,DST LABY07,social,velfaerd,4.3
165,Albertslund,child_poverty,78.18,5.5,%,2024,DST LABY07,social,velfaerd,4.3
479,Svendborg,child_poverty,89.58,4.8,%,2024,DST LABY07,social,velfaerd,4.3
791,Viborg,child_poverty,107.5,4.0,%,2024,DST LABY07,social,velfaerd,4.3
480,Nordfyns,child_poverty,107.5,4.0,%,2024,DST LABY07,social,velfaerd,4.3
706,Syddjurs,child_poverty,134.37,3.2,%,2024,DST LABY07,social,velfaerd,4.3
440,Kerteminde,child_poverty,89.58,4.8,%,2024,DST LABY07,social,velfaerd,4.3
630,Vejle,child_poverty,95.56,4.5,%,2024,DST LABY07,social,velfaerd,4.3
101,København,child_poverty,93.48,4.6,%,2024,DST LABY07,social,velfaerd,4.3
730,Randers,child_poverty,78.18,5.5,%,2024,DST LABY07,social,velfaerd,4.3
760,Ringkøbing-Skjern,child_poverty,122.86,3.5,%,2024,DST LABY07,social,velfaerd,4.3
430,Faaborg-Midtfyn,child_poverty,116.22,3.7,%,2024,DST LABY07,social,velfaerd,4.3
320,Faxe,child_poverty,81.13,5.3,%,2024,DST LABY07,social,velfaerd,4.3
169,Høje-Taastrup,child_poverty,66.15,6.5,%,2024,DST LABY07,social,velfaerd,4.3
573,Varde,child_poverty,110.26,3.9,%,2024,DST LABY07,social,velfaerd,4.3
621,Kolding,child_poverty,95.56,4.5,%,2024,DST LABY07,social,velfaerd,4.3
420,Assens,child_poverty,95.56,4.5,%,2024,DST LABY07,social,velfaerd,4.3
580,Aabenraa,child_poverty,87.76,4.9,%,2024,DST LABY07,social,velfaerd,4.3
787,Thisted,child_poverty,102.38,4.2,%,2024,DST LABY07,social,velfaerd,4.3
756,Ikast-Brande,child_poverty,113.16,3.8,%,2024,DST LABY07,social,velfaerd,4.3
461,Odense,child_poverty,70.49,6.1,%,2024,DST LABY07,social,velfaerd,4.3
779,Skive,child_poverty,91.49,4.7,%,2024,DST LABY07,social,velfaerd,4.3
450,Nyborg,child_poverty,81.13,5.3,%,2024,DST LABY07,social,velfaerd,4.3
846,Mariagerfjord,child_poverty,93.48,4.6,%,2024,DST LABY07,social,velfaerd,4.3
820,Vesthimmerlands,child_poverty,93.48,4.6,%,2024,DST LABY07,social,velfaerd,4.3
540,Sønderborg,child_poverty,71.67,6.0,%,2024,DST LABY07,social,velfaerd,4.3
400,Bornholm,child_poverty,93.48,4.6,%,2024,DST LABY07,social,velfaerd,4.3
510,Haderslev,child_poverty,69.35,6.2,%,2024,DST LABY07,social,velfaerd,4.3
671,Struer,child_poverty,82.69,5.2,%,2024,DST LABY07,social,velfaerd,4.3
665,Lemvig,child_poverty,100.0,4.3,%,2024,DST LABY07,social,velfaerd,4.3
707,Norddjurs,child_poverty,86.0,5.0,%,2024,DST LABY07,social,velfaerd,4.3
330,Slagelse,child_poverty,62.32,6.9,%,2024,DST LABY07,social,velfaerd,4.3
306,Odsherred,child_poverty,72.88,5.9,%,2024,DST LABY07,social,velfaerd,4.3
575,Vejen,child_poverty,122.86,3.5,%,2024,DST LABY07,social,velfaerd,4.3
376,Guldborgsund,child_poverty,59.72,7.2,%,2024,DST LABY07,social,velfaerd,4.3
849,Jammerbugt,child_poverty,93.48,4.6,%,2024,DST LABY07,social,velfaerd,4.3
326,Kalundborg,child_poverty,71.67,6.0,%,2024,DST LABY07,social,velfaerd,4.3
390,Vordingborg,child_poverty,69.35,6.2,%,2024,DST LABY07,social,velfaerd,4.3
550,Tønder,child_poverty,71.67,6.0,%,2024,DST LABY07,social,velfaerd,4.3
360,Lolland,child_poverty,60.56,7.1,%,2024,DST LABY07,social,velfaerd,4.3
741,Samsø,child_poverty,97.73,4.4,%,2024,DST LABY07,social,velfaerd,4.3
482,Langeland,child_poverty,58.11,7.4,%,2024,DST LABY07,social,velfaerd,4.3
201,Allerød,gini,111.51,27.29,point,2024,DST IFOR41,social,lighed,30.43
153,Brøndby,gini,116.32,26.16,point,2024,DST IFOR41,social,lighed,30.43
175,Rødovre,gini,115.57,26.33,point,2024,DST IFOR41,social,lighed,30.43
155,Dragør,gini,105.44,28.86,point,2024,DST IFOR41,social,lighed,30.43
190,Furesø,gini,101.03,30.12,point,2024,DST IFOR41,social,lighed,30.43
167,Hvidovre,gini,117.76,25.84,point,2024,DST IFOR41,social,lighed,30.43
230,Rudersdal,gini,64.32,47.31,point,2024,DST IFOR41,social,lighed,30.43
746,Skanderborg,gini,121.67,25.01,point,2024,DST IFOR41,social,lighed,30.43
269,Solrød,gini,111.79,27.22,point,2024,DST IFOR41,social,lighed,30.43
265,Roskilde,gini,102.84,29.59,point,2024,DST IFOR41,social,lighed,30.43
240,Egedal,gini,127.59,23.85,point,2024,DST IFOR41,social,lighed,30.43
151,Ballerup,gini,113.88,26.72,point,2024,DST IFOR41,social,lighed,30.43
223,Hørsholm,gini,75.94,40.07,point,2024,DST IFOR41,social,lighed,30.43
185,Tårnby,gini,122.11,24.92,point,2024,DST IFOR41,social,lighed,30.43
157,Gentofte,gini,62.05,49.04,point,2024,DST IFOR41,social,lighed,30.43
350,Lejre,gini,119.99,25.36,point,2024,DST IFOR41,social,lighed,30.43
163,Herlev,gini,112.08,27.15,point,2024,DST IFOR41,social,lighed,30.43
173,Lyngby-Taarbæk,gini,77.47,39.28,point,2024,DST IFOR41,social,lighed,30.43
210,Fredensborg,gini,92.89,32.76,point,2024,DST IFOR41,social,lighed,30.43
183,Ishøj,gini,122.31,24.88,point,2024,DST IFOR41,social,lighed,30.43
710,Favrskov,gini,124.66,24.41,point,2024,DST IFOR41,social,lighed,30.43
530,Billund,gini,109.42,27.81,point,2024,DST IFOR41,social,lighed,30.43
840,Rebild,gini,117.63,25.87,point,2024,DST IFOR41,social,lighed,30.43
187,Vallensbæk,gini,113.97,26.7,point,2024,DST IFOR41,social,lighed,30.43
253,Greve,gini,115.48,26.35,point,2024,DST IFOR41,social,lighed,30.43
147,Frederiksberg,gini,83.28,36.54,point,2024,DST IFOR41,social,lighed,30.43
259,Køge,gini,115.4,26.37,point,2024,DST IFOR41,social,lighed,30.43
159,Gladsaxe,gini,103.68,29.35,point,2024,DST IFOR41,social,lighed,30.43
217,Helsingør,gini,99.61,30.55,point,2024,DST IFOR41,social,lighed,30.43
250,Frederikssund,gini,116.55,26.11,point,2024,DST IFOR41,social,lighed,30.43
661,Holstebro,gini,113.84,26.73,point,2024,DST IFOR41,social,lighed,30.43
825,Læsø,gini,119.76,25.41,point,2024,DST IFOR41,social,lighed,30.43
657,Herning,gini,114.79,26.51,point,2024,DST IFOR41,social,lighed,30.43
260,Halsnæs,gini,124.66,24.41,point,2024,DST IFOR41,social,lighed,30.43
773,Morsø,gini,114.18,26.65,point,2024,DST IFOR41,social,lighed,30.43
219,Hillerød,gini,109.22,27.86,point,2024,DST IFOR41,social,lighed,30.43
340,Sorø,gini,120.95,25.16,point,2024,DST IFOR41,social,lighed,30.43
492,Ærø,gini,112.79,26.98,point,2024,DST IFOR41,social,lighed,30.43
561,Esbjerg,gini,112.66,27.01,point,2024,DST IFOR41,social,lighed,30.43
740,Silkeborg,gini,113.38,26.84,point,2024,DST IFOR41,social,lighed,30.43
615,Horsens,gini,119.47,25.47,point,2024,DST IFOR41,social,lighed,30.43
563,Fanø,gini,115.53,26.34,point,2024,DST IFOR41,social,lighed,30.43
316,Holbæk,gini,119.61,25.44,point,2024,DST IFOR41,social,lighed,30.43
766,Hedensted,gini,123.8,24.58,point,2024,DST IFOR41,social,lighed,30.43
607,Fredericia,gini,114.79,26.51,point,2024,DST IFOR41,social,lighed,30.43
410,Middelfart,gini,111.1,27.39,point,2024,DST IFOR41,social,lighed,30.43
329,Ringsted,gini,121.38,25.07,point,2024,DST IFOR41,social,lighed,30.43
370,Næstved,gini,120.56,25.24,point,2024,DST IFOR41,social,lighed,30.43
851,Aalborg,gini,106.44,28.59,point,2024,DST IFOR41,social,lighed,30.43
810,Brønderslev,gini,115.57,26.33,point,2024,DST IFOR41,social,lighed,30.43
727,Odder,gini,123.2,24.7,point,2024,DST IFOR41,social,lighed,30.43
336,Stevns,gini,122.85,24.77,point,2024,DST IFOR41,social,lighed,30.43
751,Aarhus,gini,91.03,33.43,point,2024,DST IFOR41,social,lighed,30.43
813,Frederikshavn,gini,115.31,26.39,point,2024,DST IFOR41,social,lighed,30.43
161,Glostrup,gini,116.15,26.2,point,2024,DST IFOR41,social,lighed,30.43
270,Gribskov,gini,109.93,27.68,point,2024,DST IFOR41,social,lighed,30.43
860,Hjørring,gini,114.87,26.49,point,2024,DST IFOR41,social,lighed,30.43
165,Albertslund,gini,123.4,24.66,point,2024,DST IFOR41,social,lighed,30.43
479,Svendborg,gini,113.0,26.93,point,2024,DST IFOR41,social,lighed,30.43
791,Viborg,gini,116.72,26.07,point,2024,DST IFOR41,social,lighed,30.43
480,Nordfyns,gini,122.7,24.8,point,2024,DST IFOR41,social,lighed,30.43
706,Syddjurs,gini,116.28,26.17,point,2024,DST IFOR41,social,lighed,30.43
440,Kerteminde,gini,112.58,27.03,point,2024,DST IFOR41,social,lighed,30.43
630,Vejle,gini,109.54,27.78,point,2024,DST IFOR41,social,lighed,30.43
101,København,gini,87.02,34.97,point,2024,DST IFOR41,social,lighed,30.43
730,Randers,gini,116.28,26.17,point,2024,DST IFOR41,social,lighed,30.43
760,Ringkøbing-Skjern,gini,113.0,26.93,point,2024,DST IFOR41,social,lighed,30.43
430,Faaborg-Midtfyn,gini,128.02,23.77,point,2024,DST IFOR41,social,lighed,30.43
320,Faxe,gini,126.32,24.09,point,2024,DST IFOR41,social,lighed,30.43
169,Høje-Taastrup,gini,119.94,25.37,point,2024,DST IFOR41,social,lighed,30.43
573,Varde,gini,117.08,25.99,point,2024,DST IFOR41,social,lighed,30.43
621,Kolding,gini,111.67,27.25,point,2024,DST IFOR41,social,lighed,30.43
420,Assens,gini,124.41,24.46,point,2024,DST IFOR41,social,lighed,30.43
580,Aabenraa,gini,108.14,28.14,point,2024,DST IFOR41,social,lighed,30.43
787,Thisted,gini,115.18,26.42,point,2024,DST IFOR41,social,lighed,30.43
756,Ikast-Brande,gini,113.16,26.89,point,2024,DST IFOR41,social,lighed,30.43
461,Odense,gini,107.45,28.32,point,2024,DST IFOR41,social,lighed,30.43
779,Skive,gini,114.83,26.5,point,2024,DST IFOR41,social,lighed,30.43
450,Nyborg,gini,121.72,25.0,point,2024,DST IFOR41,social,lighed,30.43
846,Mariagerfjord,gini,117.13,25.98,point,2024,DST IFOR41,social,lighed,30.43
820,Vesthimmerlands,gini,115.27,26.4,point,2024,DST IFOR41,social,lighed,30.43
540,Sønderborg,gini,110.9,27.44,point,2024,DST IFOR41,social,lighed,30.43
400,Bornholm,gini,126.63,24.03,point,2024,DST IFOR41,social,lighed,30.43
510,Haderslev,gini,116.15,26.2,point,2024,DST IFOR41,social,lighed,30.43
671,Struer,gini,112.33,27.09,point,2024,DST IFOR41,social,lighed,30.43
665,Lemvig,gini,101.81,29.89,point,2024,DST IFOR41,social,lighed,30.43
707,Norddjurs,gini,120.09,25.34,point,2024,DST IFOR41,social,lighed,30.43
330,Slagelse,gini,119.85,25.39,point,2024,DST IFOR41,social,lighed,30.43
306,Odsherred,gini,120.85,25.18,point,2024,DST IFOR41,social,lighed,30.43
575,Vejen,gini,65.7,46.32,point,2024,DST IFOR41,social,lighed,30.43
376,Guldborgsund,gini,118.68,25.64,point,2024,DST IFOR41,social,lighed,30.43
849,Jammerbugt,gini,118.17,25.75,point,2024,DST IFOR41,social,lighed,30.43
326,Kalundborg,gini,113.12,26.9,point,2024,DST IFOR41,social,lighed,30.43
390,Vordingborg,gini,117.76,25.84,point,2024,DST IFOR41,social,lighed,30.43
550,Tønder,gini,106.36,28.61,point,2024,DST IFOR41,social,lighed,30.43
360,Lolland,gini,115.05,26.45,point,2024,DST IFOR41,social,lighed,30.43
741,Samsø,gini,115.27,26.4,point,2024,DST IFOR41,social,lighed,30.43
482,Langeland,gini,120.42,25.27,point,2024,DST IFOR41,social,lighed,30.43
201,Allerød,low_income,150.0,1.8,%,2024,DST LABY07,social,lighed,3.8
153,Brøndby,low_income,55.07,6.9,%,2024,DST LABY07,social,lighed,3.8
175,Rødovre,low_income,79.17,4.8,%,2024,DST LABY07,social,lighed,3.8
155,Dragør,low_income,150.0,1.8,%,2024,DST LABY07,social,lighed,3.8
190,Furesø,low_income,140.74,2.7,%,2024,DST LABY07,social,lighed,3.8
167,Hvidovre,low_income,102.7,3.7,%,2024,DST LABY07,social,lighed,3.8
230,Rudersdal,low_income,150.0,2.2,%,2024,DST LABY07,social,lighed,3.8
746,Skanderborg,low_income,150.0,1.9,%,2024,DST LABY07,social,lighed,3.8
269,Solrød,low_income,150.0,2.0,%,2024,DST LABY07,social,lighed,3.8
265,Roskilde,low_income,150.0,2.5,%,2024,DST LABY07,social,lighed,3.8
240,Egedal,low_income,150.0,2.1,%,2024,DST LABY07,social,lighed,3.8
151,Ballerup,low_income,102.7,3.7,%,2024,DST LABY07,social,lighed,3.8
223,Hørsholm,low_income,150.0,2.3,%,2024,DST LABY07,social,lighed,3.8
185,Tårnby,low_income,105.56,3.6,%,2024,DST LABY07,social,lighed,3.8
157,Gentofte,low_income,135.71,2.8,%,2024,DST LABY07,social,lighed,3.8
350,Lejre,low_income,150.0,2.5,%,2024,DST LABY07,social,lighed,3.8
163,Herlev,low_income,97.44,3.9,%,2024,DST LABY07,social,lighed,3.8
173,Lyngby-Taarbæk,low_income,140.74,2.7,%,2024,DST LABY07,social,lighed,3.8
210,Fredensborg,low_income,122.58,3.1,%,2024,DST LABY07,social,lighed,3.8
183,Ishøj,low_income,63.33,6.0,%,2024,DST LABY07,social,lighed,3.8
710,Favrskov,low_income,150.0,2.3,%,2024,DST LABY07,social,lighed,3.8
530,Billund,low_income,146.15,2.6,%,2024,DST LABY07,social,lighed,3.8
840,Rebild,low_income,150.0,2.0,%,2024,DST LABY07,social,lighed,3.8
187,Vallensbæk,low_income,84.44,4.5,%,2024,DST LABY07,social,lighed,3.8
253,Greve,low_income,108.57,3.5,%,2024,DST LABY07,social,lighed,3.8
147,Frederiksberg,low_income,118.75,3.2,%,2024,DST LABY07,social,lighed,3.8
259,Køge,low_income,105.56,3.6,%,2024,DST LABY07,social,lighed,3.8
159,Gladsaxe,low_income,92.68,4.1,%,2024,DST LABY07,social,lighed,3.8
217,Helsingør,low_income,111.76,3.4,%,2024,DST LABY07,social,lighed,3.8
250,Frederikssund,low_income,122.58,3.1,%,2024,DST LABY07,social,lighed,3.8
661,Holstebro,low_income,115.15,3.3,%,2024,DST LABY07,social,lighed,3.8
825,Læsø,low_income,150.0,2.5,%,2024,DST LABY07,social,lighed,3.8
657,Herning,low_income,102.7,3.7,%,2024,DST LABY07,social,lighed,3.8
260,Halsnæs,low_income,115.15,3.3,%,2024,DST LABY07,social,lighed,3.8
773,Morsø,low_income,122.58,3.1,%,2024,DST LABY07,social,lighed,3.8
219,Hillerød,low_income,118.75,3.2,%,2024,DST LABY07,social,lighed,3.8
340,Sorø,low_income,118.75,3.2,%,2024,DST LABY07,social,lighed,3.8
492,Ærø,low_income,108.57,3.5,%,2024,DST LABY07,social,lighed,3.8
561,Esbjerg,low_income,111.76,3.4,%,2024,DST LABY07,social,lighed,3.8
740,Silkeborg,low_income,140.74,2.7,%,2024,DST LABY07,social,lighed,3.8
615,Horsens,low_income,105.56,3.6,%,2024,DST LABY07,social,lighed,3.8
563,Fanø,low_income,150.0,2.5,%,2024,DST LABY07,social,lighed,3.8
316,Holbæk,low_income,118.75,3.2,%,2024,DST LABY07,social,lighed,3.8
766,Hedensted,low_income,150.0,2.5,%,2024,DST LABY07,social,lighed,3.8
607,Fredericia,low_income,77.55,4.9,%,2024,DST LABY07,social,lighed,3.8
410,Middelfart,low_income,131.03,2.9,%,2024,DST LABY07,social,lighed,3.8
329,Ringsted,low_income,105.56,3.6,%,2024,DST LABY07,social,lighed,3.8
370,Næstved,low_income,95.0,4.0,%,2024,DST LABY07,social,lighed,3.8
851,Aalborg,low_income,90.48,4.2,%,2024,DST LABY07,social,lighed,3.8
810,Brønderslev,low_income,108.57,3.5,%,2024,DST LABY07,social,lighed,3.8
727,Odder,low_income,140.74,2.7,%,2024,DST LABY07,social,lighed,3.8
336,Stevns,low_income,131.03,2.9,%,2024,DST LABY07,social,lighed,3.8
751,Aarhus,low_income,82.61,4.6,%,2024,DST LABY07,social,lighed,3.8
813,Frederikshavn,low_income,100.0,3.8,%,2024,DST LABY07,social,lighed,3.8
161,Glostrup,low_income,82.61,4.6,%,2024,DST LABY07,social,lighed,3.8
270,Gribskov,low_income,131.03,2.9,%,2024,DST LABY07,social,lighed,3.8
860,Hjørring,low_income,118.75,3.2,%,2024,DST LABY07,social,lighed,3.8
165,Albertslund,low_income,76.0,5.0,%,2024,DST LABY07,social,lighed,3.8
479,Svendborg,low_income,88.37,4.3,%,2024,DST LABY07,social,lighed,3.8
791,Viborg,low_income,108.57,3.5,%,2024,DST LABY07,social,lighed,3.8
480,Nordfyns,low_income,118.75,3.2,%,2024,DST LABY07,social,lighed,3.8
706,Syddjurs,low_income,131.03,2.9,%,2024,DST LABY07,social,lighed,3.8
440,Kerteminde,low_income,111.76,3.4,%,2024,DST LABY07,social,lighed,3.8
630,Vejle,low_income,105.56,3.6,%,2024,DST LABY07,social,lighed,3.8
101,København,low_income,77.55,4.9,%,2024,DST LABY07,social,lighed,3.8
730,Randers,low_income,77.55,4.9,%,2024,DST LABY07,social,lighed,3.8
760,Ringkøbing-Skjern,low_income,146.15,2.6,%,2024,DST LABY07,social,lighed,3.8
430,Faaborg-Midtfyn,low_income,126.67,3.0,%,2024,DST LABY07,social,lighed,3.8
320,Faxe,low_income,97.44,3.9,%,2024,DST LABY07,social,lighed,3.8
169,Høje-Taastrup,low_income,70.37,5.4,%,2024,DST LABY07,social,lighed,3.8
573,Varde,low_income,131.03,2.9,%,2024,DST LABY07,social,lighed,3.8
621,Kolding,low_income,95.0,4.0,%,2024,DST LABY07,social,lighed,3.8
420,Assens,low_income,115.15,3.3,%,2024,DST LABY07,social,lighed,3.8
580,Aabenraa,low_income,108.57,3.5,%,2024,DST LABY07,social,lighed,3.8
787,Thisted,low_income,115.15,3.3,%,2024,DST LABY07,social,lighed,3.8
756,Ikast-Brande,low_income,108.57,3.5,%,2024,DST LABY07,social,lighed,3.8
461,Odense,low_income,74.51,5.1,%,2024,DST LABY07,social,lighed,3.8
779,Skive,low_income,115.15,3.3,%,2024,DST LABY07,social,lighed,3.8
450,Nyborg,low_income,102.7,3.7,%,2024,DST LABY07,social,lighed,3.8
846,Mariagerfjord,low_income,105.56,3.6,%,2024,DST LABY07,social,lighed,3.8
820,Vesthimmerlands,low_income,111.76,3.4,%,2024,DST LABY07,social,lighed,3.8
540,Sønderborg,low_income,95.0,4.0,%,2024,DST LABY07,social,lighed,3.8
400,Bornholm,low_income,126.67,3.0,%,2024,DST LABY07,social,lighed,3.8
510,Haderslev,low_income,90.48,4.2,%,2024,DST LABY07,social,lighed,3.8
671,Struer,low_income,111.76,3.4,%,2024,DST LABY07,social,lighed,3.8
665,Lemvig,low_income,135.71,2.8,%,2024,DST LABY07,social,lighed,3.8
707,Norddjurs,low_income,102.7,3.7,%,2024,DST LABY07,social,lighed,3.8
330,Slagelse,low_income,76.0,5.0,%,2024,DST LABY07,social,lighed,3.8
306,Odsherred,low_income,100.0,3.8,%,2024,DST LABY07,social,lighed,3.8
575,Vejen,low_income,126.67,3.0,%,2024,DST LABY07,social,lighed,3.8
376,Guldborgsund,low_income,77.55,4.9,%,2024,DST LABY07,social,lighed,3.8
849,Jammerbugt,low_income,108.57,3.5,%,2024,DST LABY07,social,lighed,3.8
326,Kalundborg,low_income,102.7,3.7,%,2024,DST LABY07,social,lighed,3.8
390,Vordingborg,low_income,90.48,4.2,%,2024,DST LABY07,social,lighed,3.8
550,Tønder,low_income,88.37,4.3,%,2024,DST LABY07,social,lighed,3.8
360,Lolland,low_income,82.61,4.6,%,2024,DST LABY07,social,lighed,3.8
741,Samsø,low_income,105.56,3.6,%,2024,DST LABY07,social,lighed,3.8
482,Langeland,low_income,95.0,4.0,%,2024,DST LABY07,social,lighed,3.8
201,Allerød,vulnerable_children,116.67,3.0,%,2025,DST BU43,social,velfaerd,3.5
153,Brøndby,vulnerable_children,89.74,3.9,%,2025,DST BU43,social,velfaerd,3.5
175,Rødovre,vulnerable_children,87.5,4.0,%,2025,DST BU43,social,velfaerd,3.5
155,Dragør,vulnerable_children,150.0,2.3,%,2025,DST BU43,social,velfaerd,3.5
190,Furesø,vulnerable_children,72.92,4.8,%,2025,DST BU43,social,velfaerd,3.5
167,Hvidovre,vulnerable_children,109.38,3.2,%,2025,DST BU43,social,velfaerd,3.5
230,Rudersdal,vulnerable_children,102.94,3.4,%,2025,DST BU43,social,velfaerd,3.5
746,Skanderborg,vulnerable_children,150.0,1.9,%,2025,DST BU43,social,velfaerd,3.5
269,Solrød,vulnerable_children,134.62,2.6,%,2025,DST BU43,social,velfaerd,3.5
265,Roskilde,vulnerable_children,109.38,3.2,%,2025,DST BU43,social,velfaerd,3.5
240,Egedal,vulnerable_children,129.63,2.7,%,2025,DST BU43,social,velfaerd,3.5
151,Ballerup,vulnerable_children,100.0,3.5,%,2025,DST BU43,social,velfaerd,3.5
223,Hørsholm,vulnerable_children,134.62,2.6,%,2025,DST BU43,social,velfaerd,3.5
185,Tårnby,vulnerable_children,150.0,2.1,%,2025,DST BU43,social,velfaerd,3.5
157,Gentofte,vulnerable_children,150.0,2.2,%,2025,DST BU43,social,velfaerd,3.5
350,Lejre,vulnerable_children,102.94,3.4,%,2025,DST BU43,social,velfaerd,3.5
163,Herlev,vulnerable_children,116.67,3.0,%,2025,DST BU43,social,velfaerd,3.5
173,Lyngby-Taarbæk,vulnerable_children,145.83,2.4,%,2025,DST BU43,social,velfaerd,3.5
210,Fredensborg,vulnerable_children,87.5,4.0,%,2025,DST BU43,social,velfaerd,3.5
183,Ishøj,vulnerable_children,97.22,3.6,%,2025,DST BU43,social,velfaerd,3.5
710,Favrskov,vulnerable_children,150.0,2.3,%,2025,DST BU43,social,velfaerd,3.5
530,Billund,vulnerable_children,81.4,4.3,%,2025,DST BU43,social,velfaerd,3.5
840,Rebild,vulnerable_children,112.9,3.1,%,2025,DST BU43,social,velfaerd,3.5
187,Vallensbæk,vulnerable_children,120.69,2.9,%,2025,DST BU43,social,velfaerd,3.5
253,Greve,vulnerable_children,129.63,2.7,%,2025,DST BU43,social,velfaerd,3.5
147,Frederiksberg,vulnerable_children,150.0,2.2,%,2025,DST BU43,social,velfaerd,3.5
259,Køge,vulnerable_children,76.09,4.6,%,2025,DST BU43,social,velfaerd,3.5
159,Gladsaxe,vulnerable_children,74.47,4.7,%,2025,DST BU43,social,velfaerd,3.5
217,Helsingør,vulnerable_children,109.38,3.2,%,2025,DST BU43,social,velfaerd,3.5
250,Frederikssund,vulnerable_children,85.37,4.1,%,2025,DST BU43,social,velfaerd,3.5
661,Holstebro,vulnerable_children,120.69,2.9,%,2025,DST BU43,social,velfaerd,3.5
825,Læsø,vulnerable_children,120.69,2.9,%,2025,DST BU43,social,velfaerd,3.5
657,Herning,vulnerable_children,120.69,2.9,%,2025,DST BU43,social,velfaerd,3.5
260,Halsnæs,vulnerable_children,55.56,6.3,%,2025,DST BU43,social,velfaerd,3.5
773,Morsø,vulnerable_children,60.34,5.8,%,2025,DST BU43,social,velfaerd,3.5
219,Hillerød,vulnerable_children,116.67,3.0,%,2025,DST BU43,social,velfaerd,3.5
340,Sorø,vulnerable_children,83.33,4.2,%,2025,DST BU43,social,velfaerd,3.5
492,Ærø,vulnerable_children,61.4,5.7,%,2025,DST BU43,social,velfaerd,3.5
561,Esbjerg,vulnerable_children,89.74,3.9,%,2025,DST BU43,social,velfaerd,3.5
740,Silkeborg,vulnerable_children,109.38,3.2,%,2025,DST BU43,social,velfaerd,3.5
615,Horsens,vulnerable_children,102.94,3.4,%,2025,DST BU43,social,velfaerd,3.5
563,Fanø,vulnerable_children,150.0,1.6,%,2025,DST BU43,social,velfaerd,3.5
316,Holbæk,vulnerable_children,97.22,3.6,%,2025,DST BU43,social,velfaerd,3.5
766,Hedensted,vulnerable_children,116.67,3.0,%,2025,DST BU43,social,velfaerd,3.5
607,Fredericia,vulnerable_children,66.04,5.3,%,2025,DST BU43,social,velfaerd,3.5
410,Middelfart,vulnerable_children,87.5,4.0,%,2025,DST BU43,social,velfaerd,3.5
329,Ringsted,vulnerable_children,94.59,3.7,%,2025,DST BU43,social,velfaerd,3.5
370,Næstved,vulnerable_children,70.0,5.0,%,2025,DST BU43,social,velfaerd,3.5
851,Aalborg,vulnerable_children,97.22,3.6,%,2025,DST BU43,social,velfaerd,3.5
810,Brønderslev,vulnerable_children,68.63,5.1,%,2025,DST BU43,social,velfaerd,3.5
727,Odder,vulnerable_children,97.22,3.6,%,2025,DST BU43,social,velfaerd,3.5
336,Stevns,vulnerable_children,92.11,3.8,%,2025,DST BU43,social,velfaerd,3.5
751,Aarhus,vulnerable_children,150.0,2.2,%,2025,DST BU43,social,velfaerd,3.5
813,Frederikshavn,vulnerable_children,56.45,6.2,%,2025,DST BU43,social,velfaerd,3.5
161,Glostrup,vulnerable_children,150.0,2.2,%,2025,DST BU43,social,velfaerd,3.5
270,Gribskov,vulnerable_children,59.32,5.9,%,2025,DST BU43,social,velfaerd,3.5
860,Hjørring,vulnerable_children,66.04,5.3,%,2025,DST BU43,social,velfaerd,3.5
165,Albertslund,vulnerable_children,100.0,3.5,%,2025,DST BU43,social,velfaerd,3.5
479,Svendborg,vulnerable_children,87.5,4.0,%,2025,DST BU43,social,velfaerd,3.5
791,Viborg,vulnerable_children,120.69,2.9,%,2025,DST BU43,social,velfaerd,3.5
480,Nordfyns,vulnerable_children,97.22,3.6,%,2025,DST BU43,social,velfaerd,3.5
706,Syddjurs,vulnerable_children,112.9,3.1,%,2025,DST BU43,social,velfaerd,3.5
440,Kerteminde,vulnerable_children,83.33,4.2,%,2025,DST BU43,social,velfaerd,3.5
630,Vejle,vulnerable_children,100.0,3.5,%,2025,DST BU43,social,velfaerd,3.5
101,København,vulnerable_children,150.0,2.3,%,2025,DST BU43,social,velfaerd,3.5
730,Randers,vulnerable_children,106.06,3.3,%,2025,DST BU43,social,velfaerd,3.5
760,Ringkøbing-Skjern,vulnerable_children,102.94,3.4,%,2025,DST BU43,social,velfaerd,3.5
430,Faaborg-Midtfyn,vulnerable_children,77.78,4.5,%,2025,DST BU43,social,velfaerd,3.5
320,Faxe,vulnerable_children,63.64,5.5,%,2025,DST BU43,social,velfaerd,3.5
169,Høje-Taastrup,vulnerable_children,102.94,3.4,%,2025,DST BU43,social,velfaerd,3.5
573,Varde,vulnerable_children,77.78,4.5,%,2025,DST BU43,social,velfaerd,3.5
621,Kolding,vulnerable_children,102.94,3.4,%,2025,DST BU43,social,velfaerd,3.5
420,Assens,vulnerable_children,70.0,5.0,%,2025,DST BU43,social,velfaerd,3.5
580,Aabenraa,vulnerable_children,70.0,5.0,%,2025,DST BU43,social,velfaerd,3.5
787,Thisted,vulnerable_children,85.37,4.1,%,2025,DST BU43,social,velfaerd,3.5
756,Ikast-Brande,vulnerable_children,109.38,3.2,%,2025,DST BU43,social,velfaerd,3.5
461,Odense,vulnerable_children,85.37,4.1,%,2025,DST BU43,social,velfaerd,3.5
779,Skive,vulnerable_children,89.74,3.9,%,2025,DST BU43,social,velfaerd,3.5
450,Nyborg,vulnerable_children,66.04,5.3,%,2025,DST BU43,social,velfaerd,3.5
846,Mariagerfjord,vulnerable_children,89.74,3.9,%,2025,DST BU43,social,velfaerd,3.5
820,Vesthimmerlands,vulnerable_children,83.33,4.2,%,2025,DST BU43,social,velfaerd,3.5
540,Sønderborg,vulnerable_children,66.04,5.3,%,2025,DST BU43,social,velfaerd,3.5
400,Bornholm,vulnerable_children,61.4,5.7,%,2025,DST BU43,social,velfaerd,3.5
510,Haderslev,vulnerable_children,71.43,4.9,%,2025,DST BU43,social,velfaerd,3.5
671,Struer,vulnerable_children,83.33,4.2,%,2025,DST BU43,social,velfaerd,3.5
665,Lemvig,vulnerable_children,64.81,5.4,%,2025,DST BU43,social,velfaerd,3.5
707,Norddjurs,vulnerable_children,61.4,5.7,%,2025,DST BU43,social,velfaerd,3.5
330,Slagelse,vulnerable_children,50.72,6.9,%,2025,DST BU43,social,velfaerd,3.5
306,Odsherred,vulnerable_children,72.92,4.8,%,2025,DST BU43,social,velfaerd,3.5
575,Vejen,vulnerable_children,74.47,4.7,%,2025,DST BU43,social,velfaerd,3.5
376,Guldborgsund,vulnerable_children,41.67,8.4,%,2025,DST BU43,social,velfaerd,3.5
849,Jammerbugt,vulnerable_children,71.43,4.9,%,2025,DST BU43,social,velfaerd,3.5
326,Kalundborg,vulnerable_children,58.33,6.0,%,2025,DST BU43,social,velfaerd,3.5
390,Vordingborg,vulnerable_children,63.64,5.5,%,2025,DST BU43,social,velfaerd,3.5
550,Tønder,vulnerable_children,74.47,4.7,%,2025,DST BU43,social,velfaerd,3.5
360,Lolland,vulnerable_children,46.05,7.6,%,2025,DST BU43,social,velfaerd,3.5
741,Samsø,vulnerable_children,50.72,6.9,%,2025,DST BU43,social,velfaerd,3.5
482,Langeland,vulnerable_children,46.67,7.5,%,2025,DST BU43,social,velfaerd,3.5
201,Allerød,neet,126.84,7.6,%,2023,DST NEET1,social,velfaerd,9.64
153,Brøndby,neet,96.4,10.0,%,2023,DST NEET1,social,velfaerd,9.64
175,Rødovre,neet,95.07,10.14,%,2023,DST NEET1,social,velfaerd,9.64
155,Dragør,neet,135.58,7.11,%,2023,DST NEET1,social,velfaerd,9.64
190,Furesø,neet,103.88,9.28,%,2023,DST NEET1,social,velfaerd,9.64
167,Hvidovre,neet,114.08,8.45,%,2023,DST NEET1,social,velfaerd,9.64
230,Rudersdal,neet,114.22,8.44,%,2023,DST NEET1,social,velfaerd,9.64
746,Skanderborg,neet,100.1,9.63,%,2023,DST NEET1,social,velfaerd,9.64
269,Solrød,neet,130.98,7.36,%,2023,DST NEET1,social,velfaerd,9.64
265,Roskilde,neet,131.34,7.34,%,2023,DST NEET1,social,velfaerd,9.64
240,Egedal,neet,117.56,8.2,%,2023,DST NEET1,social,velfaerd,9.64
151,Ballerup,neet,106.17,9.08,%,2023,DST NEET1,social,velfaerd,9.64
223,Hørsholm,neet,107.59,8.96,%,2023,DST NEET1,social,velfaerd,9.64
185,Tårnby,neet,94.7,10.18,%,2023,DST NEET1,social,velfaerd,9.64
157,Gentofte,neet,99.18,9.72,%,2023,DST NEET1,social,velfaerd,9.64
350,Lejre,neet,102.77,9.38,%,2023,DST NEET1,social,velfaerd,9.64
163,Herlev,neet,110.93,8.69,%,2023,DST NEET1,social,velfaerd,9.64
173,Lyngby-Taarbæk,neet,131.69,7.32,%,2023,DST NEET1,social,velfaerd,9.64
210,Fredensborg,neet,102.88,9.37,%,2023,DST NEET1,social,velfaerd,9.64
183,Ishøj,neet,92.34,10.44,%,2023,DST NEET1,social,velfaerd,9.64
710,Favrskov,neet,97.97,9.84,%,2023,DST NEET1,social,velfaerd,9.64
530,Billund,neet,94.51,10.2,%,2023,DST NEET1,social,velfaerd,9.64
840,Rebild,neet,111.96,8.61,%,2023,DST NEET1,social,velfaerd,9.64
187,Vallensbæk,neet,109.55,8.8,%,2023,DST NEET1,social,velfaerd,9.64
253,Greve,neet,107.11,9.0,%,2023,DST NEET1,social,velfaerd,9.64
147,Frederiksberg,neet,140.12,6.88,%,2023,DST NEET1,social,velfaerd,9.64
259,Køge,neet,92.07,10.47,%,2023,DST NEET1,social,velfaerd,9.64
159,Gladsaxe,neet,118.28,8.15,%,2023,DST NEET1,social,velfaerd,9.64
217,Helsingør,neet,100.42,9.6,%,2023,DST NEET1,social,velfaerd,9.64
250,Frederikssund,neet,95.73,10.07,%,2023,DST NEET1,social,velfaerd,9.64
661,Holstebro,neet,111.96,8.61,%,2023,DST NEET1,social,velfaerd,9.64
825,Læsø,neet,68.96,13.98,%,2023,DST NEET1,social,velfaerd,9.64
657,Herning,neet,97.47,9.89,%,2023,DST NEET1,social,velfaerd,9.64
260,Halsnæs,neet,80.2,12.02,%,2023,DST NEET1,social,velfaerd,9.64
773,Morsø,neet,85.08,11.33,%,2023,DST NEET1,social,velfaerd,9.64
219,Hillerød,neet,103.32,9.33,%,2023,DST NEET1,social,velfaerd,9.64
340,Sorø,neet,84.41,11.42,%,2023,DST NEET1,social,velfaerd,9.64
492,Ærø,neet,107.11,9.0,%,2023,DST NEET1,social,velfaerd,9.64
561,Esbjerg,neet,101.37,9.51,%,2023,DST NEET1,social,velfaerd,9.64
740,Silkeborg,neet,101.05,9.54,%,2023,DST NEET1,social,velfaerd,9.64
615,Horsens,neet,89.42,10.78,%,2023,DST NEET1,social,velfaerd,9.64
563,Fanø,neet,95.07,10.14,%,2023,DST NEET1,social,velfaerd,9.64
316,Holbæk,neet,90.26,10.68,%,2023,DST NEET1,social,velfaerd,9.64
766,Hedensted,neet,78.12,12.34,%,2023,DST NEET1,social,velfaerd,9.64
607,Fredericia,neet,83.18,11.59,%,2023,DST NEET1,social,velfaerd,9.64
410,Middelfart,neet,90.86,10.61,%,2023,DST NEET1,social,velfaerd,9.64
329,Ringsted,neet,99.79,9.66,%,2023,DST NEET1,social,velfaerd,9.64
370,Næstved,neet,88.85,10.85,%,2023,DST NEET1,social,velfaerd,9.64
851,Aalborg,neet,123.43,7.81,%,2023,DST NEET1,social,velfaerd,9.64
810,Brønderslev,neet,80.2,12.02,%,2023,DST NEET1,social,velfaerd,9.64
727,Odder,neet,91.29,10.56,%,2023,DST NEET1,social,velfaerd,9.64
336,Stevns,neet,88.04,10.95,%,2023,DST NEET1,social,velfaerd,9.64
751,Aarhus,neet,119.9,8.04,%,2023,DST NEET1,social,velfaerd,9.64
813,Frederikshavn,neet,78.37,12.3,%,2023,DST NEET1,social,velfaerd,9.64
161,Glostrup,neet,109.3,8.82,%,2023,DST NEET1,social,velfaerd,9.64
270,Gribskov,neet,94.7,10.18,%,2023,DST NEET1,social,velfaerd,9.64
860,Hjørring,neet,86.85,11.1,%,2023,DST NEET1,social,velfaerd,9.64
165,Albertslund,neet,98.37,9.8,%,2023,DST NEET1,social,velfaerd,9.64
479,Svendborg,neet,79.15,12.18,%,2023,DST NEET1,social,velfaerd,9.64
791,Viborg,neet,95.45,10.1,%,2023,DST NEET1,social,velfaerd,9.64
480,Nordfyns,neet,71.41,13.5,%,2023,DST NEET1,social,velfaerd,9.64
706,Syddjurs,neet,73.48,13.12,%,2023,DST NEET1,social,velfaerd,9.64
440,Kerteminde,neet,82.11,11.74,%,2023,DST NEET1,social,velfaerd,9.64
630,Vejle,neet,90.26,10.68,%,2023,DST NEET1,social,velfaerd,9.64
101,København,neet,117.42,8.21,%,2023,DST NEET1,social,velfaerd,9.64
730,Randers,neet,81.56,11.82,%,2023,DST NEET1,social,velfaerd,9.64
760,Ringkøbing-Skjern,neet,105.59,9.13,%,2023,DST NEET1,social,velfaerd,9.64
430,Faaborg-Midtfyn,neet,88.12,10.94,%,2023,DST NEET1,social,velfaerd,9.64
320,Faxe,neet,82.89,11.63,%,2023,DST NEET1,social,velfaerd,9.64
169,Høje-Taastrup,neet,94.14,10.24,%,2023,DST NEET1,social,velfaerd,9.64
573,Varde,neet,93.14,10.35,%,2023,DST NEET1,social,velfaerd,9.64
621,Kolding,neet,97.67,9.87,%,2023,DST NEET1,social,velfaerd,9.64
420,Assens,neet,71.78,13.43,%,2023,DST NEET1,social,velfaerd,9.64
580,Aabenraa,neet,79.21,12.17,%,2023,DST NEET1,social,velfaerd,9.64
787,Thisted,neet,78.63,12.26,%,2023,DST NEET1,social,velfaerd,9.64
756,Ikast-Brande,neet,69.2,13.93,%,2023,DST NEET1,social,velfaerd,9.64
461,Odense,neet,112.09,8.6,%,2023,DST NEET1,social,velfaerd,9.64
779,Skive,neet,83.03,11.61,%,2023,DST NEET1,social,velfaerd,9.64
450,Nyborg,neet,90.69,10.63,%,2023,DST NEET1,social,velfaerd,9.64
846,Mariagerfjord,neet,79.8,12.08,%,2023,DST NEET1,social,velfaerd,9.64
820,Vesthimmerlands,neet,78.57,12.27,%,2023,DST NEET1,social,velfaerd,9.64
540,Sønderborg,neet,84.34,11.43,%,2023,DST NEET1,social,velfaerd,9.64
400,Bornholm,neet,80.33,12.0,%,2023,DST NEET1,social,velfaerd,9.64
510,Haderslev,neet,82.53,11.68,%,2023,DST NEET1,social,velfaerd,9.64
671,Struer,neet,79.6,12.11,%,2023,DST NEET1,social,velfaerd,9.64
665,Lemvig,neet,102.77,9.38,%,2023,DST NEET1,social,velfaerd,9.64
707,Norddjurs,neet,76.33,12.63,%,2023,DST NEET1,social,velfaerd,9.64
330,Slagelse,neet,91.55,10.53,%,2023,DST NEET1,social,velfaerd,9.64
306,Odsherred,neet,70.36,13.7,%,2023,DST NEET1,social,velfaerd,9.64
575,Vejen,neet,87.72,10.99,%,2023,DST NEET1,social,velfaerd,9.64
376,Guldborgsund,neet,76.15,12.66,%,2023,DST NEET1,social,velfaerd,9.64
849,Jammerbugt,neet,73.81,13.06,%,2023,DST NEET1,social,velfaerd,9.64
326,Kalundborg,neet,81.35,11.85,%,2023,DST NEET1,social,velfaerd,9.64
390,Vordingborg,neet,70.52,13.67,%,2023,DST NEET1,social,velfaerd,9.64
550,Tønder,neet,83.54,11.54,%,2023,DST NEET1,social,velfaerd,9.64
360,Lolland,neet,58.25,16.55,%,2023,DST NEET1,social,velfaerd,9.64
741,Samsø,neet,68.61,14.05,%,2023,DST NEET1,social,velfaerd,9.64
482,Langeland,neet,68.61,14.05,%,2023,DST NEET1,social,velfaerd,9.64
201,Allerød,poverty_relative,150.0,5.4,%,2024,DST IFOR12P,social,velfaerd,13.3
153,Brøndby,poverty_relative,76.44,17.4,%,2024,DST IFOR12P,social,velfaerd,13.3
175,Rødovre,poverty_relative,103.91,12.8,%,2024,DST IFOR12P,social,velfaerd,13.3
155,Dragør,poverty_relative,150.0,5.7,%,2024,DST IFOR12P,social,velfaerd,13.3
190,Furesø,poverty_relative,150.0,6.9,%,2024,DST IFOR12P,social,velfaerd,13.3
167,Hvidovre,poverty_relative,109.02,12.2,%,2024,DST IFOR12P,social,velfaerd,13.3
230,Rudersdal,poverty_relative,150.0,7.6,%,2024,DST IFOR12P,social,velfaerd,13.3
746,Skanderborg,poverty_relative,150.0,6.6,%,2024,DST IFOR12P,social,velfaerd,13.3
269,Solrød,poverty_relative,150.0,6.0,%,2024,DST IFOR12P,social,velfaerd,13.3
265,Roskilde,poverty_relative,141.49,9.4,%,2024,DST IFOR12P,social,velfaerd,13.3
240,Egedal,poverty_relative,150.0,6.1,%,2024,DST IFOR12P,social,velfaerd,13.3
151,Ballerup,poverty_relative,119.82,11.1,%,2024,DST IFOR12P,social,velfaerd,13.3
223,Hørsholm,poverty_relative,150.0,7.3,%,2024,DST IFOR12P,social,velfaerd,13.3
185,Tårnby,poverty_relative,135.71,9.8,%,2024,DST IFOR12P,social,velfaerd,13.3
157,Gentofte,poverty_relative,138.54,9.6,%,2024,DST IFOR12P,social,velfaerd,13.3
350,Lejre,poverty_relative,150.0,7.4,%,2024,DST IFOR12P,social,velfaerd,13.3
163,Herlev,poverty_relative,117.7,11.3,%,2024,DST IFOR12P,social,velfaerd,13.3
173,Lyngby-Taarbæk,poverty_relative,112.71,11.8,%,2024,DST IFOR12P,social,velfaerd,13.3
210,Fredensborg,poverty_relative,147.78,9.0,%,2024,DST IFOR12P,social,velfaerd,13.3
183,Ishøj,poverty_relative,80.12,16.6,%,2024,DST IFOR12P,social,velfaerd,13.3
710,Favrskov,poverty_relative,150.0,7.4,%,2024,DST IFOR12P,social,velfaerd,13.3
530,Billund,poverty_relative,147.78,9.0,%,2024,DST IFOR12P,social,velfaerd,13.3
840,Rebild,poverty_relative,150.0,7.6,%,2024,DST IFOR12P,social,velfaerd,13.3
187,Vallensbæk,poverty_relative,116.67,11.4,%,2024,DST IFOR12P,social,velfaerd,13.3
253,Greve,poverty_relative,149.44,8.9,%,2024,DST IFOR12P,social,velfaerd,13.3
147,Frederiksberg,poverty_relative,89.26,14.9,%,2024,DST IFOR12P,social,velfaerd,13.3
259,Køge,poverty_relative,129.13,10.3,%,2024,DST IFOR12P,social,velfaerd,13.3
159,Gladsaxe,poverty_relative,105.56,12.6,%,2024,DST IFOR12P,social,velfaerd,13.3
217,Helsingør,poverty_relative,130.39,10.2,%,2024,DST IFOR12P,social,velfaerd,13.3
250,Frederikssund,poverty_relative,144.57,9.2,%,2024,DST IFOR12P,social,velfaerd,13.3
661,Holstebro,poverty_relative,118.75,11.2,%,2024,DST IFOR12P,social,velfaerd,13.3
825,Læsø,poverty_relative,93.01,14.3,%,2024,DST IFOR12P,social,velfaerd,13.3
657,Herning,poverty_relative,123.15,10.8,%,2024,DST IFOR12P,social,velfaerd,13.3
260,Halsnæs,poverty_relative,129.13,10.3,%,2024,DST IFOR12P,social,velfaerd,13.3
773,Morsø,poverty_relative,95.68,13.9,%,2024,DST IFOR12P,social,velfaerd,13.3
219,Hillerød,poverty_relative,150.0,8.7,%,2024,DST IFOR12P,social,velfaerd,13.3
340,Sorø,poverty_relative,127.88,10.4,%,2024,DST IFOR12P,social,velfaerd,13.3
492,Ærø,poverty_relative,71.51,18.6,%,2024,DST IFOR12P,social,velfaerd,13.3
561,Esbjerg,poverty_relative,113.68,11.7,%,2024,DST IFOR12P,social,velfaerd,13.3
740,Silkeborg,poverty_relative,146.15,9.1,%,2024,DST IFOR12P,social,velfaerd,13.3
615,Horsens,poverty_relative,119.82,11.1,%,2024,DST IFOR12P,social,velfaerd,13.3
563,Fanø,poverty_relative,144.57,9.2,%,2024,DST IFOR12P,social,velfaerd,13.3
316,Holbæk,poverty_relative,125.47,10.6,%,2024,DST IFOR12P,social,velfaerd,13.3
766,Hedensted,poverty_relative,150.0,8.3,%,2024,DST IFOR12P,social,velfaerd,13.3
607,Fredericia,poverty_relative,106.4,12.5,%,2024,DST IFOR12P,social,velfaerd,13.3
410,Middelfart,poverty_relative,150.0,8.8,%,2024,DST IFOR12P,social,velfaerd,13.3
329,Ringsted,poverty_relative,123.15,10.8,%,2024,DST IFOR12P,social,velfaerd,13.3
370,Næstved,poverty_relative,110.83,12.0,%,2024,DST IFOR12P,social,velfaerd,13.3
851,Aalborg,poverty_relative,81.6,16.3,%,2024,DST IFOR12P,social,velfaerd,13.3
810,Brønderslev,poverty_relative,114.66,11.6,%,2024,DST IFOR12P,social,velfaerd,13.3
727,Odder,poverty_relative,150.0,8.5,%,2024,DST IFOR12P,social,velfaerd,13.3
336,Stevns,poverty_relative,140.0,9.5,%,2024,DST IFOR12P,social,velfaerd,13.3
751,Aarhus,poverty_relative,66.17,20.1,%,2024,DST IFOR12P,social,velfaerd,13.3
813,Frederikshavn,poverty_relative,112.71,11.8,%,2024,DST IFOR12P,social,velfaerd,13.3
161,Glostrup,poverty_relative,103.1,12.9,%,2024,DST IFOR12P,social,velfaerd,13.3
270,Gribskov,poverty_relative,138.54,9.6,%,2024,DST IFOR12P,social,velfaerd,13.3
860,Hjørring,poverty_relative,107.26,12.4,%,2024,DST IFOR12P,social,velfaerd,13.3
165,Albertslund,poverty_relative,84.18,15.8,%,2024,DST IFOR12P,social,velfaerd,13.3
479,Svendborg,poverty_relative,99.25,13.4,%,2024,DST IFOR12P,social,velfaerd,13.3
791,Viborg,poverty_relative,118.75,11.2,%,2024,DST IFOR12P,social,velfaerd,13.3
480,Nordfyns,poverty_relative,118.75,11.2,%,2024,DST IFOR12P,social,velfaerd,13.3
706,Syddjurs,poverty_relative,127.88,10.4,%,2024,DST IFOR12P,social,velfaerd,13.3
440,Kerteminde,poverty_relative,127.88,10.4,%,2024,DST IFOR12P,social,velfaerd,13.3
630,Vejle,poverty_relative,131.68,10.1,%,2024,DST IFOR12P,social,velfaerd,13.3
101,København,poverty_relative,64.56,20.6,%,2024,DST IFOR12P,social,velfaerd,13.3
730,Randers,poverty_relative,100.0,13.3,%,2024,DST IFOR12P,social,velfaerd,13.3
760,Ringkøbing-Skjern,poverty_relative,134.34,9.9,%,2024,DST IFOR12P,social,velfaerd,13.3
430,Faaborg-Midtfyn,poverty_relative,124.3,10.7,%,2024,DST IFOR12P,social,velfaerd,13.3
320,Faxe,poverty_relative,118.75,11.2,%,2024,DST IFOR12P,social,velfaerd,13.3
169,Høje-Taastrup,poverty_relative,91.72,14.5,%,2024,DST IFOR12P,social,velfaerd,13.3
573,Varde,poverty_relative,131.68,10.1,%,2024,DST IFOR12P,social,velfaerd,13.3
621,Kolding,poverty_relative,111.76,11.9,%,2024,DST IFOR12P,social,velfaerd,13.3
420,Assens,poverty_relative,117.7,11.3,%,2024,DST IFOR12P,social,velfaerd,13.3
580,Aabenraa,poverty_relative,98.52,13.5,%,2024,DST IFOR12P,social,velfaerd,13.3
787,Thisted,poverty_relative,101.53,13.1,%,2024,DST IFOR12P,social,velfaerd,13.3
756,Ikast-Brande,poverty_relative,118.75,11.2,%,2024,DST IFOR12P,social,velfaerd,13.3
461,Odense,poverty_relative,72.28,18.4,%,2024,DST IFOR12P,social,velfaerd,13.3
779,Skive,poverty_relative,116.67,11.4,%,2024,DST IFOR12P,social,velfaerd,13.3
450,Nyborg,poverty_relative,112.71,11.8,%,2024,DST IFOR12P,social,velfaerd,13.3
846,Mariagerfjord,poverty_relative,114.66,11.6,%,2024,DST IFOR12P,social,velfaerd,13.3
820,Vesthimmerlands,poverty_relative,106.4,12.5,%,2024,DST IFOR12P,social,velfaerd,13.3
540,Sønderborg,poverty_relative,94.33,14.1,%,2024,DST IFOR12P,social,velfaerd,13.3
400,Bornholm,poverty_relative,100.0,13.3,%,2024,DST IFOR12P,social,velfaerd,13.3
510,Haderslev,poverty_relative,99.25,13.4,%,2024,DST IFOR12P,social,velfaerd,13.3
671,Struer,poverty_relative,113.68,11.7,%,2024,DST IFOR12P,social,velfaerd,13.3
665,Lemvig,poverty_relative,116.67,11.4,%,2024,DST IFOR12P,social,velfaerd,13.3
707,Norddjurs,poverty_relative,99.25,13.4,%,2024,DST IFOR12P,social,velfaerd,13.3
330,Slagelse,poverty_relative,93.01,14.3,%,2024,DST IFOR12P,social,velfaerd,13.3
306,Odsherred,poverty_relative,100.76,13.2,%,2024,DST IFOR12P,social,velfaerd,13.3
575,Vejen,poverty_relative,126.67,10.5,%,2024,DST IFOR12P,social,velfaerd,13.3
376,Guldborgsund,poverty_relative,85.81,15.5,%,2024,DST IFOR12P,social,velfaerd,13.3
849,Jammerbugt,poverty_relative,111.76,11.9,%,2024,DST IFOR12P,social,velfaerd,13.3
326,Kalundborg,poverty_relative,116.67,11.4,%,2024,DST IFOR12P,social,velfaerd,13.3
390,Vordingborg,poverty_relative,97.08,13.7,%,2024,DST IFOR12P,social,velfaerd,13.3
550,Tønder,poverty_relative,85.81,15.5,%,2024,DST IFOR12P,social,velfaerd,13.3
360,Lolland,poverty_relative,73.08,18.2,%,2024,DST IFOR12P,social,velfaerd,13.3
741,Samsø,poverty_relative,96.38,13.8,%,2024,DST IFOR12P,social,velfaerd,13.3
482,Langeland,poverty_relative,77.78,17.1,%,2024,DST IFOR12P,social,velfaerd,13.3
201,Allerød,child_notifications,98.05,91.31,pr. 1.000 indb. 0-17 år,2025,DST UND2,social,velfaerd,89.53
153,Brøndby,child_notifications,66.88,133.86,pr. 1.000 indb. 0-17 år,2025,DST UND2,social,velfaerd,89.53
175,Rødovre,child_notifications,91.39,97.96,pr. 1.000 indb. 0-17 år,2025,DST UND2,social,velfaerd,89.53
155,Dragør,child_notifications,150.0,58.99,pr. 1.000 indb. 0-17 år,2025,DST UND2,social,velfaerd,89.53
190,Furesø,child_notifications,103.56,86.45,pr. 1.000 indb. 0-17 år,2025,DST UND2,social,velfaerd,89.53
167,Hvidovre,child_notifications,93.49,95.76,pr. 1.000 indb. 0-17 år,2025,DST UND2,social,velfaerd,89.53
230,Rudersdal,child_notifications,130.85,68.42,pr. 1.000 indb. 0-17 år,2025,DST UND2,social,velfaerd,89.53
746,Skanderborg,child_notifications,150.0,58.21,pr. 1.000 indb. 0-17 år,2025,DST UND2,social,velfaerd,89.53
269,Solrød,child_notifications,117.68,76.08,pr. 1.000 indb. 0-17 år,2025,DST UND2,social,velfaerd,89.53
265,Roskilde,child_notifications,108.0,82.9,pr. 1.000 indb. 0-17 år,2025,DST UND2,social,velfaerd,89.53
240,Egedal,child_notifications,137.4,65.16,pr. 1.000 indb. 0-17 år,2025,DST UND2,social,velfaerd,89.53
151,Ballerup,child_notifications,81.35,110.05,pr. 1.000 indb. 0-17 år,2025,DST UND2,social,velfaerd,89.53
223,Hørsholm,child_notifications,128.38,69.74,pr. 1.000 indb. 0-17 år,2025,DST UND2,social,velfaerd,89.53
185,Tårnby,child_notifications,96.49,92.79,pr. 1.000 indb. 0-17 år,2025,DST UND2,social,velfaerd,89.53
157,Gentofte,child_notifications,150.0,51.57,pr. 1.000 indb. 0-17 år,2025,DST UND2,social,velfaerd,89.53
350,Lejre,child_notifications,93.26,96.0,pr. 1.000 indb. 0-17 år,2025,DST UND2,social,velfaerd,89.53
163,Herlev,child_notifications,96.96,92.34,pr. 1.000 indb. 0-17 år,2025,DST UND2,social,velfaerd,89.53
173,Lyngby-Taarbæk,child_notifications,114.71,78.05,pr. 1.000 indb. 0-17 år,2025,DST UND2,social,velfaerd,89.53
210,Fredensborg,child_notifications,98.83,90.59,pr. 1.000 indb. 0-17 år,2025,DST UND2,social,velfaerd,89.53
183,Ishøj,child_notifications,99.94,89.58,pr. 1.000 indb. 0-17 år,2025,DST UND2,social,velfaerd,89.53
710,Favrskov,child_notifications,150.0,57.54,pr. 1.000 indb. 0-17 år,2025,DST UND2,social,velfaerd,89.53
530,Billund,child_notifications,91.28,98.08,pr. 1.000 indb. 0-17 år,2025,DST UND2,social,velfaerd,89.53
840,Rebild,child_notifications,113.7,78.74,pr. 1.000 indb. 0-17 år,2025,DST UND2,social,velfaerd,89.53
187,Vallensbæk,child_notifications,124.55,71.88,pr. 1.000 indb. 0-17 år,2025,DST UND2,social,velfaerd,89.53
253,Greve,child_notifications,119.36,75.01,pr. 1.000 indb. 0-17 år,2025,DST UND2,social,velfaerd,89.53
147,Frederiksberg,child_notifications,122.14,73.3,pr. 1.000 indb. 0-17 år,2025,DST UND2,social,velfaerd,89.53
259,Køge,child_notifications,86.98,102.93,pr. 1.000 indb. 0-17 år,2025,DST UND2,social,velfaerd,89.53
159,Gladsaxe,child_notifications,113.26,79.05,pr. 1.000 indb. 0-17 år,2025,DST UND2,social,velfaerd,89.53
217,Helsingør,child_notifications,93.33,95.93,pr. 1.000 indb. 0-17 år,2025,DST UND2,social,velfaerd,89.53
250,Frederikssund,child_notifications,74.5,120.18,pr. 1.000 indb. 0-17 år,2025,DST UND2,social,velfaerd,89.53
661,Holstebro,child_notifications,91.97,97.35,pr. 1.000 indb. 0-17 år,2025,DST UND2,social,velfaerd,89.53
825,Læsø,child_notifications,127.26,70.35,pr. 1.000 indb. 0-17 år,2025,DST UND2,social,velfaerd,89.53
657,Herning,child_notifications,131.78,67.94,pr. 1.000 indb. 0-17 år,2025,DST UND2,social,velfaerd,89.53
260,Halsnæs,child_notifications,83.12,107.71,pr. 1.000 indb. 0-17 år,2025,DST UND2,social,velfaerd,89.53
773,Morsø,child_notifications,84.36,106.13,pr. 1.000 indb. 0-17 år,2025,DST UND2,social,velfaerd,89.53
219,Hillerød,child_notifications,103.79,86.26,pr. 1.000 indb. 0-17 år,2025,DST UND2,social,velfaerd,89.53
340,Sorø,child_notifications,79.46,112.68,pr. 1.000 indb. 0-17 år,2025,DST UND2,social,velfaerd,89.53
492,Ærø,child_notifications,92.52,96.77,pr. 1.000 indb. 0-17 år,2025,DST UND2,social,velfaerd,89.53
561,Esbjerg,child_notifications,99.52,89.96,pr. 1.000 indb. 0-17 år,2025,DST UND2,social,velfaerd,89.53
740,Silkeborg,child_notifications,107.07,83.62,pr. 1.000 indb. 0-17 år,2025,DST UND2,social,velfaerd,89.53
615,Horsens,child_notifications,99.79,89.72,pr. 1.000 indb. 0-17 år,2025,DST UND2,social,velfaerd,89.53
563,Fanø,child_notifications,119.74,74.77,pr. 1.000 indb. 0-17 år,2025,DST UND2,social,velfaerd,89.53
316,Holbæk,child_notifications,87.77,102.0,pr. 1.000 indb. 0-17 år,2025,DST UND2,social,velfaerd,89.53
766,Hedensted,child_notifications,107.85,83.01,pr. 1.000 indb. 0-17 år,2025,DST UND2,social,velfaerd,89.53
607,Fredericia,child_notifications,78.61,113.89,pr. 1.000 indb. 0-17 år,2025,DST UND2,social,velfaerd,89.53
410,Middelfart,child_notifications,92.61,96.67,pr. 1.000 indb. 0-17 år,2025,DST UND2,social,velfaerd,89.53
329,Ringsted,child_notifications,106.89,83.76,pr. 1.000 indb. 0-17 år,2025,DST UND2,social,velfaerd,89.53
370,Næstved,child_notifications,71.46,125.28,pr. 1.000 indb. 0-17 år,2025,DST UND2,social,velfaerd,89.53
851,Aalborg,child_notifications,88.61,101.04,pr. 1.000 indb. 0-17 år,2025,DST UND2,social,velfaerd,89.53
810,Brønderslev,child_notifications,100.11,89.43,pr. 1.000 indb. 0-17 år,2025,DST UND2,social,velfaerd,89.53
727,Odder,child_notifications,113.1,79.16,pr. 1.000 indb. 0-17 år,2025,DST UND2,social,velfaerd,89.53
336,Stevns,child_notifications,81.21,110.24,pr. 1.000 indb. 0-17 år,2025,DST UND2,social,velfaerd,89.53
751,Aarhus,child_notifications,119.53,74.9,pr. 1.000 indb. 0-17 år,2025,DST UND2,social,velfaerd,89.53
813,Frederikshavn,child_notifications,102.31,87.51,pr. 1.000 indb. 0-17 år,2025,DST UND2,social,velfaerd,89.53
161,Glostrup,child_notifications,88.06,101.67,pr. 1.000 indb. 0-17 år,2025,DST UND2,social,velfaerd,89.53
270,Gribskov,child_notifications,68.85,130.04,pr. 1.000 indb. 0-17 år,2025,DST UND2,social,velfaerd,89.53
860,Hjørring,child_notifications,76.82,116.54,pr. 1.000 indb. 0-17 år,2025,DST UND2,social,velfaerd,89.53
165,Albertslund,child_notifications,73.72,121.44,pr. 1.000 indb. 0-17 år,2025,DST UND2,social,velfaerd,89.53
479,Svendborg,child_notifications,102.28,87.53,pr. 1.000 indb. 0-17 år,2025,DST UND2,social,velfaerd,89.53
791,Viborg,child_notifications,106.17,84.33,pr. 1.000 indb. 0-17 år,2025,DST UND2,social,velfaerd,89.53
480,Nordfyns,child_notifications,100.34,89.23,pr. 1.000 indb. 0-17 år,2025,DST UND2,social,velfaerd,89.53
706,Syddjurs,child_notifications,111.29,80.45,pr. 1.000 indb. 0-17 år,2025,DST UND2,social,velfaerd,89.53
440,Kerteminde,child_notifications,81.53,109.81,pr. 1.000 indb. 0-17 år,2025,DST UND2,social,velfaerd,89.53
630,Vejle,child_notifications,123.39,72.56,pr. 1.000 indb. 0-17 år,2025,DST UND2,social,velfaerd,89.53
101,København,child_notifications,99.51,89.97,pr. 1.000 indb. 0-17 år,2025,DST UND2,social,velfaerd,89.53
730,Randers,child_notifications,92.72,96.56,pr. 1.000 indb. 0-17 år,2025,DST UND2,social,velfaerd,89.53
760,Ringkøbing-Skjern,child_notifications,113.82,78.66,pr. 1.000 indb. 0-17 år,2025,DST UND2,social,velfaerd,89.53
430,Faaborg-Midtfyn,child_notifications,90.81,98.59,pr. 1.000 indb. 0-17 år,2025,DST UND2,social,velfaerd,89.53
320,Faxe,child_notifications,70.58,126.84,pr. 1.000 indb. 0-17 år,2025,DST UND2,social,velfaerd,89.53
169,Høje-Taastrup,child_notifications,69.76,128.34,pr. 1.000 indb. 0-17 år,2025,DST UND2,social,velfaerd,89.53
573,Varde,child_notifications,96.96,92.34,pr. 1.000 indb. 0-17 år,2025,DST UND2,social,velfaerd,89.53
621,Kolding,child_notifications,106.97,83.7,pr. 1.000 indb. 0-17 år,2025,DST UND2,social,velfaerd,89.53
420,Assens,child_notifications,66.35,134.94,pr. 1.000 indb. 0-17 år,2025,DST UND2,social,velfaerd,89.53
580,Aabenraa,child_notifications,106.18,84.32,pr. 1.000 indb. 0-17 år,2025,DST UND2,social,velfaerd,89.53
787,Thisted,child_notifications,82.27,108.83,pr. 1.000 indb. 0-17 år,2025,DST UND2,social,velfaerd,89.53
756,Ikast-Brande,child_notifications,114.04,78.51,pr. 1.000 indb. 0-17 år,2025,DST UND2,social,velfaerd,89.53
461,Odense,child_notifications,110.3,81.17,pr. 1.000 indb. 0-17 år,2025,DST UND2,social,velfaerd,89.53
779,Skive,child_notifications,104.96,85.3,pr. 1.000 indb. 0-17 år,2025,DST UND2,social,velfaerd,89.53
450,Nyborg,child_notifications,76.39,117.2,pr. 1.000 indb. 0-17 år,2025,DST UND2,social,velfaerd,89.53
846,Mariagerfjord,child_notifications,93.39,95.87,pr. 1.000 indb. 0-17 år,2025,DST UND2,social,velfaerd,89.53
820,Vesthimmerlands,child_notifications,73.37,122.02,pr. 1.000 indb. 0-17 år,2025,DST UND2,social,velfaerd,89.53
540,Sønderborg,child_notifications,105.75,84.66,pr. 1.000 indb. 0-17 år,2025,DST UND2,social,velfaerd,89.53
400,Bornholm,child_notifications,79.31,112.88,pr. 1.000 indb. 0-17 år,2025,DST UND2,social,velfaerd,89.53
510,Haderslev,child_notifications,78.29,114.35,pr. 1.000 indb. 0-17 år,2025,DST UND2,social,velfaerd,89.53
671,Struer,child_notifications,101.55,88.16,pr. 1.000 indb. 0-17 år,2025,DST UND2,social,velfaerd,89.53
665,Lemvig,child_notifications,117.9,75.94,pr. 1.000 indb. 0-17 år,2025,DST UND2,social,velfaerd,89.53
707,Norddjurs,child_notifications,91.99,97.33,pr. 1.000 indb. 0-17 år,2025,DST UND2,social,velfaerd,89.53
330,Slagelse,child_notifications,67.42,132.79,pr. 1.000 indb. 0-17 år,2025,DST UND2,social,velfaerd,89.53
306,Odsherred,child_notifications,64.49,138.82,pr. 1.000 indb. 0-17 år,2025,DST UND2,social,velfaerd,89.53
575,Vejen,child_notifications,76.46,117.1,pr. 1.000 indb. 0-17 år,2025,DST UND2,social,velfaerd,89.53
376,Guldborgsund,child_notifications,68.89,129.96,pr. 1.000 indb. 0-17 år,2025,DST UND2,social,velfaerd,89.53
849,Jammerbugt,child_notifications,71.53,125.16,pr. 1.000 indb. 0-17 år,2025,DST UND2,social,velfaerd,89.53
326,Kalundborg,child_notifications,78.32,114.31,pr. 1.000 indb. 0-17 år,2025,DST UND2,social,velfaerd,89.53
390,Vordingborg,child_notifications,62.43,143.41,pr. 1.000 indb. 0-17 år,2025,DST UND2,social,velfaerd,89.53
550,Tønder,child_notifications,74.19,120.67,pr. 1.000 indb. 0-17 år,2025,DST UND2,social,velfaerd,89.53
360,Lolland,child_notifications,60.2,148.72,pr. 1.000 indb. 0-17 år,2025,DST UND2,social,velfaerd,89.53
741,Samsø,child_notifications,83.29,107.49,pr. 1.000 indb. 0-17 år,2025,DST UND2,social,velfaerd,89.53
482,Langeland,child_notifications,60.58,147.78,pr. 1.000 indb. 0-17 år,2025,DST UND2,social,velfaerd,89.53
201,Allerød,vacant_housing,150.0,2.48,%,2026,DST BOL101,social,bolig,6.14
153,Brøndby,vacant_housing,150.0,2.9,%,2026,DST BOL101,social,bolig,6.14
175,Rødovre,vacant_housing,150.0,3.51,%,2026,DST BOL101,social,bolig,6.14
155,Dragør,vacant_housing,150.0,3.11,%,2026,DST BOL101,social,bolig,6.14
190,Furesø,vacant_housing,150.0,3.13,%,2026,DST BOL101,social,bolig,6.14
167,Hvidovre,vacant_housing,150.0,2.11,%,2026,DST BOL101,social,bolig,6.14
230,Rudersdal,vacant_housing,124.8,4.92,%,2026,DST BOL101,social,bolig,6.14
746,Skanderborg,vacant_housing,150.0,3.42,%,2026,DST BOL101,social,bolig,6.14
269,Solrød,vacant_housing,150.0,2.6,%,2026,DST BOL101,social,bolig,6.14
265,Roskilde,vacant_housing,150.0,3.25,%,2026,DST BOL101,social,bolig,6.14
240,Egedal,vacant_housing,150.0,2.9,%,2026,DST BOL101,social,bolig,6.14
151,Ballerup,vacant_housing,150.0,2.01,%,2026,DST BOL101,social,bolig,6.14
223,Hørsholm,vacant_housing,146.54,4.19,%,2026,DST BOL101,social,bolig,6.14
185,Tårnby,vacant_housing,150.0,2.32,%,2026,DST BOL101,social,bolig,6.14
157,Gentofte,vacant_housing,107.72,5.7,%,2026,DST BOL101,social,bolig,6.14
350,Lejre,vacant_housing,150.0,3.6,%,2026,DST BOL101,social,bolig,6.14
163,Herlev,vacant_housing,150.0,2.97,%,2026,DST BOL101,social,bolig,6.14
173,Lyngby-Taarbæk,vacant_housing,145.84,4.21,%,2026,DST BOL101,social,bolig,6.14
210,Fredensborg,vacant_housing,150.0,3.39,%,2026,DST BOL101,social,bolig,6.14
183,Ishøj,vacant_housing,150.0,2.48,%,2026,DST BOL101,social,bolig,6.14
710,Favrskov,vacant_housing,134.95,4.55,%,2026,DST BOL101,social,bolig,6.14
530,Billund,vacant_housing,77.33,7.94,%,2026,DST BOL101,social,bolig,6.14
840,Rebild,vacant_housing,99.19,6.19,%,2026,DST BOL101,social,bolig,6.14
187,Vallensbæk,vacant_housing,150.0,2.38,%,2026,DST BOL101,social,bolig,6.14
253,Greve,vacant_housing,150.0,2.59,%,2026,DST BOL101,social,bolig,6.14
147,Frederiksberg,vacant_housing,150.0,3.08,%,2026,DST BOL101,social,bolig,6.14
259,Køge,vacant_housing,150.0,3.33,%,2026,DST BOL101,social,bolig,6.14
159,Gladsaxe,vacant_housing,150.0,3.79,%,2026,DST BOL101,social,bolig,6.14
217,Helsingør,vacant_housing,150.0,4.07,%,2026,DST BOL101,social,bolig,6.14
250,Frederikssund,vacant_housing,150.0,3.72,%,2026,DST BOL101,social,bolig,6.14
661,Holstebro,vacant_housing,80.47,7.63,%,2026,DST BOL101,social,bolig,6.14
825,Læsø,vacant_housing,16.79,36.58,%,2026,DST BOL101,social,bolig,6.14
657,Herning,vacant_housing,80.9,7.59,%,2026,DST BOL101,social,bolig,6.14
260,Halsnæs,vacant_housing,145.5,4.22,%,2026,DST BOL101,social,bolig,6.14
773,Morsø,vacant_housing,49.16,12.49,%,2026,DST BOL101,social,bolig,6.14
219,Hillerød,vacant_housing,150.0,4.08,%,2026,DST BOL101,social,bolig,6.14
340,Sorø,vacant_housing,120.16,5.11,%,2026,DST BOL101,social,bolig,6.14
492,Ærø,vacant_housing,20.47,30.0,%,2026,DST BOL101,social,bolig,6.14
561,Esbjerg,vacant_housing,92.47,6.64,%,2026,DST BOL101,social,bolig,6.14
740,Silkeborg,vacant_housing,129.26,4.75,%,2026,DST BOL101,social,bolig,6.14
615,Horsens,vacant_housing,115.85,5.3,%,2026,DST BOL101,social,bolig,6.14
563,Fanø,vacant_housing,80.47,7.63,%,2026,DST BOL101,social,bolig,6.14
316,Holbæk,vacant_housing,124.8,4.92,%,2026,DST BOL101,social,bolig,6.14
766,Hedensted,vacant_housing,105.68,5.81,%,2026,DST BOL101,social,bolig,6.14
607,Fredericia,vacant_housing,114.13,5.38,%,2026,DST BOL101,social,bolig,6.14
410,Middelfart,vacant_housing,101.15,6.07,%,2026,DST BOL101,social,bolig,6.14
329,Ringsted,vacant_housing,125.82,4.88,%,2026,DST BOL101,social,bolig,6.14
370,Næstved,vacant_housing,149.76,4.1,%,2026,DST BOL101,social,bolig,6.14
851,Aalborg,vacant_housing,94.46,6.5,%,2026,DST BOL101,social,bolig,6.14
810,Brønderslev,vacant_housing,70.17,8.75,%,2026,DST BOL101,social,bolig,6.14
727,Odder,vacant_housing,126.34,4.86,%,2026,DST BOL101,social,bolig,6.14
336,Stevns,vacant_housing,96.54,6.36,%,2026,DST BOL101,social,bolig,6.14
751,Aarhus,vacant_housing,150.0,3.72,%,2026,DST BOL101,social,bolig,6.14
813,Frederikshavn,vacant_housing,40.16,15.29,%,2026,DST BOL101,social,bolig,6.14
161,Glostrup,vacant_housing,150.0,3.78,%,2026,DST BOL101,social,bolig,6.14
270,Gribskov,vacant_housing,118.53,5.18,%,2026,DST BOL101,social,bolig,6.14
860,Hjørring,vacant_housing,52.3,11.74,%,2026,DST BOL101,social,bolig,6.14
165,Albertslund,vacant_housing,92.61,6.63,%,2026,DST BOL101,social,bolig,6.14
479,Svendborg,vacant_housing,102.16,6.01,%,2026,DST BOL101,social,bolig,6.14
791,Viborg,vacant_housing,88.09,6.97,%,2026,DST BOL101,social,bolig,6.14
480,Nordfyns,vacant_housing,84.11,7.3,%,2026,DST BOL101,social,bolig,6.14
706,Syddjurs,vacant_housing,72.32,8.49,%,2026,DST BOL101,social,bolig,6.14
440,Kerteminde,vacant_housing,116.73,5.26,%,2026,DST BOL101,social,bolig,6.14
630,Vejle,vacant_housing,97.93,6.27,%,2026,DST BOL101,social,bolig,6.14
101,København,vacant_housing,133.19,4.61,%,2026,DST BOL101,social,bolig,6.14
730,Randers,vacant_housing,97.77,6.28,%,2026,DST BOL101,social,bolig,6.14
760,Ringkøbing-Skjern,vacant_housing,69.38,8.85,%,2026,DST BOL101,social,bolig,6.14
430,Faaborg-Midtfyn,vacant_housing,89.77,6.84,%,2026,DST BOL101,social,bolig,6.14
320,Faxe,vacant_housing,109.64,5.6,%,2026,DST BOL101,social,bolig,6.14
169,Høje-Taastrup,vacant_housing,134.95,4.55,%,2026,DST BOL101,social,bolig,6.14
573,Varde,vacant_housing,71.73,8.56,%,2026,DST BOL101,social,bolig,6.14
621,Kolding,vacant_housing,92.05,6.67,%,2026,DST BOL101,social,bolig,6.14
420,Assens,vacant_housing,81.0,7.58,%,2026,DST BOL101,social,bolig,6.14
580,Aabenraa,vacant_housing,91.92,6.68,%,2026,DST BOL101,social,bolig,6.14
787,Thisted,vacant_housing,53.25,11.53,%,2026,DST BOL101,social,bolig,6.14
756,Ikast-Brande,vacant_housing,94.9,6.47,%,2026,DST BOL101,social,bolig,6.14
461,Odense,vacant_housing,113.7,5.4,%,2026,DST BOL101,social,bolig,6.14
779,Skive,vacant_housing,63.76,9.63,%,2026,DST BOL101,social,bolig,6.14
450,Nyborg,vacant_housing,104.6,5.87,%,2026,DST BOL101,social,bolig,6.14
846,Mariagerfjord,vacant_housing,65.32,9.4,%,2026,DST BOL101,social,bolig,6.14
820,Vesthimmerlands,vacant_housing,54.34,11.3,%,2026,DST BOL101,social,bolig,6.14
540,Sønderborg,vacant_housing,90.16,6.81,%,2026,DST BOL101,social,bolig,6.14
400,Bornholm,vacant_housing,52.34,11.73,%,2026,DST BOL101,social,bolig,6.14
510,Haderslev,vacant_housing,81.87,7.5,%,2026,DST BOL101,social,bolig,6.14
671,Struer,vacant_housing,60.49,10.15,%,2026,DST BOL101,social,bolig,6.14
665,Lemvig,vacant_housing,40.61,15.12,%,2026,DST BOL101,social,bolig,6.14
707,Norddjurs,vacant_housing,65.32,9.4,%,2026,DST BOL101,social,bolig,6.14
330,Slagelse,vacant_housing,95.34,6.44,%,2026,DST BOL101,social,bolig,6.14
306,Odsherred,vacant_housing,66.16,9.28,%,2026,DST BOL101,social,bolig,6.14
575,Vejen,vacant_housing,96.54,6.36,%,2026,DST BOL101,social,bolig,6.14
376,Guldborgsund,vacant_housing,62.78,9.78,%,2026,DST BOL101,social,bolig,6.14
849,Jammerbugt,vacant_housing,49.32,12.45,%,2026,DST BOL101,social,bolig,6.14
326,Kalundborg,vacant_housing,74.24,8.27,%,2026,DST BOL101,social,bolig,6.14
390,Vordingborg,vacant_housing,56.9,10.79,%,2026,DST BOL101,social,bolig,6.14
550,Tønder,vacant_housing,46.69,13.15,%,2026,DST BOL101,social,bolig,6.14
360,Lolland,vacant_housing,38.74,15.85,%,2026,DST BOL101,social,bolig,6.14
741,Samsø,vacant_housing,17.23,35.63,%,2026,DST BOL101,social,bolig,6.14
482,Langeland,vacant_housing,22.78,26.95,%,2026,DST BOL101,social,bolig,6.14
201,Allerød,housing_area,98.7,53.2,m²,2026,DST BOL106,social,bolig,53.9
153,Brøndby,housing_area,76.81,41.4,m²,2026,DST BOL106,social,bolig,53.9
175,Rødovre,housing_area,76.81,41.4,m²,2026,DST BOL106,social,bolig,53.9
155,Dragør,housing_area,100.0,53.9,m²,2026,DST BOL106,social,bolig,53.9
190,Furesø,housing_area,94.99,51.2,m²,2026,DST BOL106,social,bolig,53.9
167,Hvidovre,housing_area,78.48,42.3,m²,2026,DST BOL106,social,bolig,53.9
230,Rudersdal,housing_area,104.45,56.3,m²,2026,DST BOL106,social,bolig,53.9
746,Skanderborg,housing_area,103.15,55.6,m²,2026,DST BOL106,social,bolig,53.9
269,Solrød,housing_area,96.47,52.0,m²,2026,DST BOL106,social,bolig,53.9
265,Roskilde,housing_area,92.95,50.1,m²,2026,DST BOL106,social,bolig,53.9
240,Egedal,housing_area,92.95,50.1,m²,2026,DST BOL106,social,bolig,53.9
151,Ballerup,housing_area,83.67,45.1,m²,2026,DST BOL106,social,bolig,53.9
223,Hørsholm,housing_area,110.02,59.3,m²,2026,DST BOL106,social,bolig,53.9
185,Tårnby,housing_area,81.82,44.1,m²,2026,DST BOL106,social,bolig,53.9
157,Gentofte,housing_area,100.74,54.3,m²,2026,DST BOL106,social,bolig,53.9
350,Lejre,housing_area,102.97,55.5,m²,2026,DST BOL106,social,bolig,53.9
163,Herlev,housing_area,80.15,43.2,m²,2026,DST BOL106,social,bolig,53.9
173,Lyngby-Taarbæk,housing_area,87.01,46.9,m²,2026,DST BOL106,social,bolig,53.9
210,Fredensborg,housing_area,96.47,52.0,m²,2026,DST BOL106,social,bolig,53.9
183,Ishøj,housing_area,77.18,41.6,m²,2026,DST BOL106,social,bolig,53.9
710,Favrskov,housing_area,108.91,58.7,m²,2026,DST BOL106,social,bolig,53.9
530,Billund,housing_area,112.62,60.7,m²,2026,DST BOL106,social,bolig,53.9
840,Rebild,housing_area,117.81,63.5,m²,2026,DST BOL106,social,bolig,53.9
187,Vallensbæk,housing_area,79.96,43.1,m²,2026,DST BOL106,social,bolig,53.9
253,Greve,housing_area,93.69,50.5,m²,2026,DST BOL106,social,bolig,53.9
147,Frederiksberg,housing_area,87.94,47.4,m²,2026,DST BOL106,social,bolig,53.9
259,Køge,housing_area,94.99,51.2,m²,2026,DST BOL106,social,bolig,53.9
159,Gladsaxe,housing_area,77.37,41.7,m²,2026,DST BOL106,social,bolig,53.9
217,Helsingør,housing_area,95.36,51.4,m²,2026,DST BOL106,social,bolig,53.9
250,Frederikssund,housing_area,99.44,53.6,m²,2026,DST BOL106,social,bolig,53.9
661,Holstebro,housing_area,109.28,58.9,m²,2026,DST BOL106,social,bolig,53.9
825,Læsø,housing_area,141.56,76.3,m²,2026,DST BOL106,social,bolig,53.9
657,Herning,housing_area,110.02,59.3,m²,2026,DST BOL106,social,bolig,53.9
260,Halsnæs,housing_area,98.14,52.9,m²,2026,DST BOL106,social,bolig,53.9
773,Morsø,housing_area,125.05,67.4,m²,2026,DST BOL106,social,bolig,53.9
219,Hillerød,housing_area,94.99,51.2,m²,2026,DST BOL106,social,bolig,53.9
340,Sorø,housing_area,108.72,58.6,m²,2026,DST BOL106,social,bolig,53.9
492,Ærø,housing_area,140.45,75.7,m²,2026,DST BOL106,social,bolig,53.9
561,Esbjerg,housing_area,106.12,57.2,m²,2026,DST BOL106,social,bolig,53.9
740,Silkeborg,housing_area,105.75,57.0,m²,2026,DST BOL106,social,bolig,53.9
615,Horsens,housing_area,101.67,54.8,m²,2026,DST BOL106,social,bolig,53.9
563,Fanø,housing_area,129.13,69.6,m²,2026,DST BOL106,social,bolig,53.9
316,Holbæk,housing_area,102.6,55.3,m²,2026,DST BOL106,social,bolig,53.9
766,Hedensted,housing_area,115.4,62.2,m²,2026,DST BOL106,social,bolig,53.9
607,Fredericia,housing_area,102.41,55.2,m²,2026,DST BOL106,social,bolig,53.9
410,Middelfart,housing_area,112.06,60.4,m²,2026,DST BOL106,social,bolig,53.9
329,Ringsted,housing_area,99.07,53.4,m²,2026,DST BOL106,social,bolig,53.9
370,Næstved,housing_area,104.08,56.1,m²,2026,DST BOL106,social,bolig,53.9
851,Aalborg,housing_area,101.11,54.5,m²,2026,DST BOL106,social,bolig,53.9
810,Brønderslev,housing_area,118.37,63.8,m²,2026,DST BOL106,social,bolig,53.9
727,Odder,housing_area,110.58,59.6,m²,2026,DST BOL106,social,bolig,53.9
336,Stevns,housing_area,111.13,59.9,m²,2026,DST BOL106,social,bolig,53.9
751,Aarhus,housing_area,87.01,46.9,m²,2026,DST BOL106,social,bolig,53.9
813,Frederikshavn,housing_area,116.88,63.0,m²,2026,DST BOL106,social,bolig,53.9
161,Glostrup,housing_area,80.33,43.3,m²,2026,DST BOL106,social,bolig,53.9
270,Gribskov,housing_area,106.49,57.4,m²,2026,DST BOL106,social,bolig,53.9
860,Hjørring,housing_area,120.78,65.1,m²,2026,DST BOL106,social,bolig,53.9
165,Albertslund,housing_area,77.74,41.9,m²,2026,DST BOL106,social,bolig,53.9
479,Svendborg,housing_area,108.16,58.3,m²,2026,DST BOL106,social,bolig,53.9
791,Viborg,housing_area,112.43,60.6,m²,2026,DST BOL106,social,bolig,53.9
480,Nordfyns,housing_area,118.74,64.0,m²,2026,DST BOL106,social,bolig,53.9
706,Syddjurs,housing_area,114.29,61.6,m²,2026,DST BOL106,social,bolig,53.9
440,Kerteminde,housing_area,110.58,59.6,m²,2026,DST BOL106,social,bolig,53.9
630,Vejle,housing_area,105.75,57.0,m²,2026,DST BOL106,social,bolig,53.9
101,København,housing_area,75.88,40.9,m²,2026,DST BOL106,social,bolig,53.9
730,Randers,housing_area,108.16,58.3,m²,2026,DST BOL106,social,bolig,53.9
760,Ringkøbing-Skjern,housing_area,118.55,63.9,m²,2026,DST BOL106,social,bolig,53.9
430,Faaborg-Midtfyn,housing_area,117.81,63.5,m²,2026,DST BOL106,social,bolig,53.9
320,Faxe,housing_area,108.35,58.4,m²,2026,DST BOL106,social,bolig,53.9
169,Høje-Taastrup,housing_area,77.92,42.0,m²,2026,DST BOL106,social,bolig,53.9
573,Varde,housing_area,117.07,63.1,m²,2026,DST BOL106,social,bolig,53.9
621,Kolding,housing_area,104.08,56.1,m²,2026,DST BOL106,social,bolig,53.9
420,Assens,housing_area,117.81,63.5,m²,2026,DST BOL106,social,bolig,53.9
580,Aabenraa,housing_area,116.88,63.0,m²,2026,DST BOL106,social,bolig,53.9
787,Thisted,housing_area,122.26,65.9,m²,2026,DST BOL106,social,bolig,53.9
756,Ikast-Brande,housing_area,110.02,59.3,m²,2026,DST BOL106,social,bolig,53.9
461,Odense,housing_area,93.32,50.3,m²,2026,DST BOL106,social,bolig,53.9
779,Skive,housing_area,120.41,64.9,m²,2026,DST BOL106,social,bolig,53.9
450,Nyborg,housing_area,111.32,60.0,m²,2026,DST BOL106,social,bolig,53.9
846,Mariagerfjord,housing_area,118.92,64.1,m²,2026,DST BOL106,social,bolig,53.9
820,Vesthimmerlands,housing_area,123.75,66.7,m²,2026,DST BOL106,social,bolig,53.9
540,Sønderborg,housing_area,113.54,61.2,m²,2026,DST BOL106,social,bolig,53.9
400,Bornholm,housing_area,119.67,64.5,m²,2026,DST BOL106,social,bolig,53.9
510,Haderslev,housing_area,115.03,62.0,m²,2026,DST BOL106,social,bolig,53.9
671,Struer,housing_area,121.52,65.5,m²,2026,DST BOL106,social,bolig,53.9
665,Lemvig,housing_area,128.94,69.5,m²,2026,DST BOL106,social,bolig,53.9
707,Norddjurs,housing_area,120.04,64.7,m²,2026,DST BOL106,social,bolig,53.9
330,Slagelse,housing_area,102.04,55.0,m²,2026,DST BOL106,social,bolig,53.9
306,Odsherred,housing_area,113.17,61.0,m²,2026,DST BOL106,social,bolig,53.9
575,Vejen,housing_area,117.81,63.5,m²,2026,DST BOL106,social,bolig,53.9
376,Guldborgsund,housing_area,116.7,62.9,m²,2026,DST BOL106,social,bolig,53.9
849,Jammerbugt,housing_area,123.56,66.6,m²,2026,DST BOL106,social,bolig,53.9
326,Kalundborg,housing_area,111.5,60.1,m²,2026,DST BOL106,social,bolig,53.9
390,Vordingborg,housing_area,114.84,61.9,m²,2026,DST BOL106,social,bolig,53.9
550,Tønder,housing_area,125.05,67.4,m²,2026,DST BOL106,social,bolig,53.9
360,Lolland,housing_area,122.63,66.1,m²,2026,DST BOL106,social,bolig,53.9
741,Samsø,housing_area,141.19,76.1,m²,2026,DST BOL106,social,bolig,53.9
482,Langeland,housing_area,132.47,71.4,m²,2026,DST BOL106,social,bolig,53.9
201,Allerød,housing_no_wc,79.9,0.7464,%,2026,DST BOL102,social,bolig,0.5964
153,Brøndby,housing_no_wc,150.0,0.2013,%,2026,DST BOL102,social,bolig,0.5964
175,Rødovre,housing_no_wc,150.0,0.1263,%,2026,DST BOL102,social,bolig,0.5964
155,Dragør,housing_no_wc,150.0,0.3091,%,2026,DST BOL102,social,bolig,0.5964
190,Furesø,housing_no_wc,150.0,0.0165,%,2026,DST BOL102,social,bolig,0.5964
167,Hvidovre,housing_no_wc,121.62,0.4904,%,2026,DST BOL102,social,bolig,0.5964
230,Rudersdal,housing_no_wc,134.11,0.4447,%,2026,DST BOL102,social,bolig,0.5964
746,Skanderborg,housing_no_wc,150.0,0.3567,%,2026,DST BOL102,social,bolig,0.5964
269,Solrød,housing_no_wc,150.0,0.095,%,2026,DST BOL102,social,bolig,0.5964
265,Roskilde,housing_no_wc,45.19,1.3198,%,2026,DST BOL102,social,bolig,0.5964
240,Egedal,housing_no_wc,150.0,0.0749,%,2026,DST BOL102,social,bolig,0.5964
151,Ballerup,housing_no_wc,77.73,0.7673,%,2026,DST BOL102,social,bolig,0.5964
223,Hørsholm,housing_no_wc,150.0,0.1606,%,2026,DST BOL102,social,bolig,0.5964
185,Tårnby,housing_no_wc,150.0,0.3019,%,2026,DST BOL102,social,bolig,0.5964
157,Gentofte,housing_no_wc,68.03,0.8767,%,2026,DST BOL102,social,bolig,0.5964
350,Lejre,housing_no_wc,150.0,0.1935,%,2026,DST BOL102,social,bolig,0.5964
163,Herlev,housing_no_wc,150.0,0.0407,%,2026,DST BOL102,social,bolig,0.5964
173,Lyngby-Taarbæk,housing_no_wc,121.0,0.4929,%,2026,DST BOL102,social,bolig,0.5964
210,Fredensborg,housing_no_wc,150.0,0.096,%,2026,DST BOL102,social,bolig,0.5964
183,Ishøj,housing_no_wc,150.0,0.3776,%,2026,DST BOL102,social,bolig,0.5964
710,Favrskov,housing_no_wc,150.0,0.1897,%,2026,DST BOL102,social,bolig,0.5964
530,Billund,housing_no_wc,150.0,0.2606,%,2026,DST BOL102,social,bolig,0.5964
840,Rebild,housing_no_wc,150.0,0.0888,%,2026,DST BOL102,social,bolig,0.5964
187,Vallensbæk,housing_no_wc,150.0,0.0273,%,2026,DST BOL102,social,bolig,0.5964
253,Greve,housing_no_wc,150.0,0.1488,%,2026,DST BOL102,social,bolig,0.5964
147,Frederiksberg,housing_no_wc,41.48,1.4378,%,2026,DST BOL102,social,bolig,0.5964
259,Køge,housing_no_wc,150.0,0.3901,%,2026,DST BOL102,social,bolig,0.5964
159,Gladsaxe,housing_no_wc,150.0,0.0826,%,2026,DST BOL102,social,bolig,0.5964
217,Helsingør,housing_no_wc,108.36,0.5504,%,2026,DST BOL102,social,bolig,0.5964
250,Frederikssund,housing_no_wc,141.13,0.4226,%,2026,DST BOL102,social,bolig,0.5964
661,Holstebro,housing_no_wc,130.9,0.4556,%,2026,DST BOL102,social,bolig,0.5964
825,Læsø,housing_no_wc,150.0,0.3083,%,2026,DST BOL102,social,bolig,0.5964
657,Herning,housing_no_wc,102.3,0.583,%,2026,DST BOL102,social,bolig,0.5964
260,Halsnæs,housing_no_wc,64.47,0.9251,%,2026,DST BOL102,social,bolig,0.5964
773,Morsø,housing_no_wc,138.41,0.4309,%,2026,DST BOL102,social,bolig,0.5964
219,Hillerød,housing_no_wc,74.07,0.8052,%,2026,DST BOL102,social,bolig,0.5964
340,Sorø,housing_no_wc,150.0,0.3691,%,2026,DST BOL102,social,bolig,0.5964
492,Ærø,housing_no_wc,91.88,0.6491,%,2026,DST BOL102,social,bolig,0.5964
561,Esbjerg,housing_no_wc,119.61,0.4986,%,2026,DST BOL102,social,bolig,0.5964
740,Silkeborg,housing_no_wc,150.0,0.3927,%,2026,DST BOL102,social,bolig,0.5964
615,Horsens,housing_no_wc,65.55,0.9098,%,2026,DST BOL102,social,bolig,0.5964
563,Fanø,housing_no_wc,150.0,0.287,%,2026,DST BOL102,social,bolig,0.5964
316,Holbæk,housing_no_wc,67.67,0.8814,%,2026,DST BOL102,social,bolig,0.5964
766,Hedensted,housing_no_wc,150.0,0.0831,%,2026,DST BOL102,social,bolig,0.5964
607,Fredericia,housing_no_wc,121.57,0.4906,%,2026,DST BOL102,social,bolig,0.5964
410,Middelfart,housing_no_wc,150.0,0.3094,%,2026,DST BOL102,social,bolig,0.5964
329,Ringsted,housing_no_wc,76.32,0.7814,%,2026,DST BOL102,social,bolig,0.5964
370,Næstved,housing_no_wc,116.8,0.5106,%,2026,DST BOL102,social,bolig,0.5964
851,Aalborg,housing_no_wc,91.75,0.65,%,2026,DST BOL102,social,bolig,0.5964
810,Brønderslev,housing_no_wc,150.0,0.1639,%,2026,DST BOL102,social,bolig,0.5964
727,Odder,housing_no_wc,121.42,0.4912,%,2026,DST BOL102,social,bolig,0.5964
336,Stevns,housing_no_wc,91.29,0.6533,%,2026,DST BOL102,social,bolig,0.5964
751,Aarhus,housing_no_wc,47.49,1.2558,%,2026,DST BOL102,social,bolig,0.5964
813,Frederikshavn,housing_no_wc,150.0,0.2165,%,2026,DST BOL102,social,bolig,0.5964
161,Glostrup,housing_no_wc,150.0,0.076,%,2026,DST BOL102,social,bolig,0.5964
270,Gribskov,housing_no_wc,105.84,0.5635,%,2026,DST BOL102,social,bolig,0.5964
860,Hjørring,housing_no_wc,139.12,0.4287,%,2026,DST BOL102,social,bolig,0.5964
165,Albertslund,housing_no_wc,150.0,0.1666,%,2026,DST BOL102,social,bolig,0.5964
479,Svendborg,housing_no_wc,87.38,0.6825,%,2026,DST BOL102,social,bolig,0.5964
791,Viborg,housing_no_wc,133.9,0.4454,%,2026,DST BOL102,social,bolig,0.5964
480,Nordfyns,housing_no_wc,150.0,0.244,%,2026,DST BOL102,social,bolig,0.5964
706,Syddjurs,housing_no_wc,150.0,0.2457,%,2026,DST BOL102,social,bolig,0.5964
440,Kerteminde,housing_no_wc,150.0,0.3091,%,2026,DST BOL102,social,bolig,0.5964
630,Vejle,housing_no_wc,150.0,0.3946,%,2026,DST BOL102,social,bolig,0.5964
101,København,housing_no_wc,68.66,0.8686,%,2026,DST BOL102,social,bolig,0.5964
730,Randers,housing_no_wc,150.0,0.3301,%,2026,DST BOL102,social,bolig,0.5964
760,Ringkøbing-Skjern,housing_no_wc,150.0,0.3151,%,2026,DST BOL102,social,bolig,0.5964
430,Faaborg-Midtfyn,housing_no_wc,150.0,0.3954,%,2026,DST BOL102,social,bolig,0.5964
320,Faxe,housing_no_wc,72.12,0.827,%,2026,DST BOL102,social,bolig,0.5964
169,Høje-Taastrup,housing_no_wc,150.0,0.1129,%,2026,DST BOL102,social,bolig,0.5964
573,Varde,housing_no_wc,150.0,0.2438,%,2026,DST BOL102,social,bolig,0.5964
621,Kolding,housing_no_wc,138.83,0.4296,%,2026,DST BOL102,social,bolig,0.5964
420,Assens,housing_no_wc,150.0,0.2143,%,2026,DST BOL102,social,bolig,0.5964
580,Aabenraa,housing_no_wc,149.51,0.3989,%,2026,DST BOL102,social,bolig,0.5964
787,Thisted,housing_no_wc,63.72,0.936,%,2026,DST BOL102,social,bolig,0.5964
756,Ikast-Brande,housing_no_wc,150.0,0.2443,%,2026,DST BOL102,social,bolig,0.5964
461,Odense,housing_no_wc,72.39,0.8239,%,2026,DST BOL102,social,bolig,0.5964
779,Skive,housing_no_wc,150.0,0.3937,%,2026,DST BOL102,social,bolig,0.5964
450,Nyborg,housing_no_wc,150.0,0.1316,%,2026,DST BOL102,social,bolig,0.5964
846,Mariagerfjord,housing_no_wc,150.0,0.3171,%,2026,DST BOL102,social,bolig,0.5964
820,Vesthimmerlands,housing_no_wc,150.0,0.2186,%,2026,DST BOL102,social,bolig,0.5964
540,Sønderborg,housing_no_wc,150.0,0.2859,%,2026,DST BOL102,social,bolig,0.5964
400,Bornholm,housing_no_wc,97.96,0.6088,%,2026,DST BOL102,social,bolig,0.5964
510,Haderslev,housing_no_wc,118.43,0.5036,%,2026,DST BOL102,social,bolig,0.5964
671,Struer,housing_no_wc,150.0,0.2308,%,2026,DST BOL102,social,bolig,0.5964
665,Lemvig,housing_no_wc,118.52,0.5032,%,2026,DST BOL102,social,bolig,0.5964
707,Norddjurs,housing_no_wc,68.72,0.8679,%,2026,DST BOL102,social,bolig,0.5964
330,Slagelse,housing_no_wc,92.42,0.6453,%,2026,DST BOL102,social,bolig,0.5964
306,Odsherred,housing_no_wc,42.46,1.4045,%,2026,DST BOL102,social,bolig,0.5964
575,Vejen,housing_no_wc,150.0,0.2195,%,2026,DST BOL102,social,bolig,0.5964
376,Guldborgsund,housing_no_wc,86.6,0.6887,%,2026,DST BOL102,social,bolig,0.5964
849,Jammerbugt,housing_no_wc,150.0,0.1437,%,2026,DST BOL102,social,bolig,0.5964
326,Kalundborg,housing_no_wc,93.6,0.6372,%,2026,DST BOL102,social,bolig,0.5964
390,Vordingborg,housing_no_wc,74.63,0.7991,%,2026,DST BOL102,social,bolig,0.5964
550,Tønder,housing_no_wc,150.0,0.2776,%,2026,DST BOL102,social,bolig,0.5964
360,Lolland,housing_no_wc,120.15,0.4964,%,2026,DST BOL102,social,bolig,0.5964
741,Samsø,housing_no_wc,150.0,0.2575,%,2026,DST BOL102,social,bolig,0.5964
482,Langeland,housing_no_wc,149.32,0.3994,%,2026,DST BOL102,social,bolig,0.5964
201,Allerød,housing_no_bath,150.0,0.2367,%,2026,DST BOL102,social,bolig,1.1675
153,Brøndby,housing_no_bath,150.0,0.1006,%,2026,DST BOL102,social,bolig,1.1675
175,Rødovre,housing_no_bath,138.1,0.8454,%,2026,DST BOL102,social,bolig,1.1675
155,Dragør,housing_no_bath,150.0,0.5857,%,2026,DST BOL102,social,bolig,1.1675
190,Furesø,housing_no_bath,150.0,0.3252,%,2026,DST BOL102,social,bolig,1.1675
167,Hvidovre,housing_no_bath,150.0,0.5271,%,2026,DST BOL102,social,bolig,1.1675
230,Rudersdal,housing_no_bath,150.0,0.3862,%,2026,DST BOL102,social,bolig,1.1675
746,Skanderborg,housing_no_bath,150.0,0.4901,%,2026,DST BOL102,social,bolig,1.1675
269,Solrød,housing_no_bath,150.0,0.152,%,2026,DST BOL102,social,bolig,1.1675
265,Roskilde,housing_no_bath,150.0,0.6727,%,2026,DST BOL102,social,bolig,1.1675
240,Egedal,housing_no_bath,150.0,0.1873,%,2026,DST BOL102,social,bolig,1.1675
151,Ballerup,housing_no_bath,150.0,0.113,%,2026,DST BOL102,social,bolig,1.1675
223,Hørsholm,housing_no_bath,150.0,0.3213,%,2026,DST BOL102,social,bolig,1.1675
185,Tårnby,housing_no_bath,139.95,0.8342,%,2026,DST BOL102,social,bolig,1.1675
157,Gentofte,housing_no_bath,64.11,1.8211,%,2026,DST BOL102,social,bolig,1.1675
350,Lejre,housing_no_bath,127.01,0.9192,%,2026,DST BOL102,social,bolig,1.1675
163,Herlev,housing_no_bath,135.38,0.8624,%,2026,DST BOL102,social,bolig,1.1675
173,Lyngby-Taarbæk,housing_no_bath,118.43,0.9858,%,2026,DST BOL102,social,bolig,1.1675
210,Fredensborg,housing_no_bath,150.0,0.24,%,2026,DST BOL102,social,bolig,1.1675
183,Ishøj,housing_no_bath,150.0,0.0795,%,2026,DST BOL102,social,bolig,1.1675
710,Favrskov,housing_no_bath,150.0,0.5217,%,2026,DST BOL102,social,bolig,1.1675
530,Billund,housing_no_bath,150.0,0.2843,%,2026,DST BOL102,social,bolig,1.1675
840,Rebild,housing_no_bath,132.63,0.8803,%,2026,DST BOL102,social,bolig,1.1675
187,Vallensbæk,housing_no_bath,150.0,0.1093,%,2026,DST BOL102,social,bolig,1.1675
253,Greve,housing_no_bath,150.0,0.1182,%,2026,DST BOL102,social,bolig,1.1675
147,Frederiksberg,housing_no_bath,30.13,3.8746,%,2026,DST BOL102,social,bolig,1.1675
259,Køge,housing_no_bath,150.0,0.7305,%,2026,DST BOL102,social,bolig,1.1675
159,Gladsaxe,housing_no_bath,137.21,0.8509,%,2026,DST BOL102,social,bolig,1.1675
217,Helsingør,housing_no_bath,58.64,1.9911,%,2026,DST BOL102,social,bolig,1.1675
250,Frederikssund,housing_no_bath,123.98,0.9417,%,2026,DST BOL102,social,bolig,1.1675
661,Holstebro,housing_no_bath,150.0,0.5202,%,2026,DST BOL102,social,bolig,1.1675
825,Læsø,housing_no_bath,150.0,0.4111,%,2026,DST BOL102,social,bolig,1.1675
657,Herning,housing_no_bath,150.0,0.498,%,2026,DST BOL102,social,bolig,1.1675
260,Halsnæs,housing_no_bath,68.61,1.7017,%,2026,DST BOL102,social,bolig,1.1675
773,Morsø,housing_no_bath,46.45,2.5133,%,2026,DST BOL102,social,bolig,1.1675
219,Hillerød,housing_no_bath,150.0,0.6272,%,2026,DST BOL102,social,bolig,1.1675
340,Sorø,housing_no_bath,82.59,1.4136,%,2026,DST BOL102,social,bolig,1.1675
492,Ærø,housing_no_bath,67.44,1.7311,%,2026,DST BOL102,social,bolig,1.1675
561,Esbjerg,housing_no_bath,150.0,0.6636,%,2026,DST BOL102,social,bolig,1.1675
740,Silkeborg,housing_no_bath,150.0,0.6343,%,2026,DST BOL102,social,bolig,1.1675
615,Horsens,housing_no_bath,150.0,0.5986,%,2026,DST BOL102,social,bolig,1.1675
563,Fanø,housing_no_bath,150.0,0.6315,%,2026,DST BOL102,social,bolig,1.1675
316,Holbæk,housing_no_bath,83.03,1.4062,%,2026,DST BOL102,social,bolig,1.1675
766,Hedensted,housing_no_bath,150.0,0.4615,%,2026,DST BOL102,social,bolig,1.1675
607,Fredericia,housing_no_bath,150.0,0.6123,%,2026,DST BOL102,social,bolig,1.1675
410,Middelfart,housing_no_bath,150.0,0.7183,%,2026,DST BOL102,social,bolig,1.1675
329,Ringsted,housing_no_bath,120.86,0.966,%,2026,DST BOL102,social,bolig,1.1675
370,Næstved,housing_no_bath,103.89,1.1238,%,2026,DST BOL102,social,bolig,1.1675
851,Aalborg,housing_no_bath,150.0,0.7204,%,2026,DST BOL102,social,bolig,1.1675
810,Brønderslev,housing_no_bath,150.0,0.7081,%,2026,DST BOL102,social,bolig,1.1675
727,Odder,housing_no_bath,150.0,0.7324,%,2026,DST BOL102,social,bolig,1.1675
336,Stevns,housing_no_bath,89.35,1.3066,%,2026,DST BOL102,social,bolig,1.1675
751,Aarhus,housing_no_bath,150.0,0.4751,%,2026,DST BOL102,social,bolig,1.1675
813,Frederikshavn,housing_no_bath,123.69,0.9439,%,2026,DST BOL102,social,bolig,1.1675
161,Glostrup,housing_no_bath,94.71,1.2327,%,2026,DST BOL102,social,bolig,1.1675
270,Gribskov,housing_no_bath,121.79,0.9586,%,2026,DST BOL102,social,bolig,1.1675
860,Hjørring,housing_no_bath,104.58,1.1164,%,2026,DST BOL102,social,bolig,1.1675
165,Albertslund,housing_no_bath,150.0,0.2348,%,2026,DST BOL102,social,bolig,1.1675
479,Svendborg,housing_no_bath,105.39,1.1078,%,2026,DST BOL102,social,bolig,1.1675
791,Viborg,housing_no_bath,150.0,0.6552,%,2026,DST BOL102,social,bolig,1.1675
480,Nordfyns,housing_no_bath,131.56,0.8874,%,2026,DST BOL102,social,bolig,1.1675
706,Syddjurs,housing_no_bath,106.54,1.0958,%,2026,DST BOL102,social,bolig,1.1675
440,Kerteminde,housing_no_bath,150.0,0.7556,%,2026,DST BOL102,social,bolig,1.1675
630,Vejle,housing_no_bath,150.0,0.5954,%,2026,DST BOL102,social,bolig,1.1675
101,København,housing_no_bath,32.59,3.5825,%,2026,DST BOL102,social,bolig,1.1675
730,Randers,housing_no_bath,137.76,0.8475,%,2026,DST BOL102,social,bolig,1.1675
760,Ringkøbing-Skjern,housing_no_bath,150.0,0.5835,%,2026,DST BOL102,social,bolig,1.1675
430,Faaborg-Midtfyn,housing_no_bath,150.0,0.5136,%,2026,DST BOL102,social,bolig,1.1675
320,Faxe,housing_no_bath,133.84,0.8723,%,2026,DST BOL102,social,bolig,1.1675
169,Høje-Taastrup,housing_no_bath,150.0,0.7671,%,2026,DST BOL102,social,bolig,1.1675
573,Varde,housing_no_bath,150.0,0.5093,%,2026,DST BOL102,social,bolig,1.1675
621,Kolding,housing_no_bath,150.0,0.6697,%,2026,DST BOL102,social,bolig,1.1675
420,Assens,housing_no_bath,131.4,0.8885,%,2026,DST BOL102,social,bolig,1.1675
580,Aabenraa,housing_no_bath,150.0,0.5895,%,2026,DST BOL102,social,bolig,1.1675
787,Thisted,housing_no_bath,80.91,1.443,%,2026,DST BOL102,social,bolig,1.1675
756,Ikast-Brande,housing_no_bath,150.0,0.4211,%,2026,DST BOL102,social,bolig,1.1675
461,Odense,housing_no_bath,150.0,0.4106,%,2026,DST BOL102,social,bolig,1.1675
779,Skive,housing_no_bath,150.0,0.7557,%,2026,DST BOL102,social,bolig,1.1675
450,Nyborg,housing_no_bath,150.0,0.6014,%,2026,DST BOL102,social,bolig,1.1675
846,Mariagerfjord,housing_no_bath,150.0,0.0793,%,2026,DST BOL102,social,bolig,1.1675
820,Vesthimmerlands,housing_no_bath,150.0,0.1323,%,2026,DST BOL102,social,bolig,1.1675
540,Sønderborg,housing_no_bath,150.0,0.5064,%,2026,DST BOL102,social,bolig,1.1675
400,Bornholm,housing_no_bath,102.61,1.1378,%,2026,DST BOL102,social,bolig,1.1675
510,Haderslev,housing_no_bath,150.0,0.5962,%,2026,DST BOL102,social,bolig,1.1675
671,Struer,housing_no_bath,150.0,0.5519,%,2026,DST BOL102,social,bolig,1.1675
665,Lemvig,housing_no_bath,107.8,1.083,%,2026,DST BOL102,social,bolig,1.1675
707,Norddjurs,housing_no_bath,65.42,1.7846,%,2026,DST BOL102,social,bolig,1.1675
330,Slagelse,housing_no_bath,92.79,1.2582,%,2026,DST BOL102,social,bolig,1.1675
306,Odsherred,housing_no_bath,45.2,2.583,%,2026,DST BOL102,social,bolig,1.1675
575,Vejen,housing_no_bath,150.0,0.3266,%,2026,DST BOL102,social,bolig,1.1675
376,Guldborgsund,housing_no_bath,54.94,2.1251,%,2026,DST BOL102,social,bolig,1.1675
849,Jammerbugt,housing_no_bath,150.0,0.6911,%,2026,DST BOL102,social,bolig,1.1675
326,Kalundborg,housing_no_bath,84.36,1.384,%,2026,DST BOL102,social,bolig,1.1675
390,Vordingborg,housing_no_bath,63.92,1.8264,%,2026,DST BOL102,social,bolig,1.1675
550,Tønder,housing_no_bath,150.0,0.5495,%,2026,DST BOL102,social,bolig,1.1675
360,Lolland,housing_no_bath,45.87,2.5451,%,2026,DST BOL102,social,bolig,1.1675
741,Samsø,housing_no_bath,83.97,1.3903,%,2026,DST BOL102,social,bolig,1.1675
482,Langeland,housing_no_bath,62.29,1.8743,%,2026,DST BOL102,social,bolig,1.1675
201,Allerød,bolig_fossil,38.25,61.75,% fossil (mål 0),2026,DST BYGB40 + Energistyrelsen EPT,social,energi,0.0
153,Brøndby,bolig_fossil,76.36,23.64,% fossil (mål 0),2026,DST BYGB40 + Energistyrelsen EPT,social,energi,0.0
175,Rødovre,bolig_fossil,60.16,39.84,% fossil (mål 0),2026,DST BYGB40 + Energistyrelsen EPT,social,energi,0.0
155,Dragør,bolig_fossil,23.47,76.53,% fossil (mål 0),2026,DST BYGB40 + Energistyrelsen EPT,social,energi,0.0
190,Furesø,bolig_fossil,16.87,83.13,% fossil (mål 0),2026,DST BYGB40 + Energistyrelsen EPT,social,energi,0.0
167,Hvidovre,bolig_fossil,67.92,32.08,% fossil (mål 0),2026,DST BYGB40 + Energistyrelsen EPT,social,energi,0.0
230,Rudersdal,bolig_fossil,19.01,80.99,% fossil (mål 0),2026,DST BYGB40 + Energistyrelsen EPT,social,energi,0.0
746,Skanderborg,bolig_fossil,88.89,11.11,% fossil (mål 0),2026,DST BYGB40 + Energistyrelsen EPT,social,energi,0.0
269,Solrød,bolig_fossil,59.11,40.89,% fossil (mål 0),2026,DST BYGB40 + Energistyrelsen EPT,social,energi,0.0
265,Roskilde,bolig_fossil,76.46,23.54,% fossil (mål 0),2026,DST BYGB40 + Energistyrelsen EPT,social,energi,0.0
240,Egedal,bolig_fossil,55.97,44.03,% fossil (mål 0),2026,DST BYGB40 + Energistyrelsen EPT,social,energi,0.0
151,Ballerup,bolig_fossil,54.08,45.92,% fossil (mål 0),2026,DST BYGB40 + Energistyrelsen EPT,social,energi,0.0
223,Hørsholm,bolig_fossil,48.45,51.55,% fossil (mål 0),2026,DST BYGB40 + Energistyrelsen EPT,social,energi,0.0
185,Tårnby,bolig_fossil,46.86,53.14,% fossil (mål 0),2026,DST BYGB40 + Energistyrelsen EPT,social,energi,0.0
157,Gentofte,bolig_fossil,70.13,29.87,% fossil (mål 0),2026,DST BYGB40 + Energistyrelsen EPT,social,energi,0.0
350,Lejre,bolig_fossil,62.61,37.39,% fossil (mål 0),2026,DST BYGB40 + Energistyrelsen EPT,social,energi,0.0
163,Herlev,bolig_fossil,56.75,43.25,% fossil (mål 0),2026,DST BYGB40 + Energistyrelsen EPT,social,energi,0.0
173,Lyngby-Taarbæk,bolig_fossil,30.32,69.68,% fossil (mål 0),2026,DST BYGB40 + Energistyrelsen EPT,social,energi,0.0
210,Fredensborg,bolig_fossil,54.89,45.11,% fossil (mål 0),2026,DST BYGB40 + Energistyrelsen EPT,social,energi,0.0
183,Ishøj,bolig_fossil,74.09,25.91,% fossil (mål 0),2026,DST BYGB40 + Energistyrelsen EPT,social,energi,0.0
710,Favrskov,bolig_fossil,83.71,16.29,% fossil (mål 0),2026,DST BYGB40 + Energistyrelsen EPT,social,energi,0.0
530,Billund,bolig_fossil,88.25,11.75,% fossil (mål 0),2026,DST BYGB40 + Energistyrelsen EPT,social,energi,0.0
840,Rebild,bolig_fossil,81.62,18.38,% fossil (mål 0),2026,DST BYGB40 + Energistyrelsen EPT,social,energi,0.0
187,Vallensbæk,bolig_fossil,61.41,38.59,% fossil (mål 0),2026,DST BYGB40 + Energistyrelsen EPT,social,energi,0.0
253,Greve,bolig_fossil,47.56,52.44,% fossil (mål 0),2026,DST BYGB40 + Energistyrelsen EPT,social,energi,0.0
147,Frederiksberg,bolig_fossil,86.52,13.48,% fossil (mål 0),2026,DST BYGB40 + Energistyrelsen EPT,social,energi,0.0
259,Køge,bolig_fossil,38.98,61.02,% fossil (mål 0),2026,DST BYGB40 + Energistyrelsen EPT,social,energi,0.0
159,Gladsaxe,bolig_fossil,31.15,68.85,% fossil (mål 0),2026,DST BYGB40 + Energistyrelsen EPT,social,energi,0.0
217,Helsingør,bolig_fossil,58.03,41.97,% fossil (mål 0),2026,DST BYGB40 + Energistyrelsen EPT,social,energi,0.0
250,Frederikssund,bolig_fossil,50.07,49.93,% fossil (mål 0),2026,DST BYGB40 + Energistyrelsen EPT,social,energi,0.0
661,Holstebro,bolig_fossil,88.86,11.14,% fossil (mål 0),2026,DST BYGB40 + Energistyrelsen EPT,social,energi,0.0
825,Læsø,bolig_fossil,72.4,27.6,% fossil (mål 0),2026,DST BYGB40 + Energistyrelsen EPT,social,energi,0.0
657,Herning,bolig_fossil,89.26,10.74,% fossil (mål 0),2026,DST BYGB40 + Energistyrelsen EPT,social,energi,0.0
260,Halsnæs,bolig_fossil,82.03,17.97,% fossil (mål 0),2026,DST BYGB40 + Energistyrelsen EPT,social,energi,0.0
773,Morsø,bolig_fossil,52.74,47.26,% fossil (mål 0),2026,DST BYGB40 + Energistyrelsen EPT,social,energi,0.0
219,Hillerød,bolig_fossil,61.04,38.96,% fossil (mål 0),2026,DST BYGB40 + Energistyrelsen EPT,social,energi,0.0
340,Sorø,bolig_fossil,58.46,41.54,% fossil (mål 0),2026,DST BYGB40 + Energistyrelsen EPT,social,energi,0.0
492,Ærø,bolig_fossil,87.32,12.68,% fossil (mål 0),2026,DST BYGB40 + Energistyrelsen EPT,social,energi,0.0
561,Esbjerg,bolig_fossil,71.72,28.28,% fossil (mål 0),2026,DST BYGB40 + Energistyrelsen EPT,social,energi,0.0
740,Silkeborg,bolig_fossil,54.81,45.19,% fossil (mål 0),2026,DST BYGB40 + Energistyrelsen EPT,social,energi,0.0
615,Horsens,bolig_fossil,87.43,12.57,% fossil (mål 0),2026,DST BYGB40 + Energistyrelsen EPT,social,energi,0.0
563,Fanø,bolig_fossil,88.49,11.51,% fossil (mål 0),2026,DST BYGB40 + Energistyrelsen EPT,social,energi,0.0
316,Holbæk,bolig_fossil,42.99,57.01,% fossil (mål 0),2026,DST BYGB40 + Energistyrelsen EPT,social,energi,0.0
766,Hedensted,bolig_fossil,66.82,33.18,% fossil (mål 0),2026,DST BYGB40 + Energistyrelsen EPT,social,energi,0.0
607,Fredericia,bolig_fossil,93.66,6.34,% fossil (mål 0),2026,DST BYGB40 + Energistyrelsen EPT,social,energi,0.0
410,Middelfart,bolig_fossil,69.31,30.69,% fossil (mål 0),2026,DST BYGB40 + Energistyrelsen EPT,social,energi,0.0
329,Ringsted,bolig_fossil,73.44,26.56,% fossil (mål 0),2026,DST BYGB40 + Energistyrelsen EPT,social,energi,0.0
370,Næstved,bolig_fossil,62.62,37.38,% fossil (mål 0),2026,DST BYGB40 + Energistyrelsen EPT,social,energi,0.0
851,Aalborg,bolig_fossil,50.44,49.56,% fossil (mål 0),2026,DST BYGB40 + Energistyrelsen EPT,social,energi,0.0
810,Brønderslev,bolig_fossil,78.21,21.79,% fossil (mål 0),2026,DST BYGB40 + Energistyrelsen EPT,social,energi,0.0
727,Odder,bolig_fossil,77.36,22.64,% fossil (mål 0),2026,DST BYGB40 + Energistyrelsen EPT,social,energi,0.0
336,Stevns,bolig_fossil,53.92,46.08,% fossil (mål 0),2026,DST BYGB40 + Energistyrelsen EPT,social,energi,0.0
751,Aarhus,bolig_fossil,96.15,3.85,% fossil (mål 0),2026,DST BYGB40 + Energistyrelsen EPT,social,energi,0.0
813,Frederikshavn,bolig_fossil,73.12,26.88,% fossil (mål 0),2026,DST BYGB40 + Energistyrelsen EPT,social,energi,0.0
161,Glostrup,bolig_fossil,64.46,35.54,% fossil (mål 0),2026,DST BYGB40 + Energistyrelsen EPT,social,energi,0.0
270,Gribskov,bolig_fossil,70.38,29.62,% fossil (mål 0),2026,DST BYGB40 + Energistyrelsen EPT,social,energi,0.0
860,Hjørring,bolig_fossil,84.17,15.83,% fossil (mål 0),2026,DST BYGB40 + Energistyrelsen EPT,social,energi,0.0
165,Albertslund,bolig_fossil,86.58,13.42,% fossil (mål 0),2026,DST BYGB40 + Energistyrelsen EPT,social,energi,0.0
479,Svendborg,bolig_fossil,55.12,44.88,% fossil (mål 0),2026,DST BYGB40 + Energistyrelsen EPT,social,energi,0.0
791,Viborg,bolig_fossil,60.55,39.45,% fossil (mål 0),2026,DST BYGB40 + Energistyrelsen EPT,social,energi,0.0
480,Nordfyns,bolig_fossil,65.15,34.85,% fossil (mål 0),2026,DST BYGB40 + Energistyrelsen EPT,social,energi,0.0
706,Syddjurs,bolig_fossil,90.92,9.08,% fossil (mål 0),2026,DST BYGB40 + Energistyrelsen EPT,social,energi,0.0
440,Kerteminde,bolig_fossil,70.37,29.63,% fossil (mål 0),2026,DST BYGB40 + Energistyrelsen EPT,social,energi,0.0
630,Vejle,bolig_fossil,74.87,25.13,% fossil (mål 0),2026,DST BYGB40 + Energistyrelsen EPT,social,energi,0.0
101,København,bolig_fossil,90.75,9.25,% fossil (mål 0),2026,DST BYGB40 + Energistyrelsen EPT,social,energi,0.0
730,Randers,bolig_fossil,80.87,19.13,% fossil (mål 0),2026,DST BYGB40 + Energistyrelsen EPT,social,energi,0.0
760,Ringkøbing-Skjern,bolig_fossil,77.44,22.56,% fossil (mål 0),2026,DST BYGB40 + Energistyrelsen EPT,social,energi,0.0
430,Faaborg-Midtfyn,bolig_fossil,66.18,33.82,% fossil (mål 0),2026,DST BYGB40 + Energistyrelsen EPT,social,energi,0.0
320,Faxe,bolig_fossil,63.72,36.28,% fossil (mål 0),2026,DST BYGB40 + Energistyrelsen EPT,social,energi,0.0
169,Høje-Taastrup,bolig_fossil,66.2,33.8,% fossil (mål 0),2026,DST BYGB40 + Energistyrelsen EPT,social,energi,0.0
573,Varde,bolig_fossil,73.45,26.55,% fossil (mål 0),2026,DST BYGB40 + Energistyrelsen EPT,social,energi,0.0
621,Kolding,bolig_fossil,85.01,14.99,% fossil (mål 0),2026,DST BYGB40 + Energistyrelsen EPT,social,energi,0.0
420,Assens,bolig_fossil,76.14,23.86,% fossil (mål 0),2026,DST BYGB40 + Energistyrelsen EPT,social,energi,0.0
580,Aabenraa,bolig_fossil,78.65,21.35,% fossil (mål 0),2026,DST BYGB40 + Energistyrelsen EPT,social,energi,0.0
787,Thisted,bolig_fossil,80.79,19.21,% fossil (mål 0),2026,DST BYGB40 + Energistyrelsen EPT,social,energi,0.0
756,Ikast-Brande,bolig_fossil,78.41,21.59,% fossil (mål 0),2026,DST BYGB40 + Energistyrelsen EPT,social,energi,0.0
461,Odense,bolig_fossil,82.81,17.19,% fossil (mål 0),2026,DST BYGB40 + Energistyrelsen EPT,social,energi,0.0
779,Skive,bolig_fossil,70.72,29.28,% fossil (mål 0),2026,DST BYGB40 + Energistyrelsen EPT,social,energi,0.0
450,Nyborg,bolig_fossil,79.85,20.15,% fossil (mål 0),2026,DST BYGB40 + Energistyrelsen EPT,social,energi,0.0
846,Mariagerfjord,bolig_fossil,75.09,24.91,% fossil (mål 0),2026,DST BYGB40 + Energistyrelsen EPT,social,energi,0.0
820,Vesthimmerlands,bolig_fossil,87.5,12.5,% fossil (mål 0),2026,DST BYGB40 + Energistyrelsen EPT,social,energi,0.0
540,Sønderborg,bolig_fossil,77.84,22.16,% fossil (mål 0),2026,DST BYGB40 + Energistyrelsen EPT,social,energi,0.0
400,Bornholm,bolig_fossil,90.48,9.52,% fossil (mål 0),2026,DST BYGB40 + Energistyrelsen EPT,social,energi,0.0
510,Haderslev,bolig_fossil,64.83,35.17,% fossil (mål 0),2026,DST BYGB40 + Energistyrelsen EPT,social,energi,0.0
671,Struer,bolig_fossil,67.21,32.79,% fossil (mål 0),2026,DST BYGB40 + Energistyrelsen EPT,social,energi,0.0
665,Lemvig,bolig_fossil,87.65,12.35,% fossil (mål 0),2026,DST BYGB40 + Energistyrelsen EPT,social,energi,0.0
707,Norddjurs,bolig_fossil,89.35,10.65,% fossil (mål 0),2026,DST BYGB40 + Energistyrelsen EPT,social,energi,0.0
330,Slagelse,bolig_fossil,67.49,32.51,% fossil (mål 0),2026,DST BYGB40 + Energistyrelsen EPT,social,energi,0.0
306,Odsherred,bolig_fossil,69.12,30.88,% fossil (mål 0),2026,DST BYGB40 + Energistyrelsen EPT,social,energi,0.0
575,Vejen,bolig_fossil,72.03,27.97,% fossil (mål 0),2026,DST BYGB40 + Energistyrelsen EPT,social,energi,0.0
376,Guldborgsund,bolig_fossil,78.47,21.53,% fossil (mål 0),2026,DST BYGB40 + Energistyrelsen EPT,social,energi,0.0
849,Jammerbugt,bolig_fossil,76.14,23.86,% fossil (mål 0),2026,DST BYGB40 + Energistyrelsen EPT,social,energi,0.0
326,Kalundborg,bolig_fossil,88.35,11.65,% fossil (mål 0),2026,DST BYGB40 + Energistyrelsen EPT,social,energi,0.0
390,Vordingborg,bolig_fossil,76.82,23.18,% fossil (mål 0),2026,DST BYGB40 + Energistyrelsen EPT,social,energi,0.0
550,Tønder,bolig_fossil,74.71,25.29,% fossil (mål 0),2026,DST BYGB40 + Energistyrelsen EPT,social,energi,0.0
360,Lolland,bolig_fossil,84.44,15.56,% fossil (mål 0),2026,DST BYGB40 + Energistyrelsen EPT,social,energi,0.0
741,Samsø,bolig_fossil,88.95,11.05,% fossil (mål 0),2026,DST BYGB40 + Energistyrelsen EPT,social,energi,0.0
482,Langeland,bolig_fossil,85.7,14.3,% fossil (mål 0),2026,DST BYGB40 + Energistyrelsen EPT,social,energi,0.0
201,Allerød,voter_turnout,115.1,79.66,%,2025,DST LABY08,social,demokrati,69.21
153,Brøndby,voter_turnout,81.26,56.24,%,2025,DST LABY08,social,demokrati,69.21
175,Rødovre,voter_turnout,89.73,62.1,%,2025,DST LABY08,social,demokrati,69.21
155,Dragør,voter_turnout,111.75,77.34,%,2025,DST LABY08,social,demokrati,69.21
190,Furesø,voter_turnout,110.88,76.74,%,2025,DST LABY08,social,demokrati,69.21
167,Hvidovre,voter_turnout,92.96,64.34,%,2025,DST LABY08,social,demokrati,69.21
230,Rudersdal,voter_turnout,109.28,75.63,%,2025,DST LABY08,social,demokrati,69.21
746,Skanderborg,voter_turnout,111.31,77.04,%,2025,DST LABY08,social,demokrati,69.21
269,Solrød,voter_turnout,107.4,74.33,%,2025,DST LABY08,social,demokrati,69.21
265,Roskilde,voter_turnout,105.24,72.84,%,2025,DST LABY08,social,demokrati,69.21
240,Egedal,voter_turnout,106.57,73.76,%,2025,DST LABY08,social,demokrati,69.21
151,Ballerup,voter_turnout,93.99,65.05,%,2025,DST LABY08,social,demokrati,69.21
223,Hørsholm,voter_turnout,109.78,75.98,%,2025,DST LABY08,social,demokrati,69.21
185,Tårnby,voter_turnout,96.11,66.52,%,2025,DST LABY08,social,demokrati,69.21
157,Gentofte,voter_turnout,106.05,73.4,%,2025,DST LABY08,social,demokrati,69.21
350,Lejre,voter_turnout,108.44,75.05,%,2025,DST LABY08,social,demokrati,69.21
163,Herlev,voter_turnout,92.72,64.17,%,2025,DST LABY08,social,demokrati,69.21
173,Lyngby-Taarbæk,voter_turnout,104.02,71.99,%,2025,DST LABY08,social,demokrati,69.21
210,Fredensborg,voter_turnout,103.11,71.36,%,2025,DST LABY08,social,demokrati,69.21
183,Ishøj,voter_turnout,83.07,57.49,%,2025,DST LABY08,social,demokrati,69.21
710,Favrskov,voter_turnout,109.36,75.69,%,2025,DST LABY08,social,demokrati,69.21
530,Billund,voter_turnout,98.03,67.85,%,2025,DST LABY08,social,demokrati,69.21
840,Rebild,voter_turnout,110.01,76.14,%,2025,DST LABY08,social,demokrati,69.21
187,Vallensbæk,voter_turnout,93.93,65.01,%,2025,DST LABY08,social,demokrati,69.21
253,Greve,voter_turnout,99.06,68.56,%,2025,DST LABY08,social,demokrati,69.21
147,Frederiksberg,voter_turnout,105.82,73.24,%,2025,DST LABY08,social,demokrati,69.21
259,Køge,voter_turnout,103.22,71.44,%,2025,DST LABY08,social,demokrati,69.21
159,Gladsaxe,voter_turnout,94.0,65.06,%,2025,DST LABY08,social,demokrati,69.21
217,Helsingør,voter_turnout,101.85,70.49,%,2025,DST LABY08,social,demokrati,69.21
250,Frederikssund,voter_turnout,102.63,71.03,%,2025,DST LABY08,social,demokrati,69.21
661,Holstebro,voter_turnout,104.77,72.51,%,2025,DST LABY08,social,demokrati,69.21
825,Læsø,voter_turnout,123.81,85.69,%,2025,DST LABY08,social,demokrati,69.21
657,Herning,voter_turnout,100.38,69.47,%,2025,DST LABY08,social,demokrati,69.21
260,Halsnæs,voter_turnout,96.75,66.96,%,2025,DST LABY08,social,demokrati,69.21
773,Morsø,voter_turnout,109.36,75.69,%,2025,DST LABY08,social,demokrati,69.21
219,Hillerød,voter_turnout,102.28,70.79,%,2025,DST LABY08,social,demokrati,69.21
340,Sorø,voter_turnout,101.08,69.96,%,2025,DST LABY08,social,demokrati,69.21
492,Ærø,voter_turnout,115.59,80.0,%,2025,DST LABY08,social,demokrati,69.21
561,Esbjerg,voter_turnout,94.09,65.12,%,2025,DST LABY08,social,demokrati,69.21
740,Silkeborg,voter_turnout,106.76,73.89,%,2025,DST LABY08,social,demokrati,69.21
615,Horsens,voter_turnout,93.35,64.61,%,2025,DST LABY08,social,demokrati,69.21
563,Fanø,voter_turnout,123.84,85.71,%,2025,DST LABY08,social,demokrati,69.21
316,Holbæk,voter_turnout,101.6,70.32,%,2025,DST LABY08,social,demokrati,69.21
766,Hedensted,voter_turnout,101.23,70.06,%,2025,DST LABY08,social,demokrati,69.21
607,Fredericia,voter_turnout,96.07,66.49,%,2025,DST LABY08,social,demokrati,69.21
410,Middelfart,voter_turnout,106.49,73.7,%,2025,DST LABY08,social,demokrati,69.21
329,Ringsted,voter_turnout,98.21,67.97,%,2025,DST LABY08,social,demokrati,69.21
370,Næstved,voter_turnout,99.12,68.6,%,2025,DST LABY08,social,demokrati,69.21
851,Aalborg,voter_turnout,96.37,66.7,%,2025,DST LABY08,social,demokrati,69.21
810,Brønderslev,voter_turnout,102.51,70.95,%,2025,DST LABY08,social,demokrati,69.21
727,Odder,voter_turnout,109.13,75.53,%,2025,DST LABY08,social,demokrati,69.21
336,Stevns,voter_turnout,102.64,71.04,%,2025,DST LABY08,social,demokrati,69.21
751,Aarhus,voter_turnout,103.48,71.62,%,2025,DST LABY08,social,demokrati,69.21
813,Frederikshavn,voter_turnout,97.51,67.49,%,2025,DST LABY08,social,demokrati,69.21
161,Glostrup,voter_turnout,89.26,61.78,%,2025,DST LABY08,social,demokrati,69.21
270,Gribskov,voter_turnout,101.23,70.06,%,2025,DST LABY08,social,demokrati,69.21
860,Hjørring,voter_turnout,100.46,69.53,%,2025,DST LABY08,social,demokrati,69.21
165,Albertslund,voter_turnout,90.02,62.3,%,2025,DST LABY08,social,demokrati,69.21
479,Svendborg,voter_turnout,105.91,73.3,%,2025,DST LABY08,social,demokrati,69.21
791,Viborg,voter_turnout,103.83,71.86,%,2025,DST LABY08,social,demokrati,69.21
480,Nordfyns,voter_turnout,102.98,71.27,%,2025,DST LABY08,social,demokrati,69.21
706,Syddjurs,voter_turnout,105.01,72.68,%,2025,DST LABY08,social,demokrati,69.21
440,Kerteminde,voter_turnout,107.92,74.69,%,2025,DST LABY08,social,demokrati,69.21
630,Vejle,voter_turnout,98.67,68.29,%,2025,DST LABY08,social,demokrati,69.21
101,København,voter_turnout,94.76,65.58,%,2025,DST LABY08,social,demokrati,69.21
730,Randers,voter_turnout,97.33,67.36,%,2025,DST LABY08,social,demokrati,69.21
760,Ringkøbing-Skjern,voter_turnout,104.31,72.19,%,2025,DST LABY08,social,demokrati,69.21
430,Faaborg-Midtfyn,voter_turnout,103.14,71.38,%,2025,DST LABY08,social,demokrati,69.21
320,Faxe,voter_turnout,96.59,66.85,%,2025,DST LABY08,social,demokrati,69.21
169,Høje-Taastrup,voter_turnout,85.1,58.9,%,2025,DST LABY08,social,demokrati,69.21
573,Varde,voter_turnout,99.58,68.92,%,2025,DST LABY08,social,demokrati,69.21
621,Kolding,voter_turnout,98.34,68.06,%,2025,DST LABY08,social,demokrati,69.21
420,Assens,voter_turnout,104.62,72.41,%,2025,DST LABY08,social,demokrati,69.21
580,Aabenraa,voter_turnout,96.0,66.44,%,2025,DST LABY08,social,demokrati,69.21
787,Thisted,voter_turnout,104.28,72.17,%,2025,DST LABY08,social,demokrati,69.21
756,Ikast-Brande,voter_turnout,97.05,67.17,%,2025,DST LABY08,social,demokrati,69.21
461,Odense,voter_turnout,100.01,69.22,%,2025,DST LABY08,social,demokrati,69.21
779,Skive,voter_turnout,103.77,71.82,%,2025,DST LABY08,social,demokrati,69.21
450,Nyborg,voter_turnout,106.79,73.91,%,2025,DST LABY08,social,demokrati,69.21
846,Mariagerfjord,voter_turnout,100.61,69.63,%,2025,DST LABY08,social,demokrati,69.21
820,Vesthimmerlands,voter_turnout,99.31,68.73,%,2025,DST LABY08,social,demokrati,69.21
540,Sønderborg,voter_turnout,99.47,68.84,%,2025,DST LABY08,social,demokrati,69.21
400,Bornholm,voter_turnout,104.48,72.31,%,2025,DST LABY08,social,demokrati,69.21
510,Haderslev,voter_turnout,96.27,66.63,%,2025,DST LABY08,social,demokrati,69.21
671,Struer,voter_turnout,106.3,73.57,%,2025,DST LABY08,social,demokrati,69.21
665,Lemvig,voter_turnout,110.63,76.57,%,2025,DST LABY08,social,demokrati,69.21
707,Norddjurs,voter_turnout,97.77,67.67,%,2025,DST LABY08,social,demokrati,69.21
330,Slagelse,voter_turnout,93.48,64.7,%,2025,DST LABY08,social,demokrati,69.21
306,Odsherred,voter_turnout,100.35,69.45,%,2025,DST LABY08,social,demokrati,69.21
575,Vejen,voter_turnout,98.03,67.85,%,2025,DST LABY08,social,demokrati,69.21
376,Guldborgsund,voter_turnout,99.64,68.96,%,2025,DST LABY08,social,demokrati,69.21
849,Jammerbugt,voter_turnout,105.65,73.12,%,2025,DST LABY08,social,demokrati,69.21
326,Kalundborg,voter_turnout,95.32,65.97,%,2025,DST LABY08,social,demokrati,69.21
390,Vordingborg,voter_turnout,102.54,70.97,%,2025,DST LABY08,social,demokrati,69.21
550,Tønder,voter_turnout,99.35,68.76,%,2025,DST LABY08,social,demokrati,69.21
360,Lolland,voter_turnout,95.51,66.1,%,2025,DST LABY08,social,demokrati,69.21
741,Samsø,voter_turnout,116.86,80.88,%,2025,DST LABY08,social,demokrati,69.21
482,Langeland,voter_turnout,106.83,73.94,%,2025,DST LABY08,social,demokrati,69.21
201,Allerød,voter_turnout_national,107.27,90.1,%,2026,DST LABY09,social,demokrati,83.99
153,Brøndby,voter_turnout_national,90.05,75.63,%,2026,DST LABY09,social,demokrati,83.99
175,Rødovre,voter_turnout_national,96.52,81.07,%,2026,DST LABY09,social,demokrati,83.99
155,Dragør,voter_turnout_national,105.16,88.32,%,2026,DST LABY09,social,demokrati,83.99
190,Furesø,voter_turnout_national,105.75,88.82,%,2026,DST LABY09,social,demokrati,83.99
167,Hvidovre,voter_turnout_national,97.39,81.8,%,2026,DST LABY09,social,demokrati,83.99
230,Rudersdal,voter_turnout_national,106.44,89.4,%,2026,DST LABY09,social,demokrati,83.99
746,Skanderborg,voter_turnout_national,106.01,89.04,%,2026,DST LABY09,social,demokrati,83.99
269,Solrød,voter_turnout_national,104.11,87.44,%,2026,DST LABY09,social,demokrati,83.99
265,Roskilde,voter_turnout_national,103.01,86.52,%,2026,DST LABY09,social,demokrati,83.99
240,Egedal,voter_turnout_national,104.79,88.01,%,2026,DST LABY09,social,demokrati,83.99
151,Ballerup,voter_turnout_national,97.06,81.52,%,2026,DST LABY09,social,demokrati,83.99
223,Hørsholm,voter_turnout_national,105.17,88.33,%,2026,DST LABY09,social,demokrati,83.99
185,Tårnby,voter_turnout_national,99.21,83.33,%,2026,DST LABY09,social,demokrati,83.99
157,Gentofte,voter_turnout_national,106.44,89.4,%,2026,DST LABY09,social,demokrati,83.99
350,Lejre,voter_turnout_national,105.16,88.32,%,2026,DST LABY09,social,demokrati,83.99
163,Herlev,voter_turnout_national,96.4,80.97,%,2026,DST LABY09,social,demokrati,83.99
173,Lyngby-Taarbæk,voter_turnout_national,104.58,87.84,%,2026,DST LABY09,social,demokrati,83.99
210,Fredensborg,voter_turnout_national,102.13,85.78,%,2026,DST LABY09,social,demokrati,83.99
183,Ishøj,voter_turnout_national,87.88,73.81,%,2026,DST LABY09,social,demokrati,83.99
710,Favrskov,voter_turnout_national,104.94,88.14,%,2026,DST LABY09,social,demokrati,83.99
530,Billund,voter_turnout_national,99.29,83.39,%,2026,DST LABY09,social,demokrati,83.99
840,Rebild,voter_turnout_national,104.26,87.57,%,2026,DST LABY09,social,demokrati,83.99
187,Vallensbæk,voter_turnout_national,98.38,82.63,%,2026,DST LABY09,social,demokrati,83.99
253,Greve,voter_turnout_national,100.08,84.06,%,2026,DST LABY09,social,demokrati,83.99
147,Frederiksberg,voter_turnout_national,104.23,87.54,%,2026,DST LABY09,social,demokrati,83.99
259,Køge,voter_turnout_national,99.87,83.88,%,2026,DST LABY09,social,demokrati,83.99
159,Gladsaxe,voter_turnout_national,99.13,83.26,%,2026,DST LABY09,social,demokrati,83.99
217,Helsingør,voter_turnout_national,99.06,83.2,%,2026,DST LABY09,social,demokrati,83.99
250,Frederikssund,voter_turnout_national,100.06,84.04,%,2026,DST LABY09,social,demokrati,83.99
661,Holstebro,voter_turnout_national,100.9,84.75,%,2026,DST LABY09,social,demokrati,83.99
825,Læsø,voter_turnout_national,102.18,85.82,%,2026,DST LABY09,social,demokrati,83.99
657,Herning,voter_turnout_national,100.77,84.64,%,2026,DST LABY09,social,demokrati,83.99
260,Halsnæs,voter_turnout_national,97.65,82.02,%,2026,DST LABY09,social,demokrati,83.99
773,Morsø,voter_turnout_national,98.26,82.53,%,2026,DST LABY09,social,demokrati,83.99
219,Hillerød,voter_turnout_national,102.21,85.85,%,2026,DST LABY09,social,demokrati,83.99
340,Sorø,voter_turnout_national,99.81,83.83,%,2026,DST LABY09,social,demokrati,83.99
492,Ærø,voter_turnout_national,100.29,84.23,%,2026,DST LABY09,social,demokrati,83.99
561,Esbjerg,voter_turnout_national,97.19,81.63,%,2026,DST LABY09,social,demokrati,83.99
740,Silkeborg,voter_turnout_national,103.26,86.73,%,2026,DST LABY09,social,demokrati,83.99
615,Horsens,voter_turnout_national,99.3,83.4,%,2026,DST LABY09,social,demokrati,83.99
563,Fanø,voter_turnout_national,106.32,89.3,%,2026,DST LABY09,social,demokrati,83.99
316,Holbæk,voter_turnout_national,99.07,83.21,%,2026,DST LABY09,social,demokrati,83.99
766,Hedensted,voter_turnout_national,102.24,85.87,%,2026,DST LABY09,social,demokrati,83.99
607,Fredericia,voter_turnout_national,97.04,81.5,%,2026,DST LABY09,social,demokrati,83.99
410,Middelfart,voter_turnout_national,102.12,85.77,%,2026,DST LABY09,social,demokrati,83.99
329,Ringsted,voter_turnout_national,98.98,83.13,%,2026,DST LABY09,social,demokrati,83.99
370,Næstved,voter_turnout_national,98.14,82.43,%,2026,DST LABY09,social,demokrati,83.99
851,Aalborg,voter_turnout_national,99.13,83.26,%,2026,DST LABY09,social,demokrati,83.99
810,Brønderslev,voter_turnout_national,100.42,84.34,%,2026,DST LABY09,social,demokrati,83.99
727,Odder,voter_turnout_national,104.27,87.58,%,2026,DST LABY09,social,demokrati,83.99
336,Stevns,voter_turnout_national,101.24,85.03,%,2026,DST LABY09,social,demokrati,83.99
751,Aarhus,voter_turnout_national,102.8,86.34,%,2026,DST LABY09,social,demokrati,83.99
813,Frederikshavn,voter_turnout_national,96.61,81.14,%,2026,DST LABY09,social,demokrati,83.99
161,Glostrup,voter_turnout_national,95.87,80.52,%,2026,DST LABY09,social,demokrati,83.99
270,Gribskov,voter_turnout_national,100.94,84.78,%,2026,DST LABY09,social,demokrati,83.99
860,Hjørring,voter_turnout_national,98.51,82.74,%,2026,DST LABY09,social,demokrati,83.99
165,Albertslund,voter_turnout_national,92.58,77.76,%,2026,DST LABY09,social,demokrati,83.99
479,Svendborg,voter_turnout_national,100.7,84.58,%,2026,DST LABY09,social,demokrati,83.99
791,Viborg,voter_turnout_national,100.38,84.31,%,2026,DST LABY09,social,demokrati,83.99
480,Nordfyns,voter_turnout_national,100.14,84.11,%,2026,DST LABY09,social,demokrati,83.99
706,Syddjurs,voter_turnout_national,102.3,85.92,%,2026,DST LABY09,social,demokrati,83.99
440,Kerteminde,voter_turnout_national,100.83,84.69,%,2026,DST LABY09,social,demokrati,83.99
630,Vejle,voter_turnout_national,100.42,84.34,%,2026,DST LABY09,social,demokrati,83.99
101,København,voter_turnout_national,100.26,84.21,%,2026,DST LABY09,social,demokrati,83.99
730,Randers,voter_turnout_national,97.44,81.84,%,2026,DST LABY09,social,demokrati,83.99
760,Ringkøbing-Skjern,voter_turnout_national,100.93,84.77,%,2026,DST LABY09,social,demokrati,83.99
430,Faaborg-Midtfyn,voter_turnout_national,100.35,84.28,%,2026,DST LABY09,social,demokrati,83.99
320,Faxe,voter_turnout_national,98.81,82.99,%,2026,DST LABY09,social,demokrati,83.99
169,Høje-Taastrup,voter_turnout_national,94.26,79.17,%,2026,DST LABY09,social,demokrati,83.99
573,Varde,voter_turnout_national,100.99,84.82,%,2026,DST LABY09,social,demokrati,83.99
621,Kolding,voter_turnout_national,98.99,83.14,%,2026,DST LABY09,social,demokrati,83.99
420,Assens,voter_turnout_national,100.54,84.44,%,2026,DST LABY09,social,demokrati,83.99
580,Aabenraa,voter_turnout_national,97.58,81.96,%,2026,DST LABY09,social,demokrati,83.99
787,Thisted,voter_turnout_national,100.02,84.01,%,2026,DST LABY09,social,demokrati,83.99
756,Ikast-Brande,voter_turnout_national,99.36,83.45,%,2026,DST LABY09,social,demokrati,83.99
461,Odense,voter_turnout_national,98.35,82.6,%,2026,DST LABY09,social,demokrati,83.99
779,Skive,voter_turnout_national,99.02,83.17,%,2026,DST LABY09,social,demokrati,83.99
450,Nyborg,voter_turnout_national,100.21,84.17,%,2026,DST LABY09,social,demokrati,83.99
846,Mariagerfjord,voter_turnout_national,98.81,82.99,%,2026,DST LABY09,social,demokrati,83.99
820,Vesthimmerlands,voter_turnout_national,97.52,81.91,%,2026,DST LABY09,social,demokrati,83.99
540,Sønderborg,voter_turnout_national,97.96,82.28,%,2026,DST LABY09,social,demokrati,83.99
400,Bornholm,voter_turnout_national,96.09,80.71,%,2026,DST LABY09,social,demokrati,83.99
510,Haderslev,voter_turnout_national,97.68,82.04,%,2026,DST LABY09,social,demokrati,83.99
671,Struer,voter_turnout_national,100.86,84.71,%,2026,DST LABY09,social,demokrati,83.99
665,Lemvig,voter_turnout_national,102.2,85.84,%,2026,DST LABY09,social,demokrati,83.99
707,Norddjurs,voter_turnout_national,97.08,81.54,%,2026,DST LABY09,social,demokrati,83.99
330,Slagelse,voter_turnout_national,94.61,79.46,%,2026,DST LABY09,social,demokrati,83.99
306,Odsherred,voter_turnout_national,97.14,81.59,%,2026,DST LABY09,social,demokrati,83.99
575,Vejen,voter_turnout_national,99.96,83.96,%,2026,DST LABY09,social,demokrati,83.99
376,Guldborgsund,voter_turnout_national,96.26,80.85,%,2026,DST LABY09,social,demokrati,83.99
849,Jammerbugt,voter_turnout_national,99.67,83.71,%,2026,DST LABY09,social,demokrati,83.99
326,Kalundborg,voter_turnout_national,96.26,80.85,%,2026,DST LABY09,social,demokrati,83.99
390,Vordingborg,voter_turnout_national,98.12,82.41,%,2026,DST LABY09,social,demokrati,83.99
550,Tønder,voter_turnout_national,97.92,82.24,%,2026,DST LABY09,social,demokrati,83.99
360,Lolland,voter_turnout_national,91.61,76.94,%,2026,DST LABY09,social,demokrati,83.99
741,Samsø,voter_turnout_national,102.04,85.7,%,2026,DST LABY09,social,demokrati,83.99
482,Langeland,voter_turnout_national,97.5,81.89,%,2026,DST LABY09,social,demokrati,83.99
201,Allerød,gender_leadership,90.41,29.03,% kvinder,2024,DST RAS301,social,ligestilling,32.11
153,Brøndby,gender_leadership,75.21,24.15,% kvinder,2024,DST RAS301,social,ligestilling,32.11
175,Rødovre,gender_leadership,90.03,28.91,% kvinder,2024,DST RAS301,social,ligestilling,32.11
155,Dragør,gender_leadership,85.21,27.36,% kvinder,2024,DST RAS301,social,ligestilling,32.11
190,Furesø,gender_leadership,93.8,30.12,% kvinder,2024,DST RAS301,social,ligestilling,32.11
167,Hvidovre,gender_leadership,75.65,24.29,% kvinder,2024,DST RAS301,social,ligestilling,32.11
230,Rudersdal,gender_leadership,100.78,32.36,% kvinder,2024,DST RAS301,social,ligestilling,32.11
746,Skanderborg,gender_leadership,89.07,28.6,% kvinder,2024,DST RAS301,social,ligestilling,32.11
269,Solrød,gender_leadership,83.9,26.94,% kvinder,2024,DST RAS301,social,ligestilling,32.11
265,Roskilde,gender_leadership,104.61,33.59,% kvinder,2024,DST RAS301,social,ligestilling,32.11
240,Egedal,gender_leadership,111.09,35.67,% kvinder,2024,DST RAS301,social,ligestilling,32.11
151,Ballerup,gender_leadership,99.88,32.07,% kvinder,2024,DST RAS301,social,ligestilling,32.11
223,Hørsholm,gender_leadership,111.4,35.77,% kvinder,2024,DST RAS301,social,ligestilling,32.11
185,Tårnby,gender_leadership,106.91,34.33,% kvinder,2024,DST RAS301,social,ligestilling,32.11
157,Gentofte,gender_leadership,101.09,32.46,% kvinder,2024,DST RAS301,social,ligestilling,32.11
350,Lejre,gender_leadership,118.59,38.08,% kvinder,2024,DST RAS301,social,ligestilling,32.11
163,Herlev,gender_leadership,101.12,32.47,% kvinder,2024,DST RAS301,social,ligestilling,32.11
173,Lyngby-Taarbæk,gender_leadership,111.65,35.85,% kvinder,2024,DST RAS301,social,ligestilling,32.11
210,Fredensborg,gender_leadership,116.51,37.41,% kvinder,2024,DST RAS301,social,ligestilling,32.11
183,Ishøj,gender_leadership,87.23,28.01,% kvinder,2024,DST RAS301,social,ligestilling,32.11
710,Favrskov,gender_leadership,84.62,27.17,% kvinder,2024,DST RAS301,social,ligestilling,32.11
530,Billund,gender_leadership,106.01,34.04,% kvinder,2024,DST RAS301,social,ligestilling,32.11
840,Rebild,gender_leadership,83.74,26.89,% kvinder,2024,DST RAS301,social,ligestilling,32.11
187,Vallensbæk,gender_leadership,105.01,33.72,% kvinder,2024,DST RAS301,social,ligestilling,32.11
253,Greve,gender_leadership,90.81,29.16,% kvinder,2024,DST RAS301,social,ligestilling,32.11
147,Frederiksberg,gender_leadership,128.4,41.23,% kvinder,2024,DST RAS301,social,ligestilling,32.11
259,Køge,gender_leadership,94.99,30.5,% kvinder,2024,DST RAS301,social,ligestilling,32.11
159,Gladsaxe,gender_leadership,112.52,36.13,% kvinder,2024,DST RAS301,social,ligestilling,32.11
217,Helsingør,gender_leadership,112.83,36.23,% kvinder,2024,DST RAS301,social,ligestilling,32.11
250,Frederikssund,gender_leadership,109.41,35.13,% kvinder,2024,DST RAS301,social,ligestilling,32.11
661,Holstebro,gender_leadership,78.73,25.28,% kvinder,2024,DST RAS301,social,ligestilling,32.11
825,Læsø,gender_leadership,98.35,31.58,% kvinder,2024,DST RAS301,social,ligestilling,32.11
657,Herning,gender_leadership,87.2,28.0,% kvinder,2024,DST RAS301,social,ligestilling,32.11
260,Halsnæs,gender_leadership,124.17,39.87,% kvinder,2024,DST RAS301,social,ligestilling,32.11
773,Morsø,gender_leadership,89.94,28.88,% kvinder,2024,DST RAS301,social,ligestilling,32.11
219,Hillerød,gender_leadership,111.77,35.89,% kvinder,2024,DST RAS301,social,ligestilling,32.11
340,Sorø,gender_leadership,102.99,33.07,% kvinder,2024,DST RAS301,social,ligestilling,32.11
492,Ærø,gender_leadership,124.57,40.0,% kvinder,2024,DST RAS301,social,ligestilling,32.11
561,Esbjerg,gender_leadership,85.55,27.47,% kvinder,2024,DST RAS301,social,ligestilling,32.11
740,Silkeborg,gender_leadership,87.64,28.14,% kvinder,2024,DST RAS301,social,ligestilling,32.11
615,Horsens,gender_leadership,87.08,27.96,% kvinder,2024,DST RAS301,social,ligestilling,32.11
563,Fanø,gender_leadership,116.79,37.5,% kvinder,2024,DST RAS301,social,ligestilling,32.11
316,Holbæk,gender_leadership,117.75,37.81,% kvinder,2024,DST RAS301,social,ligestilling,32.11
766,Hedensted,gender_leadership,82.44,26.47,% kvinder,2024,DST RAS301,social,ligestilling,32.11
607,Fredericia,gender_leadership,84.09,27.0,% kvinder,2024,DST RAS301,social,ligestilling,32.11
410,Middelfart,gender_leadership,92.59,29.73,% kvinder,2024,DST RAS301,social,ligestilling,32.11
329,Ringsted,gender_leadership,93.4,29.99,% kvinder,2024,DST RAS301,social,ligestilling,32.11
370,Næstved,gender_leadership,118.37,38.01,% kvinder,2024,DST RAS301,social,ligestilling,32.11
851,Aalborg,gender_leadership,89.41,28.71,% kvinder,2024,DST RAS301,social,ligestilling,32.11
810,Brønderslev,gender_leadership,102.93,33.05,% kvinder,2024,DST RAS301,social,ligestilling,32.11
727,Odder,gender_leadership,138.87,44.59,% kvinder,2024,DST RAS301,social,ligestilling,32.11
336,Stevns,gender_leadership,111.21,35.71,% kvinder,2024,DST RAS301,social,ligestilling,32.11
751,Aarhus,gender_leadership,94.8,30.44,% kvinder,2024,DST RAS301,social,ligestilling,32.11
813,Frederikshavn,gender_leadership,87.79,28.19,% kvinder,2024,DST RAS301,social,ligestilling,32.11
161,Glostrup,gender_leadership,96.23,30.9,% kvinder,2024,DST RAS301,social,ligestilling,32.11
270,Gribskov,gender_leadership,127.47,40.93,% kvinder,2024,DST RAS301,social,ligestilling,32.11
860,Hjørring,gender_leadership,92.06,29.56,% kvinder,2024,DST RAS301,social,ligestilling,32.11
165,Albertslund,gender_leadership,100.81,32.37,% kvinder,2024,DST RAS301,social,ligestilling,32.11
479,Svendborg,gender_leadership,114.39,36.73,% kvinder,2024,DST RAS301,social,ligestilling,32.11
791,Viborg,gender_leadership,87.32,28.04,% kvinder,2024,DST RAS301,social,ligestilling,32.11
480,Nordfyns,gender_leadership,96.39,30.95,% kvinder,2024,DST RAS301,social,ligestilling,32.11
706,Syddjurs,gender_leadership,95.73,30.74,% kvinder,2024,DST RAS301,social,ligestilling,32.11
440,Kerteminde,gender_leadership,87.45,28.08,% kvinder,2024,DST RAS301,social,ligestilling,32.11
630,Vejle,gender_leadership,93.83,30.13,% kvinder,2024,DST RAS301,social,ligestilling,32.11
101,København,gender_leadership,119.22,38.28,% kvinder,2024,DST RAS301,social,ligestilling,32.11
730,Randers,gender_leadership,84.58,27.16,% kvinder,2024,DST RAS301,social,ligestilling,32.11
760,Ringkøbing-Skjern,gender_leadership,79.63,25.57,% kvinder,2024,DST RAS301,social,ligestilling,32.11
430,Faaborg-Midtfyn,gender_leadership,95.61,30.7,% kvinder,2024,DST RAS301,social,ligestilling,32.11
320,Faxe,gender_leadership,95.24,30.58,% kvinder,2024,DST RAS301,social,ligestilling,32.11
169,Høje-Taastrup,gender_leadership,97.73,31.38,% kvinder,2024,DST RAS301,social,ligestilling,32.11
573,Varde,gender_leadership,101.25,32.51,% kvinder,2024,DST RAS301,social,ligestilling,32.11
621,Kolding,gender_leadership,83.4,26.78,% kvinder,2024,DST RAS301,social,ligestilling,32.11
420,Assens,gender_leadership,82.06,26.35,% kvinder,2024,DST RAS301,social,ligestilling,32.11
580,Aabenraa,gender_leadership,84.12,27.01,% kvinder,2024,DST RAS301,social,ligestilling,32.11
787,Thisted,gender_leadership,77.73,24.96,% kvinder,2024,DST RAS301,social,ligestilling,32.11
756,Ikast-Brande,gender_leadership,84.05,26.99,% kvinder,2024,DST RAS301,social,ligestilling,32.11
461,Odense,gender_leadership,99.78,32.04,% kvinder,2024,DST RAS301,social,ligestilling,32.11
779,Skive,gender_leadership,78.04,25.06,% kvinder,2024,DST RAS301,social,ligestilling,32.11
450,Nyborg,gender_leadership,110.31,35.42,% kvinder,2024,DST RAS301,social,ligestilling,32.11
846,Mariagerfjord,gender_leadership,83.81,26.91,% kvinder,2024,DST RAS301,social,ligestilling,32.11
820,Vesthimmerlands,gender_leadership,84.46,27.12,% kvinder,2024,DST RAS301,social,ligestilling,32.11
540,Sønderborg,gender_leadership,94.3,30.28,% kvinder,2024,DST RAS301,social,ligestilling,32.11
400,Bornholm,gender_leadership,114.98,36.92,% kvinder,2024,DST RAS301,social,ligestilling,32.11
510,Haderslev,gender_leadership,90.19,28.96,% kvinder,2024,DST RAS301,social,ligestilling,32.11
671,Struer,gender_leadership,71.88,23.08,% kvinder,2024,DST RAS301,social,ligestilling,32.11
665,Lemvig,gender_leadership,90.97,29.21,% kvinder,2024,DST RAS301,social,ligestilling,32.11
707,Norddjurs,gender_leadership,92.87,29.82,% kvinder,2024,DST RAS301,social,ligestilling,32.11
330,Slagelse,gender_leadership,104.61,33.59,% kvinder,2024,DST RAS301,social,ligestilling,32.11
306,Odsherred,gender_leadership,139.08,44.66,% kvinder,2024,DST RAS301,social,ligestilling,32.11
575,Vejen,gender_leadership,82.22,26.4,% kvinder,2024,DST RAS301,social,ligestilling,32.11
376,Guldborgsund,gender_leadership,106.04,34.05,% kvinder,2024,DST RAS301,social,ligestilling,32.11
849,Jammerbugt,gender_leadership,110.31,35.42,% kvinder,2024,DST RAS301,social,ligestilling,32.11
326,Kalundborg,gender_leadership,105.36,33.83,% kvinder,2024,DST RAS301,social,ligestilling,32.11
390,Vordingborg,gender_leadership,102.34,32.86,% kvinder,2024,DST RAS301,social,ligestilling,32.11
550,Tønder,gender_leadership,106.1,34.07,% kvinder,2024,DST RAS301,social,ligestilling,32.11
360,Lolland,gender_leadership,100.93,32.41,% kvinder,2024,DST RAS301,social,ligestilling,32.11
741,Samsø,gender_leadership,107.6,34.55,% kvinder,2024,DST RAS301,social,ligestilling,32.11
482,Langeland,gender_leadership,89.63,28.78,% kvinder,2024,DST RAS301,social,ligestilling,32.11
201,Allerød,le_gender_gap,150.0,2.1,år (kønsgab),2021-2025,DST HISBK,social,ligestilling,3.8
153,Brøndby,le_gender_gap,150.0,2.0,år (kønsgab),2021-2025,DST HISBK,social,ligestilling,3.8
175,Rødovre,le_gender_gap,100.0,3.8,år (kønsgab),2021-2025,DST HISBK,social,ligestilling,3.8
155,Dragør,le_gender_gap,115.15,3.3,år (kønsgab),2021-2025,DST HISBK,social,ligestilling,3.8
190,Furesø,le_gender_gap,118.75,3.2,år (kønsgab),2021-2025,DST HISBK,social,ligestilling,3.8
167,Hvidovre,le_gender_gap,115.15,3.3,år (kønsgab),2021-2025,DST HISBK,social,ligestilling,3.8
230,Rudersdal,le_gender_gap,115.15,3.3,år (kønsgab),2021-2025,DST HISBK,social,ligestilling,3.8
746,Skanderborg,le_gender_gap,122.58,3.1,år (kønsgab),2021-2025,DST HISBK,social,ligestilling,3.8
269,Solrød,le_gender_gap,102.7,3.7,år (kønsgab),2021-2025,DST HISBK,social,ligestilling,3.8
265,Roskilde,le_gender_gap,122.58,3.1,år (kønsgab),2021-2025,DST HISBK,social,ligestilling,3.8
240,Egedal,le_gender_gap,126.67,3.0,år (kønsgab),2021-2025,DST HISBK,social,ligestilling,3.8
151,Ballerup,le_gender_gap,102.7,3.7,år (kønsgab),2021-2025,DST HISBK,social,ligestilling,3.8
223,Hørsholm,le_gender_gap,90.48,4.2,år (kønsgab),2021-2025,DST HISBK,social,ligestilling,3.8
185,Tårnby,le_gender_gap,100.0,3.8,år (kønsgab),2021-2025,DST HISBK,social,ligestilling,3.8
157,Gentofte,le_gender_gap,105.56,3.6,år (kønsgab),2021-2025,DST HISBK,social,ligestilling,3.8
350,Lejre,le_gender_gap,150.0,2.1,år (kønsgab),2021-2025,DST HISBK,social,ligestilling,3.8
163,Herlev,le_gender_gap,115.15,3.3,år (kønsgab),2021-2025,DST HISBK,social,ligestilling,3.8
173,Lyngby-Taarbæk,le_gender_gap,102.7,3.7,år (kønsgab),2021-2025,DST HISBK,social,ligestilling,3.8
210,Fredensborg,le_gender_gap,122.58,3.1,år (kønsgab),2021-2025,DST HISBK,social,ligestilling,3.8
183,Ishøj,le_gender_gap,111.76,3.4,år (kønsgab),2021-2025,DST HISBK,social,ligestilling,3.8
710,Favrskov,le_gender_gap,131.03,2.9,år (kønsgab),2021-2025,DST HISBK,social,ligestilling,3.8
530,Billund,le_gender_gap,82.61,4.6,år (kønsgab),2021-2025,DST HISBK,social,ligestilling,3.8
840,Rebild,le_gender_gap,118.75,3.2,år (kønsgab),2021-2025,DST HISBK,social,ligestilling,3.8
187,Vallensbæk,le_gender_gap,100.0,3.8,år (kønsgab),2021-2025,DST HISBK,social,ligestilling,3.8
253,Greve,le_gender_gap,122.58,3.1,år (kønsgab),2021-2025,DST HISBK,social,ligestilling,3.8
147,Frederiksberg,le_gender_gap,111.76,3.4,år (kønsgab),2021-2025,DST HISBK,social,ligestilling,3.8
259,Køge,le_gender_gap,88.37,4.3,år (kønsgab),2021-2025,DST HISBK,social,ligestilling,3.8
159,Gladsaxe,le_gender_gap,102.7,3.7,år (kønsgab),2021-2025,DST HISBK,social,ligestilling,3.8
217,Helsingør,le_gender_gap,76.0,5.0,år (kønsgab),2021-2025,DST HISBK,social,ligestilling,3.8
250,Frederikssund,le_gender_gap,111.76,3.4,år (kønsgab),2021-2025,DST HISBK,social,ligestilling,3.8
661,Holstebro,le_gender_gap,100.0,3.8,år (kønsgab),2021-2025,DST HISBK,social,ligestilling,3.8
657,Herning,le_gender_gap,92.68,4.1,år (kønsgab),2021-2025,DST HISBK,social,ligestilling,3.8
260,Halsnæs,le_gender_gap,95.0,4.0,år (kønsgab),2021-2025,DST HISBK,social,ligestilling,3.8
773,Morsø,le_gender_gap,111.76,3.4,år (kønsgab),2021-2025,DST HISBK,social,ligestilling,3.8
219,Hillerød,le_gender_gap,102.7,3.7,år (kønsgab),2021-2025,DST HISBK,social,ligestilling,3.8
340,Sorø,le_gender_gap,90.48,4.2,år (kønsgab),2021-2025,DST HISBK,social,ligestilling,3.8
561,Esbjerg,le_gender_gap,108.57,3.5,år (kønsgab),2021-2025,DST HISBK,social,ligestilling,3.8
740,Silkeborg,le_gender_gap,115.15,3.3,år (kønsgab),2021-2025,DST HISBK,social,ligestilling,3.8
615,Horsens,le_gender_gap,88.37,4.3,år (kønsgab),2021-2025,DST HISBK,social,ligestilling,3.8
316,Holbæk,le_gender_gap,86.36,4.4,år (kønsgab),2021-2025,DST HISBK,social,ligestilling,3.8
766,Hedensted,le_gender_gap,102.7,3.7,år (kønsgab),2021-2025,DST HISBK,social,ligestilling,3.8
607,Fredericia,le_gender_gap,97.44,3.9,år (kønsgab),2021-2025,DST HISBK,social,ligestilling,3.8
410,Middelfart,le_gender_gap,86.36,4.4,år (kønsgab),2021-2025,DST HISBK,social,ligestilling,3.8
329,Ringsted,le_gender_gap,90.48,4.2,år (kønsgab),2021-2025,DST HISBK,social,ligestilling,3.8
370,Næstved,le_gender_gap,105.56,3.6,år (kønsgab),2021-2025,DST HISBK,social,ligestilling,3.8
851,Aalborg,le_gender_gap,105.56,3.6,år (kønsgab),2021-2025,DST HISBK,social,ligestilling,3.8
810,Brønderslev,le_gender_gap,150.0,2.1,år (kønsgab),2021-2025,DST HISBK,social,ligestilling,3.8
727,Odder,le_gender_gap,122.58,3.1,år (kønsgab),2021-2025,DST HISBK,social,ligestilling,3.8
336,Stevns,le_gender_gap,95.0,4.0,år (kønsgab),2021-2025,DST HISBK,social,ligestilling,3.8
751,Aarhus,le_gender_gap,102.7,3.7,år (kønsgab),2021-2025,DST HISBK,social,ligestilling,3.8
813,Frederikshavn,le_gender_gap,97.44,3.9,år (kønsgab),2021-2025,DST HISBK,social,ligestilling,3.8
161,Glostrup,le_gender_gap,95.0,4.0,år (kønsgab),2021-2025,DST HISBK,social,ligestilling,3.8
270,Gribskov,le_gender_gap,122.58,3.1,år (kønsgab),2021-2025,DST HISBK,social,ligestilling,3.8
860,Hjørring,le_gender_gap,95.0,4.0,år (kønsgab),2021-2025,DST HISBK,social,ligestilling,3.8
165,Albertslund,le_gender_gap,111.76,3.4,år (kønsgab),2021-2025,DST HISBK,social,ligestilling,3.8
479,Svendborg,le_gender_gap,80.85,4.7,år (kønsgab),2021-2025,DST HISBK,social,ligestilling,3.8
791,Viborg,le_gender_gap,108.57,3.5,år (kønsgab),2021-2025,DST HISBK,social,ligestilling,3.8
480,Nordfyns,le_gender_gap,111.76,3.4,år (kønsgab),2021-2025,DST HISBK,social,ligestilling,3.8
706,Syddjurs,le_gender_gap,115.15,3.3,år (kønsgab),2021-2025,DST HISBK,social,ligestilling,3.8
440,Kerteminde,le_gender_gap,100.0,3.8,år (kønsgab),2021-2025,DST HISBK,social,ligestilling,3.8
630,Vejle,le_gender_gap,111.76,3.4,år (kønsgab),2021-2025,DST HISBK,social,ligestilling,3.8
101,København,le_gender_gap,86.36,4.4,år (kønsgab),2021-2025,DST HISBK,social,ligestilling,3.8
730,Randers,le_gender_gap,82.61,4.6,år (kønsgab),2021-2025,DST HISBK,social,ligestilling,3.8
760,Ringkøbing-Skjern,le_gender_gap,105.56,3.6,år (kønsgab),2021-2025,DST HISBK,social,ligestilling,3.8
430,Faaborg-Midtfyn,le_gender_gap,84.44,4.5,år (kønsgab),2021-2025,DST HISBK,social,ligestilling,3.8
320,Faxe,le_gender_gap,95.0,4.0,år (kønsgab),2021-2025,DST HISBK,social,ligestilling,3.8
169,Høje-Taastrup,le_gender_gap,97.44,3.9,år (kønsgab),2021-2025,DST HISBK,social,ligestilling,3.8
573,Varde,le_gender_gap,111.76,3.4,år (kønsgab),2021-2025,DST HISBK,social,ligestilling,3.8
621,Kolding,le_gender_gap,88.37,4.3,år (kønsgab),2021-2025,DST HISBK,social,ligestilling,3.8
420,Assens,le_gender_gap,135.71,2.8,år (kønsgab),2021-2025,DST HISBK,social,ligestilling,3.8
580,Aabenraa,le_gender_gap,102.7,3.7,år (kønsgab),2021-2025,DST HISBK,social,ligestilling,3.8
787,Thisted,le_gender_gap,92.68,4.1,år (kønsgab),2021-2025,DST HISBK,social,ligestilling,3.8
756,Ikast-Brande,le_gender_gap,105.56,3.6,år (kønsgab),2021-2025,DST HISBK,social,ligestilling,3.8
461,Odense,le_gender_gap,88.37,4.3,år (kønsgab),2021-2025,DST HISBK,social,ligestilling,3.8
779,Skive,le_gender_gap,135.71,2.8,år (kønsgab),2021-2025,DST HISBK,social,ligestilling,3.8
450,Nyborg,le_gender_gap,126.67,3.0,år (kønsgab),2021-2025,DST HISBK,social,ligestilling,3.8
846,Mariagerfjord,le_gender_gap,84.44,4.5,år (kønsgab),2021-2025,DST HISBK,social,ligestilling,3.8
820,Vesthimmerlands,le_gender_gap,105.56,3.6,år (kønsgab),2021-2025,DST HISBK,social,ligestilling,3.8
540,Sønderborg,le_gender_gap,108.57,3.5,år (kønsgab),2021-2025,DST HISBK,social,ligestilling,3.8
400,Bornholm,le_gender_gap,82.61,4.6,år (kønsgab),2021-2025,DST HISBK,social,ligestilling,3.8
510,Haderslev,le_gender_gap,86.36,4.4,år (kønsgab),2021-2025,DST HISBK,social,ligestilling,3.8
671,Struer,le_gender_gap,80.85,4.7,år (kønsgab),2021-2025,DST HISBK,social,ligestilling,3.8
665,Lemvig,le_gender_gap,80.85,4.7,år (kønsgab),2021-2025,DST HISBK,social,ligestilling,3.8
707,Norddjurs,le_gender_gap,97.44,3.9,år (kønsgab),2021-2025,DST HISBK,social,ligestilling,3.8
330,Slagelse,le_gender_gap,92.68,4.1,år (kønsgab),2021-2025,DST HISBK,social,ligestilling,3.8
306,Odsherred,le_gender_gap,88.37,4.3,år (kønsgab),2021-2025,DST HISBK,social,ligestilling,3.8
575,Vejen,le_gender_gap,105.56,3.6,år (kønsgab),2021-2025,DST HISBK,social,ligestilling,3.8
376,Guldborgsund,le_gender_gap,84.44,4.5,år (kønsgab),2021-2025,DST HISBK,social,ligestilling,3.8
849,Jammerbugt,le_gender_gap,102.7,3.7,år (kønsgab),2021-2025,DST HISBK,social,ligestilling,3.8
326,Kalundborg,le_gender_gap,108.57,3.5,år (kønsgab),2021-2025,DST HISBK,social,ligestilling,3.8
390,Vordingborg,le_gender_gap,88.37,4.3,år (kønsgab),2021-2025,DST HISBK,social,ligestilling,3.8
550,Tønder,le_gender_gap,95.0,4.0,år (kønsgab),2021-2025,DST HISBK,social,ligestilling,3.8
360,Lolland,le_gender_gap,69.09,5.5,år (kønsgab),2021-2025,DST HISBK,social,ligestilling,3.8
482,Langeland,le_gender_gap,115.15,3.3,år (kønsgab),2021-2025,DST HISBK,social,ligestilling,3.8
201,Allerød,income_gender_gap,95.47,81.61,% (kvinders medianindkomst af mænds),2024,DST INDKP106 (median),social,ligestilling,85.48
153,Brøndby,income_gender_gap,102.01,87.2,% (kvinders medianindkomst af mænds),2024,DST INDKP106 (median),social,ligestilling,85.48
175,Rødovre,income_gender_gap,104.64,89.45,% (kvinders medianindkomst af mænds),2024,DST INDKP106 (median),social,ligestilling,85.48
155,Dragør,income_gender_gap,94.82,81.05,% (kvinders medianindkomst af mænds),2024,DST INDKP106 (median),social,ligestilling,85.48
190,Furesø,income_gender_gap,97.94,83.72,% (kvinders medianindkomst af mænds),2024,DST INDKP106 (median),social,ligestilling,85.48
167,Hvidovre,income_gender_gap,103.63,88.58,% (kvinders medianindkomst af mænds),2024,DST INDKP106 (median),social,ligestilling,85.48
230,Rudersdal,income_gender_gap,93.74,80.13,% (kvinders medianindkomst af mænds),2024,DST INDKP106 (median),social,ligestilling,85.48
746,Skanderborg,income_gender_gap,95.94,82.01,% (kvinders medianindkomst af mænds),2024,DST INDKP106 (median),social,ligestilling,85.48
269,Solrød,income_gender_gap,97.12,83.02,% (kvinders medianindkomst af mænds),2024,DST INDKP106 (median),social,ligestilling,85.48
265,Roskilde,income_gender_gap,99.98,85.46,% (kvinders medianindkomst af mænds),2024,DST INDKP106 (median),social,ligestilling,85.48
240,Egedal,income_gender_gap,99.65,85.18,% (kvinders medianindkomst af mænds),2024,DST INDKP106 (median),social,ligestilling,85.48
151,Ballerup,income_gender_gap,102.41,87.54,% (kvinders medianindkomst af mænds),2024,DST INDKP106 (median),social,ligestilling,85.48
223,Hørsholm,income_gender_gap,90.24,77.14,% (kvinders medianindkomst af mænds),2024,DST INDKP106 (median),social,ligestilling,85.48
185,Tårnby,income_gender_gap,102.42,87.55,% (kvinders medianindkomst af mænds),2024,DST INDKP106 (median),social,ligestilling,85.48
157,Gentofte,income_gender_gap,94.13,80.46,% (kvinders medianindkomst af mænds),2024,DST INDKP106 (median),social,ligestilling,85.48
350,Lejre,income_gender_gap,98.0,83.77,% (kvinders medianindkomst af mænds),2024,DST INDKP106 (median),social,ligestilling,85.48
163,Herlev,income_gender_gap,104.82,89.6,% (kvinders medianindkomst af mænds),2024,DST INDKP106 (median),social,ligestilling,85.48
173,Lyngby-Taarbæk,income_gender_gap,103.65,88.6,% (kvinders medianindkomst af mænds),2024,DST INDKP106 (median),social,ligestilling,85.48
210,Fredensborg,income_gender_gap,98.4,84.11,% (kvinders medianindkomst af mænds),2024,DST INDKP106 (median),social,ligestilling,85.48
183,Ishøj,income_gender_gap,103.18,88.2,% (kvinders medianindkomst af mænds),2024,DST INDKP106 (median),social,ligestilling,85.48
710,Favrskov,income_gender_gap,95.72,81.82,% (kvinders medianindkomst af mænds),2024,DST INDKP106 (median),social,ligestilling,85.48
530,Billund,income_gender_gap,92.43,79.01,% (kvinders medianindkomst af mænds),2024,DST INDKP106 (median),social,ligestilling,85.48
840,Rebild,income_gender_gap,94.6,80.86,% (kvinders medianindkomst af mænds),2024,DST INDKP106 (median),social,ligestilling,85.48
187,Vallensbæk,income_gender_gap,99.38,84.95,% (kvinders medianindkomst af mænds),2024,DST INDKP106 (median),social,ligestilling,85.48
253,Greve,income_gender_gap,98.23,83.97,% (kvinders medianindkomst af mænds),2024,DST INDKP106 (median),social,ligestilling,85.48
147,Frederiksberg,income_gender_gap,101.67,86.91,% (kvinders medianindkomst af mænds),2024,DST INDKP106 (median),social,ligestilling,85.48
259,Køge,income_gender_gap,99.17,84.77,% (kvinders medianindkomst af mænds),2024,DST INDKP106 (median),social,ligestilling,85.48
159,Gladsaxe,income_gender_gap,104.73,89.52,% (kvinders medianindkomst af mænds),2024,DST INDKP106 (median),social,ligestilling,85.48
217,Helsingør,income_gender_gap,102.55,87.66,% (kvinders medianindkomst af mænds),2024,DST INDKP106 (median),social,ligestilling,85.48
250,Frederikssund,income_gender_gap,99.24,84.83,% (kvinders medianindkomst af mænds),2024,DST INDKP106 (median),social,ligestilling,85.48
661,Holstebro,income_gender_gap,96.57,82.55,% (kvinders medianindkomst af mænds),2024,DST INDKP106 (median),social,ligestilling,85.48
825,Læsø,income_gender_gap,105.03,89.78,% (kvinders medianindkomst af mænds),2024,DST INDKP106 (median),social,ligestilling,85.48
657,Herning,income_gender_gap,95.24,81.41,% (kvinders medianindkomst af mænds),2024,DST INDKP106 (median),social,ligestilling,85.48
260,Halsnæs,income_gender_gap,100.53,85.93,% (kvinders medianindkomst af mænds),2024,DST INDKP106 (median),social,ligestilling,85.48
773,Morsø,income_gender_gap,98.2,83.94,% (kvinders medianindkomst af mænds),2024,DST INDKP106 (median),social,ligestilling,85.48
219,Hillerød,income_gender_gap,100.73,86.1,% (kvinders medianindkomst af mænds),2024,DST INDKP106 (median),social,ligestilling,85.48
340,Sorø,income_gender_gap,97.81,83.61,% (kvinders medianindkomst af mænds),2024,DST INDKP106 (median),social,ligestilling,85.48
492,Ærø,income_gender_gap,105.16,89.89,% (kvinders medianindkomst af mænds),2024,DST INDKP106 (median),social,ligestilling,85.48
561,Esbjerg,income_gender_gap,98.01,83.78,% (kvinders medianindkomst af mænds),2024,DST INDKP106 (median),social,ligestilling,85.48
740,Silkeborg,income_gender_gap,97.99,83.76,% (kvinders medianindkomst af mænds),2024,DST INDKP106 (median),social,ligestilling,85.48
615,Horsens,income_gender_gap,97.02,82.93,% (kvinders medianindkomst af mænds),2024,DST INDKP106 (median),social,ligestilling,85.48
563,Fanø,income_gender_gap,95.62,81.74,% (kvinders medianindkomst af mænds),2024,DST INDKP106 (median),social,ligestilling,85.48
316,Holbæk,income_gender_gap,99.4,84.97,% (kvinders medianindkomst af mænds),2024,DST INDKP106 (median),social,ligestilling,85.48
766,Hedensted,income_gender_gap,93.88,80.25,% (kvinders medianindkomst af mænds),2024,DST INDKP106 (median),social,ligestilling,85.48
607,Fredericia,income_gender_gap,97.11,83.01,% (kvinders medianindkomst af mænds),2024,DST INDKP106 (median),social,ligestilling,85.48
410,Middelfart,income_gender_gap,98.03,83.8,% (kvinders medianindkomst af mænds),2024,DST INDKP106 (median),social,ligestilling,85.48
329,Ringsted,income_gender_gap,98.84,84.49,% (kvinders medianindkomst af mænds),2024,DST INDKP106 (median),social,ligestilling,85.48
370,Næstved,income_gender_gap,99.63,85.16,% (kvinders medianindkomst af mænds),2024,DST INDKP106 (median),social,ligestilling,85.48
851,Aalborg,income_gender_gap,101.61,86.86,% (kvinders medianindkomst af mænds),2024,DST INDKP106 (median),social,ligestilling,85.48
810,Brønderslev,income_gender_gap,98.54,84.23,% (kvinders medianindkomst af mænds),2024,DST INDKP106 (median),social,ligestilling,85.48
727,Odder,income_gender_gap,96.86,82.8,% (kvinders medianindkomst af mænds),2024,DST INDKP106 (median),social,ligestilling,85.48
336,Stevns,income_gender_gap,97.57,83.4,% (kvinders medianindkomst af mænds),2024,DST INDKP106 (median),social,ligestilling,85.48
751,Aarhus,income_gender_gap,102.87,87.93,% (kvinders medianindkomst af mænds),2024,DST INDKP106 (median),social,ligestilling,85.48
813,Frederikshavn,income_gender_gap,98.81,84.46,% (kvinders medianindkomst af mænds),2024,DST INDKP106 (median),social,ligestilling,85.48
161,Glostrup,income_gender_gap,103.38,88.37,% (kvinders medianindkomst af mænds),2024,DST INDKP106 (median),social,ligestilling,85.48
270,Gribskov,income_gender_gap,101.52,86.78,% (kvinders medianindkomst af mænds),2024,DST INDKP106 (median),social,ligestilling,85.48
860,Hjørring,income_gender_gap,101.02,86.35,% (kvinders medianindkomst af mænds),2024,DST INDKP106 (median),social,ligestilling,85.48
165,Albertslund,income_gender_gap,107.86,92.2,% (kvinders medianindkomst af mænds),2024,DST INDKP106 (median),social,ligestilling,85.48
479,Svendborg,income_gender_gap,103.31,88.31,% (kvinders medianindkomst af mænds),2024,DST INDKP106 (median),social,ligestilling,85.48
791,Viborg,income_gender_gap,97.55,83.39,% (kvinders medianindkomst af mænds),2024,DST INDKP106 (median),social,ligestilling,85.48
480,Nordfyns,income_gender_gap,97.78,83.58,% (kvinders medianindkomst af mænds),2024,DST INDKP106 (median),social,ligestilling,85.48
706,Syddjurs,income_gender_gap,98.06,83.82,% (kvinders medianindkomst af mænds),2024,DST INDKP106 (median),social,ligestilling,85.48
440,Kerteminde,income_gender_gap,97.94,83.72,% (kvinders medianindkomst af mænds),2024,DST INDKP106 (median),social,ligestilling,85.48
630,Vejle,income_gender_gap,96.29,82.31,% (kvinders medianindkomst af mænds),2024,DST INDKP106 (median),social,ligestilling,85.48
101,København,income_gender_gap,105.69,90.34,% (kvinders medianindkomst af mænds),2024,DST INDKP106 (median),social,ligestilling,85.48
730,Randers,income_gender_gap,98.71,84.38,% (kvinders medianindkomst af mænds),2024,DST INDKP106 (median),social,ligestilling,85.48
760,Ringkøbing-Skjern,income_gender_gap,93.55,79.97,% (kvinders medianindkomst af mænds),2024,DST INDKP106 (median),social,ligestilling,85.48
430,Faaborg-Midtfyn,income_gender_gap,98.96,84.59,% (kvinders medianindkomst af mænds),2024,DST INDKP106 (median),social,ligestilling,85.48
320,Faxe,income_gender_gap,98.87,84.51,% (kvinders medianindkomst af mænds),2024,DST INDKP106 (median),social,ligestilling,85.48
169,Høje-Taastrup,income_gender_gap,100.51,85.92,% (kvinders medianindkomst af mænds),2024,DST INDKP106 (median),social,ligestilling,85.48
573,Varde,income_gender_gap,94.71,80.96,% (kvinders medianindkomst af mænds),2024,DST INDKP106 (median),social,ligestilling,85.48
621,Kolding,income_gender_gap,97.52,83.36,% (kvinders medianindkomst af mænds),2024,DST INDKP106 (median),social,ligestilling,85.48
420,Assens,income_gender_gap,99.61,85.15,% (kvinders medianindkomst af mænds),2024,DST INDKP106 (median),social,ligestilling,85.48
580,Aabenraa,income_gender_gap,98.62,84.3,% (kvinders medianindkomst af mænds),2024,DST INDKP106 (median),social,ligestilling,85.48
787,Thisted,income_gender_gap,98.65,84.33,% (kvinders medianindkomst af mænds),2024,DST INDKP106 (median),social,ligestilling,85.48
756,Ikast-Brande,income_gender_gap,95.46,81.6,% (kvinders medianindkomst af mænds),2024,DST INDKP106 (median),social,ligestilling,85.48
461,Odense,income_gender_gap,104.42,89.26,% (kvinders medianindkomst af mænds),2024,DST INDKP106 (median),social,ligestilling,85.48
779,Skive,income_gender_gap,97.48,83.33,% (kvinders medianindkomst af mænds),2024,DST INDKP106 (median),social,ligestilling,85.48
450,Nyborg,income_gender_gap,100.63,86.02,% (kvinders medianindkomst af mænds),2024,DST INDKP106 (median),social,ligestilling,85.48
846,Mariagerfjord,income_gender_gap,97.29,83.16,% (kvinders medianindkomst af mænds),2024,DST INDKP106 (median),social,ligestilling,85.48
820,Vesthimmerlands,income_gender_gap,98.0,83.77,% (kvinders medianindkomst af mænds),2024,DST INDKP106 (median),social,ligestilling,85.48
540,Sønderborg,income_gender_gap,101.09,86.41,% (kvinders medianindkomst af mænds),2024,DST INDKP106 (median),social,ligestilling,85.48
400,Bornholm,income_gender_gap,104.71,89.51,% (kvinders medianindkomst af mænds),2024,DST INDKP106 (median),social,ligestilling,85.48
510,Haderslev,income_gender_gap,99.2,84.8,% (kvinders medianindkomst af mænds),2024,DST INDKP106 (median),social,ligestilling,85.48
671,Struer,income_gender_gap,96.29,82.31,% (kvinders medianindkomst af mænds),2024,DST INDKP106 (median),social,ligestilling,85.48
665,Lemvig,income_gender_gap,93.28,79.74,% (kvinders medianindkomst af mænds),2024,DST INDKP106 (median),social,ligestilling,85.48
707,Norddjurs,income_gender_gap,98.34,84.06,% (kvinders medianindkomst af mænds),2024,DST INDKP106 (median),social,ligestilling,85.48
330,Slagelse,income_gender_gap,100.88,86.23,% (kvinders medianindkomst af mænds),2024,DST INDKP106 (median),social,ligestilling,85.48
306,Odsherred,income_gender_gap,103.24,88.25,% (kvinders medianindkomst af mænds),2024,DST INDKP106 (median),social,ligestilling,85.48
575,Vejen,income_gender_gap,93.69,80.09,% (kvinders medianindkomst af mænds),2024,DST INDKP106 (median),social,ligestilling,85.48
376,Guldborgsund,income_gender_gap,104.98,89.74,% (kvinders medianindkomst af mænds),2024,DST INDKP106 (median),social,ligestilling,85.48
849,Jammerbugt,income_gender_gap,99.65,85.18,% (kvinders medianindkomst af mænds),2024,DST INDKP106 (median),social,ligestilling,85.48
326,Kalundborg,income_gender_gap,97.94,83.72,% (kvinders medianindkomst af mænds),2024,DST INDKP106 (median),social,ligestilling,85.48
390,Vordingborg,income_gender_gap,102.89,87.95,% (kvinders medianindkomst af mænds),2024,DST INDKP106 (median),social,ligestilling,85.48
550,Tønder,income_gender_gap,98.49,84.19,% (kvinders medianindkomst af mænds),2024,DST INDKP106 (median),social,ligestilling,85.48
360,Lolland,income_gender_gap,106.47,91.01,% (kvinders medianindkomst af mænds),2024,DST INDKP106 (median),social,ligestilling,85.48
741,Samsø,income_gender_gap,109.56,93.65,% (kvinders medianindkomst af mænds),2024,DST INDKP106 (median),social,ligestilling,85.48
482,Langeland,income_gender_gap,106.45,90.99,% (kvinders medianindkomst af mænds),2024,DST INDKP106 (median),social,ligestilling,85.48
201,Allerød,employment_origin_gap,99.73,81.96,% (ikkevestlig/dansk BFK),2024,DST RAS200,social,lighed,82.18
153,Brøndby,employment_origin_gap,105.48,86.68,% (ikkevestlig/dansk BFK),2024,DST RAS200,social,lighed,82.18
175,Rødovre,employment_origin_gap,107.52,88.36,% (ikkevestlig/dansk BFK),2024,DST RAS200,social,lighed,82.18
155,Dragør,employment_origin_gap,91.69,75.35,% (ikkevestlig/dansk BFK),2024,DST RAS200,social,lighed,82.18
190,Furesø,employment_origin_gap,105.85,86.99,% (ikkevestlig/dansk BFK),2024,DST RAS200,social,lighed,82.18
167,Hvidovre,employment_origin_gap,107.11,88.02,% (ikkevestlig/dansk BFK),2024,DST RAS200,social,lighed,82.18
230,Rudersdal,employment_origin_gap,105.0,86.29,% (ikkevestlig/dansk BFK),2024,DST RAS200,social,lighed,82.18
746,Skanderborg,employment_origin_gap,97.87,80.43,% (ikkevestlig/dansk BFK),2024,DST RAS200,social,lighed,82.18
269,Solrød,employment_origin_gap,104.08,85.53,% (ikkevestlig/dansk BFK),2024,DST RAS200,social,lighed,82.18
265,Roskilde,employment_origin_gap,98.36,80.83,% (ikkevestlig/dansk BFK),2024,DST RAS200,social,lighed,82.18
240,Egedal,employment_origin_gap,105.23,86.48,% (ikkevestlig/dansk BFK),2024,DST RAS200,social,lighed,82.18
151,Ballerup,employment_origin_gap,104.92,86.22,% (ikkevestlig/dansk BFK),2024,DST RAS200,social,lighed,82.18
223,Hørsholm,employment_origin_gap,104.55,85.92,% (ikkevestlig/dansk BFK),2024,DST RAS200,social,lighed,82.18
185,Tårnby,employment_origin_gap,106.4,87.44,% (ikkevestlig/dansk BFK),2024,DST RAS200,social,lighed,82.18
157,Gentofte,employment_origin_gap,98.16,80.67,% (ikkevestlig/dansk BFK),2024,DST RAS200,social,lighed,82.18
350,Lejre,employment_origin_gap,99.55,81.81,% (ikkevestlig/dansk BFK),2024,DST RAS200,social,lighed,82.18
163,Herlev,employment_origin_gap,108.08,88.82,% (ikkevestlig/dansk BFK),2024,DST RAS200,social,lighed,82.18
173,Lyngby-Taarbæk,employment_origin_gap,97.92,80.47,% (ikkevestlig/dansk BFK),2024,DST RAS200,social,lighed,82.18
210,Fredensborg,employment_origin_gap,103.38,84.96,% (ikkevestlig/dansk BFK),2024,DST RAS200,social,lighed,82.18
183,Ishøj,employment_origin_gap,108.46,89.13,% (ikkevestlig/dansk BFK),2024,DST RAS200,social,lighed,82.18
710,Favrskov,employment_origin_gap,104.38,85.78,% (ikkevestlig/dansk BFK),2024,DST RAS200,social,lighed,82.18
530,Billund,employment_origin_gap,113.8,93.52,% (ikkevestlig/dansk BFK),2024,DST RAS200,social,lighed,82.18
840,Rebild,employment_origin_gap,114.82,94.36,% (ikkevestlig/dansk BFK),2024,DST RAS200,social,lighed,82.18
187,Vallensbæk,employment_origin_gap,107.59,88.42,% (ikkevestlig/dansk BFK),2024,DST RAS200,social,lighed,82.18
253,Greve,employment_origin_gap,103.18,84.79,% (ikkevestlig/dansk BFK),2024,DST RAS200,social,lighed,82.18
147,Frederiksberg,employment_origin_gap,95.87,78.79,% (ikkevestlig/dansk BFK),2024,DST RAS200,social,lighed,82.18
259,Køge,employment_origin_gap,92.67,76.16,% (ikkevestlig/dansk BFK),2024,DST RAS200,social,lighed,82.18
159,Gladsaxe,employment_origin_gap,108.74,89.36,% (ikkevestlig/dansk BFK),2024,DST RAS200,social,lighed,82.18
217,Helsingør,employment_origin_gap,91.53,75.22,% (ikkevestlig/dansk BFK),2024,DST RAS200,social,lighed,82.18
250,Frederikssund,employment_origin_gap,96.93,79.66,% (ikkevestlig/dansk BFK),2024,DST RAS200,social,lighed,82.18
661,Holstebro,employment_origin_gap,99.36,81.65,% (ikkevestlig/dansk BFK),2024,DST RAS200,social,lighed,82.18
825,Læsø,employment_origin_gap,111.78,91.86,% (ikkevestlig/dansk BFK),2024,DST RAS200,social,lighed,82.18
657,Herning,employment_origin_gap,100.92,82.94,% (ikkevestlig/dansk BFK),2024,DST RAS200,social,lighed,82.18
260,Halsnæs,employment_origin_gap,100.1,82.26,% (ikkevestlig/dansk BFK),2024,DST RAS200,social,lighed,82.18
773,Morsø,employment_origin_gap,118.84,97.66,% (ikkevestlig/dansk BFK),2024,DST RAS200,social,lighed,82.18
219,Hillerød,employment_origin_gap,101.23,83.19,% (ikkevestlig/dansk BFK),2024,DST RAS200,social,lighed,82.18
340,Sorø,employment_origin_gap,98.95,81.32,% (ikkevestlig/dansk BFK),2024,DST RAS200,social,lighed,82.18
492,Ærø,employment_origin_gap,110.76,91.02,% (ikkevestlig/dansk BFK),2024,DST RAS200,social,lighed,82.18
561,Esbjerg,employment_origin_gap,103.36,84.94,% (ikkevestlig/dansk BFK),2024,DST RAS200,social,lighed,82.18
740,Silkeborg,employment_origin_gap,97.1,79.8,% (ikkevestlig/dansk BFK),2024,DST RAS200,social,lighed,82.18
615,Horsens,employment_origin_gap,100.57,82.65,% (ikkevestlig/dansk BFK),2024,DST RAS200,social,lighed,82.18
563,Fanø,employment_origin_gap,123.66,101.62,% (ikkevestlig/dansk BFK),2024,DST RAS200,social,lighed,82.18
316,Holbæk,employment_origin_gap,99.25,81.56,% (ikkevestlig/dansk BFK),2024,DST RAS200,social,lighed,82.18
766,Hedensted,employment_origin_gap,101.28,83.23,% (ikkevestlig/dansk BFK),2024,DST RAS200,social,lighed,82.18
607,Fredericia,employment_origin_gap,91.07,74.84,% (ikkevestlig/dansk BFK),2024,DST RAS200,social,lighed,82.18
410,Middelfart,employment_origin_gap,103.05,84.69,% (ikkevestlig/dansk BFK),2024,DST RAS200,social,lighed,82.18
329,Ringsted,employment_origin_gap,92.76,76.23,% (ikkevestlig/dansk BFK),2024,DST RAS200,social,lighed,82.18
370,Næstved,employment_origin_gap,100.24,82.38,% (ikkevestlig/dansk BFK),2024,DST RAS200,social,lighed,82.18
851,Aalborg,employment_origin_gap,96.37,79.2,% (ikkevestlig/dansk BFK),2024,DST RAS200,social,lighed,82.18
810,Brønderslev,employment_origin_gap,98.66,81.08,% (ikkevestlig/dansk BFK),2024,DST RAS200,social,lighed,82.18
727,Odder,employment_origin_gap,92.09,75.68,% (ikkevestlig/dansk BFK),2024,DST RAS200,social,lighed,82.18
336,Stevns,employment_origin_gap,106.06,87.16,% (ikkevestlig/dansk BFK),2024,DST RAS200,social,lighed,82.18
751,Aarhus,employment_origin_gap,89.04,73.17,% (ikkevestlig/dansk BFK),2024,DST RAS200,social,lighed,82.18
813,Frederikshavn,employment_origin_gap,95.06,78.12,% (ikkevestlig/dansk BFK),2024,DST RAS200,social,lighed,82.18
161,Glostrup,employment_origin_gap,106.79,87.76,% (ikkevestlig/dansk BFK),2024,DST RAS200,social,lighed,82.18
270,Gribskov,employment_origin_gap,102.08,83.89,% (ikkevestlig/dansk BFK),2024,DST RAS200,social,lighed,82.18
860,Hjørring,employment_origin_gap,105.23,86.48,% (ikkevestlig/dansk BFK),2024,DST RAS200,social,lighed,82.18
165,Albertslund,employment_origin_gap,111.65,91.75,% (ikkevestlig/dansk BFK),2024,DST RAS200,social,lighed,82.18
479,Svendborg,employment_origin_gap,99.14,81.47,% (ikkevestlig/dansk BFK),2024,DST RAS200,social,lighed,82.18
791,Viborg,employment_origin_gap,101.23,83.19,% (ikkevestlig/dansk BFK),2024,DST RAS200,social,lighed,82.18
480,Nordfyns,employment_origin_gap,94.03,77.27,% (ikkevestlig/dansk BFK),2024,DST RAS200,social,lighed,82.18
706,Syddjurs,employment_origin_gap,96.02,78.91,% (ikkevestlig/dansk BFK),2024,DST RAS200,social,lighed,82.18
440,Kerteminde,employment_origin_gap,106.5,87.52,% (ikkevestlig/dansk BFK),2024,DST RAS200,social,lighed,82.18
630,Vejle,employment_origin_gap,97.53,80.15,% (ikkevestlig/dansk BFK),2024,DST RAS200,social,lighed,82.18
101,København,employment_origin_gap,97.37,80.02,% (ikkevestlig/dansk BFK),2024,DST RAS200,social,lighed,82.18
730,Randers,employment_origin_gap,95.9,78.81,% (ikkevestlig/dansk BFK),2024,DST RAS200,social,lighed,82.18
760,Ringkøbing-Skjern,employment_origin_gap,115.87,95.22,% (ikkevestlig/dansk BFK),2024,DST RAS200,social,lighed,82.18
430,Faaborg-Midtfyn,employment_origin_gap,99.57,81.83,% (ikkevestlig/dansk BFK),2024,DST RAS200,social,lighed,82.18
320,Faxe,employment_origin_gap,98.98,81.34,% (ikkevestlig/dansk BFK),2024,DST RAS200,social,lighed,82.18
169,Høje-Taastrup,employment_origin_gap,106.45,87.48,% (ikkevestlig/dansk BFK),2024,DST RAS200,social,lighed,82.18
573,Varde,employment_origin_gap,106.64,87.64,% (ikkevestlig/dansk BFK),2024,DST RAS200,social,lighed,82.18
621,Kolding,employment_origin_gap,95.81,78.74,% (ikkevestlig/dansk BFK),2024,DST RAS200,social,lighed,82.18
420,Assens,employment_origin_gap,105.74,86.9,% (ikkevestlig/dansk BFK),2024,DST RAS200,social,lighed,82.18
580,Aabenraa,employment_origin_gap,97.23,79.9,% (ikkevestlig/dansk BFK),2024,DST RAS200,social,lighed,82.18
787,Thisted,employment_origin_gap,113.76,93.49,% (ikkevestlig/dansk BFK),2024,DST RAS200,social,lighed,82.18
756,Ikast-Brande,employment_origin_gap,90.4,74.29,% (ikkevestlig/dansk BFK),2024,DST RAS200,social,lighed,82.18
461,Odense,employment_origin_gap,88.96,73.11,% (ikkevestlig/dansk BFK),2024,DST RAS200,social,lighed,82.18
779,Skive,employment_origin_gap,109.14,89.69,% (ikkevestlig/dansk BFK),2024,DST RAS200,social,lighed,82.18
450,Nyborg,employment_origin_gap,96.33,79.16,% (ikkevestlig/dansk BFK),2024,DST RAS200,social,lighed,82.18
846,Mariagerfjord,employment_origin_gap,109.19,89.73,% (ikkevestlig/dansk BFK),2024,DST RAS200,social,lighed,82.18
820,Vesthimmerlands,employment_origin_gap,114.16,93.82,% (ikkevestlig/dansk BFK),2024,DST RAS200,social,lighed,82.18
540,Sønderborg,employment_origin_gap,93.79,77.08,% (ikkevestlig/dansk BFK),2024,DST RAS200,social,lighed,82.18
400,Bornholm,employment_origin_gap,110.08,90.46,% (ikkevestlig/dansk BFK),2024,DST RAS200,social,lighed,82.18
510,Haderslev,employment_origin_gap,97.79,80.36,% (ikkevestlig/dansk BFK),2024,DST RAS200,social,lighed,82.18
671,Struer,employment_origin_gap,104.68,86.03,% (ikkevestlig/dansk BFK),2024,DST RAS200,social,lighed,82.18
665,Lemvig,employment_origin_gap,120.46,98.99,% (ikkevestlig/dansk BFK),2024,DST RAS200,social,lighed,82.18
707,Norddjurs,employment_origin_gap,108.7,89.33,% (ikkevestlig/dansk BFK),2024,DST RAS200,social,lighed,82.18
330,Slagelse,employment_origin_gap,94.26,77.46,% (ikkevestlig/dansk BFK),2024,DST RAS200,social,lighed,82.18
306,Odsherred,employment_origin_gap,106.17,87.25,% (ikkevestlig/dansk BFK),2024,DST RAS200,social,lighed,82.18
575,Vejen,employment_origin_gap,111.19,91.38,% (ikkevestlig/dansk BFK),2024,DST RAS200,social,lighed,82.18
376,Guldborgsund,employment_origin_gap,103.25,84.85,% (ikkevestlig/dansk BFK),2024,DST RAS200,social,lighed,82.18
849,Jammerbugt,employment_origin_gap,105.23,86.48,% (ikkevestlig/dansk BFK),2024,DST RAS200,social,lighed,82.18
326,Kalundborg,employment_origin_gap,108.09,88.83,% (ikkevestlig/dansk BFK),2024,DST RAS200,social,lighed,82.18
390,Vordingborg,employment_origin_gap,111.83,91.9,% (ikkevestlig/dansk BFK),2024,DST RAS200,social,lighed,82.18
550,Tønder,employment_origin_gap,107.52,88.36,% (ikkevestlig/dansk BFK),2024,DST RAS200,social,lighed,82.18
360,Lolland,employment_origin_gap,117.27,96.37,% (ikkevestlig/dansk BFK),2024,DST RAS200,social,lighed,82.18
741,Samsø,employment_origin_gap,109.61,90.08,% (ikkevestlig/dansk BFK),2024,DST RAS200,social,lighed,82.18
482,Langeland,employment_origin_gap,122.02,100.28,% (ikkevestlig/dansk BFK),2024,DST RAS200,social,lighed,82.18
201,Allerød,music_school,150.0,23.73,pr. 1.000 indb.,2025,DST SKOLM02B,social,kultur_fritid,10.85
153,Brøndby,music_school,84.15,9.13,pr. 1.000 indb.,2025,DST SKOLM02B,social,kultur_fritid,10.85
175,Rødovre,music_school,150.0,17.03,pr. 1.000 indb.,2025,DST SKOLM02B,social,kultur_fritid,10.85
155,Dragør,music_school,130.14,14.12,pr. 1.000 indb.,2025,DST SKOLM02B,social,kultur_fritid,10.85
190,Furesø,music_school,150.0,23.13,pr. 1.000 indb.,2025,DST SKOLM02B,social,kultur_fritid,10.85
167,Hvidovre,music_school,150.0,17.56,pr. 1.000 indb.,2025,DST SKOLM02B,social,kultur_fritid,10.85
230,Rudersdal,music_school,150.0,18.87,pr. 1.000 indb.,2025,DST SKOLM02B,social,kultur_fritid,10.85
746,Skanderborg,music_school,150.0,19.3,pr. 1.000 indb.,2025,DST SKOLM02B,social,kultur_fritid,10.85
269,Solrød,music_school,105.07,11.4,pr. 1.000 indb.,2025,DST SKOLM02B,social,kultur_fritid,10.85
265,Roskilde,music_school,150.0,16.85,pr. 1.000 indb.,2025,DST SKOLM02B,social,kultur_fritid,10.85
240,Egedal,music_school,100.74,10.93,pr. 1.000 indb.,2025,DST SKOLM02B,social,kultur_fritid,10.85
151,Ballerup,music_school,150.0,25.18,pr. 1.000 indb.,2025,DST SKOLM02B,social,kultur_fritid,10.85
223,Hørsholm,music_school,150.0,19.19,pr. 1.000 indb.,2025,DST SKOLM02B,social,kultur_fritid,10.85
185,Tårnby,music_school,128.76,13.97,pr. 1.000 indb.,2025,DST SKOLM02B,social,kultur_fritid,10.85
157,Gentofte,music_school,137.24,14.89,pr. 1.000 indb.,2025,DST SKOLM02B,social,kultur_fritid,10.85
350,Lejre,music_school,150.0,17.81,pr. 1.000 indb.,2025,DST SKOLM02B,social,kultur_fritid,10.85
163,Herlev,music_school,114.65,12.44,pr. 1.000 indb.,2025,DST SKOLM02B,social,kultur_fritid,10.85
173,Lyngby-Taarbæk,music_school,150.0,20.39,pr. 1.000 indb.,2025,DST SKOLM02B,social,kultur_fritid,10.85
210,Fredensborg,music_school,135.67,14.72,pr. 1.000 indb.,2025,DST SKOLM02B,social,kultur_fritid,10.85
183,Ishøj,music_school,150.0,17.44,pr. 1.000 indb.,2025,DST SKOLM02B,social,kultur_fritid,10.85
710,Favrskov,music_school,98.8,10.72,pr. 1.000 indb.,2025,DST SKOLM02B,social,kultur_fritid,10.85
530,Billund,music_school,150.0,22.82,pr. 1.000 indb.,2025,DST SKOLM02B,social,kultur_fritid,10.85
840,Rebild,music_school,101.84,11.05,pr. 1.000 indb.,2025,DST SKOLM02B,social,kultur_fritid,10.85
187,Vallensbæk,music_school,150.0,17.85,pr. 1.000 indb.,2025,DST SKOLM02B,social,kultur_fritid,10.85
253,Greve,music_school,140.28,15.22,pr. 1.000 indb.,2025,DST SKOLM02B,social,kultur_fritid,10.85
147,Frederiksberg,music_school,94.01,10.2,pr. 1.000 indb.,2025,DST SKOLM02B,social,kultur_fritid,10.85
259,Køge,music_school,88.29,9.58,pr. 1.000 indb.,2025,DST SKOLM02B,social,kultur_fritid,10.85
159,Gladsaxe,music_school,124.15,13.47,pr. 1.000 indb.,2025,DST SKOLM02B,social,kultur_fritid,10.85
217,Helsingør,music_school,88.02,9.55,pr. 1.000 indb.,2025,DST SKOLM02B,social,kultur_fritid,10.85
250,Frederikssund,music_school,62.86,6.82,pr. 1.000 indb.,2025,DST SKOLM02B,social,kultur_fritid,10.85
661,Holstebro,music_school,87.19,9.46,pr. 1.000 indb.,2025,DST SKOLM02B,social,kultur_fritid,10.85
657,Herning,music_school,72.9,7.91,pr. 1.000 indb.,2025,DST SKOLM02B,social,kultur_fritid,10.85
260,Halsnæs,music_school,141.29,15.33,pr. 1.000 indb.,2025,DST SKOLM02B,social,kultur_fritid,10.85
773,Morsø,music_school,50.05,5.43,pr. 1.000 indb.,2025,DST SKOLM02B,social,kultur_fritid,10.85
219,Hillerød,music_school,121.84,13.22,pr. 1.000 indb.,2025,DST SKOLM02B,social,kultur_fritid,10.85
340,Sorø,music_school,109.22,11.85,pr. 1.000 indb.,2025,DST SKOLM02B,social,kultur_fritid,10.85
492,Ærø,music_school,98.71,10.71,pr. 1.000 indb.,2025,DST SKOLM02B,social,kultur_fritid,10.85
561,Esbjerg,music_school,150.0,18.13,pr. 1.000 indb.,2025,DST SKOLM02B,social,kultur_fritid,10.85
740,Silkeborg,music_school,115.02,12.48,pr. 1.000 indb.,2025,DST SKOLM02B,social,kultur_fritid,10.85
615,Horsens,music_school,87.19,9.46,pr. 1.000 indb.,2025,DST SKOLM02B,social,kultur_fritid,10.85
316,Holbæk,music_school,81.75,8.87,pr. 1.000 indb.,2025,DST SKOLM02B,social,kultur_fritid,10.85
766,Hedensted,music_school,73.09,7.93,pr. 1.000 indb.,2025,DST SKOLM02B,social,kultur_fritid,10.85
607,Fredericia,music_school,107.0,11.61,pr. 1.000 indb.,2025,DST SKOLM02B,social,kultur_fritid,10.85
410,Middelfart,music_school,99.63,10.81,pr. 1.000 indb.,2025,DST SKOLM02B,social,kultur_fritid,10.85
329,Ringsted,music_school,138.43,15.02,pr. 1.000 indb.,2025,DST SKOLM02B,social,kultur_fritid,10.85
370,Næstved,music_school,106.27,11.53,pr. 1.000 indb.,2025,DST SKOLM02B,social,kultur_fritid,10.85
851,Aalborg,music_school,150.0,17.67,pr. 1.000 indb.,2025,DST SKOLM02B,social,kultur_fritid,10.85
810,Brønderslev,music_school,93.92,10.19,pr. 1.000 indb.,2025,DST SKOLM02B,social,kultur_fritid,10.85
727,Odder,music_school,103.32,11.21,pr. 1.000 indb.,2025,DST SKOLM02B,social,kultur_fritid,10.85
336,Stevns,music_school,109.68,11.9,pr. 1.000 indb.,2025,DST SKOLM02B,social,kultur_fritid,10.85
751,Aarhus,music_school,60.09,6.52,pr. 1.000 indb.,2025,DST SKOLM02B,social,kultur_fritid,10.85
813,Frederikshavn,music_school,150.0,16.45,pr. 1.000 indb.,2025,DST SKOLM02B,social,kultur_fritid,10.85
161,Glostrup,music_school,71.15,7.72,pr. 1.000 indb.,2025,DST SKOLM02B,social,kultur_fritid,10.85
270,Gribskov,music_school,83.32,9.04,pr. 1.000 indb.,2025,DST SKOLM02B,social,kultur_fritid,10.85
860,Hjørring,music_school,118.62,12.87,pr. 1.000 indb.,2025,DST SKOLM02B,social,kultur_fritid,10.85
165,Albertslund,music_school,150.0,16.89,pr. 1.000 indb.,2025,DST SKOLM02B,social,kultur_fritid,10.85
479,Svendborg,music_school,130.69,14.18,pr. 1.000 indb.,2025,DST SKOLM02B,social,kultur_fritid,10.85
791,Viborg,music_school,69.77,7.57,pr. 1.000 indb.,2025,DST SKOLM02B,social,kultur_fritid,10.85
480,Nordfyns,music_school,95.48,10.36,pr. 1.000 indb.,2025,DST SKOLM02B,social,kultur_fritid,10.85
706,Syddjurs,music_school,102.86,11.16,pr. 1.000 indb.,2025,DST SKOLM02B,social,kultur_fritid,10.85
440,Kerteminde,music_school,95.48,10.36,pr. 1.000 indb.,2025,DST SKOLM02B,social,kultur_fritid,10.85
630,Vejle,music_school,93.73,10.17,pr. 1.000 indb.,2025,DST SKOLM02B,social,kultur_fritid,10.85
101,København,music_school,23.04,2.5,pr. 1.000 indb.,2025,DST SKOLM02B,social,kultur_fritid,10.85
730,Randers,music_school,67.28,7.3,pr. 1.000 indb.,2025,DST SKOLM02B,social,kultur_fritid,10.85
760,Ringkøbing-Skjern,music_school,112.07,12.16,pr. 1.000 indb.,2025,DST SKOLM02B,social,kultur_fritid,10.85
430,Faaborg-Midtfyn,music_school,124.79,13.54,pr. 1.000 indb.,2025,DST SKOLM02B,social,kultur_fritid,10.85
320,Faxe,music_school,79.91,8.67,pr. 1.000 indb.,2025,DST SKOLM02B,social,kultur_fritid,10.85
169,Høje-Taastrup,music_school,90.05,9.77,pr. 1.000 indb.,2025,DST SKOLM02B,social,kultur_fritid,10.85
573,Varde,music_school,136.96,14.86,pr. 1.000 indb.,2025,DST SKOLM02B,social,kultur_fritid,10.85
621,Kolding,music_school,114.19,12.39,pr. 1.000 indb.,2025,DST SKOLM02B,social,kultur_fritid,10.85
420,Assens,music_school,118.62,12.87,pr. 1.000 indb.,2025,DST SKOLM02B,social,kultur_fritid,10.85
580,Aabenraa,music_school,55.02,5.97,pr. 1.000 indb.,2025,DST SKOLM02B,social,kultur_fritid,10.85
787,Thisted,music_school,106.45,11.55,pr. 1.000 indb.,2025,DST SKOLM02B,social,kultur_fritid,10.85
756,Ikast-Brande,music_school,71.34,7.74,pr. 1.000 indb.,2025,DST SKOLM02B,social,kultur_fritid,10.85
461,Odense,music_school,49.95,5.42,pr. 1.000 indb.,2025,DST SKOLM02B,social,kultur_fritid,10.85
779,Skive,music_school,96.04,10.42,pr. 1.000 indb.,2025,DST SKOLM02B,social,kultur_fritid,10.85
450,Nyborg,music_school,104.61,11.35,pr. 1.000 indb.,2025,DST SKOLM02B,social,kultur_fritid,10.85
846,Mariagerfjord,music_school,142.86,15.5,pr. 1.000 indb.,2025,DST SKOLM02B,social,kultur_fritid,10.85
820,Vesthimmerlands,music_school,129.22,14.02,pr. 1.000 indb.,2025,DST SKOLM02B,social,kultur_fritid,10.85
540,Sønderborg,music_school,97.6,10.59,pr. 1.000 indb.,2025,DST SKOLM02B,social,kultur_fritid,10.85
400,Bornholm,music_school,101.75,11.04,pr. 1.000 indb.,2025,DST SKOLM02B,social,kultur_fritid,10.85
510,Haderslev,music_school,92.72,10.06,pr. 1.000 indb.,2025,DST SKOLM02B,social,kultur_fritid,10.85
671,Struer,music_school,150.0,17.99,pr. 1.000 indb.,2025,DST SKOLM02B,social,kultur_fritid,10.85
665,Lemvig,music_school,144.15,15.64,pr. 1.000 indb.,2025,DST SKOLM02B,social,kultur_fritid,10.85
707,Norddjurs,music_school,86.27,9.36,pr. 1.000 indb.,2025,DST SKOLM02B,social,kultur_fritid,10.85
330,Slagelse,music_school,49.95,5.42,pr. 1.000 indb.,2025,DST SKOLM02B,social,kultur_fritid,10.85
306,Odsherred,music_school,85.81,9.31,pr. 1.000 indb.,2025,DST SKOLM02B,social,kultur_fritid,10.85
575,Vejen,music_school,50.05,5.43,pr. 1.000 indb.,2025,DST SKOLM02B,social,kultur_fritid,10.85
376,Guldborgsund,music_school,75.48,8.19,pr. 1.000 indb.,2025,DST SKOLM02B,social,kultur_fritid,10.85
849,Jammerbugt,music_school,150.0,24.29,pr. 1.000 indb.,2025,DST SKOLM02B,social,kultur_fritid,10.85
326,Kalundborg,music_school,70.32,7.63,pr. 1.000 indb.,2025,DST SKOLM02B,social,kultur_fritid,10.85
390,Vordingborg,music_school,150.0,17.84,pr. 1.000 indb.,2025,DST SKOLM02B,social,kultur_fritid,10.85
550,Tønder,music_school,70.14,7.61,pr. 1.000 indb.,2025,DST SKOLM02B,social,kultur_fritid,10.85
360,Lolland,music_school,105.07,11.4,pr. 1.000 indb.,2025,DST SKOLM02B,social,kultur_fritid,10.85
482,Langeland,music_school,136.22,14.78,pr. 1.000 indb.,2025,DST SKOLM02B,social,kultur_fritid,10.85
201,Allerød,library_use,150.0,9.04,udlån/indb.,2025,DST BIB3A,social,kultur_fritid,4.44
153,Brøndby,library_use,64.64,2.87,udlån/indb.,2025,DST BIB3A,social,kultur_fritid,4.44
175,Rødovre,library_use,105.86,4.7,udlån/indb.,2025,DST BIB3A,social,kultur_fritid,4.44
155,Dragør,library_use,88.74,3.94,udlån/indb.,2025,DST BIB3A,social,kultur_fritid,4.44
190,Furesø,library_use,144.37,6.41,udlån/indb.,2025,DST BIB3A,social,kultur_fritid,4.44
167,Hvidovre,library_use,143.24,6.36,udlån/indb.,2025,DST BIB3A,social,kultur_fritid,4.44
230,Rudersdal,library_use,150.0,7.55,udlån/indb.,2025,DST BIB3A,social,kultur_fritid,4.44
746,Skanderborg,library_use,110.14,4.89,udlån/indb.,2025,DST BIB3A,social,kultur_fritid,4.44
269,Solrød,library_use,98.87,4.39,udlån/indb.,2025,DST BIB3A,social,kultur_fritid,4.44
265,Roskilde,library_use,150.0,7.3,udlån/indb.,2025,DST BIB3A,social,kultur_fritid,4.44
240,Egedal,library_use,92.79,4.12,udlån/indb.,2025,DST BIB3A,social,kultur_fritid,4.44
151,Ballerup,library_use,112.61,5.0,udlån/indb.,2025,DST BIB3A,social,kultur_fritid,4.44
223,Hørsholm,library_use,150.0,7.5,udlån/indb.,2025,DST BIB3A,social,kultur_fritid,4.44
185,Tårnby,library_use,113.96,5.06,udlån/indb.,2025,DST BIB3A,social,kultur_fritid,4.44
157,Gentofte,library_use,150.0,10.27,udlån/indb.,2025,DST BIB3A,social,kultur_fritid,4.44
350,Lejre,library_use,77.48,3.44,udlån/indb.,2025,DST BIB3A,social,kultur_fritid,4.44
163,Herlev,library_use,98.2,4.36,udlån/indb.,2025,DST BIB3A,social,kultur_fritid,4.44
173,Lyngby-Taarbæk,library_use,150.0,7.12,udlån/indb.,2025,DST BIB3A,social,kultur_fritid,4.44
210,Fredensborg,library_use,98.65,4.38,udlån/indb.,2025,DST BIB3A,social,kultur_fritid,4.44
183,Ishøj,library_use,62.39,2.77,udlån/indb.,2025,DST BIB3A,social,kultur_fritid,4.44
710,Favrskov,library_use,117.79,5.23,udlån/indb.,2025,DST BIB3A,social,kultur_fritid,4.44
530,Billund,library_use,78.15,3.47,udlån/indb.,2025,DST BIB3A,social,kultur_fritid,4.44
840,Rebild,library_use,93.92,4.17,udlån/indb.,2025,DST BIB3A,social,kultur_fritid,4.44
187,Vallensbæk,library_use,53.38,2.37,udlån/indb.,2025,DST BIB3A,social,kultur_fritid,4.44
253,Greve,library_use,79.5,3.53,udlån/indb.,2025,DST BIB3A,social,kultur_fritid,4.44
147,Frederiksberg,library_use,82.88,3.68,udlån/indb.,2025,DST BIB3A,social,kultur_fritid,4.44
259,Køge,library_use,100.68,4.47,udlån/indb.,2025,DST BIB3A,social,kultur_fritid,4.44
159,Gladsaxe,library_use,106.08,4.71,udlån/indb.,2025,DST BIB3A,social,kultur_fritid,4.44
217,Helsingør,library_use,121.17,5.38,udlån/indb.,2025,DST BIB3A,social,kultur_fritid,4.44
250,Frederikssund,library_use,97.52,4.33,udlån/indb.,2025,DST BIB3A,social,kultur_fritid,4.44
661,Holstebro,library_use,92.79,4.12,udlån/indb.,2025,DST BIB3A,social,kultur_fritid,4.44
825,Læsø,library_use,33.56,1.49,udlån/indb.,2025,DST BIB3A,social,kultur_fritid,4.44
657,Herning,library_use,145.27,6.45,udlån/indb.,2025,DST BIB3A,social,kultur_fritid,4.44
260,Halsnæs,library_use,91.22,4.05,udlån/indb.,2025,DST BIB3A,social,kultur_fritid,4.44
773,Morsø,library_use,74.32,3.3,udlån/indb.,2025,DST BIB3A,social,kultur_fritid,4.44
219,Hillerød,library_use,123.2,5.47,udlån/indb.,2025,DST BIB3A,social,kultur_fritid,4.44
340,Sorø,library_use,94.59,4.2,udlån/indb.,2025,DST BIB3A,social,kultur_fritid,4.44
492,Ærø,library_use,95.5,4.24,udlån/indb.,2025,DST BIB3A,social,kultur_fritid,4.44
561,Esbjerg,library_use,75.0,3.33,udlån/indb.,2025,DST BIB3A,social,kultur_fritid,4.44
740,Silkeborg,library_use,112.16,4.98,udlån/indb.,2025,DST BIB3A,social,kultur_fritid,4.44
615,Horsens,library_use,76.13,3.38,udlån/indb.,2025,DST BIB3A,social,kultur_fritid,4.44
316,Holbæk,library_use,78.38,3.48,udlån/indb.,2025,DST BIB3A,social,kultur_fritid,4.44
766,Hedensted,library_use,73.2,3.25,udlån/indb.,2025,DST BIB3A,social,kultur_fritid,4.44
607,Fredericia,library_use,70.27,3.12,udlån/indb.,2025,DST BIB3A,social,kultur_fritid,4.44
410,Middelfart,library_use,105.63,4.69,udlån/indb.,2025,DST BIB3A,social,kultur_fritid,4.44
329,Ringsted,library_use,79.73,3.54,udlån/indb.,2025,DST BIB3A,social,kultur_fritid,4.44
370,Næstved,library_use,69.14,3.07,udlån/indb.,2025,DST BIB3A,social,kultur_fritid,4.44
851,Aalborg,library_use,93.69,4.16,udlån/indb.,2025,DST BIB3A,social,kultur_fritid,4.44
810,Brønderslev,library_use,117.34,5.21,udlån/indb.,2025,DST BIB3A,social,kultur_fritid,4.44
727,Odder,library_use,150.0,6.78,udlån/indb.,2025,DST BIB3A,social,kultur_fritid,4.44
336,Stevns,library_use,78.83,3.5,udlån/indb.,2025,DST BIB3A,social,kultur_fritid,4.44
751,Aarhus,library_use,101.13,4.49,udlån/indb.,2025,DST BIB3A,social,kultur_fritid,4.44
813,Frederikshavn,library_use,74.1,3.29,udlån/indb.,2025,DST BIB3A,social,kultur_fritid,4.44
161,Glostrup,library_use,95.5,4.24,udlån/indb.,2025,DST BIB3A,social,kultur_fritid,4.44
270,Gribskov,library_use,119.37,5.3,udlån/indb.,2025,DST BIB3A,social,kultur_fritid,4.44
860,Hjørring,library_use,86.94,3.86,udlån/indb.,2025,DST BIB3A,social,kultur_fritid,4.44
165,Albertslund,library_use,78.83,3.5,udlån/indb.,2025,DST BIB3A,social,kultur_fritid,4.44
479,Svendborg,library_use,150.0,6.87,udlån/indb.,2025,DST BIB3A,social,kultur_fritid,4.44
791,Viborg,library_use,105.86,4.7,udlån/indb.,2025,DST BIB3A,social,kultur_fritid,4.44
480,Nordfyns,library_use,68.24,3.03,udlån/indb.,2025,DST BIB3A,social,kultur_fritid,4.44
706,Syddjurs,library_use,95.72,4.25,udlån/indb.,2025,DST BIB3A,social,kultur_fritid,4.44
440,Kerteminde,library_use,89.19,3.96,udlån/indb.,2025,DST BIB3A,social,kultur_fritid,4.44
630,Vejle,library_use,105.41,4.68,udlån/indb.,2025,DST BIB3A,social,kultur_fritid,4.44
101,København,library_use,98.42,4.37,udlån/indb.,2025,DST BIB3A,social,kultur_fritid,4.44
730,Randers,library_use,97.3,4.32,udlån/indb.,2025,DST BIB3A,social,kultur_fritid,4.44
760,Ringkøbing-Skjern,library_use,87.39,3.88,udlån/indb.,2025,DST BIB3A,social,kultur_fritid,4.44
430,Faaborg-Midtfyn,library_use,96.62,4.29,udlån/indb.,2025,DST BIB3A,social,kultur_fritid,4.44
320,Faxe,library_use,66.44,2.95,udlån/indb.,2025,DST BIB3A,social,kultur_fritid,4.44
169,Høje-Taastrup,library_use,79.95,3.55,udlån/indb.,2025,DST BIB3A,social,kultur_fritid,4.44
573,Varde,library_use,86.04,3.82,udlån/indb.,2025,DST BIB3A,social,kultur_fritid,4.44
621,Kolding,library_use,84.23,3.74,udlån/indb.,2025,DST BIB3A,social,kultur_fritid,4.44
420,Assens,library_use,75.23,3.34,udlån/indb.,2025,DST BIB3A,social,kultur_fritid,4.44
580,Aabenraa,library_use,80.63,3.58,udlån/indb.,2025,DST BIB3A,social,kultur_fritid,4.44
787,Thisted,library_use,70.72,3.14,udlån/indb.,2025,DST BIB3A,social,kultur_fritid,4.44
756,Ikast-Brande,library_use,97.97,4.35,udlån/indb.,2025,DST BIB3A,social,kultur_fritid,4.44
461,Odense,library_use,95.05,4.22,udlån/indb.,2025,DST BIB3A,social,kultur_fritid,4.44
779,Skive,library_use,77.03,3.42,udlån/indb.,2025,DST BIB3A,social,kultur_fritid,4.44
450,Nyborg,library_use,132.21,5.87,udlån/indb.,2025,DST BIB3A,social,kultur_fritid,4.44
846,Mariagerfjord,library_use,93.69,4.16,udlån/indb.,2025,DST BIB3A,social,kultur_fritid,4.44
820,Vesthimmerlands,library_use,74.77,3.32,udlån/indb.,2025,DST BIB3A,social,kultur_fritid,4.44
540,Sønderborg,library_use,88.96,3.95,udlån/indb.,2025,DST BIB3A,social,kultur_fritid,4.44
400,Bornholm,library_use,150.0,6.83,udlån/indb.,2025,DST BIB3A,social,kultur_fritid,4.44
510,Haderslev,library_use,82.21,3.65,udlån/indb.,2025,DST BIB3A,social,kultur_fritid,4.44
671,Struer,library_use,101.8,4.52,udlån/indb.,2025,DST BIB3A,social,kultur_fritid,4.44
665,Lemvig,library_use,103.15,4.58,udlån/indb.,2025,DST BIB3A,social,kultur_fritid,4.44
707,Norddjurs,library_use,78.15,3.47,udlån/indb.,2025,DST BIB3A,social,kultur_fritid,4.44
330,Slagelse,library_use,63.29,2.81,udlån/indb.,2025,DST BIB3A,social,kultur_fritid,4.44
306,Odsherred,library_use,75.0,3.33,udlån/indb.,2025,DST BIB3A,social,kultur_fritid,4.44
575,Vejen,library_use,77.03,3.42,udlån/indb.,2025,DST BIB3A,social,kultur_fritid,4.44
376,Guldborgsund,library_use,101.58,4.51,udlån/indb.,2025,DST BIB3A,social,kultur_fritid,4.44
849,Jammerbugt,library_use,92.34,4.1,udlån/indb.,2025,DST BIB3A,social,kultur_fritid,4.44
326,Kalundborg,library_use,62.84,2.79,udlån/indb.,2025,DST BIB3A,social,kultur_fritid,4.44
390,Vordingborg,library_use,104.5,4.64,udlån/indb.,2025,DST BIB3A,social,kultur_fritid,4.44
550,Tønder,library_use,74.55,3.31,udlån/indb.,2025,DST BIB3A,social,kultur_fritid,4.44
360,Lolland,library_use,70.72,3.14,udlån/indb.,2025,DST BIB3A,social,kultur_fritid,4.44
741,Samsø,library_use,150.0,6.88,udlån/indb.,2025,DST BIB3A,social,kultur_fritid,4.44
482,Langeland,library_use,93.92,4.17,udlån/indb.,2025,DST BIB3A,social,kultur_fritid,4.44
201,Allerød,kultur_spending,104.36,527.0,kr./indb.,2025,DST REGK31,social,kultur_fritid,505.0
153,Brøndby,kultur_spending,121.78,615.0,kr./indb.,2025,DST REGK31,social,kultur_fritid,505.0
175,Rødovre,kultur_spending,65.35,330.0,kr./indb.,2025,DST REGK31,social,kultur_fritid,505.0
155,Dragør,kultur_spending,48.32,244.0,kr./indb.,2025,DST REGK31,social,kultur_fritid,505.0
190,Furesø,kultur_spending,132.67,670.0,kr./indb.,2025,DST REGK31,social,kultur_fritid,505.0
167,Hvidovre,kultur_spending,116.83,590.0,kr./indb.,2025,DST REGK31,social,kultur_fritid,505.0
230,Rudersdal,kultur_spending,102.77,519.0,kr./indb.,2025,DST REGK31,social,kultur_fritid,505.0
746,Skanderborg,kultur_spending,79.6,402.0,kr./indb.,2025,DST REGK31,social,kultur_fritid,505.0
269,Solrød,kultur_spending,18.61,94.0,kr./indb.,2025,DST REGK31,social,kultur_fritid,505.0
265,Roskilde,kultur_spending,120.4,608.0,kr./indb.,2025,DST REGK31,social,kultur_fritid,505.0
240,Egedal,kultur_spending,33.66,170.0,kr./indb.,2025,DST REGK31,social,kultur_fritid,505.0
151,Ballerup,kultur_spending,115.05,581.0,kr./indb.,2025,DST REGK31,social,kultur_fritid,505.0
223,Hørsholm,kultur_spending,141.98,717.0,kr./indb.,2025,DST REGK31,social,kultur_fritid,505.0
185,Tårnby,kultur_spending,58.02,293.0,kr./indb.,2025,DST REGK31,social,kultur_fritid,505.0
157,Gentofte,kultur_spending,122.38,618.0,kr./indb.,2025,DST REGK31,social,kultur_fritid,505.0
350,Lejre,kultur_spending,91.88,464.0,kr./indb.,2025,DST REGK31,social,kultur_fritid,505.0
163,Herlev,kultur_spending,135.84,686.0,kr./indb.,2025,DST REGK31,social,kultur_fritid,505.0
173,Lyngby-Taarbæk,kultur_spending,86.93,439.0,kr./indb.,2025,DST REGK31,social,kultur_fritid,505.0
210,Fredensborg,kultur_spending,61.78,312.0,kr./indb.,2025,DST REGK31,social,kultur_fritid,505.0
183,Ishøj,kultur_spending,150.0,826.0,kr./indb.,2025,DST REGK31,social,kultur_fritid,505.0
710,Favrskov,kultur_spending,66.34,335.0,kr./indb.,2025,DST REGK31,social,kultur_fritid,505.0
530,Billund,kultur_spending,134.06,677.0,kr./indb.,2025,DST REGK31,social,kultur_fritid,505.0
840,Rebild,kultur_spending,72.28,365.0,kr./indb.,2025,DST REGK31,social,kultur_fritid,505.0
187,Vallensbæk,kultur_spending,52.48,265.0,kr./indb.,2025,DST REGK31,social,kultur_fritid,505.0
253,Greve,kultur_spending,51.09,258.0,kr./indb.,2025,DST REGK31,social,kultur_fritid,505.0
147,Frederiksberg,kultur_spending,62.18,314.0,kr./indb.,2025,DST REGK31,social,kultur_fritid,505.0
259,Køge,kultur_spending,97.03,490.0,kr./indb.,2025,DST REGK31,social,kultur_fritid,505.0
159,Gladsaxe,kultur_spending,50.69,256.0,kr./indb.,2025,DST REGK31,social,kultur_fritid,505.0
217,Helsingør,kultur_spending,150.0,783.0,kr./indb.,2025,DST REGK31,social,kultur_fritid,505.0
250,Frederikssund,kultur_spending,70.1,354.0,kr./indb.,2025,DST REGK31,social,kultur_fritid,505.0
661,Holstebro,kultur_spending,150.0,933.0,kr./indb.,2025,DST REGK31,social,kultur_fritid,505.0
825,Læsø,kultur_spending,141.39,714.0,kr./indb.,2025,DST REGK31,social,kultur_fritid,505.0
657,Herning,kultur_spending,149.11,753.0,kr./indb.,2025,DST REGK31,social,kultur_fritid,505.0
260,Halsnæs,kultur_spending,84.16,425.0,kr./indb.,2025,DST REGK31,social,kultur_fritid,505.0
773,Morsø,kultur_spending,119.6,604.0,kr./indb.,2025,DST REGK31,social,kultur_fritid,505.0
219,Hillerød,kultur_spending,70.89,358.0,kr./indb.,2025,DST REGK31,social,kultur_fritid,505.0
340,Sorø,kultur_spending,76.63,387.0,kr./indb.,2025,DST REGK31,social,kultur_fritid,505.0
492,Ærø,kultur_spending,96.04,485.0,kr./indb.,2025,DST REGK31,social,kultur_fritid,505.0
561,Esbjerg,kultur_spending,150.0,831.0,kr./indb.,2025,DST REGK31,social,kultur_fritid,505.0
740,Silkeborg,kultur_spending,86.73,438.0,kr./indb.,2025,DST REGK31,social,kultur_fritid,505.0
615,Horsens,kultur_spending,139.01,702.0,kr./indb.,2025,DST REGK31,social,kultur_fritid,505.0
563,Fanø,kultur_spending,71.68,362.0,kr./indb.,2025,DST REGK31,social,kultur_fritid,505.0
316,Holbæk,kultur_spending,104.36,527.0,kr./indb.,2025,DST REGK31,social,kultur_fritid,505.0
766,Hedensted,kultur_spending,26.34,133.0,kr./indb.,2025,DST REGK31,social,kultur_fritid,505.0
607,Fredericia,kultur_spending,150.0,969.0,kr./indb.,2025,DST REGK31,social,kultur_fritid,505.0
410,Middelfart,kultur_spending,52.67,266.0,kr./indb.,2025,DST REGK31,social,kultur_fritid,505.0
329,Ringsted,kultur_spending,96.04,485.0,kr./indb.,2025,DST REGK31,social,kultur_fritid,505.0
370,Næstved,kultur_spending,96.04,485.0,kr./indb.,2025,DST REGK31,social,kultur_fritid,505.0
851,Aalborg,kultur_spending,150.0,861.0,kr./indb.,2025,DST REGK31,social,kultur_fritid,505.0
810,Brønderslev,kultur_spending,62.38,315.0,kr./indb.,2025,DST REGK31,social,kultur_fritid,505.0
727,Odder,kultur_spending,32.28,163.0,kr./indb.,2025,DST REGK31,social,kultur_fritid,505.0
336,Stevns,kultur_spending,81.58,412.0,kr./indb.,2025,DST REGK31,social,kultur_fritid,505.0
751,Aarhus,kultur_spending,89.7,453.0,kr./indb.,2025,DST REGK31,social,kultur_fritid,505.0
813,Frederikshavn,kultur_spending,94.06,475.0,kr./indb.,2025,DST REGK31,social,kultur_fritid,505.0
161,Glostrup,kultur_spending,54.26,274.0,kr./indb.,2025,DST REGK31,social,kultur_fritid,505.0
270,Gribskov,kultur_spending,54.65,276.0,kr./indb.,2025,DST REGK31,social,kultur_fritid,505.0
860,Hjørring,kultur_spending,81.19,410.0,kr./indb.,2025,DST REGK31,social,kultur_fritid,505.0
165,Albertslund,kultur_spending,134.65,680.0,kr./indb.,2025,DST REGK31,social,kultur_fritid,505.0
479,Svendborg,kultur_spending,84.75,428.0,kr./indb.,2025,DST REGK31,social,kultur_fritid,505.0
791,Viborg,kultur_spending,95.05,480.0,kr./indb.,2025,DST REGK31,social,kultur_fritid,505.0
480,Nordfyns,kultur_spending,72.87,368.0,kr./indb.,2025,DST REGK31,social,kultur_fritid,505.0
706,Syddjurs,kultur_spending,77.03,389.0,kr./indb.,2025,DST REGK31,social,kultur_fritid,505.0
440,Kerteminde,kultur_spending,51.29,259.0,kr./indb.,2025,DST REGK31,social,kultur_fritid,505.0
630,Vejle,kultur_spending,109.7,554.0,kr./indb.,2025,DST REGK31,social,kultur_fritid,505.0
101,København,kultur_spending,108.71,549.0,kr./indb.,2025,DST REGK31,social,kultur_fritid,505.0
730,Randers,kultur_spending,100.59,508.0,kr./indb.,2025,DST REGK31,social,kultur_fritid,505.0
760,Ringkøbing-Skjern,kultur_spending,74.85,378.0,kr./indb.,2025,DST REGK31,social,kultur_fritid,505.0
430,Faaborg-Midtfyn,kultur_spending,75.84,383.0,kr./indb.,2025,DST REGK31,social,kultur_fritid,505.0
320,Faxe,kultur_spending,44.36,224.0,kr./indb.,2025,DST REGK31,social,kultur_fritid,505.0
169,Høje-Taastrup,kultur_spending,104.75,529.0,kr./indb.,2025,DST REGK31,social,kultur_fritid,505.0
573,Varde,kultur_spending,63.96,323.0,kr./indb.,2025,DST REGK31,social,kultur_fritid,505.0
621,Kolding,kultur_spending,139.41,704.0,kr./indb.,2025,DST REGK31,social,kultur_fritid,505.0
420,Assens,kultur_spending,91.49,462.0,kr./indb.,2025,DST REGK31,social,kultur_fritid,505.0
580,Aabenraa,kultur_spending,96.83,489.0,kr./indb.,2025,DST REGK31,social,kultur_fritid,505.0
787,Thisted,kultur_spending,91.49,462.0,kr./indb.,2025,DST REGK31,social,kultur_fritid,505.0
756,Ikast-Brande,kultur_spending,38.81,196.0,kr./indb.,2025,DST REGK31,social,kultur_fritid,505.0
461,Odense,kultur_spending,144.95,732.0,kr./indb.,2025,DST REGK31,social,kultur_fritid,505.0
779,Skive,kultur_spending,91.29,461.0,kr./indb.,2025,DST REGK31,social,kultur_fritid,505.0
450,Nyborg,kultur_spending,75.45,381.0,kr./indb.,2025,DST REGK31,social,kultur_fritid,505.0
846,Mariagerfjord,kultur_spending,89.9,454.0,kr./indb.,2025,DST REGK31,social,kultur_fritid,505.0
820,Vesthimmerlands,kultur_spending,48.51,245.0,kr./indb.,2025,DST REGK31,social,kultur_fritid,505.0
540,Sønderborg,kultur_spending,93.07,470.0,kr./indb.,2025,DST REGK31,social,kultur_fritid,505.0
400,Bornholm,kultur_spending,96.04,485.0,kr./indb.,2025,DST REGK31,social,kultur_fritid,505.0
510,Haderslev,kultur_spending,127.52,644.0,kr./indb.,2025,DST REGK31,social,kultur_fritid,505.0
671,Struer,kultur_spending,102.57,518.0,kr./indb.,2025,DST REGK31,social,kultur_fritid,505.0
665,Lemvig,kultur_spending,80.79,408.0,kr./indb.,2025,DST REGK31,social,kultur_fritid,505.0
707,Norddjurs,kultur_spending,80.0,404.0,kr./indb.,2025,DST REGK31,social,kultur_fritid,505.0
330,Slagelse,kultur_spending,73.66,372.0,kr./indb.,2025,DST REGK31,social,kultur_fritid,505.0
306,Odsherred,kultur_spending,75.45,381.0,kr./indb.,2025,DST REGK31,social,kultur_fritid,505.0
575,Vejen,kultur_spending,35.05,177.0,kr./indb.,2025,DST REGK31,social,kultur_fritid,505.0
376,Guldborgsund,kultur_spending,97.43,492.0,kr./indb.,2025,DST REGK31,social,kultur_fritid,505.0
849,Jammerbugt,kultur_spending,62.18,314.0,kr./indb.,2025,DST REGK31,social,kultur_fritid,505.0
326,Kalundborg,kultur_spending,60.79,307.0,kr./indb.,2025,DST REGK31,social,kultur_fritid,505.0
390,Vordingborg,kultur_spending,83.17,420.0,kr./indb.,2025,DST REGK31,social,kultur_fritid,505.0
550,Tønder,kultur_spending,79.01,399.0,kr./indb.,2025,DST REGK31,social,kultur_fritid,505.0
360,Lolland,kultur_spending,81.98,414.0,kr./indb.,2025,DST REGK31,social,kultur_fritid,505.0
741,Samsø,kultur_spending,40.59,205.0,kr./indb.,2025,DST REGK31,social,kultur_fritid,505.0
482,Langeland,kultur_spending,69.7,352.0,kr./indb.,2025,DST REGK31,social,kultur_fritid,505.0
201,Allerød,crime_rate,150.0,43.17,pr. 1.000 indb.,2025,DST STRAF11,social,tryghed,69.24
153,Brøndby,crime_rate,90.14,76.81,pr. 1.000 indb.,2025,DST STRAF11,social,tryghed,69.24
175,Rødovre,crime_rate,98.55,70.26,pr. 1.000 indb.,2025,DST STRAF11,social,tryghed,69.24
155,Dragør,crime_rate,150.0,38.06,pr. 1.000 indb.,2025,DST STRAF11,social,tryghed,69.24
190,Furesø,crime_rate,149.74,46.24,pr. 1.000 indb.,2025,DST STRAF11,social,tryghed,69.24
167,Hvidovre,crime_rate,86.46,80.08,pr. 1.000 indb.,2025,DST STRAF11,social,tryghed,69.24
230,Rudersdal,crime_rate,145.07,47.73,pr. 1.000 indb.,2025,DST STRAF11,social,tryghed,69.24
746,Skanderborg,crime_rate,150.0,33.0,pr. 1.000 indb.,2025,DST STRAF11,social,tryghed,69.24
269,Solrød,crime_rate,150.0,41.73,pr. 1.000 indb.,2025,DST STRAF11,social,tryghed,69.24
265,Roskilde,crime_rate,108.2,63.99,pr. 1.000 indb.,2025,DST STRAF11,social,tryghed,69.24
240,Egedal,crime_rate,150.0,40.14,pr. 1.000 indb.,2025,DST STRAF11,social,tryghed,69.24
151,Ballerup,crime_rate,96.09,72.06,pr. 1.000 indb.,2025,DST STRAF11,social,tryghed,69.24
223,Hørsholm,crime_rate,143.29,48.32,pr. 1.000 indb.,2025,DST STRAF11,social,tryghed,69.24
185,Tårnby,crime_rate,48.54,142.64,pr. 1.000 indb.,2025,DST STRAF11,social,tryghed,69.24
157,Gentofte,crime_rate,110.57,62.62,pr. 1.000 indb.,2025,DST STRAF11,social,tryghed,69.24
350,Lejre,crime_rate,150.0,34.6,pr. 1.000 indb.,2025,DST STRAF11,social,tryghed,69.24
163,Herlev,crime_rate,97.91,70.72,pr. 1.000 indb.,2025,DST STRAF11,social,tryghed,69.24
173,Lyngby-Taarbæk,crime_rate,113.08,61.23,pr. 1.000 indb.,2025,DST STRAF11,social,tryghed,69.24
210,Fredensborg,crime_rate,150.0,45.44,pr. 1.000 indb.,2025,DST STRAF11,social,tryghed,69.24
183,Ishøj,crime_rate,97.69,70.88,pr. 1.000 indb.,2025,DST STRAF11,social,tryghed,69.24
710,Favrskov,crime_rate,150.0,27.63,pr. 1.000 indb.,2025,DST STRAF11,social,tryghed,69.24
530,Billund,crime_rate,105.56,65.59,pr. 1.000 indb.,2025,DST STRAF11,social,tryghed,69.24
840,Rebild,crime_rate,150.0,31.87,pr. 1.000 indb.,2025,DST STRAF11,social,tryghed,69.24
187,Vallensbæk,crime_rate,124.13,55.78,pr. 1.000 indb.,2025,DST STRAF11,social,tryghed,69.24
253,Greve,crime_rate,111.25,62.24,pr. 1.000 indb.,2025,DST STRAF11,social,tryghed,69.24
147,Frederiksberg,crime_rate,93.08,74.39,pr. 1.000 indb.,2025,DST STRAF11,social,tryghed,69.24
259,Køge,crime_rate,115.98,59.7,pr. 1.000 indb.,2025,DST STRAF11,social,tryghed,69.24
159,Gladsaxe,crime_rate,117.52,58.92,pr. 1.000 indb.,2025,DST STRAF11,social,tryghed,69.24
217,Helsingør,crime_rate,105.31,65.75,pr. 1.000 indb.,2025,DST STRAF11,social,tryghed,69.24
250,Frederikssund,crime_rate,141.65,48.88,pr. 1.000 indb.,2025,DST STRAF11,social,tryghed,69.24
661,Holstebro,crime_rate,129.11,53.63,pr. 1.000 indb.,2025,DST STRAF11,social,tryghed,69.24
825,Læsø,crime_rate,150.0,31.41,pr. 1.000 indb.,2025,DST STRAF11,social,tryghed,69.24
657,Herning,crime_rate,139.04,49.8,pr. 1.000 indb.,2025,DST STRAF11,social,tryghed,69.24
260,Halsnæs,crime_rate,150.0,43.85,pr. 1.000 indb.,2025,DST STRAF11,social,tryghed,69.24
773,Morsø,crime_rate,150.0,34.32,pr. 1.000 indb.,2025,DST STRAF11,social,tryghed,69.24
219,Hillerød,crime_rate,99.8,69.38,pr. 1.000 indb.,2025,DST STRAF11,social,tryghed,69.24
340,Sorø,crime_rate,146.11,47.39,pr. 1.000 indb.,2025,DST STRAF11,social,tryghed,69.24
492,Ærø,crime_rate,150.0,22.62,pr. 1.000 indb.,2025,DST STRAF11,social,tryghed,69.24
561,Esbjerg,crime_rate,115.5,59.95,pr. 1.000 indb.,2025,DST STRAF11,social,tryghed,69.24
740,Silkeborg,crime_rate,150.0,43.96,pr. 1.000 indb.,2025,DST STRAF11,social,tryghed,69.24
615,Horsens,crime_rate,138.98,49.82,pr. 1.000 indb.,2025,DST STRAF11,social,tryghed,69.24
563,Fanø,crime_rate,150.0,42.81,pr. 1.000 indb.,2025,DST STRAF11,social,tryghed,69.24
316,Holbæk,crime_rate,135.84,50.97,pr. 1.000 indb.,2025,DST STRAF11,social,tryghed,69.24
766,Hedensted,crime_rate,150.0,39.74,pr. 1.000 indb.,2025,DST STRAF11,social,tryghed,69.24
607,Fredericia,crime_rate,99.65,69.48,pr. 1.000 indb.,2025,DST STRAF11,social,tryghed,69.24
410,Middelfart,crime_rate,128.22,54.0,pr. 1.000 indb.,2025,DST STRAF11,social,tryghed,69.24
329,Ringsted,crime_rate,131.48,52.66,pr. 1.000 indb.,2025,DST STRAF11,social,tryghed,69.24
370,Næstved,crime_rate,100.98,68.57,pr. 1.000 indb.,2025,DST STRAF11,social,tryghed,69.24
851,Aalborg,crime_rate,119.73,57.83,pr. 1.000 indb.,2025,DST STRAF11,social,tryghed,69.24
810,Brønderslev,crime_rate,150.0,33.13,pr. 1.000 indb.,2025,DST STRAF11,social,tryghed,69.24
727,Odder,crime_rate,150.0,27.95,pr. 1.000 indb.,2025,DST STRAF11,social,tryghed,69.24
336,Stevns,crime_rate,150.0,37.02,pr. 1.000 indb.,2025,DST STRAF11,social,tryghed,69.24
751,Aarhus,crime_rate,94.24,73.47,pr. 1.000 indb.,2025,DST STRAF11,social,tryghed,69.24
813,Frederikshavn,crime_rate,135.53,51.09,pr. 1.000 indb.,2025,DST STRAF11,social,tryghed,69.24
161,Glostrup,crime_rate,54.46,127.15,pr. 1.000 indb.,2025,DST STRAF11,social,tryghed,69.24
270,Gribskov,crime_rate,149.19,46.41,pr. 1.000 indb.,2025,DST STRAF11,social,tryghed,69.24
860,Hjørring,crime_rate,150.0,44.26,pr. 1.000 indb.,2025,DST STRAF11,social,tryghed,69.24
165,Albertslund,crime_rate,83.09,83.33,pr. 1.000 indb.,2025,DST STRAF11,social,tryghed,69.24
479,Svendborg,crime_rate,144.4,47.95,pr. 1.000 indb.,2025,DST STRAF11,social,tryghed,69.24
791,Viborg,crime_rate,150.0,44.73,pr. 1.000 indb.,2025,DST STRAF11,social,tryghed,69.24
480,Nordfyns,crime_rate,145.74,47.51,pr. 1.000 indb.,2025,DST STRAF11,social,tryghed,69.24
706,Syddjurs,crime_rate,150.0,37.05,pr. 1.000 indb.,2025,DST STRAF11,social,tryghed,69.24
440,Kerteminde,crime_rate,150.0,44.09,pr. 1.000 indb.,2025,DST STRAF11,social,tryghed,69.24
630,Vejle,crime_rate,119.11,58.13,pr. 1.000 indb.,2025,DST STRAF11,social,tryghed,69.24
101,København,crime_rate,59.2,116.96,pr. 1.000 indb.,2025,DST STRAF11,social,tryghed,69.24
730,Randers,crime_rate,125.05,55.37,pr. 1.000 indb.,2025,DST STRAF11,social,tryghed,69.24
760,Ringkøbing-Skjern,crime_rate,150.0,33.0,pr. 1.000 indb.,2025,DST STRAF11,social,tryghed,69.24
430,Faaborg-Midtfyn,crime_rate,150.0,43.8,pr. 1.000 indb.,2025,DST STRAF11,social,tryghed,69.24
320,Faxe,crime_rate,150.0,44.21,pr. 1.000 indb.,2025,DST STRAF11,social,tryghed,69.24
169,Høje-Taastrup,crime_rate,109.63,63.16,pr. 1.000 indb.,2025,DST STRAF11,social,tryghed,69.24
573,Varde,crime_rate,150.0,40.9,pr. 1.000 indb.,2025,DST STRAF11,social,tryghed,69.24
621,Kolding,crime_rate,129.03,53.66,pr. 1.000 indb.,2025,DST STRAF11,social,tryghed,69.24
420,Assens,crime_rate,150.0,44.63,pr. 1.000 indb.,2025,DST STRAF11,social,tryghed,69.24
580,Aabenraa,crime_rate,104.48,66.27,pr. 1.000 indb.,2025,DST STRAF11,social,tryghed,69.24
787,Thisted,crime_rate,150.0,32.77,pr. 1.000 indb.,2025,DST STRAF11,social,tryghed,69.24
756,Ikast-Brande,crime_rate,99.63,69.5,pr. 1.000 indb.,2025,DST STRAF11,social,tryghed,69.24
461,Odense,crime_rate,91.54,75.64,pr. 1.000 indb.,2025,DST STRAF11,social,tryghed,69.24
779,Skive,crime_rate,150.0,44.98,pr. 1.000 indb.,2025,DST STRAF11,social,tryghed,69.24
450,Nyborg,crime_rate,132.69,52.18,pr. 1.000 indb.,2025,DST STRAF11,social,tryghed,69.24
846,Mariagerfjord,crime_rate,150.0,43.79,pr. 1.000 indb.,2025,DST STRAF11,social,tryghed,69.24
820,Vesthimmerlands,crime_rate,150.0,42.27,pr. 1.000 indb.,2025,DST STRAF11,social,tryghed,69.24
540,Sønderborg,crime_rate,150.0,41.73,pr. 1.000 indb.,2025,DST STRAF11,social,tryghed,69.24
400,Bornholm,crime_rate,150.0,38.42,pr. 1.000 indb.,2025,DST STRAF11,social,tryghed,69.24
510,Haderslev,crime_rate,127.47,54.32,pr. 1.000 indb.,2025,DST STRAF11,social,tryghed,69.24
671,Struer,crime_rate,150.0,35.3,pr. 1.000 indb.,2025,DST STRAF11,social,tryghed,69.24
665,Lemvig,crime_rate,150.0,32.71,pr. 1.000 indb.,2025,DST STRAF11,social,tryghed,69.24
707,Norddjurs,crime_rate,146.2,47.36,pr. 1.000 indb.,2025,DST STRAF11,social,tryghed,69.24
330,Slagelse,crime_rate,100.03,69.22,pr. 1.000 indb.,2025,DST STRAF11,social,tryghed,69.24
306,Odsherred,crime_rate,113.73,60.88,pr. 1.000 indb.,2025,DST STRAF11,social,tryghed,69.24
575,Vejen,crime_rate,150.0,40.28,pr. 1.000 indb.,2025,DST STRAF11,social,tryghed,69.24
376,Guldborgsund,crime_rate,112.93,61.31,pr. 1.000 indb.,2025,DST STRAF11,social,tryghed,69.24
849,Jammerbugt,crime_rate,150.0,36.81,pr. 1.000 indb.,2025,DST STRAF11,social,tryghed,69.24
326,Kalundborg,crime_rate,146.66,47.21,pr. 1.000 indb.,2025,DST STRAF11,social,tryghed,69.24
390,Vordingborg,crime_rate,145.98,47.43,pr. 1.000 indb.,2025,DST STRAF11,social,tryghed,69.24
550,Tønder,crime_rate,139.94,49.48,pr. 1.000 indb.,2025,DST STRAF11,social,tryghed,69.24
360,Lolland,crime_rate,91.08,76.02,pr. 1.000 indb.,2025,DST STRAF11,social,tryghed,69.24
741,Samsø,crime_rate,131.16,52.79,pr. 1.000 indb.,2025,DST STRAF11,social,tryghed,69.24
482,Langeland,crime_rate,150.0,37.25,pr. 1.000 indb.,2025,DST STRAF11,social,tryghed,69.24
201,Allerød,traffic_accidents,148.09,30.69,pr. 100.000 indb.,2023-2025,DST UHELDK1,social,tryghed,45.45
153,Brøndby,traffic_accidents,150.0,28.22,pr. 100.000 indb.,2023-2025,DST UHELDK1,social,tryghed,45.45
175,Rødovre,traffic_accidents,150.0,20.6,pr. 100.000 indb.,2023-2025,DST UHELDK1,social,tryghed,45.45
155,Dragør,traffic_accidents,123.81,36.71,pr. 100.000 indb.,2023-2025,DST UHELDK1,social,tryghed,45.45
190,Furesø,traffic_accidents,150.0,27.54,pr. 100.000 indb.,2023-2025,DST UHELDK1,social,tryghed,45.45
167,Hvidovre,traffic_accidents,150.0,19.26,pr. 100.000 indb.,2023-2025,DST UHELDK1,social,tryghed,45.45
230,Rudersdal,traffic_accidents,150.0,25.61,pr. 100.000 indb.,2023-2025,DST UHELDK1,social,tryghed,45.45
746,Skanderborg,traffic_accidents,150.0,28.55,pr. 100.000 indb.,2023-2025,DST UHELDK1,social,tryghed,45.45
269,Solrød,traffic_accidents,150.0,16.4,pr. 100.000 indb.,2023-2025,DST UHELDK1,social,tryghed,45.45
265,Roskilde,traffic_accidents,145.86,31.16,pr. 100.000 indb.,2023-2025,DST UHELDK1,social,tryghed,45.45
240,Egedal,traffic_accidents,150.0,28.61,pr. 100.000 indb.,2023-2025,DST UHELDK1,social,tryghed,45.45
151,Ballerup,traffic_accidents,150.0,22.09,pr. 100.000 indb.,2023-2025,DST UHELDK1,social,tryghed,45.45
223,Hørsholm,traffic_accidents,150.0,29.45,pr. 100.000 indb.,2023-2025,DST UHELDK1,social,tryghed,45.45
185,Tårnby,traffic_accidents,85.11,53.4,pr. 100.000 indb.,2023-2025,DST UHELDK1,social,tryghed,45.45
157,Gentofte,traffic_accidents,124.66,36.46,pr. 100.000 indb.,2023-2025,DST UHELDK1,social,tryghed,45.45
350,Lejre,traffic_accidents,124.62,36.47,pr. 100.000 indb.,2023-2025,DST UHELDK1,social,tryghed,45.45
163,Herlev,traffic_accidents,150.0,24.44,pr. 100.000 indb.,2023-2025,DST UHELDK1,social,tryghed,45.45
173,Lyngby-Taarbæk,traffic_accidents,150.0,25.05,pr. 100.000 indb.,2023-2025,DST UHELDK1,social,tryghed,45.45
210,Fredensborg,traffic_accidents,150.0,19.85,pr. 100.000 indb.,2023-2025,DST UHELDK1,social,tryghed,45.45
183,Ishøj,traffic_accidents,150.0,27.77,pr. 100.000 indb.,2023-2025,DST UHELDK1,social,tryghed,45.45
710,Favrskov,traffic_accidents,89.77,50.63,pr. 100.000 indb.,2023-2025,DST UHELDK1,social,tryghed,45.45
530,Billund,traffic_accidents,80.36,56.56,pr. 100.000 indb.,2023-2025,DST UHELDK1,social,tryghed,45.45
840,Rebild,traffic_accidents,66.94,67.9,pr. 100.000 indb.,2023-2025,DST UHELDK1,social,tryghed,45.45
187,Vallensbæk,traffic_accidents,133.44,34.06,pr. 100.000 indb.,2023-2025,DST UHELDK1,social,tryghed,45.45
253,Greve,traffic_accidents,150.0,21.63,pr. 100.000 indb.,2023-2025,DST UHELDK1,social,tryghed,45.45
147,Frederiksberg,traffic_accidents,94.33,48.18,pr. 100.000 indb.,2023-2025,DST UHELDK1,social,tryghed,45.45
259,Køge,traffic_accidents,134.19,33.87,pr. 100.000 indb.,2023-2025,DST UHELDK1,social,tryghed,45.45
159,Gladsaxe,traffic_accidents,150.0,24.6,pr. 100.000 indb.,2023-2025,DST UHELDK1,social,tryghed,45.45
217,Helsingør,traffic_accidents,147.18,30.88,pr. 100.000 indb.,2023-2025,DST UHELDK1,social,tryghed,45.45
250,Frederikssund,traffic_accidents,113.43,40.07,pr. 100.000 indb.,2023-2025,DST UHELDK1,social,tryghed,45.45
661,Holstebro,traffic_accidents,73.2,62.09,pr. 100.000 indb.,2023-2025,DST UHELDK1,social,tryghed,45.45
825,Læsø,traffic_accidents,80.4,56.53,pr. 100.000 indb.,2023-2025,DST UHELDK1,social,tryghed,45.45
657,Herning,traffic_accidents,106.64,42.62,pr. 100.000 indb.,2023-2025,DST UHELDK1,social,tryghed,45.45
260,Halsnæs,traffic_accidents,91.45,49.7,pr. 100.000 indb.,2023-2025,DST UHELDK1,social,tryghed,45.45
773,Morsø,traffic_accidents,64.13,70.87,pr. 100.000 indb.,2023-2025,DST UHELDK1,social,tryghed,45.45
219,Hillerød,traffic_accidents,84.46,53.81,pr. 100.000 indb.,2023-2025,DST UHELDK1,social,tryghed,45.45
340,Sorø,traffic_accidents,63.06,72.07,pr. 100.000 indb.,2023-2025,DST UHELDK1,social,tryghed,45.45
492,Ærø,traffic_accidents,74.06,61.37,pr. 100.000 indb.,2023-2025,DST UHELDK1,social,tryghed,45.45
561,Esbjerg,traffic_accidents,131.17,34.65,pr. 100.000 indb.,2023-2025,DST UHELDK1,social,tryghed,45.45
740,Silkeborg,traffic_accidents,116.27,39.09,pr. 100.000 indb.,2023-2025,DST UHELDK1,social,tryghed,45.45
615,Horsens,traffic_accidents,131.17,34.65,pr. 100.000 indb.,2023-2025,DST UHELDK1,social,tryghed,45.45
563,Fanø,traffic_accidents,65.9,68.97,pr. 100.000 indb.,2023-2025,DST UHELDK1,social,tryghed,45.45
316,Holbæk,traffic_accidents,91.82,49.5,pr. 100.000 indb.,2023-2025,DST UHELDK1,social,tryghed,45.45
766,Hedensted,traffic_accidents,94.53,48.08,pr. 100.000 indb.,2023-2025,DST UHELDK1,social,tryghed,45.45
607,Fredericia,traffic_accidents,109.86,41.37,pr. 100.000 indb.,2023-2025,DST UHELDK1,social,tryghed,45.45
410,Middelfart,traffic_accidents,119.04,38.18,pr. 100.000 indb.,2023-2025,DST UHELDK1,social,tryghed,45.45
329,Ringsted,traffic_accidents,137.1,33.15,pr. 100.000 indb.,2023-2025,DST UHELDK1,social,tryghed,45.45
370,Næstved,traffic_accidents,86.23,52.71,pr. 100.000 indb.,2023-2025,DST UHELDK1,social,tryghed,45.45
851,Aalborg,traffic_accidents,88.06,51.61,pr. 100.000 indb.,2023-2025,DST UHELDK1,social,tryghed,45.45
810,Brønderslev,traffic_accidents,116.12,39.14,pr. 100.000 indb.,2023-2025,DST UHELDK1,social,tryghed,45.45
727,Odder,traffic_accidents,141.63,32.09,pr. 100.000 indb.,2023-2025,DST UHELDK1,social,tryghed,45.45
336,Stevns,traffic_accidents,124.01,36.65,pr. 100.000 indb.,2023-2025,DST UHELDK1,social,tryghed,45.45
751,Aarhus,traffic_accidents,88.42,51.4,pr. 100.000 indb.,2023-2025,DST UHELDK1,social,tryghed,45.45
813,Frederikshavn,traffic_accidents,74.39,61.1,pr. 100.000 indb.,2023-2025,DST UHELDK1,social,tryghed,45.45
161,Glostrup,traffic_accidents,102.8,44.21,pr. 100.000 indb.,2023-2025,DST UHELDK1,social,tryghed,45.45
270,Gribskov,traffic_accidents,98.08,46.34,pr. 100.000 indb.,2023-2025,DST UHELDK1,social,tryghed,45.45
860,Hjørring,traffic_accidents,61.1,74.39,pr. 100.000 indb.,2023-2025,DST UHELDK1,social,tryghed,45.45
165,Albertslund,traffic_accidents,150.0,29.95,pr. 100.000 indb.,2023-2025,DST UHELDK1,social,tryghed,45.45
479,Svendborg,traffic_accidents,92.68,49.04,pr. 100.000 indb.,2023-2025,DST UHELDK1,social,tryghed,45.45
791,Viborg,traffic_accidents,64.92,70.01,pr. 100.000 indb.,2023-2025,DST UHELDK1,social,tryghed,45.45
480,Nordfyns,traffic_accidents,122.31,37.16,pr. 100.000 indb.,2023-2025,DST UHELDK1,social,tryghed,45.45
706,Syddjurs,traffic_accidents,94.02,48.34,pr. 100.000 indb.,2023-2025,DST UHELDK1,social,tryghed,45.45
440,Kerteminde,traffic_accidents,148.43,30.62,pr. 100.000 indb.,2023-2025,DST UHELDK1,social,tryghed,45.45
630,Vejle,traffic_accidents,118.58,38.33,pr. 100.000 indb.,2023-2025,DST UHELDK1,social,tryghed,45.45
101,København,traffic_accidents,95.46,47.61,pr. 100.000 indb.,2023-2025,DST UHELDK1,social,tryghed,45.45
730,Randers,traffic_accidents,94.75,47.97,pr. 100.000 indb.,2023-2025,DST UHELDK1,social,tryghed,45.45
760,Ringkøbing-Skjern,traffic_accidents,64.3,70.68,pr. 100.000 indb.,2023-2025,DST UHELDK1,social,tryghed,45.45
430,Faaborg-Midtfyn,traffic_accidents,118.79,38.26,pr. 100.000 indb.,2023-2025,DST UHELDK1,social,tryghed,45.45
320,Faxe,traffic_accidents,74.48,61.02,pr. 100.000 indb.,2023-2025,DST UHELDK1,social,tryghed,45.45
169,Høje-Taastrup,traffic_accidents,150.0,29.72,pr. 100.000 indb.,2023-2025,DST UHELDK1,social,tryghed,45.45
573,Varde,traffic_accidents,77.96,58.3,pr. 100.000 indb.,2023-2025,DST UHELDK1,social,tryghed,45.45
621,Kolding,traffic_accidents,104.58,43.46,pr. 100.000 indb.,2023-2025,DST UHELDK1,social,tryghed,45.45
420,Assens,traffic_accidents,108.81,41.77,pr. 100.000 indb.,2023-2025,DST UHELDK1,social,tryghed,45.45
580,Aabenraa,traffic_accidents,85.26,53.31,pr. 100.000 indb.,2023-2025,DST UHELDK1,social,tryghed,45.45
787,Thisted,traffic_accidents,81.25,55.94,pr. 100.000 indb.,2023-2025,DST UHELDK1,social,tryghed,45.45
756,Ikast-Brande,traffic_accidents,121.56,37.39,pr. 100.000 indb.,2023-2025,DST UHELDK1,social,tryghed,45.45
461,Odense,traffic_accidents,148.58,30.59,pr. 100.000 indb.,2023-2025,DST UHELDK1,social,tryghed,45.45
779,Skive,traffic_accidents,74.22,61.24,pr. 100.000 indb.,2023-2025,DST UHELDK1,social,tryghed,45.45
450,Nyborg,traffic_accidents,75.84,59.93,pr. 100.000 indb.,2023-2025,DST UHELDK1,social,tryghed,45.45
846,Mariagerfjord,traffic_accidents,81.32,55.89,pr. 100.000 indb.,2023-2025,DST UHELDK1,social,tryghed,45.45
820,Vesthimmerlands,traffic_accidents,64.81,70.13,pr. 100.000 indb.,2023-2025,DST UHELDK1,social,tryghed,45.45
540,Sønderborg,traffic_accidents,90.36,50.3,pr. 100.000 indb.,2023-2025,DST UHELDK1,social,tryghed,45.45
400,Bornholm,traffic_accidents,66.1,68.76,pr. 100.000 indb.,2023-2025,DST UHELDK1,social,tryghed,45.45
510,Haderslev,traffic_accidents,98.08,46.34,pr. 100.000 indb.,2023-2025,DST UHELDK1,social,tryghed,45.45
671,Struer,traffic_accidents,127.03,35.78,pr. 100.000 indb.,2023-2025,DST UHELDK1,social,tryghed,45.45
665,Lemvig,traffic_accidents,54.24,83.8,pr. 100.000 indb.,2023-2025,DST UHELDK1,social,tryghed,45.45
707,Norddjurs,traffic_accidents,76.03,59.78,pr. 100.000 indb.,2023-2025,DST UHELDK1,social,tryghed,45.45
330,Slagelse,traffic_accidents,80.81,56.24,pr. 100.000 indb.,2023-2025,DST UHELDK1,social,tryghed,45.45
306,Odsherred,traffic_accidents,96.54,47.08,pr. 100.000 indb.,2023-2025,DST UHELDK1,social,tryghed,45.45
575,Vejen,traffic_accidents,84.56,53.75,pr. 100.000 indb.,2023-2025,DST UHELDK1,social,tryghed,45.45
376,Guldborgsund,traffic_accidents,78.28,58.06,pr. 100.000 indb.,2023-2025,DST UHELDK1,social,tryghed,45.45
849,Jammerbugt,traffic_accidents,53.63,84.75,pr. 100.000 indb.,2023-2025,DST UHELDK1,social,tryghed,45.45
326,Kalundborg,traffic_accidents,67.94,66.9,pr. 100.000 indb.,2023-2025,DST UHELDK1,social,tryghed,45.45
390,Vordingborg,traffic_accidents,83.69,54.31,pr. 100.000 indb.,2023-2025,DST UHELDK1,social,tryghed,45.45
550,Tønder,traffic_accidents,58.84,77.24,pr. 100.000 indb.,2023-2025,DST UHELDK1,social,tryghed,45.45
360,Lolland,traffic_accidents,74.93,60.66,pr. 100.000 indb.,2023-2025,DST UHELDK1,social,tryghed,45.45
741,Samsø,traffic_accidents,45.92,98.97,pr. 100.000 indb.,2023-2025,DST UHELDK1,social,tryghed,45.45
482,Langeland,traffic_accidents,127.7,35.59,pr. 100.000 indb.,2023-2025,DST UHELDK1,social,tryghed,45.45
201,Allerød,sports_membership,110.71,51.7,%,2025,DST IDRAKT02,social,lokalsamfund,46.7
153,Brøndby,sports_membership,65.31,30.5,%,2025,DST IDRAKT02,social,lokalsamfund,46.7
175,Rødovre,sports_membership,53.96,25.2,%,2025,DST IDRAKT02,social,lokalsamfund,46.7
155,Dragør,sports_membership,120.99,56.5,%,2025,DST IDRAKT02,social,lokalsamfund,46.7
190,Furesø,sports_membership,150.0,70.4,%,2025,DST IDRAKT02,social,lokalsamfund,46.7
167,Hvidovre,sports_membership,71.73,33.5,%,2025,DST IDRAKT02,social,lokalsamfund,46.7
230,Rudersdal,sports_membership,109.85,51.3,%,2025,DST IDRAKT02,social,lokalsamfund,46.7
746,Skanderborg,sports_membership,132.33,61.8,%,2025,DST IDRAKT02,social,lokalsamfund,46.7
269,Solrød,sports_membership,98.07,45.8,%,2025,DST IDRAKT02,social,lokalsamfund,46.7
265,Roskilde,sports_membership,132.12,61.7,%,2025,DST IDRAKT02,social,lokalsamfund,46.7
240,Egedal,sports_membership,99.79,46.6,%,2025,DST IDRAKT02,social,lokalsamfund,46.7
151,Ballerup,sports_membership,68.31,31.9,%,2025,DST IDRAKT02,social,lokalsamfund,46.7
223,Hørsholm,sports_membership,130.41,60.9,%,2025,DST IDRAKT02,social,lokalsamfund,46.7
185,Tårnby,sports_membership,86.94,40.6,%,2025,DST IDRAKT02,social,lokalsamfund,46.7
157,Gentofte,sports_membership,106.85,49.9,%,2025,DST IDRAKT02,social,lokalsamfund,46.7
350,Lejre,sports_membership,91.86,42.9,%,2025,DST IDRAKT02,social,lokalsamfund,46.7
163,Herlev,sports_membership,106.21,49.6,%,2025,DST IDRAKT02,social,lokalsamfund,46.7
173,Lyngby-Taarbæk,sports_membership,101.5,47.4,%,2025,DST IDRAKT02,social,lokalsamfund,46.7
210,Fredensborg,sports_membership,98.07,45.8,%,2025,DST IDRAKT02,social,lokalsamfund,46.7
183,Ishøj,sports_membership,77.73,36.3,%,2025,DST IDRAKT02,social,lokalsamfund,46.7
710,Favrskov,sports_membership,114.35,53.4,%,2025,DST IDRAKT02,social,lokalsamfund,46.7
530,Billund,sports_membership,136.83,63.9,%,2025,DST IDRAKT02,social,lokalsamfund,46.7
840,Rebild,sports_membership,112.85,52.7,%,2025,DST IDRAKT02,social,lokalsamfund,46.7
187,Vallensbæk,sports_membership,91.43,42.7,%,2025,DST IDRAKT02,social,lokalsamfund,46.7
253,Greve,sports_membership,113.7,53.1,%,2025,DST IDRAKT02,social,lokalsamfund,46.7
147,Frederiksberg,sports_membership,59.74,27.9,%,2025,DST IDRAKT02,social,lokalsamfund,46.7
259,Køge,sports_membership,112.21,52.4,%,2025,DST IDRAKT02,social,lokalsamfund,46.7
159,Gladsaxe,sports_membership,66.38,31.0,%,2025,DST IDRAKT02,social,lokalsamfund,46.7
217,Helsingør,sports_membership,88.01,41.1,%,2025,DST IDRAKT02,social,lokalsamfund,46.7
250,Frederikssund,sports_membership,91.01,42.5,%,2025,DST IDRAKT02,social,lokalsamfund,46.7
661,Holstebro,sports_membership,108.99,50.9,%,2025,DST IDRAKT02,social,lokalsamfund,46.7
825,Læsø,sports_membership,150.0,113.3,%,2025,DST IDRAKT02,social,lokalsamfund,46.7
657,Herning,sports_membership,114.56,53.5,%,2025,DST IDRAKT02,social,lokalsamfund,46.7
260,Halsnæs,sports_membership,80.94,37.8,%,2025,DST IDRAKT02,social,lokalsamfund,46.7
773,Morsø,sports_membership,100.86,47.1,%,2025,DST IDRAKT02,social,lokalsamfund,46.7
219,Hillerød,sports_membership,150.0,71.9,%,2025,DST IDRAKT02,social,lokalsamfund,46.7
340,Sorø,sports_membership,81.16,37.9,%,2025,DST IDRAKT02,social,lokalsamfund,46.7
492,Ærø,sports_membership,142.61,66.6,%,2025,DST IDRAKT02,social,lokalsamfund,46.7
561,Esbjerg,sports_membership,100.43,46.9,%,2025,DST IDRAKT02,social,lokalsamfund,46.7
740,Silkeborg,sports_membership,112.85,52.7,%,2025,DST IDRAKT02,social,lokalsamfund,46.7
615,Horsens,sports_membership,75.8,35.4,%,2025,DST IDRAKT02,social,lokalsamfund,46.7
563,Fanø,sports_membership,125.7,58.7,%,2025,DST IDRAKT02,social,lokalsamfund,46.7
316,Holbæk,sports_membership,94.43,44.1,%,2025,DST IDRAKT02,social,lokalsamfund,46.7
766,Hedensted,sports_membership,114.13,53.3,%,2025,DST IDRAKT02,social,lokalsamfund,46.7
607,Fredericia,sports_membership,100.64,47.0,%,2025,DST IDRAKT02,social,lokalsamfund,46.7
410,Middelfart,sports_membership,87.79,41.0,%,2025,DST IDRAKT02,social,lokalsamfund,46.7
329,Ringsted,sports_membership,79.44,37.1,%,2025,DST IDRAKT02,social,lokalsamfund,46.7
370,Næstved,sports_membership,66.38,31.0,%,2025,DST IDRAKT02,social,lokalsamfund,46.7
851,Aalborg,sports_membership,134.69,62.9,%,2025,DST IDRAKT02,social,lokalsamfund,46.7
810,Brønderslev,sports_membership,110.06,51.4,%,2025,DST IDRAKT02,social,lokalsamfund,46.7
727,Odder,sports_membership,100.43,46.9,%,2025,DST IDRAKT02,social,lokalsamfund,46.7
336,Stevns,sports_membership,105.35,49.2,%,2025,DST IDRAKT02,social,lokalsamfund,46.7
751,Aarhus,sports_membership,97.86,45.7,%,2025,DST IDRAKT02,social,lokalsamfund,46.7
813,Frederikshavn,sports_membership,131.91,61.6,%,2025,DST IDRAKT02,social,lokalsamfund,46.7
161,Glostrup,sports_membership,55.25,25.8,%,2025,DST IDRAKT02,social,lokalsamfund,46.7
270,Gribskov,sports_membership,103.64,48.4,%,2025,DST IDRAKT02,social,lokalsamfund,46.7
860,Hjørring,sports_membership,102.36,47.8,%,2025,DST IDRAKT02,social,lokalsamfund,46.7
165,Albertslund,sports_membership,150.0,110.1,%,2025,DST IDRAKT02,social,lokalsamfund,46.7
479,Svendborg,sports_membership,119.27,55.7,%,2025,DST IDRAKT02,social,lokalsamfund,46.7
791,Viborg,sports_membership,107.28,50.1,%,2025,DST IDRAKT02,social,lokalsamfund,46.7
480,Nordfyns,sports_membership,102.57,47.9,%,2025,DST IDRAKT02,social,lokalsamfund,46.7
706,Syddjurs,sports_membership,106.85,49.9,%,2025,DST IDRAKT02,social,lokalsamfund,46.7
440,Kerteminde,sports_membership,97.22,45.4,%,2025,DST IDRAKT02,social,lokalsamfund,46.7
630,Vejle,sports_membership,103.0,48.1,%,2025,DST IDRAKT02,social,lokalsamfund,46.7
101,København,sports_membership,90.36,42.2,%,2025,DST IDRAKT02,social,lokalsamfund,46.7
730,Randers,sports_membership,82.23,38.4,%,2025,DST IDRAKT02,social,lokalsamfund,46.7
760,Ringkøbing-Skjern,sports_membership,142.4,66.5,%,2025,DST IDRAKT02,social,lokalsamfund,46.7
430,Faaborg-Midtfyn,sports_membership,87.79,41.0,%,2025,DST IDRAKT02,social,lokalsamfund,46.7
320,Faxe,sports_membership,65.31,30.5,%,2025,DST IDRAKT02,social,lokalsamfund,46.7
169,Høje-Taastrup,sports_membership,70.66,33.0,%,2025,DST IDRAKT02,social,lokalsamfund,46.7
573,Varde,sports_membership,130.19,60.8,%,2025,DST IDRAKT02,social,lokalsamfund,46.7
621,Kolding,sports_membership,89.51,41.8,%,2025,DST IDRAKT02,social,lokalsamfund,46.7
420,Assens,sports_membership,89.94,42.0,%,2025,DST IDRAKT02,social,lokalsamfund,46.7
580,Aabenraa,sports_membership,81.37,38.0,%,2025,DST IDRAKT02,social,lokalsamfund,46.7
787,Thisted,sports_membership,106.0,49.5,%,2025,DST IDRAKT02,social,lokalsamfund,46.7
756,Ikast-Brande,sports_membership,98.5,46.0,%,2025,DST IDRAKT02,social,lokalsamfund,46.7
461,Odense,sports_membership,99.79,46.6,%,2025,DST IDRAKT02,social,lokalsamfund,46.7
779,Skive,sports_membership,108.99,50.9,%,2025,DST IDRAKT02,social,lokalsamfund,46.7
450,Nyborg,sports_membership,110.92,51.8,%,2025,DST IDRAKT02,social,lokalsamfund,46.7
846,Mariagerfjord,sports_membership,89.94,42.0,%,2025,DST IDRAKT02,social,lokalsamfund,46.7
820,Vesthimmerlands,sports_membership,119.06,55.6,%,2025,DST IDRAKT02,social,lokalsamfund,46.7
540,Sønderborg,sports_membership,88.22,41.2,%,2025,DST IDRAKT02,social,lokalsamfund,46.7
400,Bornholm,sports_membership,130.19,60.8,%,2025,DST IDRAKT02,social,lokalsamfund,46.7
510,Haderslev,sports_membership,98.29,45.9,%,2025,DST IDRAKT02,social,lokalsamfund,46.7
671,Struer,sports_membership,102.14,47.7,%,2025,DST IDRAKT02,social,lokalsamfund,46.7
665,Lemvig,sports_membership,150.0,88.7,%,2025,DST IDRAKT02,social,lokalsamfund,46.7
707,Norddjurs,sports_membership,80.73,37.7,%,2025,DST IDRAKT02,social,lokalsamfund,46.7
330,Slagelse,sports_membership,76.87,35.9,%,2025,DST IDRAKT02,social,lokalsamfund,46.7
306,Odsherred,sports_membership,106.85,49.9,%,2025,DST IDRAKT02,social,lokalsamfund,46.7
575,Vejen,sports_membership,86.3,40.3,%,2025,DST IDRAKT02,social,lokalsamfund,46.7
376,Guldborgsund,sports_membership,90.36,42.2,%,2025,DST IDRAKT02,social,lokalsamfund,46.7
849,Jammerbugt,sports_membership,117.99,55.1,%,2025,DST IDRAKT02,social,lokalsamfund,46.7
326,Kalundborg,sports_membership,93.15,43.5,%,2025,DST IDRAKT02,social,lokalsamfund,46.7
390,Vordingborg,sports_membership,75.59,35.3,%,2025,DST IDRAKT02,social,lokalsamfund,46.7
550,Tønder,sports_membership,88.44,41.3,%,2025,DST IDRAKT02,social,lokalsamfund,46.7
360,Lolland,sports_membership,70.88,33.1,%,2025,DST IDRAKT02,social,lokalsamfund,46.7
741,Samsø,sports_membership,150.0,98.4,%,2025,DST IDRAKT02,social,lokalsamfund,46.7
482,Langeland,sports_membership,97.86,45.7,%,2025,DST IDRAKT02,social,lokalsamfund,46.7
201,Allerød,class_size,93.09,21.7,elever/klasse,2025,DST KVOTIEN,social,uddannelse,20.2
153,Brøndby,class_size,95.28,21.2,elever/klasse,2025,DST KVOTIEN,social,uddannelse,20.2
175,Rødovre,class_size,96.65,20.9,elever/klasse,2025,DST KVOTIEN,social,uddannelse,20.2
155,Dragør,class_size,90.99,22.2,elever/klasse,2025,DST KVOTIEN,social,uddannelse,20.2
190,Furesø,class_size,88.6,22.8,elever/klasse,2025,DST KVOTIEN,social,uddannelse,20.2
167,Hvidovre,class_size,92.66,21.8,elever/klasse,2025,DST KVOTIEN,social,uddannelse,20.2
230,Rudersdal,class_size,95.73,21.1,elever/klasse,2025,DST KVOTIEN,social,uddannelse,20.2
746,Skanderborg,class_size,99.51,20.3,elever/klasse,2025,DST KVOTIEN,social,uddannelse,20.2
269,Solrød,class_size,87.83,23.0,elever/klasse,2025,DST KVOTIEN,social,uddannelse,20.2
265,Roskilde,class_size,99.51,20.3,elever/klasse,2025,DST KVOTIEN,social,uddannelse,20.2
240,Egedal,class_size,89.38,22.6,elever/klasse,2025,DST KVOTIEN,social,uddannelse,20.2
151,Ballerup,class_size,92.24,21.9,elever/klasse,2025,DST KVOTIEN,social,uddannelse,20.2
223,Hørsholm,class_size,94.84,21.3,elever/klasse,2025,DST KVOTIEN,social,uddannelse,20.2
185,Tårnby,class_size,95.73,21.1,elever/klasse,2025,DST KVOTIEN,social,uddannelse,20.2
157,Gentofte,class_size,90.18,22.4,elever/klasse,2025,DST KVOTIEN,social,uddannelse,20.2
350,Lejre,class_size,97.12,20.8,elever/klasse,2025,DST KVOTIEN,social,uddannelse,20.2
163,Herlev,class_size,99.51,20.3,elever/klasse,2025,DST KVOTIEN,social,uddannelse,20.2
173,Lyngby-Taarbæk,class_size,94.39,21.4,elever/klasse,2025,DST KVOTIEN,social,uddannelse,20.2
210,Fredensborg,class_size,94.39,21.4,elever/klasse,2025,DST KVOTIEN,social,uddannelse,20.2
183,Ishøj,class_size,94.39,21.4,elever/klasse,2025,DST KVOTIEN,social,uddannelse,20.2
710,Favrskov,class_size,105.76,19.1,elever/klasse,2025,DST KVOTIEN,social,uddannelse,20.2
530,Billund,class_size,104.66,19.3,elever/klasse,2025,DST KVOTIEN,social,uddannelse,20.2
840,Rebild,class_size,104.12,19.4,elever/klasse,2025,DST KVOTIEN,social,uddannelse,20.2
187,Vallensbæk,class_size,90.58,22.3,elever/klasse,2025,DST KVOTIEN,social,uddannelse,20.2
253,Greve,class_size,92.24,21.9,elever/klasse,2025,DST KVOTIEN,social,uddannelse,20.2
147,Frederiksberg,class_size,93.95,21.5,elever/klasse,2025,DST KVOTIEN,social,uddannelse,20.2
259,Køge,class_size,96.65,20.9,elever/klasse,2025,DST KVOTIEN,social,uddannelse,20.2
159,Gladsaxe,class_size,92.24,21.9,elever/klasse,2025,DST KVOTIEN,social,uddannelse,20.2
217,Helsingør,class_size,95.73,21.1,elever/klasse,2025,DST KVOTIEN,social,uddannelse,20.2
250,Frederikssund,class_size,101.51,19.9,elever/klasse,2025,DST KVOTIEN,social,uddannelse,20.2
661,Holstebro,class_size,102.54,19.7,elever/klasse,2025,DST KVOTIEN,social,uddannelse,20.2
825,Læsø,class_size,150.0,13.0,elever/klasse,2025,DST KVOTIEN,social,uddannelse,20.2
657,Herning,class_size,106.32,19.0,elever/klasse,2025,DST KVOTIEN,social,uddannelse,20.2
260,Halsnæs,class_size,102.02,19.8,elever/klasse,2025,DST KVOTIEN,social,uddannelse,20.2
773,Morsø,class_size,109.78,18.4,elever/klasse,2025,DST KVOTIEN,social,uddannelse,20.2
219,Hillerød,class_size,97.12,20.8,elever/klasse,2025,DST KVOTIEN,social,uddannelse,20.2
340,Sorø,class_size,101.51,19.9,elever/klasse,2025,DST KVOTIEN,social,uddannelse,20.2
492,Ærø,class_size,120.24,16.8,elever/klasse,2025,DST KVOTIEN,social,uddannelse,20.2
561,Esbjerg,class_size,98.06,20.6,elever/klasse,2025,DST KVOTIEN,social,uddannelse,20.2
740,Silkeborg,class_size,96.19,21.0,elever/klasse,2025,DST KVOTIEN,social,uddannelse,20.2
615,Horsens,class_size,90.58,22.3,elever/klasse,2025,DST KVOTIEN,social,uddannelse,20.2
563,Fanø,class_size,113.48,17.8,elever/klasse,2025,DST KVOTIEN,social,uddannelse,20.2
316,Holbæk,class_size,104.12,19.4,elever/klasse,2025,DST KVOTIEN,social,uddannelse,20.2
766,Hedensted,class_size,112.85,17.9,elever/klasse,2025,DST KVOTIEN,social,uddannelse,20.2
607,Fredericia,class_size,98.06,20.6,elever/klasse,2025,DST KVOTIEN,social,uddannelse,20.2
410,Middelfart,class_size,100.0,20.2,elever/klasse,2025,DST KVOTIEN,social,uddannelse,20.2
329,Ringsted,class_size,105.21,19.2,elever/klasse,2025,DST KVOTIEN,social,uddannelse,20.2
370,Næstved,class_size,102.02,19.8,elever/klasse,2025,DST KVOTIEN,social,uddannelse,20.2
851,Aalborg,class_size,99.51,20.3,elever/klasse,2025,DST KVOTIEN,social,uddannelse,20.2
810,Brønderslev,class_size,106.32,19.0,elever/klasse,2025,DST KVOTIEN,social,uddannelse,20.2
727,Odder,class_size,103.06,19.6,elever/klasse,2025,DST KVOTIEN,social,uddannelse,20.2
336,Stevns,class_size,103.59,19.5,elever/klasse,2025,DST KVOTIEN,social,uddannelse,20.2
751,Aarhus,class_size,94.39,21.4,elever/klasse,2025,DST KVOTIEN,social,uddannelse,20.2
813,Frederikshavn,class_size,108.02,18.7,elever/klasse,2025,DST KVOTIEN,social,uddannelse,20.2
161,Glostrup,class_size,101.51,19.9,elever/klasse,2025,DST KVOTIEN,social,uddannelse,20.2
270,Gribskov,class_size,107.45,18.8,elever/klasse,2025,DST KVOTIEN,social,uddannelse,20.2
860,Hjørring,class_size,109.19,18.5,elever/klasse,2025,DST KVOTIEN,social,uddannelse,20.2
165,Albertslund,class_size,94.39,21.4,elever/klasse,2025,DST KVOTIEN,social,uddannelse,20.2
479,Svendborg,class_size,94.39,21.4,elever/klasse,2025,DST KVOTIEN,social,uddannelse,20.2
791,Viborg,class_size,99.51,20.3,elever/klasse,2025,DST KVOTIEN,social,uddannelse,20.2
480,Nordfyns,class_size,104.12,19.4,elever/klasse,2025,DST KVOTIEN,social,uddannelse,20.2
706,Syddjurs,class_size,102.02,19.8,elever/klasse,2025,DST KVOTIEN,social,uddannelse,20.2
440,Kerteminde,class_size,100.0,20.2,elever/klasse,2025,DST KVOTIEN,social,uddannelse,20.2
630,Vejle,class_size,98.54,20.5,elever/klasse,2025,DST KVOTIEN,social,uddannelse,20.2
101,København,class_size,93.52,21.6,elever/klasse,2025,DST KVOTIEN,social,uddannelse,20.2
730,Randers,class_size,96.65,20.9,elever/klasse,2025,DST KVOTIEN,social,uddannelse,20.2
760,Ringkøbing-Skjern,class_size,116.09,17.4,elever/klasse,2025,DST KVOTIEN,social,uddannelse,20.2
430,Faaborg-Midtfyn,class_size,116.09,17.4,elever/klasse,2025,DST KVOTIEN,social,uddannelse,20.2
320,Faxe,class_size,106.88,18.9,elever/klasse,2025,DST KVOTIEN,social,uddannelse,20.2
169,Høje-Taastrup,class_size,97.12,20.8,elever/klasse,2025,DST KVOTIEN,social,uddannelse,20.2
573,Varde,class_size,103.06,19.6,elever/klasse,2025,DST KVOTIEN,social,uddannelse,20.2
621,Kolding,class_size,99.51,20.3,elever/klasse,2025,DST KVOTIEN,social,uddannelse,20.2
420,Assens,class_size,106.32,19.0,elever/klasse,2025,DST KVOTIEN,social,uddannelse,20.2
580,Aabenraa,class_size,118.13,17.1,elever/klasse,2025,DST KVOTIEN,social,uddannelse,20.2
787,Thisted,class_size,127.04,15.9,elever/klasse,2025,DST KVOTIEN,social,uddannelse,20.2
756,Ikast-Brande,class_size,104.66,19.3,elever/klasse,2025,DST KVOTIEN,social,uddannelse,20.2
461,Odense,class_size,94.39,21.4,elever/klasse,2025,DST KVOTIEN,social,uddannelse,20.2
779,Skive,class_size,119.53,16.9,elever/klasse,2025,DST KVOTIEN,social,uddannelse,20.2
450,Nyborg,class_size,103.06,19.6,elever/klasse,2025,DST KVOTIEN,social,uddannelse,20.2
846,Mariagerfjord,class_size,105.21,19.2,elever/klasse,2025,DST KVOTIEN,social,uddannelse,20.2
820,Vesthimmerlands,class_size,115.43,17.5,elever/klasse,2025,DST KVOTIEN,social,uddannelse,20.2
540,Sønderborg,class_size,109.19,18.5,elever/klasse,2025,DST KVOTIEN,social,uddannelse,20.2
400,Bornholm,class_size,107.45,18.8,elever/klasse,2025,DST KVOTIEN,social,uddannelse,20.2
510,Haderslev,class_size,107.45,18.8,elever/klasse,2025,DST KVOTIEN,social,uddannelse,20.2
671,Struer,class_size,118.13,17.1,elever/klasse,2025,DST KVOTIEN,social,uddannelse,20.2
665,Lemvig,class_size,127.85,15.8,elever/klasse,2025,DST KVOTIEN,social,uddannelse,20.2
707,Norddjurs,class_size,107.45,18.8,elever/klasse,2025,DST KVOTIEN,social,uddannelse,20.2
330,Slagelse,class_size,97.12,20.8,elever/klasse,2025,DST KVOTIEN,social,uddannelse,20.2
306,Odsherred,class_size,121.69,16.6,elever/klasse,2025,DST KVOTIEN,social,uddannelse,20.2
575,Vejen,class_size,107.45,18.8,elever/klasse,2025,DST KVOTIEN,social,uddannelse,20.2
376,Guldborgsund,class_size,104.66,19.3,elever/klasse,2025,DST KVOTIEN,social,uddannelse,20.2
849,Jammerbugt,class_size,120.96,16.7,elever/klasse,2025,DST KVOTIEN,social,uddannelse,20.2
326,Kalundborg,class_size,121.69,16.6,elever/klasse,2025,DST KVOTIEN,social,uddannelse,20.2
390,Vordingborg,class_size,114.12,17.7,elever/klasse,2025,DST KVOTIEN,social,uddannelse,20.2
550,Tønder,class_size,120.24,16.8,elever/klasse,2025,DST KVOTIEN,social,uddannelse,20.2
360,Lolland,class_size,100.5,20.1,elever/klasse,2025,DST KVOTIEN,social,uddannelse,20.2
741,Samsø,class_size,150.0,12.6,elever/klasse,2025,DST KVOTIEN,social,uddannelse,20.2
482,Langeland,class_size,109.78,18.4,elever/klasse,2025,DST KVOTIEN,social,uddannelse,20.2
201,Allerød,daycare_ratio,105.45,5.5,børn/voksen,2024,DST BOERN8,social,uddannelse,5.8
153,Brøndby,daycare_ratio,109.43,5.3,børn/voksen,2024,DST BOERN8,social,uddannelse,5.8
175,Rødovre,daycare_ratio,100.0,5.8,børn/voksen,2024,DST BOERN8,social,uddannelse,5.8
155,Dragør,daycare_ratio,95.08,6.1,børn/voksen,2024,DST BOERN8,social,uddannelse,5.8
190,Furesø,daycare_ratio,103.57,5.6,børn/voksen,2024,DST BOERN8,social,uddannelse,5.8
167,Hvidovre,daycare_ratio,100.0,5.8,børn/voksen,2024,DST BOERN8,social,uddannelse,5.8
230,Rudersdal,daycare_ratio,100.0,5.8,børn/voksen,2024,DST BOERN8,social,uddannelse,5.8
746,Skanderborg,daycare_ratio,96.67,6.0,børn/voksen,2024,DST BOERN8,social,uddannelse,5.8
269,Solrød,daycare_ratio,100.0,5.8,børn/voksen,2024,DST BOERN8,social,uddannelse,5.8
265,Roskilde,daycare_ratio,96.67,6.0,børn/voksen,2024,DST BOERN8,social,uddannelse,5.8
240,Egedal,daycare_ratio,93.55,6.2,børn/voksen,2024,DST BOERN8,social,uddannelse,5.8
151,Ballerup,daycare_ratio,101.75,5.7,børn/voksen,2024,DST BOERN8,social,uddannelse,5.8
223,Hørsholm,daycare_ratio,105.45,5.5,børn/voksen,2024,DST BOERN8,social,uddannelse,5.8
185,Tårnby,daycare_ratio,100.0,5.8,børn/voksen,2024,DST BOERN8,social,uddannelse,5.8
157,Gentofte,daycare_ratio,98.31,5.9,børn/voksen,2024,DST BOERN8,social,uddannelse,5.8
350,Lejre,daycare_ratio,101.75,5.7,børn/voksen,2024,DST BOERN8,social,uddannelse,5.8
163,Herlev,daycare_ratio,105.45,5.5,børn/voksen,2024,DST BOERN8,social,uddannelse,5.8
173,Lyngby-Taarbæk,daycare_ratio,103.57,5.6,børn/voksen,2024,DST BOERN8,social,uddannelse,5.8
210,Fredensborg,daycare_ratio,95.08,6.1,børn/voksen,2024,DST BOERN8,social,uddannelse,5.8
183,Ishøj,daycare_ratio,98.31,5.9,børn/voksen,2024,DST BOERN8,social,uddannelse,5.8
710,Favrskov,daycare_ratio,103.57,5.6,børn/voksen,2024,DST BOERN8,social,uddannelse,5.8
530,Billund,daycare_ratio,98.31,5.9,børn/voksen,2024,DST BOERN8,social,uddannelse,5.8
840,Rebild,daycare_ratio,92.06,6.3,børn/voksen,2024,DST BOERN8,social,uddannelse,5.8
187,Vallensbæk,daycare_ratio,101.75,5.7,børn/voksen,2024,DST BOERN8,social,uddannelse,5.8
253,Greve,daycare_ratio,98.31,5.9,børn/voksen,2024,DST BOERN8,social,uddannelse,5.8
147,Frederiksberg,daycare_ratio,98.31,5.9,børn/voksen,2024,DST BOERN8,social,uddannelse,5.8
259,Køge,daycare_ratio,101.75,5.7,børn/voksen,2024,DST BOERN8,social,uddannelse,5.8
159,Gladsaxe,daycare_ratio,98.31,5.9,børn/voksen,2024,DST BOERN8,social,uddannelse,5.8
217,Helsingør,daycare_ratio,96.67,6.0,børn/voksen,2024,DST BOERN8,social,uddannelse,5.8
250,Frederikssund,daycare_ratio,103.57,5.6,børn/voksen,2024,DST BOERN8,social,uddannelse,5.8
661,Holstebro,daycare_ratio,96.67,6.0,børn/voksen,2024,DST BOERN8,social,uddannelse,5.8
825,Læsø,daycare_ratio,109.43,5.3,børn/voksen,2024,DST BOERN8,social,uddannelse,5.8
657,Herning,daycare_ratio,95.08,6.1,børn/voksen,2024,DST BOERN8,social,uddannelse,5.8
260,Halsnæs,daycare_ratio,109.43,5.3,børn/voksen,2024,DST BOERN8,social,uddannelse,5.8
773,Morsø,daycare_ratio,111.54,5.2,børn/voksen,2024,DST BOERN8,social,uddannelse,5.8
219,Hillerød,daycare_ratio,100.0,5.8,børn/voksen,2024,DST BOERN8,social,uddannelse,5.8
340,Sorø,daycare_ratio,100.0,5.8,børn/voksen,2024,DST BOERN8,social,uddannelse,5.8
492,Ærø,daycare_ratio,118.37,4.9,børn/voksen,2024,DST BOERN8,social,uddannelse,5.8
561,Esbjerg,daycare_ratio,100.0,5.8,børn/voksen,2024,DST BOERN8,social,uddannelse,5.8
740,Silkeborg,daycare_ratio,95.08,6.1,børn/voksen,2024,DST BOERN8,social,uddannelse,5.8
615,Horsens,daycare_ratio,95.08,6.1,børn/voksen,2024,DST BOERN8,social,uddannelse,5.8
563,Fanø,daycare_ratio,98.31,5.9,børn/voksen,2024,DST BOERN8,social,uddannelse,5.8
316,Holbæk,daycare_ratio,92.06,6.3,børn/voksen,2024,DST BOERN8,social,uddannelse,5.8
766,Hedensted,daycare_ratio,103.57,5.6,børn/voksen,2024,DST BOERN8,social,uddannelse,5.8
607,Fredericia,daycare_ratio,111.54,5.2,børn/voksen,2024,DST BOERN8,social,uddannelse,5.8
410,Middelfart,daycare_ratio,103.57,5.6,børn/voksen,2024,DST BOERN8,social,uddannelse,5.8
329,Ringsted,daycare_ratio,96.67,6.0,børn/voksen,2024,DST BOERN8,social,uddannelse,5.8
370,Næstved,daycare_ratio,98.31,5.9,børn/voksen,2024,DST BOERN8,social,uddannelse,5.8
851,Aalborg,daycare_ratio,98.31,5.9,børn/voksen,2024,DST BOERN8,social,uddannelse,5.8
810,Brønderslev,daycare_ratio,100.0,5.8,børn/voksen,2024,DST BOERN8,social,uddannelse,5.8
727,Odder,daycare_ratio,96.67,6.0,børn/voksen,2024,DST BOERN8,social,uddannelse,5.8
336,Stevns,daycare_ratio,103.57,5.6,børn/voksen,2024,DST BOERN8,social,uddannelse,5.8
751,Aarhus,daycare_ratio,100.0,5.8,børn/voksen,2024,DST BOERN8,social,uddannelse,5.8
813,Frederikshavn,daycare_ratio,96.67,6.0,børn/voksen,2024,DST BOERN8,social,uddannelse,5.8
161,Glostrup,daycare_ratio,95.08,6.1,børn/voksen,2024,DST BOERN8,social,uddannelse,5.8
270,Gribskov,daycare_ratio,105.45,5.5,børn/voksen,2024,DST BOERN8,social,uddannelse,5.8
860,Hjørring,daycare_ratio,96.67,6.0,børn/voksen,2024,DST BOERN8,social,uddannelse,5.8
165,Albertslund,daycare_ratio,100.0,5.8,børn/voksen,2024,DST BOERN8,social,uddannelse,5.8
479,Svendborg,daycare_ratio,103.57,5.6,børn/voksen,2024,DST BOERN8,social,uddannelse,5.8
791,Viborg,daycare_ratio,92.06,6.3,børn/voksen,2024,DST BOERN8,social,uddannelse,5.8
480,Nordfyns,daycare_ratio,98.31,5.9,børn/voksen,2024,DST BOERN8,social,uddannelse,5.8
706,Syddjurs,daycare_ratio,101.75,5.7,børn/voksen,2024,DST BOERN8,social,uddannelse,5.8
440,Kerteminde,daycare_ratio,101.75,5.7,børn/voksen,2024,DST BOERN8,social,uddannelse,5.8
630,Vejle,daycare_ratio,107.41,5.4,børn/voksen,2024,DST BOERN8,social,uddannelse,5.8
101,København,daycare_ratio,96.67,6.0,børn/voksen,2024,DST BOERN8,social,uddannelse,5.8
730,Randers,daycare_ratio,103.57,5.6,børn/voksen,2024,DST BOERN8,social,uddannelse,5.8
760,Ringkøbing-Skjern,daycare_ratio,96.67,6.0,børn/voksen,2024,DST BOERN8,social,uddannelse,5.8
430,Faaborg-Midtfyn,daycare_ratio,100.0,5.8,børn/voksen,2024,DST BOERN8,social,uddannelse,5.8
320,Faxe,daycare_ratio,96.67,6.0,børn/voksen,2024,DST BOERN8,social,uddannelse,5.8
169,Høje-Taastrup,daycare_ratio,103.57,5.6,børn/voksen,2024,DST BOERN8,social,uddannelse,5.8
573,Varde,daycare_ratio,103.57,5.6,børn/voksen,2024,DST BOERN8,social,uddannelse,5.8
621,Kolding,daycare_ratio,98.31,5.9,børn/voksen,2024,DST BOERN8,social,uddannelse,5.8
420,Assens,daycare_ratio,100.0,5.8,børn/voksen,2024,DST BOERN8,social,uddannelse,5.8
580,Aabenraa,daycare_ratio,103.57,5.6,børn/voksen,2024,DST BOERN8,social,uddannelse,5.8
787,Thisted,daycare_ratio,93.55,6.2,børn/voksen,2024,DST BOERN8,social,uddannelse,5.8
756,Ikast-Brande,daycare_ratio,93.55,6.2,børn/voksen,2024,DST BOERN8,social,uddannelse,5.8
461,Odense,daycare_ratio,98.31,5.9,børn/voksen,2024,DST BOERN8,social,uddannelse,5.8
779,Skive,daycare_ratio,101.75,5.7,børn/voksen,2024,DST BOERN8,social,uddannelse,5.8
450,Nyborg,daycare_ratio,98.31,5.9,børn/voksen,2024,DST BOERN8,social,uddannelse,5.8
846,Mariagerfjord,daycare_ratio,98.31,5.9,børn/voksen,2024,DST BOERN8,social,uddannelse,5.8
820,Vesthimmerlands,daycare_ratio,107.41,5.4,børn/voksen,2024,DST BOERN8,social,uddannelse,5.8
540,Sønderborg,daycare_ratio,103.57,5.6,børn/voksen,2024,DST BOERN8,social,uddannelse,5.8
400,Bornholm,daycare_ratio,118.37,4.9,børn/voksen,2024,DST BOERN8,social,uddannelse,5.8
510,Haderslev,daycare_ratio,111.54,5.2,børn/voksen,2024,DST BOERN8,social,uddannelse,5.8
671,Struer,daycare_ratio,100.0,5.8,børn/voksen,2024,DST BOERN8,social,uddannelse,5.8
665,Lemvig,daycare_ratio,103.57,5.6,børn/voksen,2024,DST BOERN8,social,uddannelse,5.8
707,Norddjurs,daycare_ratio,101.75,5.7,børn/voksen,2024,DST BOERN8,social,uddannelse,5.8
330,Slagelse,daycare_ratio,98.31,5.9,børn/voksen,2024,DST BOERN8,social,uddannelse,5.8
306,Odsherred,daycare_ratio,113.73,5.1,børn/voksen,2024,DST BOERN8,social,uddannelse,5.8
575,Vejen,daycare_ratio,101.75,5.7,børn/voksen,2024,DST BOERN8,social,uddannelse,5.8
376,Guldborgsund,daycare_ratio,95.08,6.1,børn/voksen,2024,DST BOERN8,social,uddannelse,5.8
849,Jammerbugt,daycare_ratio,101.75,5.7,børn/voksen,2024,DST BOERN8,social,uddannelse,5.8
326,Kalundborg,daycare_ratio,95.08,6.1,børn/voksen,2024,DST BOERN8,social,uddannelse,5.8
390,Vordingborg,daycare_ratio,96.67,6.0,børn/voksen,2024,DST BOERN8,social,uddannelse,5.8
550,Tønder,daycare_ratio,109.43,5.3,børn/voksen,2024,DST BOERN8,social,uddannelse,5.8
360,Lolland,daycare_ratio,116.0,5.0,børn/voksen,2024,DST BOERN8,social,uddannelse,5.8
741,Samsø,daycare_ratio,148.72,3.9,børn/voksen,2024,DST BOERN8,social,uddannelse,5.8
482,Langeland,daycare_ratio,138.1,4.2,børn/voksen,2024,DST BOERN8,social,uddannelse,5.8
201,Allerød,social_stoette,150.0,3.1,%,2025,Sundhedsprofilen 2025,social,lokalsamfund,5.20337
153,Brøndby,social_stoette,70.32,7.4,%,2025,Sundhedsprofilen 2025,social,lokalsamfund,5.20337
175,Rødovre,social_stoette,85.3,6.1,%,2025,Sundhedsprofilen 2025,social,lokalsamfund,5.20337
155,Dragør,social_stoette,110.71,4.7,%,2025,Sundhedsprofilen 2025,social,lokalsamfund,5.20337
190,Furesø,social_stoette,106.19,4.9,%,2025,Sundhedsprofilen 2025,social,lokalsamfund,5.20337
167,Hvidovre,social_stoette,106.19,4.9,%,2025,Sundhedsprofilen 2025,social,lokalsamfund,5.20337
230,Rudersdal,social_stoette,104.07,5.0,%,2025,Sundhedsprofilen 2025,social,lokalsamfund,5.20337
746,Skanderborg,social_stoette,126.91,4.1,%,2025,Sundhedsprofilen 2025,social,lokalsamfund,5.20337
269,Solrød,social_stoette,123.89,4.2,%,2025,Sundhedsprofilen 2025,social,lokalsamfund,5.20337
265,Roskilde,social_stoette,150.0,3.4,%,2025,Sundhedsprofilen 2025,social,lokalsamfund,5.20337
240,Egedal,social_stoette,150.0,3.4,%,2025,Sundhedsprofilen 2025,social,lokalsamfund,5.20337
151,Ballerup,social_stoette,113.12,4.6,%,2025,Sundhedsprofilen 2025,social,lokalsamfund,5.20337
223,Hørsholm,social_stoette,123.89,4.2,%,2025,Sundhedsprofilen 2025,social,lokalsamfund,5.20337
185,Tårnby,social_stoette,94.61,5.5,%,2025,Sundhedsprofilen 2025,social,lokalsamfund,5.20337
157,Gentofte,social_stoette,123.89,4.2,%,2025,Sundhedsprofilen 2025,social,lokalsamfund,5.20337
350,Lejre,social_stoette,150.0,3.4,%,2025,Sundhedsprofilen 2025,social,lokalsamfund,5.20337
163,Herlev,social_stoette,92.92,5.6,%,2025,Sundhedsprofilen 2025,social,lokalsamfund,5.20337
173,Lyngby-Taarbæk,social_stoette,121.01,4.3,%,2025,Sundhedsprofilen 2025,social,lokalsamfund,5.20337
210,Fredensborg,social_stoette,104.07,5.0,%,2025,Sundhedsprofilen 2025,social,lokalsamfund,5.20337
183,Ishøj,social_stoette,57.18,9.1,%,2025,Sundhedsprofilen 2025,social,lokalsamfund,5.20337
710,Favrskov,social_stoette,113.12,4.6,%,2025,Sundhedsprofilen 2025,social,lokalsamfund,5.20337
530,Billund,social_stoette,80.05,6.5,%,2025,Sundhedsprofilen 2025,social,lokalsamfund,5.20337
840,Rebild,social_stoette,113.12,4.6,%,2025,Sundhedsprofilen 2025,social,lokalsamfund,5.20337
187,Vallensbæk,social_stoette,100.06,5.2,%,2025,Sundhedsprofilen 2025,social,lokalsamfund,5.20337
253,Greve,social_stoette,82.59,6.3,%,2025,Sundhedsprofilen 2025,social,lokalsamfund,5.20337
147,Frederiksberg,social_stoette,121.01,4.3,%,2025,Sundhedsprofilen 2025,social,lokalsamfund,5.20337
259,Køge,social_stoette,123.89,4.2,%,2025,Sundhedsprofilen 2025,social,lokalsamfund,5.20337
159,Gladsaxe,social_stoette,80.05,6.5,%,2025,Sundhedsprofilen 2025,social,lokalsamfund,5.20337
217,Helsingør,social_stoette,150.0,3.3,%,2025,Sundhedsprofilen 2025,social,lokalsamfund,5.20337
250,Frederikssund,social_stoette,86.72,6.0,%,2025,Sundhedsprofilen 2025,social,lokalsamfund,5.20337
661,Holstebro,social_stoette,89.71,5.8,%,2025,Sundhedsprofilen 2025,social,lokalsamfund,5.20337
825,Læsø,social_stoette,74.33,7.0,%,2025,Sundhedsprofilen 2025,social,lokalsamfund,5.20337
657,Herning,social_stoette,96.36,5.4,%,2025,Sundhedsprofilen 2025,social,lokalsamfund,5.20337
260,Halsnæs,social_stoette,100.06,5.2,%,2025,Sundhedsprofilen 2025,social,lokalsamfund,5.20337
773,Morsø,social_stoette,121.01,4.3,%,2025,Sundhedsprofilen 2025,social,lokalsamfund,5.20337
219,Hillerød,social_stoette,98.18,5.3,%,2025,Sundhedsprofilen 2025,social,lokalsamfund,5.20337
340,Sorø,social_stoette,118.26,4.4,%,2025,Sundhedsprofilen 2025,social,lokalsamfund,5.20337
492,Ærø,social_stoette,126.91,4.1,%,2025,Sundhedsprofilen 2025,social,lokalsamfund,5.20337
561,Esbjerg,social_stoette,96.36,5.4,%,2025,Sundhedsprofilen 2025,social,lokalsamfund,5.20337
740,Silkeborg,social_stoette,86.72,6.0,%,2025,Sundhedsprofilen 2025,social,lokalsamfund,5.20337
615,Horsens,social_stoette,88.19,5.9,%,2025,Sundhedsprofilen 2025,social,lokalsamfund,5.20337
563,Fanø,social_stoette,106.19,4.9,%,2025,Sundhedsprofilen 2025,social,lokalsamfund,5.20337
316,Holbæk,social_stoette,92.92,5.6,%,2025,Sundhedsprofilen 2025,social,lokalsamfund,5.20337
766,Hedensted,social_stoette,88.19,5.9,%,2025,Sundhedsprofilen 2025,social,lokalsamfund,5.20337
607,Fredericia,social_stoette,77.66,6.7,%,2025,Sundhedsprofilen 2025,social,lokalsamfund,5.20337
410,Middelfart,social_stoette,89.71,5.8,%,2025,Sundhedsprofilen 2025,social,lokalsamfund,5.20337
329,Ringsted,social_stoette,75.41,6.9,%,2025,Sundhedsprofilen 2025,social,lokalsamfund,5.20337
370,Næstved,social_stoette,115.63,4.5,%,2025,Sundhedsprofilen 2025,social,lokalsamfund,5.20337
851,Aalborg,social_stoette,115.63,4.5,%,2025,Sundhedsprofilen 2025,social,lokalsamfund,5.20337
810,Brønderslev,social_stoette,78.84,6.6,%,2025,Sundhedsprofilen 2025,social,lokalsamfund,5.20337
727,Odder,social_stoette,104.07,5.0,%,2025,Sundhedsprofilen 2025,social,lokalsamfund,5.20337
336,Stevns,social_stoette,82.59,6.3,%,2025,Sundhedsprofilen 2025,social,lokalsamfund,5.20337
751,Aarhus,social_stoette,96.36,5.4,%,2025,Sundhedsprofilen 2025,social,lokalsamfund,5.20337
813,Frederikshavn,social_stoette,94.61,5.5,%,2025,Sundhedsprofilen 2025,social,lokalsamfund,5.20337
161,Glostrup,social_stoette,88.19,5.9,%,2025,Sundhedsprofilen 2025,social,lokalsamfund,5.20337
270,Gribskov,social_stoette,98.18,5.3,%,2025,Sundhedsprofilen 2025,social,lokalsamfund,5.20337
860,Hjørring,social_stoette,108.4,4.8,%,2025,Sundhedsprofilen 2025,social,lokalsamfund,5.20337
165,Albertslund,social_stoette,74.33,7.0,%,2025,Sundhedsprofilen 2025,social,lokalsamfund,5.20337
479,Svendborg,social_stoette,126.91,4.1,%,2025,Sundhedsprofilen 2025,social,lokalsamfund,5.20337
791,Viborg,social_stoette,92.92,5.6,%,2025,Sundhedsprofilen 2025,social,lokalsamfund,5.20337
480,Nordfyns,social_stoette,102.03,5.1,%,2025,Sundhedsprofilen 2025,social,lokalsamfund,5.20337
706,Syddjurs,social_stoette,113.12,4.6,%,2025,Sundhedsprofilen 2025,social,lokalsamfund,5.20337
440,Kerteminde,social_stoette,123.89,4.2,%,2025,Sundhedsprofilen 2025,social,lokalsamfund,5.20337
630,Vejle,social_stoette,115.63,4.5,%,2025,Sundhedsprofilen 2025,social,lokalsamfund,5.20337
101,København,social_stoette,85.3,6.1,%,2025,Sundhedsprofilen 2025,social,lokalsamfund,5.20337
730,Randers,social_stoette,123.89,4.2,%,2025,Sundhedsprofilen 2025,social,lokalsamfund,5.20337
760,Ringkøbing-Skjern,social_stoette,108.4,4.8,%,2025,Sundhedsprofilen 2025,social,lokalsamfund,5.20337
430,Faaborg-Midtfyn,social_stoette,106.19,4.9,%,2025,Sundhedsprofilen 2025,social,lokalsamfund,5.20337
320,Faxe,social_stoette,123.89,4.2,%,2025,Sundhedsprofilen 2025,social,lokalsamfund,5.20337
169,Høje-Taastrup,social_stoette,82.59,6.3,%,2025,Sundhedsprofilen 2025,social,lokalsamfund,5.20337
573,Varde,social_stoette,130.08,4.0,%,2025,Sundhedsprofilen 2025,social,lokalsamfund,5.20337
621,Kolding,social_stoette,81.3,6.4,%,2025,Sundhedsprofilen 2025,social,lokalsamfund,5.20337
420,Assens,social_stoette,96.36,5.4,%,2025,Sundhedsprofilen 2025,social,lokalsamfund,5.20337
580,Aabenraa,social_stoette,113.12,4.6,%,2025,Sundhedsprofilen 2025,social,lokalsamfund,5.20337
787,Thisted,social_stoette,133.42,3.9,%,2025,Sundhedsprofilen 2025,social,lokalsamfund,5.20337
756,Ikast-Brande,social_stoette,88.19,5.9,%,2025,Sundhedsprofilen 2025,social,lokalsamfund,5.20337
461,Odense,social_stoette,106.19,4.9,%,2025,Sundhedsprofilen 2025,social,lokalsamfund,5.20337
779,Skive,social_stoette,83.93,6.2,%,2025,Sundhedsprofilen 2025,social,lokalsamfund,5.20337
450,Nyborg,social_stoette,150.0,3.3,%,2025,Sundhedsprofilen 2025,social,lokalsamfund,5.20337
846,Mariagerfjord,social_stoette,96.36,5.4,%,2025,Sundhedsprofilen 2025,social,lokalsamfund,5.20337
820,Vesthimmerlands,social_stoette,106.19,4.9,%,2025,Sundhedsprofilen 2025,social,lokalsamfund,5.20337
540,Sønderborg,social_stoette,94.61,5.5,%,2025,Sundhedsprofilen 2025,social,lokalsamfund,5.20337
400,Bornholm,social_stoette,102.03,5.1,%,2025,Sundhedsprofilen 2025,social,lokalsamfund,5.20337
510,Haderslev,social_stoette,102.03,5.1,%,2025,Sundhedsprofilen 2025,social,lokalsamfund,5.20337
671,Struer,social_stoette,113.12,4.6,%,2025,Sundhedsprofilen 2025,social,lokalsamfund,5.20337
665,Lemvig,social_stoette,98.18,5.3,%,2025,Sundhedsprofilen 2025,social,lokalsamfund,5.20337
707,Norddjurs,social_stoette,110.71,4.7,%,2025,Sundhedsprofilen 2025,social,lokalsamfund,5.20337
330,Slagelse,social_stoette,108.4,4.8,%,2025,Sundhedsprofilen 2025,social,lokalsamfund,5.20337
306,Odsherred,social_stoette,100.06,5.2,%,2025,Sundhedsprofilen 2025,social,lokalsamfund,5.20337
575,Vejen,social_stoette,150.0,3.2,%,2025,Sundhedsprofilen 2025,social,lokalsamfund,5.20337
376,Guldborgsund,social_stoette,92.92,5.6,%,2025,Sundhedsprofilen 2025,social,lokalsamfund,5.20337
849,Jammerbugt,social_stoette,150.0,3.4,%,2025,Sundhedsprofilen 2025,social,lokalsamfund,5.20337
326,Kalundborg,social_stoette,86.72,6.0,%,2025,Sundhedsprofilen 2025,social,lokalsamfund,5.20337
390,Vordingborg,social_stoette,82.59,6.3,%,2025,Sundhedsprofilen 2025,social,lokalsamfund,5.20337
550,Tønder,social_stoette,110.71,4.7,%,2025,Sundhedsprofilen 2025,social,lokalsamfund,5.20337
360,Lolland,social_stoette,94.61,5.5,%,2025,Sundhedsprofilen 2025,social,lokalsamfund,5.20337
741,Samsø,social_stoette,133.42,3.9,%,2025,Sundhedsprofilen 2025,social,lokalsamfund,5.20337
482,Langeland,social_stoette,104.07,5.0,%,2025,Sundhedsprofilen 2025,social,lokalsamfund,5.20337
175,Rødovre,sport_tilskuer,100.0,45.5,%,2024-2025,DST KV2GEO,social,lokalsamfund,45.5
190,Furesø,sport_tilskuer,95.6,43.5,%,2024-2025,DST KV2GEO,social,lokalsamfund,45.5
167,Hvidovre,sport_tilskuer,108.79,49.5,%,2024-2025,DST KV2GEO,social,lokalsamfund,45.5
230,Rudersdal,sport_tilskuer,86.81,39.5,%,2024-2025,DST KV2GEO,social,lokalsamfund,45.5
746,Skanderborg,sport_tilskuer,101.1,46.0,%,2024-2025,DST KV2GEO,social,lokalsamfund,45.5
265,Roskilde,sport_tilskuer,92.31,42.0,%,2024-2025,DST KV2GEO,social,lokalsamfund,45.5
240,Egedal,sport_tilskuer,79.12,36.0,%,2024-2025,DST KV2GEO,social,lokalsamfund,45.5
151,Ballerup,sport_tilskuer,93.41,42.5,%,2024-2025,DST KV2GEO,social,lokalsamfund,45.5
223,Hørsholm,sport_tilskuer,101.1,46.0,%,2024-2025,DST KV2GEO,social,lokalsamfund,45.5
185,Tårnby,sport_tilskuer,94.51,43.0,%,2024-2025,DST KV2GEO,social,lokalsamfund,45.5
157,Gentofte,sport_tilskuer,93.41,42.5,%,2024-2025,DST KV2GEO,social,lokalsamfund,45.5
173,Lyngby-Taarbæk,sport_tilskuer,98.9,45.0,%,2024-2025,DST KV2GEO,social,lokalsamfund,45.5
210,Fredensborg,sport_tilskuer,78.02,35.5,%,2024-2025,DST KV2GEO,social,lokalsamfund,45.5
710,Favrskov,sport_tilskuer,98.9,45.0,%,2024-2025,DST KV2GEO,social,lokalsamfund,45.5
840,Rebild,sport_tilskuer,101.1,46.0,%,2024-2025,DST KV2GEO,social,lokalsamfund,45.5
253,Greve,sport_tilskuer,89.01,40.5,%,2024-2025,DST KV2GEO,social,lokalsamfund,45.5
147,Frederiksberg,sport_tilskuer,92.31,42.0,%,2024-2025,DST KV2GEO,social,lokalsamfund,45.5
259,Køge,sport_tilskuer,91.21,41.5,%,2024-2025,DST KV2GEO,social,lokalsamfund,45.5
159,Gladsaxe,sport_tilskuer,90.11,41.0,%,2024-2025,DST KV2GEO,social,lokalsamfund,45.5
217,Helsingør,sport_tilskuer,90.11,41.0,%,2024-2025,DST KV2GEO,social,lokalsamfund,45.5
250,Frederikssund,sport_tilskuer,97.8,44.5,%,2024-2025,DST KV2GEO,social,lokalsamfund,45.5
661,Holstebro,sport_tilskuer,114.29,52.0,%,2024-2025,DST KV2GEO,social,lokalsamfund,45.5
657,Herning,sport_tilskuer,123.08,56.0,%,2024-2025,DST KV2GEO,social,lokalsamfund,45.5
219,Hillerød,sport_tilskuer,102.2,46.5,%,2024-2025,DST KV2GEO,social,lokalsamfund,45.5
340,Sorø,sport_tilskuer,83.52,38.0,%,2024-2025,DST KV2GEO,social,lokalsamfund,45.5
561,Esbjerg,sport_tilskuer,118.68,54.0,%,2024-2025,DST KV2GEO,social,lokalsamfund,45.5
740,Silkeborg,sport_tilskuer,115.38,52.5,%,2024-2025,DST KV2GEO,social,lokalsamfund,45.5
615,Horsens,sport_tilskuer,100.0,45.5,%,2024-2025,DST KV2GEO,social,lokalsamfund,45.5
316,Holbæk,sport_tilskuer,94.51,43.0,%,2024-2025,DST KV2GEO,social,lokalsamfund,45.5
766,Hedensted,sport_tilskuer,98.9,45.0,%,2024-2025,DST KV2GEO,social,lokalsamfund,45.5
607,Fredericia,sport_tilskuer,106.59,48.5,%,2024-2025,DST KV2GEO,social,lokalsamfund,45.5
410,Middelfart,sport_tilskuer,98.9,45.0,%,2024-2025,DST KV2GEO,social,lokalsamfund,45.5
329,Ringsted,sport_tilskuer,91.21,41.5,%,2024-2025,DST KV2GEO,social,lokalsamfund,45.5
370,Næstved,sport_tilskuer,96.7,44.0,%,2024-2025,DST KV2GEO,social,lokalsamfund,45.5
851,Aalborg,sport_tilskuer,109.89,50.0,%,2024-2025,DST KV2GEO,social,lokalsamfund,45.5
727,Odder,sport_tilskuer,90.11,41.0,%,2024-2025,DST KV2GEO,social,lokalsamfund,45.5
751,Aarhus,sport_tilskuer,106.59,48.5,%,2024-2025,DST KV2GEO,social,lokalsamfund,45.5
813,Frederikshavn,sport_tilskuer,105.49,48.0,%,2024-2025,DST KV2GEO,social,lokalsamfund,45.5
270,Gribskov,sport_tilskuer,85.71,39.0,%,2024-2025,DST KV2GEO,social,lokalsamfund,45.5
860,Hjørring,sport_tilskuer,103.3,47.0,%,2024-2025,DST KV2GEO,social,lokalsamfund,45.5
479,Svendborg,sport_tilskuer,92.31,42.0,%,2024-2025,DST KV2GEO,social,lokalsamfund,45.5
791,Viborg,sport_tilskuer,112.09,51.0,%,2024-2025,DST KV2GEO,social,lokalsamfund,45.5
480,Nordfyns,sport_tilskuer,94.51,43.0,%,2024-2025,DST KV2GEO,social,lokalsamfund,45.5
706,Syddjurs,sport_tilskuer,78.02,35.5,%,2024-2025,DST KV2GEO,social,lokalsamfund,45.5
440,Kerteminde,sport_tilskuer,63.74,29.0,%,2024-2025,DST KV2GEO,social,lokalsamfund,45.5
630,Vejle,sport_tilskuer,100.0,45.5,%,2024-2025,DST KV2GEO,social,lokalsamfund,45.5
101,København,sport_tilskuer,101.1,46.0,%,2024-2025,DST KV2GEO,social,lokalsamfund,45.5
730,Randers,sport_tilskuer,117.58,53.5,%,2024-2025,DST KV2GEO,social,lokalsamfund,45.5
760,Ringkøbing-Skjern,sport_tilskuer,121.98,55.5,%,2024-2025,DST KV2GEO,social,lokalsamfund,45.5
430,Faaborg-Midtfyn,sport_tilskuer,90.11,41.0,%,2024-2025,DST KV2GEO,social,lokalsamfund,45.5
320,Faxe,sport_tilskuer,78.02,35.5,%,2024-2025,DST KV2GEO,social,lokalsamfund,45.5
169,Høje-Taastrup,sport_tilskuer,84.62,38.5,%,2024-2025,DST KV2GEO,social,lokalsamfund,45.5
573,Varde,sport_tilskuer,107.69,49.0,%,2024-2025,DST KV2GEO,social,lokalsamfund,45.5
621,Kolding,sport_tilskuer,108.79,49.5,%,2024-2025,DST KV2GEO,social,lokalsamfund,45.5
420,Assens,sport_tilskuer,98.9,45.0,%,2024-2025,DST KV2GEO,social,lokalsamfund,45.5
580,Aabenraa,sport_tilskuer,103.3,47.0,%,2024-2025,DST KV2GEO,social,lokalsamfund,45.5
787,Thisted,sport_tilskuer,104.4,47.5,%,2024-2025,DST KV2GEO,social,lokalsamfund,45.5
756,Ikast-Brande,sport_tilskuer,103.3,47.0,%,2024-2025,DST KV2GEO,social,lokalsamfund,45.5
461,Odense,sport_tilskuer,105.49,48.0,%,2024-2025,DST KV2GEO,social,lokalsamfund,45.5
779,Skive,sport_tilskuer,105.49,48.0,%,2024-2025,DST KV2GEO,social,lokalsamfund,45.5
450,Nyborg,sport_tilskuer,94.51,43.0,%,2024-2025,DST KV2GEO,social,lokalsamfund,45.5
846,Mariagerfjord,sport_tilskuer,110.99,50.5,%,2024-2025,DST KV2GEO,social,lokalsamfund,45.5
820,Vesthimmerlands,sport_tilskuer,114.29,52.0,%,2024-2025,DST KV2GEO,social,lokalsamfund,45.5
540,Sønderborg,sport_tilskuer,86.81,39.5,%,2024-2025,DST KV2GEO,social,lokalsamfund,45.5
400,Bornholm,sport_tilskuer,86.81,39.5,%,2024-2025,DST KV2GEO,social,lokalsamfund,45.5
510,Haderslev,sport_tilskuer,117.58,53.5,%,2024-2025,DST KV2GEO,social,lokalsamfund,45.5
707,Norddjurs,sport_tilskuer,86.81,39.5,%,2024-2025,DST KV2GEO,social,lokalsamfund,45.5
330,Slagelse,sport_tilskuer,91.21,41.5,%,2024-2025,DST KV2GEO,social,lokalsamfund,45.5
306,Odsherred,sport_tilskuer,65.93,30.0,%,2024-2025,DST KV2GEO,social,lokalsamfund,45.5
575,Vejen,sport_tilskuer,96.7,44.0,%,2024-2025,DST KV2GEO,social,lokalsamfund,45.5
376,Guldborgsund,sport_tilskuer,100.0,45.5,%,2024-2025,DST KV2GEO,social,lokalsamfund,45.5
849,Jammerbugt,sport_tilskuer,98.9,45.0,%,2024-2025,DST KV2GEO,social,lokalsamfund,45.5
326,Kalundborg,sport_tilskuer,78.02,35.5,%,2024-2025,DST KV2GEO,social,lokalsamfund,45.5
390,Vordingborg,sport_tilskuer,90.11,41.0,%,2024-2025,DST KV2GEO,social,lokalsamfund,45.5
550,Tønder,sport_tilskuer,94.51,43.0,%,2024-2025,DST KV2GEO,social,lokalsamfund,45.5
360,Lolland,sport_tilskuer,82.42,37.5,%,2024-2025,DST KV2GEO,social,lokalsamfund,45.5
201,Allerød,ensomhed,145.94,7.4,%,2025,Sundhedsprofilen 2025,social,lokalsamfund,10.7993
153,Brøndby,ensomhed,78.83,13.7,%,2025,Sundhedsprofilen 2025,social,lokalsamfund,10.7993
175,Rødovre,ensomhed,114.89,9.4,%,2025,Sundhedsprofilen 2025,social,lokalsamfund,10.7993
155,Dragør,ensomhed,140.25,7.7,%,2025,Sundhedsprofilen 2025,social,lokalsamfund,10.7993
190,Furesø,ensomhed,111.33,9.7,%,2025,Sundhedsprofilen 2025,social,lokalsamfund,10.7993
167,Hvidovre,ensomhed,93.1,11.6,%,2025,Sundhedsprofilen 2025,social,lokalsamfund,10.7993
230,Rudersdal,ensomhed,150.0,7.1,%,2025,Sundhedsprofilen 2025,social,lokalsamfund,10.7993
746,Skanderborg,ensomhed,117.38,9.2,%,2025,Sundhedsprofilen 2025,social,lokalsamfund,10.7993
269,Solrød,ensomhed,125.57,8.6,%,2025,Sundhedsprofilen 2025,social,lokalsamfund,10.7993
265,Roskilde,ensomhed,93.1,11.6,%,2025,Sundhedsprofilen 2025,social,lokalsamfund,10.7993
240,Egedal,ensomhed,134.99,8.0,%,2025,Sundhedsprofilen 2025,social,lokalsamfund,10.7993
151,Ballerup,ensomhed,91.52,11.8,%,2025,Sundhedsprofilen 2025,social,lokalsamfund,10.7993
223,Hørsholm,ensomhed,138.45,7.8,%,2025,Sundhedsprofilen 2025,social,lokalsamfund,10.7993
185,Tårnby,ensomhed,113.68,9.5,%,2025,Sundhedsprofilen 2025,social,lokalsamfund,10.7993
157,Gentofte,ensomhed,124.13,8.7,%,2025,Sundhedsprofilen 2025,social,lokalsamfund,10.7993
350,Lejre,ensomhed,101.88,10.6,%,2025,Sundhedsprofilen 2025,social,lokalsamfund,10.7993
163,Herlev,ensomhed,99.99,10.8,%,2025,Sundhedsprofilen 2025,social,lokalsamfund,10.7993
173,Lyngby-Taarbæk,ensomhed,117.38,9.2,%,2025,Sundhedsprofilen 2025,social,lokalsamfund,10.7993
210,Fredensborg,ensomhed,125.57,8.6,%,2025,Sundhedsprofilen 2025,social,lokalsamfund,10.7993
183,Ishøj,ensomhed,77.14,14.0,%,2025,Sundhedsprofilen 2025,social,lokalsamfund,10.7993
710,Favrskov,ensomhed,119.99,9.0,%,2025,Sundhedsprofilen 2025,social,lokalsamfund,10.7993
530,Billund,ensomhed,114.89,9.4,%,2025,Sundhedsprofilen 2025,social,lokalsamfund,10.7993
840,Rebild,ensomhed,110.2,9.8,%,2025,Sundhedsprofilen 2025,social,lokalsamfund,10.7993
187,Vallensbæk,ensomhed,109.08,9.9,%,2025,Sundhedsprofilen 2025,social,lokalsamfund,10.7993
253,Greve,ensomhed,98.18,11.0,%,2025,Sundhedsprofilen 2025,social,lokalsamfund,10.7993
147,Frederiksberg,ensomhed,104.85,10.3,%,2025,Sundhedsprofilen 2025,social,lokalsamfund,10.7993
259,Køge,ensomhed,113.68,9.5,%,2025,Sundhedsprofilen 2025,social,lokalsamfund,10.7993
159,Gladsaxe,ensomhed,95.57,11.3,%,2025,Sundhedsprofilen 2025,social,lokalsamfund,10.7993
217,Helsingør,ensomhed,122.72,8.8,%,2025,Sundhedsprofilen 2025,social,lokalsamfund,10.7993
250,Frederikssund,ensomhed,99.99,10.8,%,2025,Sundhedsprofilen 2025,social,lokalsamfund,10.7993
661,Holstebro,ensomhed,91.52,11.8,%,2025,Sundhedsprofilen 2025,social,lokalsamfund,10.7993
825,Læsø,ensomhed,103.84,10.4,%,2025,Sundhedsprofilen 2025,social,lokalsamfund,10.7993
657,Herning,ensomhed,88.52,12.2,%,2025,Sundhedsprofilen 2025,social,lokalsamfund,10.7993
260,Halsnæs,ensomhed,97.29,11.1,%,2025,Sundhedsprofilen 2025,social,lokalsamfund,10.7993
773,Morsø,ensomhed,93.1,11.6,%,2025,Sundhedsprofilen 2025,social,lokalsamfund,10.7993
219,Hillerød,ensomhed,92.3,11.7,%,2025,Sundhedsprofilen 2025,social,lokalsamfund,10.7993
340,Sorø,ensomhed,105.88,10.2,%,2025,Sundhedsprofilen 2025,social,lokalsamfund,10.7993
492,Ærø,ensomhed,143.99,7.5,%,2025,Sundhedsprofilen 2025,social,lokalsamfund,10.7993
561,Esbjerg,ensomhed,119.99,9.0,%,2025,Sundhedsprofilen 2025,social,lokalsamfund,10.7993
740,Silkeborg,ensomhed,128.56,8.4,%,2025,Sundhedsprofilen 2025,social,lokalsamfund,10.7993
615,Horsens,ensomhed,89.99,12.0,%,2025,Sundhedsprofilen 2025,social,lokalsamfund,10.7993
563,Fanø,ensomhed,150.0,7.0,%,2025,Sundhedsprofilen 2025,social,lokalsamfund,10.7993
316,Holbæk,ensomhed,86.39,12.5,%,2025,Sundhedsprofilen 2025,social,lokalsamfund,10.7993
766,Hedensted,ensomhed,133.32,8.1,%,2025,Sundhedsprofilen 2025,social,lokalsamfund,10.7993
607,Fredericia,ensomhed,90.75,11.9,%,2025,Sundhedsprofilen 2025,social,lokalsamfund,10.7993
410,Middelfart,ensomhed,136.7,7.9,%,2025,Sundhedsprofilen 2025,social,lokalsamfund,10.7993
329,Ringsted,ensomhed,93.1,11.6,%,2025,Sundhedsprofilen 2025,social,lokalsamfund,10.7993
370,Næstved,ensomhed,109.08,9.9,%,2025,Sundhedsprofilen 2025,social,lokalsamfund,10.7993
851,Aalborg,ensomhed,92.3,11.7,%,2025,Sundhedsprofilen 2025,social,lokalsamfund,10.7993
810,Brønderslev,ensomhed,95.57,11.3,%,2025,Sundhedsprofilen 2025,social,lokalsamfund,10.7993
727,Odder,ensomhed,110.2,9.8,%,2025,Sundhedsprofilen 2025,social,lokalsamfund,10.7993
336,Stevns,ensomhed,116.12,9.3,%,2025,Sundhedsprofilen 2025,social,lokalsamfund,10.7993
751,Aarhus,ensomhed,97.29,11.1,%,2025,Sundhedsprofilen 2025,social,lokalsamfund,10.7993
813,Frederikshavn,ensomhed,99.99,10.8,%,2025,Sundhedsprofilen 2025,social,lokalsamfund,10.7993
161,Glostrup,ensomhed,89.25,12.1,%,2025,Sundhedsprofilen 2025,social,lokalsamfund,10.7993
270,Gribskov,ensomhed,112.49,9.6,%,2025,Sundhedsprofilen 2025,social,lokalsamfund,10.7993
860,Hjørring,ensomhed,101.88,10.6,%,2025,Sundhedsprofilen 2025,social,lokalsamfund,10.7993
165,Albertslund,ensomhed,71.52,15.1,%,2025,Sundhedsprofilen 2025,social,lokalsamfund,10.7993
479,Svendborg,ensomhed,117.38,9.2,%,2025,Sundhedsprofilen 2025,social,lokalsamfund,10.7993
791,Viborg,ensomhed,99.99,10.8,%,2025,Sundhedsprofilen 2025,social,lokalsamfund,10.7993
480,Nordfyns,ensomhed,110.2,9.8,%,2025,Sundhedsprofilen 2025,social,lokalsamfund,10.7993
706,Syddjurs,ensomhed,125.57,8.6,%,2025,Sundhedsprofilen 2025,social,lokalsamfund,10.7993
440,Kerteminde,ensomhed,124.13,8.7,%,2025,Sundhedsprofilen 2025,social,lokalsamfund,10.7993
630,Vejle,ensomhed,112.49,9.6,%,2025,Sundhedsprofilen 2025,social,lokalsamfund,10.7993
101,København,ensomhed,83.72,12.9,%,2025,Sundhedsprofilen 2025,social,lokalsamfund,10.7993
730,Randers,ensomhed,102.85,10.5,%,2025,Sundhedsprofilen 2025,social,lokalsamfund,10.7993
760,Ringkøbing-Skjern,ensomhed,119.99,9.0,%,2025,Sundhedsprofilen 2025,social,lokalsamfund,10.7993
430,Faaborg-Midtfyn,ensomhed,116.12,9.3,%,2025,Sundhedsprofilen 2025,social,lokalsamfund,10.7993
320,Faxe,ensomhed,87.8,12.3,%,2025,Sundhedsprofilen 2025,social,lokalsamfund,10.7993
169,Høje-Taastrup,ensomhed,74.48,14.5,%,2025,Sundhedsprofilen 2025,social,lokalsamfund,10.7993
573,Varde,ensomhed,136.7,7.9,%,2025,Sundhedsprofilen 2025,social,lokalsamfund,10.7993
621,Kolding,ensomhed,85.71,12.6,%,2025,Sundhedsprofilen 2025,social,lokalsamfund,10.7993
420,Assens,ensomhed,125.57,8.6,%,2025,Sundhedsprofilen 2025,social,lokalsamfund,10.7993
580,Aabenraa,ensomhed,119.99,9.0,%,2025,Sundhedsprofilen 2025,social,lokalsamfund,10.7993
787,Thisted,ensomhed,93.91,11.5,%,2025,Sundhedsprofilen 2025,social,lokalsamfund,10.7993
756,Ikast-Brande,ensomhed,118.67,9.1,%,2025,Sundhedsprofilen 2025,social,lokalsamfund,10.7993
461,Odense,ensomhed,95.57,11.3,%,2025,Sundhedsprofilen 2025,social,lokalsamfund,10.7993
779,Skive,ensomhed,89.25,12.1,%,2025,Sundhedsprofilen 2025,social,lokalsamfund,10.7993
450,Nyborg,ensomhed,113.68,9.5,%,2025,Sundhedsprofilen 2025,social,lokalsamfund,10.7993
846,Mariagerfjord,ensomhed,86.39,12.5,%,2025,Sundhedsprofilen 2025,social,lokalsamfund,10.7993
820,Vesthimmerlands,ensomhed,101.88,10.6,%,2025,Sundhedsprofilen 2025,social,lokalsamfund,10.7993
540,Sønderborg,ensomhed,113.68,9.5,%,2025,Sundhedsprofilen 2025,social,lokalsamfund,10.7993
400,Bornholm,ensomhed,101.88,10.6,%,2025,Sundhedsprofilen 2025,social,lokalsamfund,10.7993
510,Haderslev,ensomhed,114.89,9.4,%,2025,Sundhedsprofilen 2025,social,lokalsamfund,10.7993
671,Struer,ensomhed,89.99,12.0,%,2025,Sundhedsprofilen 2025,social,lokalsamfund,10.7993
665,Lemvig,ensomhed,125.57,8.6,%,2025,Sundhedsprofilen 2025,social,lokalsamfund,10.7993
707,Norddjurs,ensomhed,112.49,9.6,%,2025,Sundhedsprofilen 2025,social,lokalsamfund,10.7993
330,Slagelse,ensomhed,99.08,10.9,%,2025,Sundhedsprofilen 2025,social,lokalsamfund,10.7993
306,Odsherred,ensomhed,99.99,10.8,%,2025,Sundhedsprofilen 2025,social,lokalsamfund,10.7993
575,Vejen,ensomhed,113.68,9.5,%,2025,Sundhedsprofilen 2025,social,lokalsamfund,10.7993
376,Guldborgsund,ensomhed,92.3,11.7,%,2025,Sundhedsprofilen 2025,social,lokalsamfund,10.7993
849,Jammerbugt,ensomhed,103.84,10.4,%,2025,Sundhedsprofilen 2025,social,lokalsamfund,10.7993
326,Kalundborg,ensomhed,76.59,14.1,%,2025,Sundhedsprofilen 2025,social,lokalsamfund,10.7993
390,Vordingborg,ensomhed,85.71,12.6,%,2025,Sundhedsprofilen 2025,social,lokalsamfund,10.7993
550,Tønder,ensomhed,119.99,9.0,%,2025,Sundhedsprofilen 2025,social,lokalsamfund,10.7993
360,Lolland,ensomhed,81.2,13.3,%,2025,Sundhedsprofilen 2025,social,lokalsamfund,10.7993
741,Samsø,ensomhed,127.05,8.5,%,2025,Sundhedsprofilen 2025,social,lokalsamfund,10.7993
482,Langeland,ensomhed,103.84,10.4,%,2025,Sundhedsprofilen 2025,social,lokalsamfund,10.7993
201,Allerød,civil_society,78.38,58.0,kr./indb.,2025,DST REGK31,social,lokalsamfund,74.0
153,Brøndby,civil_society,150.0,350.0,kr./indb.,2025,DST REGK31,social,lokalsamfund,74.0
175,Rødovre,civil_society,150.0,351.0,kr./indb.,2025,DST REGK31,social,lokalsamfund,74.0
155,Dragør,civil_society,144.59,107.0,kr./indb.,2025,DST REGK31,social,lokalsamfund,74.0
190,Furesø,civil_society,150.0,153.0,kr./indb.,2025,DST REGK31,social,lokalsamfund,74.0
167,Hvidovre,civil_society,150.0,126.0,kr./indb.,2025,DST REGK31,social,lokalsamfund,74.0
230,Rudersdal,civil_society,150.0,161.0,kr./indb.,2025,DST REGK31,social,lokalsamfund,74.0
746,Skanderborg,civil_society,91.89,68.0,kr./indb.,2025,DST REGK31,social,lokalsamfund,74.0
269,Solrød,civil_society,71.62,53.0,kr./indb.,2025,DST REGK31,social,lokalsamfund,74.0
265,Roskilde,civil_society,132.43,98.0,kr./indb.,2025,DST REGK31,social,lokalsamfund,74.0
240,Egedal,civil_society,75.68,56.0,kr./indb.,2025,DST REGK31,social,lokalsamfund,74.0
151,Ballerup,civil_society,135.14,100.0,kr./indb.,2025,DST REGK31,social,lokalsamfund,74.0
223,Hørsholm,civil_society,116.22,86.0,kr./indb.,2025,DST REGK31,social,lokalsamfund,74.0
185,Tårnby,civil_society,150.0,117.0,kr./indb.,2025,DST REGK31,social,lokalsamfund,74.0
157,Gentofte,civil_society,150.0,136.0,kr./indb.,2025,DST REGK31,social,lokalsamfund,74.0
350,Lejre,civil_society,129.73,96.0,kr./indb.,2025,DST REGK31,social,lokalsamfund,74.0
163,Herlev,civil_society,150.0,118.0,kr./indb.,2025,DST REGK31,social,lokalsamfund,74.0
173,Lyngby-Taarbæk,civil_society,150.0,117.0,kr./indb.,2025,DST REGK31,social,lokalsamfund,74.0
210,Fredensborg,civil_society,150.0,161.0,kr./indb.,2025,DST REGK31,social,lokalsamfund,74.0
183,Ishøj,civil_society,150.0,114.0,kr./indb.,2025,DST REGK31,social,lokalsamfund,74.0
710,Favrskov,civil_society,117.57,87.0,kr./indb.,2025,DST REGK31,social,lokalsamfund,74.0
530,Billund,civil_society,150.0,113.0,kr./indb.,2025,DST REGK31,social,lokalsamfund,74.0
840,Rebild,civil_society,87.84,65.0,kr./indb.,2025,DST REGK31,social,lokalsamfund,74.0
187,Vallensbæk,civil_society,121.62,90.0,kr./indb.,2025,DST REGK31,social,lokalsamfund,74.0
253,Greve,civil_society,77.03,57.0,kr./indb.,2025,DST REGK31,social,lokalsamfund,74.0
147,Frederiksberg,civil_society,97.3,72.0,kr./indb.,2025,DST REGK31,social,lokalsamfund,74.0
259,Køge,civil_society,118.92,88.0,kr./indb.,2025,DST REGK31,social,lokalsamfund,74.0
159,Gladsaxe,civil_society,150.0,140.0,kr./indb.,2025,DST REGK31,social,lokalsamfund,74.0
217,Helsingør,civil_society,72.97,54.0,kr./indb.,2025,DST REGK31,social,lokalsamfund,74.0
250,Frederikssund,civil_society,109.46,81.0,kr./indb.,2025,DST REGK31,social,lokalsamfund,74.0
661,Holstebro,civil_society,93.24,69.0,kr./indb.,2025,DST REGK31,social,lokalsamfund,74.0
825,Læsø,civil_society,109.46,81.0,kr./indb.,2025,DST REGK31,social,lokalsamfund,74.0
657,Herning,civil_society,131.08,97.0,kr./indb.,2025,DST REGK31,social,lokalsamfund,74.0
260,Halsnæs,civil_society,124.32,92.0,kr./indb.,2025,DST REGK31,social,lokalsamfund,74.0
773,Morsø,civil_society,150.0,140.0,kr./indb.,2025,DST REGK31,social,lokalsamfund,74.0
219,Hillerød,civil_society,64.86,48.0,kr./indb.,2025,DST REGK31,social,lokalsamfund,74.0
340,Sorø,civil_society,145.95,108.0,kr./indb.,2025,DST REGK31,social,lokalsamfund,74.0
492,Ærø,civil_society,150.0,200.0,kr./indb.,2025,DST REGK31,social,lokalsamfund,74.0
561,Esbjerg,civil_society,79.73,59.0,kr./indb.,2025,DST REGK31,social,lokalsamfund,74.0
740,Silkeborg,civil_society,41.89,31.0,kr./indb.,2025,DST REGK31,social,lokalsamfund,74.0
615,Horsens,civil_society,60.81,45.0,kr./indb.,2025,DST REGK31,social,lokalsamfund,74.0
563,Fanø,civil_society,97.3,72.0,kr./indb.,2025,DST REGK31,social,lokalsamfund,74.0
316,Holbæk,civil_society,75.68,56.0,kr./indb.,2025,DST REGK31,social,lokalsamfund,74.0
766,Hedensted,civil_society,105.41,78.0,kr./indb.,2025,DST REGK31,social,lokalsamfund,74.0
607,Fredericia,civil_society,93.24,69.0,kr./indb.,2025,DST REGK31,social,lokalsamfund,74.0
410,Middelfart,civil_society,131.08,97.0,kr./indb.,2025,DST REGK31,social,lokalsamfund,74.0
329,Ringsted,civil_society,86.49,64.0,kr./indb.,2025,DST REGK31,social,lokalsamfund,74.0
370,Næstved,civil_society,95.95,71.0,kr./indb.,2025,DST REGK31,social,lokalsamfund,74.0
851,Aalborg,civil_society,79.73,59.0,kr./indb.,2025,DST REGK31,social,lokalsamfund,74.0
810,Brønderslev,civil_society,150.0,140.0,kr./indb.,2025,DST REGK31,social,lokalsamfund,74.0
727,Odder,civil_society,55.41,41.0,kr./indb.,2025,DST REGK31,social,lokalsamfund,74.0
336,Stevns,civil_society,91.89,68.0,kr./indb.,2025,DST REGK31,social,lokalsamfund,74.0
751,Aarhus,civil_society,110.81,82.0,kr./indb.,2025,DST REGK31,social,lokalsamfund,74.0
813,Frederikshavn,civil_society,150.0,156.0,kr./indb.,2025,DST REGK31,social,lokalsamfund,74.0
161,Glostrup,civil_society,101.35,75.0,kr./indb.,2025,DST REGK31,social,lokalsamfund,74.0
270,Gribskov,civil_society,89.19,66.0,kr./indb.,2025,DST REGK31,social,lokalsamfund,74.0
860,Hjørring,civil_society,147.3,109.0,kr./indb.,2025,DST REGK31,social,lokalsamfund,74.0
165,Albertslund,civil_society,110.81,82.0,kr./indb.,2025,DST REGK31,social,lokalsamfund,74.0
479,Svendborg,civil_society,137.84,102.0,kr./indb.,2025,DST REGK31,social,lokalsamfund,74.0
791,Viborg,civil_society,81.08,60.0,kr./indb.,2025,DST REGK31,social,lokalsamfund,74.0
480,Nordfyns,civil_society,98.65,73.0,kr./indb.,2025,DST REGK31,social,lokalsamfund,74.0
706,Syddjurs,civil_society,58.11,43.0,kr./indb.,2025,DST REGK31,social,lokalsamfund,74.0
440,Kerteminde,civil_society,106.76,79.0,kr./indb.,2025,DST REGK31,social,lokalsamfund,74.0
630,Vejle,civil_society,56.76,42.0,kr./indb.,2025,DST REGK31,social,lokalsamfund,74.0
101,København,civil_society,71.62,53.0,kr./indb.,2025,DST REGK31,social,lokalsamfund,74.0
730,Randers,civil_society,113.51,84.0,kr./indb.,2025,DST REGK31,social,lokalsamfund,74.0
760,Ringkøbing-Skjern,civil_society,48.65,36.0,kr./indb.,2025,DST REGK31,social,lokalsamfund,74.0
430,Faaborg-Midtfyn,civil_society,43.24,32.0,kr./indb.,2025,DST REGK31,social,lokalsamfund,74.0
320,Faxe,civil_society,120.27,89.0,kr./indb.,2025,DST REGK31,social,lokalsamfund,74.0
169,Høje-Taastrup,civil_society,68.92,51.0,kr./indb.,2025,DST REGK31,social,lokalsamfund,74.0
573,Varde,civil_society,70.27,52.0,kr./indb.,2025,DST REGK31,social,lokalsamfund,74.0
621,Kolding,civil_society,28.38,21.0,kr./indb.,2025,DST REGK31,social,lokalsamfund,74.0
420,Assens,civil_society,66.22,49.0,kr./indb.,2025,DST REGK31,social,lokalsamfund,74.0
580,Aabenraa,civil_society,81.08,60.0,kr./indb.,2025,DST REGK31,social,lokalsamfund,74.0
787,Thisted,civil_society,97.3,72.0,kr./indb.,2025,DST REGK31,social,lokalsamfund,74.0
756,Ikast-Brande,civil_society,94.59,70.0,kr./indb.,2025,DST REGK31,social,lokalsamfund,74.0
461,Odense,civil_society,47.3,35.0,kr./indb.,2025,DST REGK31,social,lokalsamfund,74.0
779,Skive,civil_society,79.73,59.0,kr./indb.,2025,DST REGK31,social,lokalsamfund,74.0
450,Nyborg,civil_society,70.27,52.0,kr./indb.,2025,DST REGK31,social,lokalsamfund,74.0
846,Mariagerfjord,civil_society,77.03,57.0,kr./indb.,2025,DST REGK31,social,lokalsamfund,74.0
820,Vesthimmerlands,civil_society,121.62,90.0,kr./indb.,2025,DST REGK31,social,lokalsamfund,74.0
540,Sønderborg,civil_society,82.43,61.0,kr./indb.,2025,DST REGK31,social,lokalsamfund,74.0
400,Bornholm,civil_society,52.7,39.0,kr./indb.,2025,DST REGK31,social,lokalsamfund,74.0
510,Haderslev,civil_society,52.7,39.0,kr./indb.,2025,DST REGK31,social,lokalsamfund,74.0
671,Struer,civil_society,56.76,42.0,kr./indb.,2025,DST REGK31,social,lokalsamfund,74.0
665,Lemvig,civil_society,56.76,42.0,kr./indb.,2025,DST REGK31,social,lokalsamfund,74.0
707,Norddjurs,civil_society,64.86,48.0,kr./indb.,2025,DST REGK31,social,lokalsamfund,74.0
330,Slagelse,civil_society,82.43,61.0,kr./indb.,2025,DST REGK31,social,lokalsamfund,74.0
306,Odsherred,civil_society,79.73,59.0,kr./indb.,2025,DST REGK31,social,lokalsamfund,74.0
575,Vejen,civil_society,36.49,27.0,kr./indb.,2025,DST REGK31,social,lokalsamfund,74.0
376,Guldborgsund,civil_society,85.14,63.0,kr./indb.,2025,DST REGK31,social,lokalsamfund,74.0
849,Jammerbugt,civil_society,52.7,39.0,kr./indb.,2025,DST REGK31,social,lokalsamfund,74.0
326,Kalundborg,civil_society,62.16,46.0,kr./indb.,2025,DST REGK31,social,lokalsamfund,74.0
390,Vordingborg,civil_society,56.76,42.0,kr./indb.,2025,DST REGK31,social,lokalsamfund,74.0
550,Tønder,civil_society,79.73,59.0,kr./indb.,2025,DST REGK31,social,lokalsamfund,74.0
360,Lolland,civil_society,94.59,70.0,kr./indb.,2025,DST REGK31,social,lokalsamfund,74.0
741,Samsø,civil_society,52.7,39.0,kr./indb.,2025,DST REGK31,social,lokalsamfund,74.0
482,Langeland,civil_society,25.68,19.0,kr./indb.,2025,DST REGK31,social,lokalsamfund,74.0
201,Allerød,educated_staff,83.89,39.38,%,2024,DST BOERN1,social,uddannelse,46.94
153,Brøndby,educated_staff,123.31,57.88,%,2024,DST BOERN1,social,uddannelse,46.94
175,Rødovre,educated_staff,100.98,47.4,%,2024,DST BOERN1,social,uddannelse,46.94
155,Dragør,educated_staff,81.08,38.06,%,2024,DST BOERN1,social,uddannelse,46.94
190,Furesø,educated_staff,103.03,48.36,%,2024,DST BOERN1,social,uddannelse,46.94
167,Hvidovre,educated_staff,107.29,50.36,%,2024,DST BOERN1,social,uddannelse,46.94
230,Rudersdal,educated_staff,89.33,41.93,%,2024,DST BOERN1,social,uddannelse,46.94
746,Skanderborg,educated_staff,84.81,39.81,%,2024,DST BOERN1,social,uddannelse,46.94
269,Solrød,educated_staff,92.14,43.25,%,2024,DST BOERN1,social,uddannelse,46.94
265,Roskilde,educated_staff,101.21,47.51,%,2024,DST BOERN1,social,uddannelse,46.94
240,Egedal,educated_staff,95.19,44.68,%,2024,DST BOERN1,social,uddannelse,46.94
151,Ballerup,educated_staff,104.84,49.21,%,2024,DST BOERN1,social,uddannelse,46.94
223,Hørsholm,educated_staff,83.32,39.11,%,2024,DST BOERN1,social,uddannelse,46.94
185,Tårnby,educated_staff,90.54,42.5,%,2024,DST BOERN1,social,uddannelse,46.94
157,Gentofte,educated_staff,97.0,45.53,%,2024,DST BOERN1,social,uddannelse,46.94
350,Lejre,educated_staff,91.12,42.77,%,2024,DST BOERN1,social,uddannelse,46.94
163,Herlev,educated_staff,95.63,44.89,%,2024,DST BOERN1,social,uddannelse,46.94
173,Lyngby-Taarbæk,educated_staff,96.97,45.52,%,2024,DST BOERN1,social,uddannelse,46.94
210,Fredensborg,educated_staff,97.34,45.69,%,2024,DST BOERN1,social,uddannelse,46.94
183,Ishøj,educated_staff,101.66,47.72,%,2024,DST BOERN1,social,uddannelse,46.94
710,Favrskov,educated_staff,83.15,39.03,%,2024,DST BOERN1,social,uddannelse,46.94
530,Billund,educated_staff,88.99,41.77,%,2024,DST BOERN1,social,uddannelse,46.94
840,Rebild,educated_staff,108.63,50.99,%,2024,DST BOERN1,social,uddannelse,46.94
187,Vallensbæk,educated_staff,89.71,42.11,%,2024,DST BOERN1,social,uddannelse,46.94
253,Greve,educated_staff,92.56,43.45,%,2024,DST BOERN1,social,uddannelse,46.94
147,Frederiksberg,educated_staff,92.29,43.32,%,2024,DST BOERN1,social,uddannelse,46.94
259,Køge,educated_staff,106.09,49.8,%,2024,DST BOERN1,social,uddannelse,46.94
159,Gladsaxe,educated_staff,90.82,42.63,%,2024,DST BOERN1,social,uddannelse,46.94
217,Helsingør,educated_staff,100.26,47.06,%,2024,DST BOERN1,social,uddannelse,46.94
250,Frederikssund,educated_staff,106.52,50.0,%,2024,DST BOERN1,social,uddannelse,46.94
661,Holstebro,educated_staff,100.19,47.03,%,2024,DST BOERN1,social,uddannelse,46.94
825,Læsø,educated_staff,106.52,50.0,%,2024,DST BOERN1,social,uddannelse,46.94
657,Herning,educated_staff,95.68,44.91,%,2024,DST BOERN1,social,uddannelse,46.94
260,Halsnæs,educated_staff,102.09,47.92,%,2024,DST BOERN1,social,uddannelse,46.94
773,Morsø,educated_staff,108.12,50.75,%,2024,DST BOERN1,social,uddannelse,46.94
219,Hillerød,educated_staff,98.98,46.46,%,2024,DST BOERN1,social,uddannelse,46.94
340,Sorø,educated_staff,101.85,47.81,%,2024,DST BOERN1,social,uddannelse,46.94
492,Ærø,educated_staff,103.64,48.65,%,2024,DST BOERN1,social,uddannelse,46.94
561,Esbjerg,educated_staff,107.05,50.25,%,2024,DST BOERN1,social,uddannelse,46.94
740,Silkeborg,educated_staff,93.03,43.67,%,2024,DST BOERN1,social,uddannelse,46.94
615,Horsens,educated_staff,96.57,45.33,%,2024,DST BOERN1,social,uddannelse,46.94
563,Fanø,educated_staff,121.73,57.14,%,2024,DST BOERN1,social,uddannelse,46.94
316,Holbæk,educated_staff,101.79,47.78,%,2024,DST BOERN1,social,uddannelse,46.94
766,Hedensted,educated_staff,85.62,40.19,%,2024,DST BOERN1,social,uddannelse,46.94
607,Fredericia,educated_staff,101.66,47.72,%,2024,DST BOERN1,social,uddannelse,46.94
410,Middelfart,educated_staff,100.09,46.98,%,2024,DST BOERN1,social,uddannelse,46.94
329,Ringsted,educated_staff,106.8,50.13,%,2024,DST BOERN1,social,uddannelse,46.94
370,Næstved,educated_staff,108.48,50.92,%,2024,DST BOERN1,social,uddannelse,46.94
851,Aalborg,educated_staff,115.49,54.21,%,2024,DST BOERN1,social,uddannelse,46.94
810,Brønderslev,educated_staff,89.5,42.01,%,2024,DST BOERN1,social,uddannelse,46.94
727,Odder,educated_staff,93.31,43.8,%,2024,DST BOERN1,social,uddannelse,46.94
336,Stevns,educated_staff,92.35,43.35,%,2024,DST BOERN1,social,uddannelse,46.94
751,Aarhus,educated_staff,106.39,49.94,%,2024,DST BOERN1,social,uddannelse,46.94
813,Frederikshavn,educated_staff,106.97,50.21,%,2024,DST BOERN1,social,uddannelse,46.94
161,Glostrup,educated_staff,91.52,42.96,%,2024,DST BOERN1,social,uddannelse,46.94
270,Gribskov,educated_staff,92.25,43.3,%,2024,DST BOERN1,social,uddannelse,46.94
860,Hjørring,educated_staff,117.19,55.01,%,2024,DST BOERN1,social,uddannelse,46.94
165,Albertslund,educated_staff,99.15,46.54,%,2024,DST BOERN1,social,uddannelse,46.94
479,Svendborg,educated_staff,106.52,50.0,%,2024,DST BOERN1,social,uddannelse,46.94
791,Viborg,educated_staff,115.38,54.16,%,2024,DST BOERN1,social,uddannelse,46.94
480,Nordfyns,educated_staff,97.57,45.8,%,2024,DST BOERN1,social,uddannelse,46.94
706,Syddjurs,educated_staff,92.37,43.36,%,2024,DST BOERN1,social,uddannelse,46.94
440,Kerteminde,educated_staff,91.97,43.17,%,2024,DST BOERN1,social,uddannelse,46.94
630,Vejle,educated_staff,98.76,46.36,%,2024,DST BOERN1,social,uddannelse,46.94
101,København,educated_staff,97.53,45.78,%,2024,DST BOERN1,social,uddannelse,46.94
730,Randers,educated_staff,100.79,47.31,%,2024,DST BOERN1,social,uddannelse,46.94
760,Ringkøbing-Skjern,educated_staff,90.92,42.68,%,2024,DST BOERN1,social,uddannelse,46.94
430,Faaborg-Midtfyn,educated_staff,95.7,44.92,%,2024,DST BOERN1,social,uddannelse,46.94
320,Faxe,educated_staff,90.05,42.27,%,2024,DST BOERN1,social,uddannelse,46.94
169,Høje-Taastrup,educated_staff,97.06,45.56,%,2024,DST BOERN1,social,uddannelse,46.94
573,Varde,educated_staff,89.35,41.94,%,2024,DST BOERN1,social,uddannelse,46.94
621,Kolding,educated_staff,101.6,47.69,%,2024,DST BOERN1,social,uddannelse,46.94
420,Assens,educated_staff,87.15,40.91,%,2024,DST BOERN1,social,uddannelse,46.94
580,Aabenraa,educated_staff,111.48,52.33,%,2024,DST BOERN1,social,uddannelse,46.94
787,Thisted,educated_staff,85.47,40.12,%,2024,DST BOERN1,social,uddannelse,46.94
756,Ikast-Brande,educated_staff,89.2,41.87,%,2024,DST BOERN1,social,uddannelse,46.94
461,Odense,educated_staff,110.86,52.04,%,2024,DST BOERN1,social,uddannelse,46.94
779,Skive,educated_staff,92.03,43.2,%,2024,DST BOERN1,social,uddannelse,46.94
450,Nyborg,educated_staff,93.61,43.94,%,2024,DST BOERN1,social,uddannelse,46.94
846,Mariagerfjord,educated_staff,95.14,44.66,%,2024,DST BOERN1,social,uddannelse,46.94
820,Vesthimmerlands,educated_staff,107.84,50.62,%,2024,DST BOERN1,social,uddannelse,46.94
540,Sønderborg,educated_staff,124.09,58.25,%,2024,DST BOERN1,social,uddannelse,46.94
400,Bornholm,educated_staff,99.77,46.83,%,2024,DST BOERN1,social,uddannelse,46.94
510,Haderslev,educated_staff,103.75,48.7,%,2024,DST BOERN1,social,uddannelse,46.94
671,Struer,educated_staff,100.53,47.19,%,2024,DST BOERN1,social,uddannelse,46.94
665,Lemvig,educated_staff,90.9,42.67,%,2024,DST BOERN1,social,uddannelse,46.94
707,Norddjurs,educated_staff,77.78,36.51,%,2024,DST BOERN1,social,uddannelse,46.94
330,Slagelse,educated_staff,100.06,46.97,%,2024,DST BOERN1,social,uddannelse,46.94
306,Odsherred,educated_staff,94.35,44.29,%,2024,DST BOERN1,social,uddannelse,46.94
575,Vejen,educated_staff,90.12,42.3,%,2024,DST BOERN1,social,uddannelse,46.94
376,Guldborgsund,educated_staff,112.36,52.74,%,2024,DST BOERN1,social,uddannelse,46.94
849,Jammerbugt,educated_staff,106.16,49.83,%,2024,DST BOERN1,social,uddannelse,46.94
326,Kalundborg,educated_staff,95.48,44.82,%,2024,DST BOERN1,social,uddannelse,46.94
390,Vordingborg,educated_staff,116.72,54.79,%,2024,DST BOERN1,social,uddannelse,46.94
550,Tønder,educated_staff,100.11,46.99,%,2024,DST BOERN1,social,uddannelse,46.94
360,Lolland,educated_staff,98.49,46.23,%,2024,DST BOERN1,social,uddannelse,46.94
741,Samsø,educated_staff,38.05,17.86,%,2024,DST BOERN1,social,uddannelse,46.94
482,Langeland,educated_staff,80.89,37.97,%,2024,DST BOERN1,social,uddannelse,46.94
201,Allerød,commute_distance,111.88,20.2,km,2024,DST AFSTB4,social,mobilitet,22.6
153,Brøndby,commute_distance,150.0,14.2,km,2024,DST AFSTB4,social,mobilitet,22.6
175,Rødovre,commute_distance,150.0,12.6,km,2024,DST AFSTB4,social,mobilitet,22.6
155,Dragør,commute_distance,124.18,18.2,km,2024,DST AFSTB4,social,mobilitet,22.6
190,Furesø,commute_distance,129.14,17.5,km,2024,DST AFSTB4,social,mobilitet,22.6
167,Hvidovre,commute_distance,150.0,13.7,km,2024,DST AFSTB4,social,mobilitet,22.6
230,Rudersdal,commute_distance,117.1,19.3,km,2024,DST AFSTB4,social,mobilitet,22.6
746,Skanderborg,commute_distance,85.61,26.4,km,2024,DST AFSTB4,social,mobilitet,22.6
269,Solrød,commute_distance,91.87,24.6,km,2024,DST AFSTB4,social,mobilitet,22.6
265,Roskilde,commute_distance,98.69,22.9,km,2024,DST AFSTB4,social,mobilitet,22.6
240,Egedal,commute_distance,110.24,20.5,km,2024,DST AFSTB4,social,mobilitet,22.6
151,Ballerup,commute_distance,150.0,14.4,km,2024,DST AFSTB4,social,mobilitet,22.6
223,Hørsholm,commute_distance,106.1,21.3,km,2024,DST AFSTB4,social,mobilitet,22.6
185,Tårnby,commute_distance,150.0,13.8,km,2024,DST AFSTB4,social,mobilitet,22.6
157,Gentofte,commute_distance,150.0,14.8,km,2024,DST AFSTB4,social,mobilitet,22.6
350,Lejre,commute_distance,76.09,29.7,km,2024,DST AFSTB4,social,mobilitet,22.6
163,Herlev,commute_distance,150.0,12.5,km,2024,DST AFSTB4,social,mobilitet,22.6
173,Lyngby-Taarbæk,commute_distance,150.0,15.0,km,2024,DST AFSTB4,social,mobilitet,22.6
210,Fredensborg,commute_distance,98.26,23.0,km,2024,DST AFSTB4,social,mobilitet,22.6
183,Ishøj,commute_distance,138.65,16.3,km,2024,DST AFSTB4,social,mobilitet,22.6
710,Favrskov,commute_distance,85.93,26.3,km,2024,DST AFSTB4,social,mobilitet,22.6
530,Billund,commute_distance,93.0,24.3,km,2024,DST AFSTB4,social,mobilitet,22.6
840,Rebild,commute_distance,74.59,30.3,km,2024,DST AFSTB4,social,mobilitet,22.6
187,Vallensbæk,commute_distance,142.14,15.9,km,2024,DST AFSTB4,social,mobilitet,22.6
253,Greve,commute_distance,110.24,20.5,km,2024,DST AFSTB4,social,mobilitet,22.6
147,Frederiksberg,commute_distance,150.0,12.4,km,2024,DST AFSTB4,social,mobilitet,22.6
259,Køge,commute_distance,84.96,26.6,km,2024,DST AFSTB4,social,mobilitet,22.6
159,Gladsaxe,commute_distance,150.0,12.8,km,2024,DST AFSTB4,social,mobilitet,22.6
217,Helsingør,commute_distance,94.17,24.0,km,2024,DST AFSTB4,social,mobilitet,22.6
250,Frederikssund,commute_distance,91.87,24.6,km,2024,DST AFSTB4,social,mobilitet,22.6
661,Holstebro,commute_distance,91.13,24.8,km,2024,DST AFSTB4,social,mobilitet,22.6
825,Læsø,commute_distance,100.44,22.5,km,2024,DST AFSTB4,social,mobilitet,22.6
657,Herning,commute_distance,96.58,23.4,km,2024,DST AFSTB4,social,mobilitet,22.6
260,Halsnæs,commute_distance,87.94,25.7,km,2024,DST AFSTB4,social,mobilitet,22.6
773,Morsø,commute_distance,108.65,20.8,km,2024,DST AFSTB4,social,mobilitet,22.6
219,Hillerød,commute_distance,106.1,21.3,km,2024,DST AFSTB4,social,mobilitet,22.6
340,Sorø,commute_distance,67.66,33.4,km,2024,DST AFSTB4,social,mobilitet,22.6
492,Ærø,commute_distance,97.41,23.2,km,2024,DST AFSTB4,social,mobilitet,22.6
561,Esbjerg,commute_distance,105.12,21.5,km,2024,DST AFSTB4,social,mobilitet,22.6
740,Silkeborg,commute_distance,79.86,28.3,km,2024,DST AFSTB4,social,mobilitet,22.6
615,Horsens,commute_distance,96.17,23.5,km,2024,DST AFSTB4,social,mobilitet,22.6
563,Fanø,commute_distance,86.59,26.1,km,2024,DST AFSTB4,social,mobilitet,22.6
316,Holbæk,commute_distance,76.35,29.6,km,2024,DST AFSTB4,social,mobilitet,22.6
766,Hedensted,commute_distance,91.13,24.8,km,2024,DST AFSTB4,social,mobilitet,22.6
607,Fredericia,commute_distance,93.39,24.2,km,2024,DST AFSTB4,social,mobilitet,22.6
410,Middelfart,commute_distance,75.33,30.0,km,2024,DST AFSTB4,social,mobilitet,22.6
329,Ringsted,commute_distance,71.97,31.4,km,2024,DST AFSTB4,social,mobilitet,22.6
370,Næstved,commute_distance,73.62,30.7,km,2024,DST AFSTB4,social,mobilitet,22.6
851,Aalborg,commute_distance,86.92,26.0,km,2024,DST AFSTB4,social,mobilitet,22.6
810,Brønderslev,commute_distance,75.84,29.8,km,2024,DST AFSTB4,social,mobilitet,22.6
727,Odder,commute_distance,94.56,23.9,km,2024,DST AFSTB4,social,mobilitet,22.6
336,Stevns,commute_distance,71.52,31.6,km,2024,DST AFSTB4,social,mobilitet,22.6
751,Aarhus,commute_distance,100.44,22.5,km,2024,DST AFSTB4,social,mobilitet,22.6
813,Frederikshavn,commute_distance,79.3,28.5,km,2024,DST AFSTB4,social,mobilitet,22.6
161,Glostrup,commute_distance,150.0,14.0,km,2024,DST AFSTB4,social,mobilitet,22.6
270,Gribskov,commute_distance,81.0,27.9,km,2024,DST AFSTB4,social,mobilitet,22.6
860,Hjørring,commute_distance,84.33,26.8,km,2024,DST AFSTB4,social,mobilitet,22.6
165,Albertslund,commute_distance,150.0,14.1,km,2024,DST AFSTB4,social,mobilitet,22.6
479,Svendborg,commute_distance,79.3,28.5,km,2024,DST AFSTB4,social,mobilitet,22.6
791,Viborg,commute_distance,87.94,25.7,km,2024,DST AFSTB4,social,mobilitet,22.6
480,Nordfyns,commute_distance,82.48,27.4,km,2024,DST AFSTB4,social,mobilitet,22.6
706,Syddjurs,commute_distance,71.52,31.6,km,2024,DST AFSTB4,social,mobilitet,22.6
440,Kerteminde,commute_distance,87.94,25.7,km,2024,DST AFSTB4,social,mobilitet,22.6
630,Vejle,commute_distance,83.09,27.2,km,2024,DST AFSTB4,social,mobilitet,22.6
101,København,commute_distance,150.0,13.0,km,2024,DST AFSTB4,social,mobilitet,22.6
730,Randers,commute_distance,86.92,26.0,km,2024,DST AFSTB4,social,mobilitet,22.6
760,Ringkøbing-Skjern,commute_distance,99.56,22.7,km,2024,DST AFSTB4,social,mobilitet,22.6
430,Faaborg-Midtfyn,commute_distance,82.18,27.5,km,2024,DST AFSTB4,social,mobilitet,22.6
320,Faxe,commute_distance,68.07,33.2,km,2024,DST AFSTB4,social,mobilitet,22.6
169,Høje-Taastrup,commute_distance,123.5,18.3,km,2024,DST AFSTB4,social,mobilitet,22.6
573,Varde,commute_distance,89.33,25.3,km,2024,DST AFSTB4,social,mobilitet,22.6
621,Kolding,commute_distance,84.01,26.9,km,2024,DST AFSTB4,social,mobilitet,22.6
420,Assens,commute_distance,81.0,27.9,km,2024,DST AFSTB4,social,mobilitet,22.6
580,Aabenraa,commute_distance,89.68,25.2,km,2024,DST AFSTB4,social,mobilitet,22.6
787,Thisted,commute_distance,95.76,23.6,km,2024,DST AFSTB4,social,mobilitet,22.6
756,Ikast-Brande,commute_distance,90.4,25.0,km,2024,DST AFSTB4,social,mobilitet,22.6
461,Odense,commute_distance,93.39,24.2,km,2024,DST AFSTB4,social,mobilitet,22.6
779,Skive,commute_distance,98.69,22.9,km,2024,DST AFSTB4,social,mobilitet,22.6
450,Nyborg,commute_distance,77.13,29.3,km,2024,DST AFSTB4,social,mobilitet,22.6
846,Mariagerfjord,commute_distance,81.88,27.6,km,2024,DST AFSTB4,social,mobilitet,22.6
820,Vesthimmerlands,commute_distance,86.92,26.0,km,2024,DST AFSTB4,social,mobilitet,22.6
540,Sønderborg,commute_distance,101.35,22.3,km,2024,DST AFSTB4,social,mobilitet,22.6
400,Bornholm,commute_distance,87.26,25.9,km,2024,DST AFSTB4,social,mobilitet,22.6
510,Haderslev,commute_distance,81.59,27.7,km,2024,DST AFSTB4,social,mobilitet,22.6
671,Struer,commute_distance,91.13,24.8,km,2024,DST AFSTB4,social,mobilitet,22.6
665,Lemvig,commute_distance,93.39,24.2,km,2024,DST AFSTB4,social,mobilitet,22.6
707,Norddjurs,commute_distance,85.93,26.3,km,2024,DST AFSTB4,social,mobilitet,22.6
330,Slagelse,commute_distance,73.14,30.9,km,2024,DST AFSTB4,social,mobilitet,22.6
306,Odsherred,commute_distance,75.59,29.9,km,2024,DST AFSTB4,social,mobilitet,22.6
575,Vejen,commute_distance,81.29,27.8,km,2024,DST AFSTB4,social,mobilitet,22.6
376,Guldborgsund,commute_distance,70.19,32.2,km,2024,DST AFSTB4,social,mobilitet,22.6
849,Jammerbugt,commute_distance,75.84,29.8,km,2024,DST AFSTB4,social,mobilitet,22.6
326,Kalundborg,commute_distance,82.48,27.4,km,2024,DST AFSTB4,social,mobilitet,22.6
390,Vordingborg,commute_distance,62.26,36.3,km,2024,DST AFSTB4,social,mobilitet,22.6
550,Tønder,commute_distance,88.63,25.5,km,2024,DST AFSTB4,social,mobilitet,22.6
360,Lolland,commute_distance,69.97,32.3,km,2024,DST AFSTB4,social,mobilitet,22.6
741,Samsø,commute_distance,111.88,20.2,km,2024,DST AFSTB4,social,mobilitet,22.6
482,Langeland,commute_distance,75.84,29.8,km,2024,DST AFSTB4,social,mobilitet,22.6
201,Allerød,public_transport,150.0,68.61,%,2025,DST LABY49,social,mobilitet,30.01898
153,Brøndby,public_transport,150.0,68.61,%,2025,DST LABY49,social,mobilitet,30.01898
175,Rødovre,public_transport,150.0,68.61,%,2025,DST LABY49,social,mobilitet,30.01898
155,Dragør,public_transport,150.0,68.61,%,2025,DST LABY49,social,mobilitet,30.01898
190,Furesø,public_transport,150.0,68.61,%,2025,DST LABY49,social,mobilitet,30.01898
167,Hvidovre,public_transport,150.0,68.61,%,2025,DST LABY49,social,mobilitet,30.01898
230,Rudersdal,public_transport,150.0,68.61,%,2025,DST LABY49,social,mobilitet,30.01898
746,Skanderborg,public_transport,46.4,13.93,%,2025,DST LABY49,social,mobilitet,30.01898
269,Solrød,public_transport,150.0,68.61,%,2025,DST LABY49,social,mobilitet,30.01898
265,Roskilde,public_transport,102.8,30.86,%,2025,DST LABY49,social,mobilitet,30.01898
240,Egedal,public_transport,150.0,68.61,%,2025,DST LABY49,social,mobilitet,30.01898
151,Ballerup,public_transport,150.0,68.61,%,2025,DST LABY49,social,mobilitet,30.01898
223,Hørsholm,public_transport,150.0,68.61,%,2025,DST LABY49,social,mobilitet,30.01898
185,Tårnby,public_transport,150.0,68.61,%,2025,DST LABY49,social,mobilitet,30.01898
157,Gentofte,public_transport,150.0,68.61,%,2025,DST LABY49,social,mobilitet,30.01898
350,Lejre,public_transport,46.4,13.93,%,2025,DST LABY49,social,mobilitet,30.01898
163,Herlev,public_transport,150.0,68.61,%,2025,DST LABY49,social,mobilitet,30.01898
173,Lyngby-Taarbæk,public_transport,150.0,68.61,%,2025,DST LABY49,social,mobilitet,30.01898
210,Fredensborg,public_transport,46.4,13.93,%,2025,DST LABY49,social,mobilitet,30.01898
183,Ishøj,public_transport,150.0,68.61,%,2025,DST LABY49,social,mobilitet,30.01898
710,Favrskov,public_transport,46.4,13.93,%,2025,DST LABY49,social,mobilitet,30.01898
530,Billund,public_transport,33.01,9.91,%,2025,DST LABY49,social,mobilitet,30.01898
840,Rebild,public_transport,46.4,13.93,%,2025,DST LABY49,social,mobilitet,30.01898
187,Vallensbæk,public_transport,150.0,68.61,%,2025,DST LABY49,social,mobilitet,30.01898
253,Greve,public_transport,150.0,68.61,%,2025,DST LABY49,social,mobilitet,30.01898
147,Frederiksberg,public_transport,150.0,68.61,%,2025,DST LABY49,social,mobilitet,30.01898
259,Køge,public_transport,102.8,30.86,%,2025,DST LABY49,social,mobilitet,30.01898
159,Gladsaxe,public_transport,150.0,68.61,%,2025,DST LABY49,social,mobilitet,30.01898
217,Helsingør,public_transport,102.8,30.86,%,2025,DST LABY49,social,mobilitet,30.01898
250,Frederikssund,public_transport,46.4,13.93,%,2025,DST LABY49,social,mobilitet,30.01898
661,Holstebro,public_transport,102.8,30.86,%,2025,DST LABY49,social,mobilitet,30.01898
825,Læsø,public_transport,33.01,9.91,%,2025,DST LABY49,social,mobilitet,30.01898
657,Herning,public_transport,102.8,30.86,%,2025,DST LABY49,social,mobilitet,30.01898
260,Halsnæs,public_transport,46.4,13.93,%,2025,DST LABY49,social,mobilitet,30.01898
773,Morsø,public_transport,33.01,9.91,%,2025,DST LABY49,social,mobilitet,30.01898
219,Hillerød,public_transport,102.8,30.86,%,2025,DST LABY49,social,mobilitet,30.01898
340,Sorø,public_transport,46.4,13.93,%,2025,DST LABY49,social,mobilitet,30.01898
492,Ærø,public_transport,33.01,9.91,%,2025,DST LABY49,social,mobilitet,30.01898
561,Esbjerg,public_transport,102.8,30.86,%,2025,DST LABY49,social,mobilitet,30.01898
740,Silkeborg,public_transport,102.8,30.86,%,2025,DST LABY49,social,mobilitet,30.01898
615,Horsens,public_transport,102.8,30.86,%,2025,DST LABY49,social,mobilitet,30.01898
563,Fanø,public_transport,33.01,9.91,%,2025,DST LABY49,social,mobilitet,30.01898
316,Holbæk,public_transport,46.4,13.93,%,2025,DST LABY49,social,mobilitet,30.01898
766,Hedensted,public_transport,46.4,13.93,%,2025,DST LABY49,social,mobilitet,30.01898
607,Fredericia,public_transport,102.8,30.86,%,2025,DST LABY49,social,mobilitet,30.01898
410,Middelfart,public_transport,46.4,13.93,%,2025,DST LABY49,social,mobilitet,30.01898
329,Ringsted,public_transport,46.4,13.93,%,2025,DST LABY49,social,mobilitet,30.01898
370,Næstved,public_transport,102.8,30.86,%,2025,DST LABY49,social,mobilitet,30.01898
851,Aalborg,public_transport,150.0,53.31,%,2025,DST LABY49,social,mobilitet,30.01898
810,Brønderslev,public_transport,33.01,9.91,%,2025,DST LABY49,social,mobilitet,30.01898
727,Odder,public_transport,46.4,13.93,%,2025,DST LABY49,social,mobilitet,30.01898
336,Stevns,public_transport,46.4,13.93,%,2025,DST LABY49,social,mobilitet,30.01898
751,Aarhus,public_transport,150.0,53.31,%,2025,DST LABY49,social,mobilitet,30.01898
813,Frederikshavn,public_transport,33.01,9.91,%,2025,DST LABY49,social,mobilitet,30.01898
161,Glostrup,public_transport,150.0,68.61,%,2025,DST LABY49,social,mobilitet,30.01898
270,Gribskov,public_transport,46.4,13.93,%,2025,DST LABY49,social,mobilitet,30.01898
860,Hjørring,public_transport,33.01,9.91,%,2025,DST LABY49,social,mobilitet,30.01898
165,Albertslund,public_transport,150.0,68.61,%,2025,DST LABY49,social,mobilitet,30.01898
479,Svendborg,public_transport,33.01,9.91,%,2025,DST LABY49,social,mobilitet,30.01898
791,Viborg,public_transport,102.8,30.86,%,2025,DST LABY49,social,mobilitet,30.01898
480,Nordfyns,public_transport,46.4,13.93,%,2025,DST LABY49,social,mobilitet,30.01898
706,Syddjurs,public_transport,46.4,13.93,%,2025,DST LABY49,social,mobilitet,30.01898
440,Kerteminde,public_transport,46.4,13.93,%,2025,DST LABY49,social,mobilitet,30.01898
630,Vejle,public_transport,102.8,30.86,%,2025,DST LABY49,social,mobilitet,30.01898
101,København,public_transport,150.0,68.61,%,2025,DST LABY49,social,mobilitet,30.01898
730,Randers,public_transport,102.8,30.86,%,2025,DST LABY49,social,mobilitet,30.01898
760,Ringkøbing-Skjern,public_transport,33.01,9.91,%,2025,DST LABY49,social,mobilitet,30.01898
430,Faaborg-Midtfyn,public_transport,46.4,13.93,%,2025,DST LABY49,social,mobilitet,30.01898
320,Faxe,public_transport,46.4,13.93,%,2025,DST LABY49,social,mobilitet,30.01898
169,Høje-Taastrup,public_transport,150.0,68.61,%,2025,DST LABY49,social,mobilitet,30.01898
573,Varde,public_transport,33.01,9.91,%,2025,DST LABY49,social,mobilitet,30.01898
621,Kolding,public_transport,102.8,30.86,%,2025,DST LABY49,social,mobilitet,30.01898
420,Assens,public_transport,46.4,13.93,%,2025,DST LABY49,social,mobilitet,30.01898
580,Aabenraa,public_transport,33.01,9.91,%,2025,DST LABY49,social,mobilitet,30.01898
787,Thisted,public_transport,33.01,9.91,%,2025,DST LABY49,social,mobilitet,30.01898
756,Ikast-Brande,public_transport,46.4,13.93,%,2025,DST LABY49,social,mobilitet,30.01898
461,Odense,public_transport,150.0,53.31,%,2025,DST LABY49,social,mobilitet,30.01898
779,Skive,public_transport,33.01,9.91,%,2025,DST LABY49,social,mobilitet,30.01898
450,Nyborg,public_transport,46.4,13.93,%,2025,DST LABY49,social,mobilitet,30.01898
846,Mariagerfjord,public_transport,33.01,9.91,%,2025,DST LABY49,social,mobilitet,30.01898
820,Vesthimmerlands,public_transport,33.01,9.91,%,2025,DST LABY49,social,mobilitet,30.01898
540,Sønderborg,public_transport,33.01,9.91,%,2025,DST LABY49,social,mobilitet,30.01898
400,Bornholm,public_transport,33.01,9.91,%,2025,DST LABY49,social,mobilitet,30.01898
510,Haderslev,public_transport,33.01,9.91,%,2025,DST LABY49,social,mobilitet,30.01898
671,Struer,public_transport,33.01,9.91,%,2025,DST LABY49,social,mobilitet,30.01898
665,Lemvig,public_transport,33.01,9.91,%,2025,DST LABY49,social,mobilitet,30.01898
707,Norddjurs,public_transport,33.01,9.91,%,2025,DST LABY49,social,mobilitet,30.01898
330,Slagelse,public_transport,102.8,30.86,%,2025,DST LABY49,social,mobilitet,30.01898
306,Odsherred,public_transport,33.01,9.91,%,2025,DST LABY49,social,mobilitet,30.01898
575,Vejen,public_transport,46.4,13.93,%,2025,DST LABY49,social,mobilitet,30.01898
376,Guldborgsund,public_transport,33.01,9.91,%,2025,DST LABY49,social,mobilitet,30.01898
849,Jammerbugt,public_transport,33.01,9.91,%,2025,DST LABY49,social,mobilitet,30.01898
326,Kalundborg,public_transport,33.01,9.91,%,2025,DST LABY49,social,mobilitet,30.01898
390,Vordingborg,public_transport,33.01,9.91,%,2025,DST LABY49,social,mobilitet,30.01898
550,Tønder,public_transport,33.01,9.91,%,2025,DST LABY49,social,mobilitet,30.01898
360,Lolland,public_transport,33.01,9.91,%,2025,DST LABY49,social,mobilitet,30.01898
741,Samsø,public_transport,33.01,9.91,%,2025,DST LABY49,social,mobilitet,30.01898
482,Langeland,public_transport,33.01,9.91,%,2025,DST LABY49,social,mobilitet,30.01898
201,Allerød,vejr_skader,150.0,16.0,skader pr. 1.000 indb.,2023-2025,F&P skadesstatistik,social,klimatilpasning,25.877551
153,Brøndby,vejr_skader,150.0,10.0,skader pr. 1.000 indb.,2023-2025,F&P skadesstatistik,social,klimatilpasning,25.877551
175,Rødovre,vejr_skader,150.0,14.0,skader pr. 1.000 indb.,2023-2025,F&P skadesstatistik,social,klimatilpasning,25.877551
155,Dragør,vejr_skader,64.69,40.0,skader pr. 1.000 indb.,2023-2025,F&P skadesstatistik,social,klimatilpasning,25.877551
190,Furesø,vejr_skader,150.0,13.0,skader pr. 1.000 indb.,2023-2025,F&P skadesstatistik,social,klimatilpasning,25.877551
167,Hvidovre,vejr_skader,150.0,16.0,skader pr. 1.000 indb.,2023-2025,F&P skadesstatistik,social,klimatilpasning,25.877551
230,Rudersdal,vejr_skader,117.63,22.0,skader pr. 1.000 indb.,2023-2025,F&P skadesstatistik,social,klimatilpasning,25.877551
746,Skanderborg,vejr_skader,99.53,26.0,skader pr. 1.000 indb.,2023-2025,F&P skadesstatistik,social,klimatilpasning,25.877551
269,Solrød,vejr_skader,123.23,21.0,skader pr. 1.000 indb.,2023-2025,F&P skadesstatistik,social,klimatilpasning,25.877551
265,Roskilde,vejr_skader,150.0,15.0,skader pr. 1.000 indb.,2023-2025,F&P skadesstatistik,social,klimatilpasning,25.877551
240,Egedal,vejr_skader,150.0,16.0,skader pr. 1.000 indb.,2023-2025,F&P skadesstatistik,social,klimatilpasning,25.877551
151,Ballerup,vejr_skader,150.0,11.0,skader pr. 1.000 indb.,2023-2025,F&P skadesstatistik,social,klimatilpasning,25.877551
223,Hørsholm,vejr_skader,112.51,23.0,skader pr. 1.000 indb.,2023-2025,F&P skadesstatistik,social,klimatilpasning,25.877551
185,Tårnby,vejr_skader,95.84,27.0,skader pr. 1.000 indb.,2023-2025,F&P skadesstatistik,social,klimatilpasning,25.877551
157,Gentofte,vejr_skader,78.42,33.0,skader pr. 1.000 indb.,2023-2025,F&P skadesstatistik,social,klimatilpasning,25.877551
350,Lejre,vejr_skader,150.0,14.0,skader pr. 1.000 indb.,2023-2025,F&P skadesstatistik,social,klimatilpasning,25.877551
163,Herlev,vejr_skader,136.2,19.0,skader pr. 1.000 indb.,2023-2025,F&P skadesstatistik,social,klimatilpasning,25.877551
173,Lyngby-Taarbæk,vejr_skader,123.23,21.0,skader pr. 1.000 indb.,2023-2025,F&P skadesstatistik,social,klimatilpasning,25.877551
210,Fredensborg,vejr_skader,150.0,14.0,skader pr. 1.000 indb.,2023-2025,F&P skadesstatistik,social,klimatilpasning,25.877551
183,Ishøj,vejr_skader,150.0,11.0,skader pr. 1.000 indb.,2023-2025,F&P skadesstatistik,social,klimatilpasning,25.877551
710,Favrskov,vejr_skader,150.0,16.0,skader pr. 1.000 indb.,2023-2025,F&P skadesstatistik,social,klimatilpasning,25.877551
530,Billund,vejr_skader,117.63,22.0,skader pr. 1.000 indb.,2023-2025,F&P skadesstatistik,social,klimatilpasning,25.877551
840,Rebild,vejr_skader,92.42,28.0,skader pr. 1.000 indb.,2023-2025,F&P skadesstatistik,social,klimatilpasning,25.877551
187,Vallensbæk,vejr_skader,150.0,11.0,skader pr. 1.000 indb.,2023-2025,F&P skadesstatistik,social,klimatilpasning,25.877551
253,Greve,vejr_skader,143.76,18.0,skader pr. 1.000 indb.,2023-2025,F&P skadesstatistik,social,klimatilpasning,25.877551
147,Frederiksberg,vejr_skader,150.0,13.0,skader pr. 1.000 indb.,2023-2025,F&P skadesstatistik,social,klimatilpasning,25.877551
259,Køge,vejr_skader,112.51,23.0,skader pr. 1.000 indb.,2023-2025,F&P skadesstatistik,social,klimatilpasning,25.877551
159,Gladsaxe,vejr_skader,150.0,13.0,skader pr. 1.000 indb.,2023-2025,F&P skadesstatistik,social,klimatilpasning,25.877551
217,Helsingør,vejr_skader,143.76,18.0,skader pr. 1.000 indb.,2023-2025,F&P skadesstatistik,social,klimatilpasning,25.877551
250,Frederikssund,vejr_skader,150.0,17.0,skader pr. 1.000 indb.,2023-2025,F&P skadesstatistik,social,klimatilpasning,25.877551
661,Holstebro,vejr_skader,60.18,43.0,skader pr. 1.000 indb.,2023-2025,F&P skadesstatistik,social,klimatilpasning,25.877551
825,Læsø,vejr_skader,47.05,55.0,skader pr. 1.000 indb.,2023-2025,F&P skadesstatistik,social,klimatilpasning,25.877551
657,Herning,vejr_skader,107.82,24.0,skader pr. 1.000 indb.,2023-2025,F&P skadesstatistik,social,klimatilpasning,25.877551
260,Halsnæs,vejr_skader,129.39,20.0,skader pr. 1.000 indb.,2023-2025,F&P skadesstatistik,social,klimatilpasning,25.877551
773,Morsø,vejr_skader,57.51,45.0,skader pr. 1.000 indb.,2023-2025,F&P skadesstatistik,social,klimatilpasning,25.877551
219,Hillerød,vejr_skader,150.0,17.0,skader pr. 1.000 indb.,2023-2025,F&P skadesstatistik,social,klimatilpasning,25.877551
340,Sorø,vejr_skader,150.0,13.0,skader pr. 1.000 indb.,2023-2025,F&P skadesstatistik,social,klimatilpasning,25.877551
492,Ærø,vejr_skader,61.61,42.0,skader pr. 1.000 indb.,2023-2025,F&P skadesstatistik,social,klimatilpasning,25.877551
561,Esbjerg,vejr_skader,78.42,33.0,skader pr. 1.000 indb.,2023-2025,F&P skadesstatistik,social,klimatilpasning,25.877551
740,Silkeborg,vejr_skader,150.0,17.0,skader pr. 1.000 indb.,2023-2025,F&P skadesstatistik,social,klimatilpasning,25.877551
615,Horsens,vejr_skader,143.76,18.0,skader pr. 1.000 indb.,2023-2025,F&P skadesstatistik,social,klimatilpasning,25.877551
563,Fanø,vejr_skader,39.21,66.0,skader pr. 1.000 indb.,2023-2025,F&P skadesstatistik,social,klimatilpasning,25.877551
316,Holbæk,vejr_skader,150.0,15.0,skader pr. 1.000 indb.,2023-2025,F&P skadesstatistik,social,klimatilpasning,25.877551
766,Hedensted,vejr_skader,112.51,23.0,skader pr. 1.000 indb.,2023-2025,F&P skadesstatistik,social,klimatilpasning,25.877551
607,Fredericia,vejr_skader,99.53,26.0,skader pr. 1.000 indb.,2023-2025,F&P skadesstatistik,social,klimatilpasning,25.877551
410,Middelfart,vejr_skader,103.51,25.0,skader pr. 1.000 indb.,2023-2025,F&P skadesstatistik,social,klimatilpasning,25.877551
329,Ringsted,vejr_skader,150.0,14.0,skader pr. 1.000 indb.,2023-2025,F&P skadesstatistik,social,klimatilpasning,25.877551
370,Næstved,vejr_skader,150.0,15.0,skader pr. 1.000 indb.,2023-2025,F&P skadesstatistik,social,klimatilpasning,25.877551
851,Aalborg,vejr_skader,117.63,22.0,skader pr. 1.000 indb.,2023-2025,F&P skadesstatistik,social,klimatilpasning,25.877551
810,Brønderslev,vejr_skader,99.53,26.0,skader pr. 1.000 indb.,2023-2025,F&P skadesstatistik,social,klimatilpasning,25.877551
727,Odder,vejr_skader,107.82,24.0,skader pr. 1.000 indb.,2023-2025,F&P skadesstatistik,social,klimatilpasning,25.877551
336,Stevns,vejr_skader,123.23,21.0,skader pr. 1.000 indb.,2023-2025,F&P skadesstatistik,social,klimatilpasning,25.877551
751,Aarhus,vejr_skader,143.76,18.0,skader pr. 1.000 indb.,2023-2025,F&P skadesstatistik,social,klimatilpasning,25.877551
813,Frederikshavn,vejr_skader,95.84,27.0,skader pr. 1.000 indb.,2023-2025,F&P skadesstatistik,social,klimatilpasning,25.877551
161,Glostrup,vejr_skader,150.0,15.0,skader pr. 1.000 indb.,2023-2025,F&P skadesstatistik,social,klimatilpasning,25.877551
270,Gribskov,vejr_skader,103.51,25.0,skader pr. 1.000 indb.,2023-2025,F&P skadesstatistik,social,klimatilpasning,25.877551
860,Hjørring,vejr_skader,80.87,32.0,skader pr. 1.000 indb.,2023-2025,F&P skadesstatistik,social,klimatilpasning,25.877551
165,Albertslund,vejr_skader,150.0,6.0,skader pr. 1.000 indb.,2023-2025,F&P skadesstatistik,social,klimatilpasning,25.877551
479,Svendborg,vejr_skader,95.84,27.0,skader pr. 1.000 indb.,2023-2025,F&P skadesstatistik,social,klimatilpasning,25.877551
791,Viborg,vejr_skader,150.0,16.0,skader pr. 1.000 indb.,2023-2025,F&P skadesstatistik,social,klimatilpasning,25.877551
480,Nordfyns,vejr_skader,50.74,51.0,skader pr. 1.000 indb.,2023-2025,F&P skadesstatistik,social,klimatilpasning,25.877551
706,Syddjurs,vejr_skader,78.42,33.0,skader pr. 1.000 indb.,2023-2025,F&P skadesstatistik,social,klimatilpasning,25.877551
440,Kerteminde,vejr_skader,86.26,30.0,skader pr. 1.000 indb.,2023-2025,F&P skadesstatistik,social,klimatilpasning,25.877551
630,Vejle,vejr_skader,112.51,23.0,skader pr. 1.000 indb.,2023-2025,F&P skadesstatistik,social,klimatilpasning,25.877551
101,København,vejr_skader,150.0,10.0,skader pr. 1.000 indb.,2023-2025,F&P skadesstatistik,social,klimatilpasning,25.877551
730,Randers,vejr_skader,143.76,18.0,skader pr. 1.000 indb.,2023-2025,F&P skadesstatistik,social,klimatilpasning,25.877551
760,Ringkøbing-Skjern,vejr_skader,57.51,45.0,skader pr. 1.000 indb.,2023-2025,F&P skadesstatistik,social,klimatilpasning,25.877551
430,Faaborg-Midtfyn,vejr_skader,95.84,27.0,skader pr. 1.000 indb.,2023-2025,F&P skadesstatistik,social,klimatilpasning,25.877551
320,Faxe,vejr_skader,136.2,19.0,skader pr. 1.000 indb.,2023-2025,F&P skadesstatistik,social,klimatilpasning,25.877551
169,Høje-Taastrup,vejr_skader,150.0,12.0,skader pr. 1.000 indb.,2023-2025,F&P skadesstatistik,social,klimatilpasning,25.877551
573,Varde,vejr_skader,68.1,38.0,skader pr. 1.000 indb.,2023-2025,F&P skadesstatistik,social,klimatilpasning,25.877551
621,Kolding,vejr_skader,103.51,25.0,skader pr. 1.000 indb.,2023-2025,F&P skadesstatistik,social,klimatilpasning,25.877551
420,Assens,vejr_skader,95.84,27.0,skader pr. 1.000 indb.,2023-2025,F&P skadesstatistik,social,klimatilpasning,25.877551
580,Aabenraa,vejr_skader,103.51,25.0,skader pr. 1.000 indb.,2023-2025,F&P skadesstatistik,social,klimatilpasning,25.877551
787,Thisted,vejr_skader,53.91,48.0,skader pr. 1.000 indb.,2023-2025,F&P skadesstatistik,social,klimatilpasning,25.877551
756,Ikast-Brande,vejr_skader,99.53,26.0,skader pr. 1.000 indb.,2023-2025,F&P skadesstatistik,social,klimatilpasning,25.877551
461,Odense,vejr_skader,112.51,23.0,skader pr. 1.000 indb.,2023-2025,F&P skadesstatistik,social,klimatilpasning,25.877551
779,Skive,vejr_skader,83.48,31.0,skader pr. 1.000 indb.,2023-2025,F&P skadesstatistik,social,klimatilpasning,25.877551
450,Nyborg,vejr_skader,112.51,23.0,skader pr. 1.000 indb.,2023-2025,F&P skadesstatistik,social,klimatilpasning,25.877551
846,Mariagerfjord,vejr_skader,103.51,25.0,skader pr. 1.000 indb.,2023-2025,F&P skadesstatistik,social,klimatilpasning,25.877551
820,Vesthimmerlands,vejr_skader,89.23,29.0,skader pr. 1.000 indb.,2023-2025,F&P skadesstatistik,social,klimatilpasning,25.877551
540,Sønderborg,vejr_skader,92.42,28.0,skader pr. 1.000 indb.,2023-2025,F&P skadesstatistik,social,klimatilpasning,25.877551
400,Bornholm,vejr_skader,83.48,31.0,skader pr. 1.000 indb.,2023-2025,F&P skadesstatistik,social,klimatilpasning,25.877551
510,Haderslev,vejr_skader,99.53,26.0,skader pr. 1.000 indb.,2023-2025,F&P skadesstatistik,social,klimatilpasning,25.877551
671,Struer,vejr_skader,61.61,42.0,skader pr. 1.000 indb.,2023-2025,F&P skadesstatistik,social,klimatilpasning,25.877551
665,Lemvig,vejr_skader,39.21,66.0,skader pr. 1.000 indb.,2023-2025,F&P skadesstatistik,social,klimatilpasning,25.877551
707,Norddjurs,vejr_skader,89.23,29.0,skader pr. 1.000 indb.,2023-2025,F&P skadesstatistik,social,klimatilpasning,25.877551
330,Slagelse,vejr_skader,123.23,21.0,skader pr. 1.000 indb.,2023-2025,F&P skadesstatistik,social,klimatilpasning,25.877551
306,Odsherred,vejr_skader,78.42,33.0,skader pr. 1.000 indb.,2023-2025,F&P skadesstatistik,social,klimatilpasning,25.877551
575,Vejen,vejr_skader,92.42,28.0,skader pr. 1.000 indb.,2023-2025,F&P skadesstatistik,social,klimatilpasning,25.877551
376,Guldborgsund,vejr_skader,53.91,48.0,skader pr. 1.000 indb.,2023-2025,F&P skadesstatistik,social,klimatilpasning,25.877551
849,Jammerbugt,vejr_skader,63.12,41.0,skader pr. 1.000 indb.,2023-2025,F&P skadesstatistik,social,klimatilpasning,25.877551
326,Kalundborg,vejr_skader,136.2,19.0,skader pr. 1.000 indb.,2023-2025,F&P skadesstatistik,social,klimatilpasning,25.877551
390,Vordingborg,vejr_skader,68.1,38.0,skader pr. 1.000 indb.,2023-2025,F&P skadesstatistik,social,klimatilpasning,25.877551
550,Tønder,vejr_skader,92.42,28.0,skader pr. 1.000 indb.,2023-2025,F&P skadesstatistik,social,klimatilpasning,25.877551
360,Lolland,vejr_skader,76.11,34.0,skader pr. 1.000 indb.,2023-2025,F&P skadesstatistik,social,klimatilpasning,25.877551
741,Samsø,vejr_skader,60.18,43.0,skader pr. 1.000 indb.,2023-2025,F&P skadesstatistik,social,klimatilpasning,25.877551
482,Langeland,vejr_skader,41.74,62.0,skader pr. 1.000 indb.,2023-2025,F&P skadesstatistik,social,klimatilpasning,25.877551
201,Allerød,klimapaavirkning,112.73,3.382,ton CO₂e/person,2023,Klimaregnskabet.dk,ecological,klimapaavirkning,3.0
153,Brøndby,klimapaavirkning,111.1,3.333,ton CO₂e/person,2023,Klimaregnskabet.dk,ecological,klimapaavirkning,3.0
175,Rødovre,klimapaavirkning,62.2,1.866,ton CO₂e/person,2023,Klimaregnskabet.dk,ecological,klimapaavirkning,3.0
155,Dragør,klimapaavirkning,60.17,1.805,ton CO₂e/person,2023,Klimaregnskabet.dk,ecological,klimapaavirkning,3.0
190,Furesø,klimapaavirkning,83.03,2.491,ton CO₂e/person,2023,Klimaregnskabet.dk,ecological,klimapaavirkning,3.0
167,Hvidovre,klimapaavirkning,76.07,2.282,ton CO₂e/person,2023,Klimaregnskabet.dk,ecological,klimapaavirkning,3.0
230,Rudersdal,klimapaavirkning,101.27,3.038,ton CO₂e/person,2023,Klimaregnskabet.dk,ecological,klimapaavirkning,3.0
746,Skanderborg,klimapaavirkning,159.03,4.771,ton CO₂e/person,2023,Klimaregnskabet.dk,ecological,klimapaavirkning,3.0
269,Solrød,klimapaavirkning,117.43,3.523,ton CO₂e/person,2023,Klimaregnskabet.dk,ecological,klimapaavirkning,3.0
265,Roskilde,klimapaavirkning,86.0,2.58,ton CO₂e/person,2023,Klimaregnskabet.dk,ecological,klimapaavirkning,3.0
240,Egedal,klimapaavirkning,79.9,2.397,ton CO₂e/person,2023,Klimaregnskabet.dk,ecological,klimapaavirkning,3.0
151,Ballerup,klimapaavirkning,94.43,2.833,ton CO₂e/person,2023,Klimaregnskabet.dk,ecological,klimapaavirkning,3.0
223,Hørsholm,klimapaavirkning,89.73,2.692,ton CO₂e/person,2023,Klimaregnskabet.dk,ecological,klimapaavirkning,3.0
185,Tårnby,klimapaavirkning,79.0,2.37,ton CO₂e/person,2023,Klimaregnskabet.dk,ecological,klimapaavirkning,3.0
157,Gentofte,klimapaavirkning,69.77,2.093,ton CO₂e/person,2023,Klimaregnskabet.dk,ecological,klimapaavirkning,3.0
350,Lejre,klimapaavirkning,169.37,5.081,ton CO₂e/person,2023,Klimaregnskabet.dk,ecological,klimapaavirkning,3.0
163,Herlev,klimapaavirkning,69.93,2.098,ton CO₂e/person,2023,Klimaregnskabet.dk,ecological,klimapaavirkning,3.0
173,Lyngby-Taarbæk,klimapaavirkning,77.37,2.321,ton CO₂e/person,2023,Klimaregnskabet.dk,ecological,klimapaavirkning,3.0
210,Fredensborg,klimapaavirkning,88.67,2.66,ton CO₂e/person,2023,Klimaregnskabet.dk,ecological,klimapaavirkning,3.0
183,Ishøj,klimapaavirkning,90.63,2.719,ton CO₂e/person,2023,Klimaregnskabet.dk,ecological,klimapaavirkning,3.0
710,Favrskov,klimapaavirkning,233.23,6.997,ton CO₂e/person,2023,Klimaregnskabet.dk,ecological,klimapaavirkning,3.0
530,Billund,klimapaavirkning,237.73,7.132,ton CO₂e/person,2023,Klimaregnskabet.dk,ecological,klimapaavirkning,3.0
840,Rebild,klimapaavirkning,562.1,16.863,ton CO₂e/person,2023,Klimaregnskabet.dk,ecological,klimapaavirkning,3.0
187,Vallensbæk,klimapaavirkning,70.93,2.128,ton CO₂e/person,2023,Klimaregnskabet.dk,ecological,klimapaavirkning,3.0
253,Greve,klimapaavirkning,106.17,3.185,ton CO₂e/person,2023,Klimaregnskabet.dk,ecological,klimapaavirkning,3.0
147,Frederiksberg,klimapaavirkning,33.57,1.007,ton CO₂e/person,2023,Klimaregnskabet.dk,ecological,klimapaavirkning,3.0
259,Køge,klimapaavirkning,200.2,6.006,ton CO₂e/person,2023,Klimaregnskabet.dk,ecological,klimapaavirkning,3.0
159,Gladsaxe,klimapaavirkning,81.37,2.441,ton CO₂e/person,2023,Klimaregnskabet.dk,ecological,klimapaavirkning,3.0
217,Helsingør,klimapaavirkning,73.1,2.193,ton CO₂e/person,2023,Klimaregnskabet.dk,ecological,klimapaavirkning,3.0
250,Frederikssund,klimapaavirkning,128.27,3.848,ton CO₂e/person,2023,Klimaregnskabet.dk,ecological,klimapaavirkning,3.0
661,Holstebro,klimapaavirkning,275.03,8.251,ton CO₂e/person,2023,Klimaregnskabet.dk,ecological,klimapaavirkning,3.0
825,Læsø,klimapaavirkning,157.37,4.721,ton CO₂e/person,2023,Klimaregnskabet.dk,ecological,klimapaavirkning,3.0
657,Herning,klimapaavirkning,243.7,7.311,ton CO₂e/person,2023,Klimaregnskabet.dk,ecological,klimapaavirkning,3.0
260,Halsnæs,klimapaavirkning,186.53,5.596,ton CO₂e/person,2023,Klimaregnskabet.dk,ecological,klimapaavirkning,3.0
773,Morsø,klimapaavirkning,325.73,9.772,ton CO₂e/person,2023,Klimaregnskabet.dk,ecological,klimapaavirkning,3.0
219,Hillerød,klimapaavirkning,104.33,3.13,ton CO₂e/person,2023,Klimaregnskabet.dk,ecological,klimapaavirkning,3.0
340,Sorø,klimapaavirkning,211.27,6.338,ton CO₂e/person,2023,Klimaregnskabet.dk,ecological,klimapaavirkning,3.0
492,Ærø,klimapaavirkning,172.4,5.172,ton CO₂e/person,2023,Klimaregnskabet.dk,ecological,klimapaavirkning,3.0
561,Esbjerg,klimapaavirkning,255.67,7.67,ton CO₂e/person,2023,Klimaregnskabet.dk,ecological,klimapaavirkning,3.0
740,Silkeborg,klimapaavirkning,149.73,4.492,ton CO₂e/person,2023,Klimaregnskabet.dk,ecological,klimapaavirkning,3.0
615,Horsens,klimapaavirkning,147.9,4.437,ton CO₂e/person,2023,Klimaregnskabet.dk,ecological,klimapaavirkning,3.0
563,Fanø,klimapaavirkning,138.47,4.154,ton CO₂e/person,2023,Klimaregnskabet.dk,ecological,klimapaavirkning,3.0
316,Holbæk,klimapaavirkning,150.63,4.519,ton CO₂e/person,2023,Klimaregnskabet.dk,ecological,klimapaavirkning,3.0
766,Hedensted,klimapaavirkning,237.87,7.136,ton CO₂e/person,2023,Klimaregnskabet.dk,ecological,klimapaavirkning,3.0
607,Fredericia,klimapaavirkning,367.63,11.029,ton CO₂e/person,2023,Klimaregnskabet.dk,ecological,klimapaavirkning,3.0
410,Middelfart,klimapaavirkning,219.5,6.585,ton CO₂e/person,2023,Klimaregnskabet.dk,ecological,klimapaavirkning,3.0
329,Ringsted,klimapaavirkning,159.07,4.772,ton CO₂e/person,2023,Klimaregnskabet.dk,ecological,klimapaavirkning,3.0
370,Næstved,klimapaavirkning,173.13,5.194,ton CO₂e/person,2023,Klimaregnskabet.dk,ecological,klimapaavirkning,3.0
851,Aalborg,klimapaavirkning,521.23,15.637,ton CO₂e/person,2023,Klimaregnskabet.dk,ecological,klimapaavirkning,3.0
810,Brønderslev,klimapaavirkning,361.93,10.858,ton CO₂e/person,2023,Klimaregnskabet.dk,ecological,klimapaavirkning,3.0
727,Odder,klimapaavirkning,166.47,4.994,ton CO₂e/person,2023,Klimaregnskabet.dk,ecological,klimapaavirkning,3.0
336,Stevns,klimapaavirkning,116.0,3.48,ton CO₂e/person,2023,Klimaregnskabet.dk,ecological,klimapaavirkning,3.0
751,Aarhus,klimapaavirkning,105.1,3.153,ton CO₂e/person,2023,Klimaregnskabet.dk,ecological,klimapaavirkning,3.0
813,Frederikshavn,klimapaavirkning,271.7,8.151,ton CO₂e/person,2023,Klimaregnskabet.dk,ecological,klimapaavirkning,3.0
161,Glostrup,klimapaavirkning,105.23,3.157,ton CO₂e/person,2023,Klimaregnskabet.dk,ecological,klimapaavirkning,3.0
270,Gribskov,klimapaavirkning,131.43,3.943,ton CO₂e/person,2023,Klimaregnskabet.dk,ecological,klimapaavirkning,3.0
860,Hjørring,klimapaavirkning,372.53,11.176,ton CO₂e/person,2023,Klimaregnskabet.dk,ecological,klimapaavirkning,3.0
165,Albertslund,klimapaavirkning,82.53,2.476,ton CO₂e/person,2023,Klimaregnskabet.dk,ecological,klimapaavirkning,3.0
479,Svendborg,klimapaavirkning,127.97,3.839,ton CO₂e/person,2023,Klimaregnskabet.dk,ecological,klimapaavirkning,3.0
791,Viborg,klimapaavirkning,310.2,9.306,ton CO₂e/person,2023,Klimaregnskabet.dk,ecological,klimapaavirkning,3.0
480,Nordfyns,klimapaavirkning,214.3,6.429,ton CO₂e/person,2023,Klimaregnskabet.dk,ecological,klimapaavirkning,3.0
706,Syddjurs,klimapaavirkning,208.87,6.266,ton CO₂e/person,2023,Klimaregnskabet.dk,ecological,klimapaavirkning,3.0
440,Kerteminde,klimapaavirkning,167.07,5.012,ton CO₂e/person,2023,Klimaregnskabet.dk,ecological,klimapaavirkning,3.0
630,Vejle,klimapaavirkning,181.07,5.432,ton CO₂e/person,2023,Klimaregnskabet.dk,ecological,klimapaavirkning,3.0
101,København,klimapaavirkning,44.3,1.329,ton CO₂e/person,2023,Klimaregnskabet.dk,ecological,klimapaavirkning,3.0
730,Randers,klimapaavirkning,136.63,4.099,ton CO₂e/person,2023,Klimaregnskabet.dk,ecological,klimapaavirkning,3.0
760,Ringkøbing-Skjern,klimapaavirkning,464.23,13.927,ton CO₂e/person,2023,Klimaregnskabet.dk,ecological,klimapaavirkning,3.0
430,Faaborg-Midtfyn,klimapaavirkning,169.6,5.088,ton CO₂e/person,2023,Klimaregnskabet.dk,ecological,klimapaavirkning,3.0
320,Faxe,klimapaavirkning,176.2,5.286,ton CO₂e/person,2023,Klimaregnskabet.dk,ecological,klimapaavirkning,3.0
169,Høje-Taastrup,klimapaavirkning,102.9,3.087,ton CO₂e/person,2023,Klimaregnskabet.dk,ecological,klimapaavirkning,3.0
573,Varde,klimapaavirkning,502.53,15.076,ton CO₂e/person,2023,Klimaregnskabet.dk,ecological,klimapaavirkning,3.0
621,Kolding,klimapaavirkning,184.67,5.54,ton CO₂e/person,2023,Klimaregnskabet.dk,ecological,klimapaavirkning,3.0
420,Assens,klimapaavirkning,276.07,8.282,ton CO₂e/person,2023,Klimaregnskabet.dk,ecological,klimapaavirkning,3.0
580,Aabenraa,klimapaavirkning,345.93,10.378,ton CO₂e/person,2023,Klimaregnskabet.dk,ecological,klimapaavirkning,3.0
787,Thisted,klimapaavirkning,371.57,11.147,ton CO₂e/person,2023,Klimaregnskabet.dk,ecological,klimapaavirkning,3.0
756,Ikast-Brande,klimapaavirkning,231.97,6.959,ton CO₂e/person,2023,Klimaregnskabet.dk,ecological,klimapaavirkning,3.0
461,Odense,klimapaavirkning,129.73,3.892,ton CO₂e/person,2023,Klimaregnskabet.dk,ecological,klimapaavirkning,3.0
779,Skive,klimapaavirkning,293.37,8.801,ton CO₂e/person,2023,Klimaregnskabet.dk,ecological,klimapaavirkning,3.0
450,Nyborg,klimapaavirkning,400.23,12.007,ton CO₂e/person,2023,Klimaregnskabet.dk,ecological,klimapaavirkning,3.0
846,Mariagerfjord,klimapaavirkning,402.13,12.064,ton CO₂e/person,2023,Klimaregnskabet.dk,ecological,klimapaavirkning,3.0
820,Vesthimmerlands,klimapaavirkning,574.3,17.229,ton CO₂e/person,2023,Klimaregnskabet.dk,ecological,klimapaavirkning,3.0
540,Sønderborg,klimapaavirkning,135.73,4.072,ton CO₂e/person,2023,Klimaregnskabet.dk,ecological,klimapaavirkning,3.0
400,Bornholm,klimapaavirkning,174.37,5.231,ton CO₂e/person,2023,Klimaregnskabet.dk,ecological,klimapaavirkning,3.0
510,Haderslev,klimapaavirkning,254.53,7.636,ton CO₂e/person,2023,Klimaregnskabet.dk,ecological,klimapaavirkning,3.0
671,Struer,klimapaavirkning,220.5,6.615,ton CO₂e/person,2023,Klimaregnskabet.dk,ecological,klimapaavirkning,3.0
665,Lemvig,klimapaavirkning,579.63,17.389,ton CO₂e/person,2023,Klimaregnskabet.dk,ecological,klimapaavirkning,3.0
707,Norddjurs,klimapaavirkning,276.6,8.298,ton CO₂e/person,2023,Klimaregnskabet.dk,ecological,klimapaavirkning,3.0
330,Slagelse,klimapaavirkning,168.7,5.061,ton CO₂e/person,2023,Klimaregnskabet.dk,ecological,klimapaavirkning,3.0
306,Odsherred,klimapaavirkning,227.17,6.815,ton CO₂e/person,2023,Klimaregnskabet.dk,ecological,klimapaavirkning,3.0
575,Vejen,klimapaavirkning,380.47,11.414,ton CO₂e/person,2023,Klimaregnskabet.dk,ecological,klimapaavirkning,3.0
376,Guldborgsund,klimapaavirkning,238.73,7.162,ton CO₂e/person,2023,Klimaregnskabet.dk,ecological,klimapaavirkning,3.0
849,Jammerbugt,klimapaavirkning,339.33,10.18,ton CO₂e/person,2023,Klimaregnskabet.dk,ecological,klimapaavirkning,3.0
326,Kalundborg,klimapaavirkning,513.47,15.404,ton CO₂e/person,2023,Klimaregnskabet.dk,ecological,klimapaavirkning,3.0
390,Vordingborg,klimapaavirkning,213.93,6.418,ton CO₂e/person,2023,Klimaregnskabet.dk,ecological,klimapaavirkning,3.0
550,Tønder,klimapaavirkning,838.83,25.165,ton CO₂e/person,2023,Klimaregnskabet.dk,ecological,klimapaavirkning,3.0
360,Lolland,klimapaavirkning,240.2,7.206,ton CO₂e/person,2023,Klimaregnskabet.dk,ecological,klimapaavirkning,3.0
741,Samsø,klimapaavirkning,272.97,8.189,ton CO₂e/person,2023,Klimaregnskabet.dk,ecological,klimapaavirkning,3.0
482,Langeland,klimapaavirkning,314.93,9.448,ton CO₂e/person,2023,Klimaregnskabet.dk,ecological,klimapaavirkning,3.0
201,Allerød,luftkvalitet_no2,58.3,5.83,µg/m³,2024,DCE/AU UBM via Miljøportal WFS,ecological,luftkvalitet,10.0
153,Brøndby,luftkvalitet_no2,74.8,7.48,µg/m³,2024,DCE/AU UBM via Miljøportal WFS,ecological,luftkvalitet,10.0
175,Rødovre,luftkvalitet_no2,78.7,7.87,µg/m³,2024,DCE/AU UBM via Miljøportal WFS,ecological,luftkvalitet,10.0
155,Dragør,luftkvalitet_no2,74.6,7.46,µg/m³,2024,DCE/AU UBM via Miljøportal WFS,ecological,luftkvalitet,10.0
190,Furesø,luftkvalitet_no2,61.1,6.11,µg/m³,2024,DCE/AU UBM via Miljøportal WFS,ecological,luftkvalitet,10.0
167,Hvidovre,luftkvalitet_no2,76.0,7.6,µg/m³,2024,DCE/AU UBM via Miljøportal WFS,ecological,luftkvalitet,10.0
230,Rudersdal,luftkvalitet_no2,64.0,6.4,µg/m³,2024,DCE/AU UBM via Miljøportal WFS,ecological,luftkvalitet,10.0
746,Skanderborg,luftkvalitet_no2,43.4,4.34,µg/m³,2024,DCE/AU UBM via Miljøportal WFS,ecological,luftkvalitet,10.0
269,Solrød,luftkvalitet_no2,61.1,6.11,µg/m³,2024,DCE/AU UBM via Miljøportal WFS,ecological,luftkvalitet,10.0
265,Roskilde,luftkvalitet_no2,58.5,5.85,µg/m³,2024,DCE/AU UBM via Miljøportal WFS,ecological,luftkvalitet,10.0
240,Egedal,luftkvalitet_no2,57.1,5.71,µg/m³,2024,DCE/AU UBM via Miljøportal WFS,ecological,luftkvalitet,10.0
151,Ballerup,luftkvalitet_no2,65.9,6.59,µg/m³,2024,DCE/AU UBM via Miljøportal WFS,ecological,luftkvalitet,10.0
223,Hørsholm,luftkvalitet_no2,59.4,5.94,µg/m³,2024,DCE/AU UBM via Miljøportal WFS,ecological,luftkvalitet,10.0
185,Tårnby,luftkvalitet_no2,77.1,7.71,µg/m³,2024,DCE/AU UBM via Miljøportal WFS,ecological,luftkvalitet,10.0
157,Gentofte,luftkvalitet_no2,79.6,7.96,µg/m³,2024,DCE/AU UBM via Miljøportal WFS,ecological,luftkvalitet,10.0
350,Lejre,luftkvalitet_no2,52.3,5.23,µg/m³,2024,DCE/AU UBM via Miljøportal WFS,ecological,luftkvalitet,10.0
163,Herlev,luftkvalitet_no2,73.4,7.34,µg/m³,2024,DCE/AU UBM via Miljøportal WFS,ecological,luftkvalitet,10.0
173,Lyngby-Taarbæk,luftkvalitet_no2,72.5,7.25,µg/m³,2024,DCE/AU UBM via Miljøportal WFS,ecological,luftkvalitet,10.0
210,Fredensborg,luftkvalitet_no2,56.5,5.65,µg/m³,2024,DCE/AU UBM via Miljøportal WFS,ecological,luftkvalitet,10.0
183,Ishøj,luftkvalitet_no2,67.2,6.72,µg/m³,2024,DCE/AU UBM via Miljøportal WFS,ecological,luftkvalitet,10.0
710,Favrskov,luftkvalitet_no2,40.8,4.08,µg/m³,2024,DCE/AU UBM via Miljøportal WFS,ecological,luftkvalitet,10.0
530,Billund,luftkvalitet_no2,36.6,3.66,µg/m³,2024,DCE/AU UBM via Miljøportal WFS,ecological,luftkvalitet,10.0
840,Rebild,luftkvalitet_no2,36.1,3.61,µg/m³,2024,DCE/AU UBM via Miljøportal WFS,ecological,luftkvalitet,10.0
187,Vallensbæk,luftkvalitet_no2,71.1,7.11,µg/m³,2024,DCE/AU UBM via Miljøportal WFS,ecological,luftkvalitet,10.0
253,Greve,luftkvalitet_no2,64.8,6.48,µg/m³,2024,DCE/AU UBM via Miljøportal WFS,ecological,luftkvalitet,10.0
147,Frederiksberg,luftkvalitet_no2,79.4,7.94,µg/m³,2024,DCE/AU UBM via Miljøportal WFS,ecological,luftkvalitet,10.0
259,Køge,luftkvalitet_no2,56.0,5.6,µg/m³,2024,DCE/AU UBM via Miljøportal WFS,ecological,luftkvalitet,10.0
159,Gladsaxe,luftkvalitet_no2,80.0,8.0,µg/m³,2024,DCE/AU UBM via Miljøportal WFS,ecological,luftkvalitet,10.0
217,Helsingør,luftkvalitet_no2,58.9,5.89,µg/m³,2024,DCE/AU UBM via Miljøportal WFS,ecological,luftkvalitet,10.0
250,Frederikssund,luftkvalitet_no2,50.3,5.03,µg/m³,2024,DCE/AU UBM via Miljøportal WFS,ecological,luftkvalitet,10.0
661,Holstebro,luftkvalitet_no2,31.2,3.12,µg/m³,2024,DCE/AU UBM via Miljøportal WFS,ecological,luftkvalitet,10.0
825,Læsø,luftkvalitet_no2,37.3,3.73,µg/m³,2024,DCE/AU UBM via Miljøportal WFS,ecological,luftkvalitet,10.0
657,Herning,luftkvalitet_no2,33.3,3.33,µg/m³,2024,DCE/AU UBM via Miljøportal WFS,ecological,luftkvalitet,10.0
260,Halsnæs,luftkvalitet_no2,48.2,4.82,µg/m³,2024,DCE/AU UBM via Miljøportal WFS,ecological,luftkvalitet,10.0
773,Morsø,luftkvalitet_no2,30.8,3.08,µg/m³,2024,DCE/AU UBM via Miljøportal WFS,ecological,luftkvalitet,10.0
219,Hillerød,luftkvalitet_no2,58.7,5.87,µg/m³,2024,DCE/AU UBM via Miljøportal WFS,ecological,luftkvalitet,10.0
340,Sorø,luftkvalitet_no2,47.9,4.79,µg/m³,2024,DCE/AU UBM via Miljøportal WFS,ecological,luftkvalitet,10.0
492,Ærø,luftkvalitet_no2,52.9,5.29,µg/m³,2024,DCE/AU UBM via Miljøportal WFS,ecological,luftkvalitet,10.0
561,Esbjerg,luftkvalitet_no2,39.1,3.91,µg/m³,2024,DCE/AU UBM via Miljøportal WFS,ecological,luftkvalitet,10.0
740,Silkeborg,luftkvalitet_no2,36.1,3.61,µg/m³,2024,DCE/AU UBM via Miljøportal WFS,ecological,luftkvalitet,10.0
615,Horsens,luftkvalitet_no2,42.5,4.25,µg/m³,2024,DCE/AU UBM via Miljøportal WFS,ecological,luftkvalitet,10.0
563,Fanø,luftkvalitet_no2,34.9,3.49,µg/m³,2024,DCE/AU UBM via Miljøportal WFS,ecological,luftkvalitet,10.0
316,Holbæk,luftkvalitet_no2,47.5,4.75,µg/m³,2024,DCE/AU UBM via Miljøportal WFS,ecological,luftkvalitet,10.0
766,Hedensted,luftkvalitet_no2,43.1,4.31,µg/m³,2024,DCE/AU UBM via Miljøportal WFS,ecological,luftkvalitet,10.0
607,Fredericia,luftkvalitet_no2,51.4,5.14,µg/m³,2024,DCE/AU UBM via Miljøportal WFS,ecological,luftkvalitet,10.0
410,Middelfart,luftkvalitet_no2,45.7,4.57,µg/m³,2024,DCE/AU UBM via Miljøportal WFS,ecological,luftkvalitet,10.0
329,Ringsted,luftkvalitet_no2,49.6,4.96,µg/m³,2024,DCE/AU UBM via Miljøportal WFS,ecological,luftkvalitet,10.0
370,Næstved,luftkvalitet_no2,48.9,4.89,µg/m³,2024,DCE/AU UBM via Miljøportal WFS,ecological,luftkvalitet,10.0
851,Aalborg,luftkvalitet_no2,38.0,3.8,µg/m³,2024,DCE/AU UBM via Miljøportal WFS,ecological,luftkvalitet,10.0
810,Brønderslev,luftkvalitet_no2,37.4,3.74,µg/m³,2024,DCE/AU UBM via Miljøportal WFS,ecological,luftkvalitet,10.0
727,Odder,luftkvalitet_no2,43.6,4.36,µg/m³,2024,DCE/AU UBM via Miljøportal WFS,ecological,luftkvalitet,10.0
336,Stevns,luftkvalitet_no2,53.3,5.33,µg/m³,2024,DCE/AU UBM via Miljøportal WFS,ecological,luftkvalitet,10.0
751,Aarhus,luftkvalitet_no2,48.7,4.87,µg/m³,2024,DCE/AU UBM via Miljøportal WFS,ecological,luftkvalitet,10.0
813,Frederikshavn,luftkvalitet_no2,39.8,3.98,µg/m³,2024,DCE/AU UBM via Miljøportal WFS,ecological,luftkvalitet,10.0
161,Glostrup,luftkvalitet_no2,73.5,7.35,µg/m³,2024,DCE/AU UBM via Miljøportal WFS,ecological,luftkvalitet,10.0
270,Gribskov,luftkvalitet_no2,54.8,5.48,µg/m³,2024,DCE/AU UBM via Miljøportal WFS,ecological,luftkvalitet,10.0
860,Hjørring,luftkvalitet_no2,38.7,3.87,µg/m³,2024,DCE/AU UBM via Miljøportal WFS,ecological,luftkvalitet,10.0
165,Albertslund,luftkvalitet_no2,66.8,6.68,µg/m³,2024,DCE/AU UBM via Miljøportal WFS,ecological,luftkvalitet,10.0
479,Svendborg,luftkvalitet_no2,52.6,5.26,µg/m³,2024,DCE/AU UBM via Miljøportal WFS,ecological,luftkvalitet,10.0
791,Viborg,luftkvalitet_no2,34.1,3.41,µg/m³,2024,DCE/AU UBM via Miljøportal WFS,ecological,luftkvalitet,10.0
480,Nordfyns,luftkvalitet_no2,46.0,4.6,µg/m³,2024,DCE/AU UBM via Miljøportal WFS,ecological,luftkvalitet,10.0
706,Syddjurs,luftkvalitet_no2,44.2,4.42,µg/m³,2024,DCE/AU UBM via Miljøportal WFS,ecological,luftkvalitet,10.0
440,Kerteminde,luftkvalitet_no2,49.9,4.99,µg/m³,2024,DCE/AU UBM via Miljøportal WFS,ecological,luftkvalitet,10.0
630,Vejle,luftkvalitet_no2,40.0,4.0,µg/m³,2024,DCE/AU UBM via Miljøportal WFS,ecological,luftkvalitet,10.0
101,København,luftkvalitet_no2,83.8,8.38,µg/m³,2024,DCE/AU UBM via Miljøportal WFS,ecological,luftkvalitet,10.0
730,Randers,luftkvalitet_no2,38.5,3.85,µg/m³,2024,DCE/AU UBM via Miljøportal WFS,ecological,luftkvalitet,10.0
760,Ringkøbing-Skjern,luftkvalitet_no2,31.9,3.19,µg/m³,2024,DCE/AU UBM via Miljøportal WFS,ecological,luftkvalitet,10.0
430,Faaborg-Midtfyn,luftkvalitet_no2,48.7,4.87,µg/m³,2024,DCE/AU UBM via Miljøportal WFS,ecological,luftkvalitet,10.0
320,Faxe,luftkvalitet_no2,50.7,5.07,µg/m³,2024,DCE/AU UBM via Miljøportal WFS,ecological,luftkvalitet,10.0
169,Høje-Taastrup,luftkvalitet_no2,63.6,6.36,µg/m³,2024,DCE/AU UBM via Miljøportal WFS,ecological,luftkvalitet,10.0
573,Varde,luftkvalitet_no2,34.1,3.41,µg/m³,2024,DCE/AU UBM via Miljøportal WFS,ecological,luftkvalitet,10.0
621,Kolding,luftkvalitet_no2,42.8,4.28,µg/m³,2024,DCE/AU UBM via Miljøportal WFS,ecological,luftkvalitet,10.0
420,Assens,luftkvalitet_no2,45.6,4.56,µg/m³,2024,DCE/AU UBM via Miljøportal WFS,ecological,luftkvalitet,10.0
580,Aabenraa,luftkvalitet_no2,47.9,4.79,µg/m³,2024,DCE/AU UBM via Miljøportal WFS,ecological,luftkvalitet,10.0
787,Thisted,luftkvalitet_no2,29.9,2.99,µg/m³,2024,DCE/AU UBM via Miljøportal WFS,ecological,luftkvalitet,10.0
756,Ikast-Brande,luftkvalitet_no2,35.0,3.5,µg/m³,2024,DCE/AU UBM via Miljøportal WFS,ecological,luftkvalitet,10.0
461,Odense,luftkvalitet_no2,52.2,5.22,µg/m³,2024,DCE/AU UBM via Miljøportal WFS,ecological,luftkvalitet,10.0
779,Skive,luftkvalitet_no2,32.2,3.22,µg/m³,2024,DCE/AU UBM via Miljøportal WFS,ecological,luftkvalitet,10.0
450,Nyborg,luftkvalitet_no2,50.6,5.06,µg/m³,2024,DCE/AU UBM via Miljøportal WFS,ecological,luftkvalitet,10.0
846,Mariagerfjord,luftkvalitet_no2,35.8,3.58,µg/m³,2024,DCE/AU UBM via Miljøportal WFS,ecological,luftkvalitet,10.0
820,Vesthimmerlands,luftkvalitet_no2,33.6,3.36,µg/m³,2024,DCE/AU UBM via Miljøportal WFS,ecological,luftkvalitet,10.0
540,Sønderborg,luftkvalitet_no2,51.9,5.19,µg/m³,2024,DCE/AU UBM via Miljøportal WFS,ecological,luftkvalitet,10.0
400,Bornholm,luftkvalitet_no2,38.4,3.84,µg/m³,2024,DCE/AU UBM via Miljøportal WFS,ecological,luftkvalitet,10.0
510,Haderslev,luftkvalitet_no2,42.9,4.29,µg/m³,2024,DCE/AU UBM via Miljøportal WFS,ecological,luftkvalitet,10.0
671,Struer,luftkvalitet_no2,31.6,3.16,µg/m³,2024,DCE/AU UBM via Miljøportal WFS,ecological,luftkvalitet,10.0
665,Lemvig,luftkvalitet_no2,29.8,2.98,µg/m³,2024,DCE/AU UBM via Miljøportal WFS,ecological,luftkvalitet,10.0
707,Norddjurs,luftkvalitet_no2,40.8,4.08,µg/m³,2024,DCE/AU UBM via Miljøportal WFS,ecological,luftkvalitet,10.0
330,Slagelse,luftkvalitet_no2,51.2,5.12,µg/m³,2024,DCE/AU UBM via Miljøportal WFS,ecological,luftkvalitet,10.0
306,Odsherred,luftkvalitet_no2,44.9,4.49,µg/m³,2024,DCE/AU UBM via Miljøportal WFS,ecological,luftkvalitet,10.0
575,Vejen,luftkvalitet_no2,39.4,3.94,µg/m³,2024,DCE/AU UBM via Miljøportal WFS,ecological,luftkvalitet,10.0
376,Guldborgsund,luftkvalitet_no2,59.6,5.96,µg/m³,2024,DCE/AU UBM via Miljøportal WFS,ecological,luftkvalitet,10.0
849,Jammerbugt,luftkvalitet_no2,33.3,3.33,µg/m³,2024,DCE/AU UBM via Miljøportal WFS,ecological,luftkvalitet,10.0
326,Kalundborg,luftkvalitet_no2,49.0,4.9,µg/m³,2024,DCE/AU UBM via Miljøportal WFS,ecological,luftkvalitet,10.0
390,Vordingborg,luftkvalitet_no2,51.7,5.17,µg/m³,2024,DCE/AU UBM via Miljøportal WFS,ecological,luftkvalitet,10.0
550,Tønder,luftkvalitet_no2,41.5,4.15,µg/m³,2024,DCE/AU UBM via Miljøportal WFS,ecological,luftkvalitet,10.0
360,Lolland,luftkvalitet_no2,59.5,5.95,µg/m³,2024,DCE/AU UBM via Miljøportal WFS,ecological,luftkvalitet,10.0
741,Samsø,luftkvalitet_no2,46.1,4.61,µg/m³,2024,DCE/AU UBM via Miljøportal WFS,ecological,luftkvalitet,10.0
482,Langeland,luftkvalitet_no2,58.5,5.85,µg/m³,2024,DCE/AU UBM via Miljøportal WFS,ecological,luftkvalitet,10.0
201,Allerød,luftkvalitet_pm25,135.8,6.79,µg/m³,2024,DCE/AU UBM via Miljøportal WFS,ecological,luftkvalitet,5.0
153,Brøndby,luftkvalitet_pm25,138.8,6.94,µg/m³,2024,DCE/AU UBM via Miljøportal WFS,ecological,luftkvalitet,5.0
175,Rødovre,luftkvalitet_pm25,141.2,7.06,µg/m³,2024,DCE/AU UBM via Miljøportal WFS,ecological,luftkvalitet,5.0
155,Dragør,luftkvalitet_pm25,135.6,6.78,µg/m³,2024,DCE/AU UBM via Miljøportal WFS,ecological,luftkvalitet,5.0
190,Furesø,luftkvalitet_pm25,137.4,6.87,µg/m³,2024,DCE/AU UBM via Miljøportal WFS,ecological,luftkvalitet,5.0
167,Hvidovre,luftkvalitet_pm25,138.6,6.93,µg/m³,2024,DCE/AU UBM via Miljøportal WFS,ecological,luftkvalitet,5.0
230,Rudersdal,luftkvalitet_pm25,136.4,6.82,µg/m³,2024,DCE/AU UBM via Miljøportal WFS,ecological,luftkvalitet,5.0
746,Skanderborg,luftkvalitet_pm25,136.4,6.82,µg/m³,2024,DCE/AU UBM via Miljøportal WFS,ecological,luftkvalitet,5.0
269,Solrød,luftkvalitet_pm25,141.4,7.07,µg/m³,2024,DCE/AU UBM via Miljøportal WFS,ecological,luftkvalitet,5.0
265,Roskilde,luftkvalitet_pm25,141.0,7.05,µg/m³,2024,DCE/AU UBM via Miljøportal WFS,ecological,luftkvalitet,5.0
240,Egedal,luftkvalitet_pm25,138.2,6.91,µg/m³,2024,DCE/AU UBM via Miljøportal WFS,ecological,luftkvalitet,5.0
151,Ballerup,luftkvalitet_pm25,138.8,6.94,µg/m³,2024,DCE/AU UBM via Miljøportal WFS,ecological,luftkvalitet,5.0
223,Hørsholm,luftkvalitet_pm25,133.4,6.67,µg/m³,2024,DCE/AU UBM via Miljøportal WFS,ecological,luftkvalitet,5.0
185,Tårnby,luftkvalitet_pm25,134.6,6.73,µg/m³,2024,DCE/AU UBM via Miljøportal WFS,ecological,luftkvalitet,5.0
157,Gentofte,luftkvalitet_pm25,137.6,6.88,µg/m³,2024,DCE/AU UBM via Miljøportal WFS,ecological,luftkvalitet,5.0
350,Lejre,luftkvalitet_pm25,141.0,7.05,µg/m³,2024,DCE/AU UBM via Miljøportal WFS,ecological,luftkvalitet,5.0
163,Herlev,luftkvalitet_pm25,140.4,7.02,µg/m³,2024,DCE/AU UBM via Miljøportal WFS,ecological,luftkvalitet,5.0
173,Lyngby-Taarbæk,luftkvalitet_pm25,138.0,6.9,µg/m³,2024,DCE/AU UBM via Miljøportal WFS,ecological,luftkvalitet,5.0
210,Fredensborg,luftkvalitet_pm25,132.4,6.62,µg/m³,2024,DCE/AU UBM via Miljøportal WFS,ecological,luftkvalitet,5.0
183,Ishøj,luftkvalitet_pm25,138.8,6.94,µg/m³,2024,DCE/AU UBM via Miljøportal WFS,ecological,luftkvalitet,5.0
710,Favrskov,luftkvalitet_pm25,133.2,6.66,µg/m³,2024,DCE/AU UBM via Miljøportal WFS,ecological,luftkvalitet,5.0
530,Billund,luftkvalitet_pm25,138.6,6.93,µg/m³,2024,DCE/AU UBM via Miljøportal WFS,ecological,luftkvalitet,5.0
840,Rebild,luftkvalitet_pm25,128.6,6.43,µg/m³,2024,DCE/AU UBM via Miljøportal WFS,ecological,luftkvalitet,5.0
187,Vallensbæk,luftkvalitet_pm25,138.8,6.94,µg/m³,2024,DCE/AU UBM via Miljøportal WFS,ecological,luftkvalitet,5.0
253,Greve,luftkvalitet_pm25,139.8,6.99,µg/m³,2024,DCE/AU UBM via Miljøportal WFS,ecological,luftkvalitet,5.0
147,Frederiksberg,luftkvalitet_pm25,141.6,7.08,µg/m³,2024,DCE/AU UBM via Miljøportal WFS,ecological,luftkvalitet,5.0
259,Køge,luftkvalitet_pm25,141.6,7.08,µg/m³,2024,DCE/AU UBM via Miljøportal WFS,ecological,luftkvalitet,5.0
159,Gladsaxe,luftkvalitet_pm25,141.2,7.06,µg/m³,2024,DCE/AU UBM via Miljøportal WFS,ecological,luftkvalitet,5.0
217,Helsingør,luftkvalitet_pm25,130.8,6.54,µg/m³,2024,DCE/AU UBM via Miljøportal WFS,ecological,luftkvalitet,5.0
250,Frederikssund,luftkvalitet_pm25,137.4,6.87,µg/m³,2024,DCE/AU UBM via Miljøportal WFS,ecological,luftkvalitet,5.0
661,Holstebro,luftkvalitet_pm25,131.6,6.58,µg/m³,2024,DCE/AU UBM via Miljøportal WFS,ecological,luftkvalitet,5.0
825,Læsø,luftkvalitet_pm25,112.2,5.61,µg/m³,2024,DCE/AU UBM via Miljøportal WFS,ecological,luftkvalitet,5.0
657,Herning,luftkvalitet_pm25,133.8,6.69,µg/m³,2024,DCE/AU UBM via Miljøportal WFS,ecological,luftkvalitet,5.0
260,Halsnæs,luftkvalitet_pm25,133.0,6.65,µg/m³,2024,DCE/AU UBM via Miljøportal WFS,ecological,luftkvalitet,5.0
773,Morsø,luftkvalitet_pm25,127.8,6.39,µg/m³,2024,DCE/AU UBM via Miljøportal WFS,ecological,luftkvalitet,5.0
219,Hillerød,luftkvalitet_pm25,134.6,6.73,µg/m³,2024,DCE/AU UBM via Miljøportal WFS,ecological,luftkvalitet,5.0
340,Sorø,luftkvalitet_pm25,142.0,7.1,µg/m³,2024,DCE/AU UBM via Miljøportal WFS,ecological,luftkvalitet,5.0
492,Ærø,luftkvalitet_pm25,145.8,7.29,µg/m³,2024,DCE/AU UBM via Miljøportal WFS,ecological,luftkvalitet,5.0
561,Esbjerg,luftkvalitet_pm25,143.8,7.19,µg/m³,2024,DCE/AU UBM via Miljøportal WFS,ecological,luftkvalitet,5.0
740,Silkeborg,luftkvalitet_pm25,133.8,6.69,µg/m³,2024,DCE/AU UBM via Miljøportal WFS,ecological,luftkvalitet,5.0
615,Horsens,luftkvalitet_pm25,138.4,6.92,µg/m³,2024,DCE/AU UBM via Miljøportal WFS,ecological,luftkvalitet,5.0
563,Fanø,luftkvalitet_pm25,140.6,7.03,µg/m³,2024,DCE/AU UBM via Miljøportal WFS,ecological,luftkvalitet,5.0
316,Holbæk,luftkvalitet_pm25,140.2,7.01,µg/m³,2024,DCE/AU UBM via Miljøportal WFS,ecological,luftkvalitet,5.0
766,Hedensted,luftkvalitet_pm25,139.8,6.99,µg/m³,2024,DCE/AU UBM via Miljøportal WFS,ecological,luftkvalitet,5.0
607,Fredericia,luftkvalitet_pm25,145.0,7.25,µg/m³,2024,DCE/AU UBM via Miljøportal WFS,ecological,luftkvalitet,5.0
410,Middelfart,luftkvalitet_pm25,144.4,7.22,µg/m³,2024,DCE/AU UBM via Miljøportal WFS,ecological,luftkvalitet,5.0
329,Ringsted,luftkvalitet_pm25,142.6,7.13,µg/m³,2024,DCE/AU UBM via Miljøportal WFS,ecological,luftkvalitet,5.0
370,Næstved,luftkvalitet_pm25,142.6,7.13,µg/m³,2024,DCE/AU UBM via Miljøportal WFS,ecological,luftkvalitet,5.0
851,Aalborg,luftkvalitet_pm25,125.0,6.25,µg/m³,2024,DCE/AU UBM via Miljøportal WFS,ecological,luftkvalitet,5.0
810,Brønderslev,luftkvalitet_pm25,123.0,6.15,µg/m³,2024,DCE/AU UBM via Miljøportal WFS,ecological,luftkvalitet,5.0
727,Odder,luftkvalitet_pm25,135.4,6.77,µg/m³,2024,DCE/AU UBM via Miljøportal WFS,ecological,luftkvalitet,5.0
336,Stevns,luftkvalitet_pm25,140.0,7.0,µg/m³,2024,DCE/AU UBM via Miljøportal WFS,ecological,luftkvalitet,5.0
751,Aarhus,luftkvalitet_pm25,134.6,6.73,µg/m³,2024,DCE/AU UBM via Miljøportal WFS,ecological,luftkvalitet,5.0
813,Frederikshavn,luftkvalitet_pm25,116.0,5.8,µg/m³,2024,DCE/AU UBM via Miljøportal WFS,ecological,luftkvalitet,5.0
161,Glostrup,luftkvalitet_pm25,138.8,6.94,µg/m³,2024,DCE/AU UBM via Miljøportal WFS,ecological,luftkvalitet,5.0
270,Gribskov,luftkvalitet_pm25,132.2,6.61,µg/m³,2024,DCE/AU UBM via Miljøportal WFS,ecological,luftkvalitet,5.0
860,Hjørring,luftkvalitet_pm25,119.6,5.98,µg/m³,2024,DCE/AU UBM via Miljøportal WFS,ecological,luftkvalitet,5.0
165,Albertslund,luftkvalitet_pm25,137.4,6.87,µg/m³,2024,DCE/AU UBM via Miljøportal WFS,ecological,luftkvalitet,5.0
479,Svendborg,luftkvalitet_pm25,145.6,7.28,µg/m³,2024,DCE/AU UBM via Miljøportal WFS,ecological,luftkvalitet,5.0
791,Viborg,luftkvalitet_pm25,131.6,6.58,µg/m³,2024,DCE/AU UBM via Miljøportal WFS,ecological,luftkvalitet,5.0
480,Nordfyns,luftkvalitet_pm25,142.2,7.11,µg/m³,2024,DCE/AU UBM via Miljøportal WFS,ecological,luftkvalitet,5.0
706,Syddjurs,luftkvalitet_pm25,128.4,6.42,µg/m³,2024,DCE/AU UBM via Miljøportal WFS,ecological,luftkvalitet,5.0
440,Kerteminde,luftkvalitet_pm25,141.6,7.08,µg/m³,2024,DCE/AU UBM via Miljøportal WFS,ecological,luftkvalitet,5.0
630,Vejle,luftkvalitet_pm25,140.4,7.02,µg/m³,2024,DCE/AU UBM via Miljøportal WFS,ecological,luftkvalitet,5.0
101,København,luftkvalitet_pm25,140.0,7.0,µg/m³,2024,DCE/AU UBM via Miljøportal WFS,ecological,luftkvalitet,5.0
730,Randers,luftkvalitet_pm25,131.0,6.55,µg/m³,2024,DCE/AU UBM via Miljøportal WFS,ecological,luftkvalitet,5.0
760,Ringkøbing-Skjern,luftkvalitet_pm25,135.6,6.78,µg/m³,2024,DCE/AU UBM via Miljøportal WFS,ecological,luftkvalitet,5.0
430,Faaborg-Midtfyn,luftkvalitet_pm25,145.4,7.27,µg/m³,2024,DCE/AU UBM via Miljøportal WFS,ecological,luftkvalitet,5.0
320,Faxe,luftkvalitet_pm25,141.4,7.07,µg/m³,2024,DCE/AU UBM via Miljøportal WFS,ecological,luftkvalitet,5.0
169,Høje-Taastrup,luftkvalitet_pm25,139.4,6.97,µg/m³,2024,DCE/AU UBM via Miljøportal WFS,ecological,luftkvalitet,5.0
573,Varde,luftkvalitet_pm25,139.0,6.95,µg/m³,2024,DCE/AU UBM via Miljøportal WFS,ecological,luftkvalitet,5.0
621,Kolding,luftkvalitet_pm25,143.8,7.19,µg/m³,2024,DCE/AU UBM via Miljøportal WFS,ecological,luftkvalitet,5.0
420,Assens,luftkvalitet_pm25,145.4,7.27,µg/m³,2024,DCE/AU UBM via Miljøportal WFS,ecological,luftkvalitet,5.0
580,Aabenraa,luftkvalitet_pm25,150.6,7.53,µg/m³,2024,DCE/AU UBM via Miljøportal WFS,ecological,luftkvalitet,5.0
787,Thisted,luftkvalitet_pm25,123.4,6.17,µg/m³,2024,DCE/AU UBM via Miljøportal WFS,ecological,luftkvalitet,5.0
756,Ikast-Brande,luftkvalitet_pm25,135.2,6.76,µg/m³,2024,DCE/AU UBM via Miljøportal WFS,ecological,luftkvalitet,5.0
461,Odense,luftkvalitet_pm25,144.2,7.21,µg/m³,2024,DCE/AU UBM via Miljøportal WFS,ecological,luftkvalitet,5.0
779,Skive,luftkvalitet_pm25,130.2,6.51,µg/m³,2024,DCE/AU UBM via Miljøportal WFS,ecological,luftkvalitet,5.0
450,Nyborg,luftkvalitet_pm25,143.8,7.19,µg/m³,2024,DCE/AU UBM via Miljøportal WFS,ecological,luftkvalitet,5.0
846,Mariagerfjord,luftkvalitet_pm25,129.4,6.47,µg/m³,2024,DCE/AU UBM via Miljøportal WFS,ecological,luftkvalitet,5.0
820,Vesthimmerlands,luftkvalitet_pm25,129.2,6.46,µg/m³,2024,DCE/AU UBM via Miljøportal WFS,ecological,luftkvalitet,5.0
540,Sønderborg,luftkvalitet_pm25,149.6,7.48,µg/m³,2024,DCE/AU UBM via Miljøportal WFS,ecological,luftkvalitet,5.0
400,Bornholm,luftkvalitet_pm25,135.2,6.76,µg/m³,2024,DCE/AU UBM via Miljøportal WFS,ecological,luftkvalitet,5.0
510,Haderslev,luftkvalitet_pm25,146.2,7.31,µg/m³,2024,DCE/AU UBM via Miljøportal WFS,ecological,luftkvalitet,5.0
671,Struer,luftkvalitet_pm25,130.8,6.54,µg/m³,2024,DCE/AU UBM via Miljøportal WFS,ecological,luftkvalitet,5.0
665,Lemvig,luftkvalitet_pm25,130.2,6.51,µg/m³,2024,DCE/AU UBM via Miljøportal WFS,ecological,luftkvalitet,5.0
707,Norddjurs,luftkvalitet_pm25,126.8,6.34,µg/m³,2024,DCE/AU UBM via Miljøportal WFS,ecological,luftkvalitet,5.0
330,Slagelse,luftkvalitet_pm25,142.6,7.13,µg/m³,2024,DCE/AU UBM via Miljøportal WFS,ecological,luftkvalitet,5.0
306,Odsherred,luftkvalitet_pm25,135.4,6.77,µg/m³,2024,DCE/AU UBM via Miljøportal WFS,ecological,luftkvalitet,5.0
575,Vejen,luftkvalitet_pm25,144.0,7.2,µg/m³,2024,DCE/AU UBM via Miljøportal WFS,ecological,luftkvalitet,5.0
376,Guldborgsund,luftkvalitet_pm25,144.4,7.22,µg/m³,2024,DCE/AU UBM via Miljøportal WFS,ecological,luftkvalitet,5.0
849,Jammerbugt,luftkvalitet_pm25,122.8,6.14,µg/m³,2024,DCE/AU UBM via Miljøportal WFS,ecological,luftkvalitet,5.0
326,Kalundborg,luftkvalitet_pm25,140.0,7.0,µg/m³,2024,DCE/AU UBM via Miljøportal WFS,ecological,luftkvalitet,5.0
390,Vordingborg,luftkvalitet_pm25,141.2,7.06,µg/m³,2024,DCE/AU UBM via Miljøportal WFS,ecological,luftkvalitet,5.0
550,Tønder,luftkvalitet_pm25,149.0,7.45,µg/m³,2024,DCE/AU UBM via Miljøportal WFS,ecological,luftkvalitet,5.0
360,Lolland,luftkvalitet_pm25,145.0,7.25,µg/m³,2024,DCE/AU UBM via Miljøportal WFS,ecological,luftkvalitet,5.0
741,Samsø,luftkvalitet_pm25,133.0,6.65,µg/m³,2024,DCE/AU UBM via Miljøportal WFS,ecological,luftkvalitet,5.0
482,Langeland,luftkvalitet_pm25,144.4,7.22,µg/m³,2024,DCE/AU UBM via Miljøportal WFS,ecological,luftkvalitet,5.0
201,Allerød,cirkularitet_recycling,86.67,75.0,%,2023,DST LABY25,ecological,forurening,65.0
153,Brøndby,cirkularitet_recycling,108.33,60.0,%,2023,DST LABY25,ecological,forurening,65.0
175,Rødovre,cirkularitet_recycling,110.17,59.0,%,2023,DST LABY25,ecological,forurening,65.0
155,Dragør,cirkularitet_recycling,92.86,70.0,%,2023,DST LABY25,ecological,forurening,65.0
190,Furesø,cirkularitet_recycling,97.01,67.0,%,2023,DST LABY25,ecological,forurening,65.0
167,Hvidovre,cirkularitet_recycling,141.3,46.0,%,2023,DST LABY25,ecological,forurening,65.0
230,Rudersdal,cirkularitet_recycling,83.33,78.0,%,2023,DST LABY25,ecological,forurening,65.0
746,Skanderborg,cirkularitet_recycling,132.65,49.0,%,2023,DST LABY25,ecological,forurening,65.0
269,Solrød,cirkularitet_recycling,100.0,65.0,%,2023,DST LABY25,ecological,forurening,65.0
265,Roskilde,cirkularitet_recycling,100.0,65.0,%,2023,DST LABY25,ecological,forurening,65.0
240,Egedal,cirkularitet_recycling,98.48,66.0,%,2023,DST LABY25,ecological,forurening,65.0
151,Ballerup,cirkularitet_recycling,108.33,60.0,%,2023,DST LABY25,ecological,forurening,65.0
223,Hørsholm,cirkularitet_recycling,92.86,70.0,%,2023,DST LABY25,ecological,forurening,65.0
185,Tårnby,cirkularitet_recycling,112.07,58.0,%,2023,DST LABY25,ecological,forurening,65.0
157,Gentofte,cirkularitet_recycling,104.84,62.0,%,2023,DST LABY25,ecological,forurening,65.0
350,Lejre,cirkularitet_recycling,98.48,66.0,%,2023,DST LABY25,ecological,forurening,65.0
163,Herlev,cirkularitet_recycling,108.33,60.0,%,2023,DST LABY25,ecological,forurening,65.0
173,Lyngby-Taarbæk,cirkularitet_recycling,110.17,59.0,%,2023,DST LABY25,ecological,forurening,65.0
210,Fredensborg,cirkularitet_recycling,120.37,54.0,%,2023,DST LABY25,ecological,forurening,65.0
183,Ishøj,cirkularitet_recycling,180.56,36.0,%,2023,DST LABY25,ecological,forurening,65.0
710,Favrskov,cirkularitet_recycling,81.25,80.0,%,2023,DST LABY25,ecological,forurening,65.0
530,Billund,cirkularitet_recycling,97.01,67.0,%,2023,DST LABY25,ecological,forurening,65.0
840,Rebild,cirkularitet_recycling,118.18,55.0,%,2023,DST LABY25,ecological,forurening,65.0
187,Vallensbæk,cirkularitet_recycling,125.0,52.0,%,2023,DST LABY25,ecological,forurening,65.0
253,Greve,cirkularitet_recycling,100.0,65.0,%,2023,DST LABY25,ecological,forurening,65.0
147,Frederiksberg,cirkularitet_recycling,154.76,42.0,%,2023,DST LABY25,ecological,forurening,65.0
259,Køge,cirkularitet_recycling,110.17,59.0,%,2023,DST LABY25,ecological,forurening,65.0
159,Gladsaxe,cirkularitet_recycling,101.56,64.0,%,2023,DST LABY25,ecological,forurening,65.0
217,Helsingør,cirkularitet_recycling,108.33,60.0,%,2023,DST LABY25,ecological,forurening,65.0
250,Frederikssund,cirkularitet_recycling,100.0,65.0,%,2023,DST LABY25,ecological,forurening,65.0
661,Holstebro,cirkularitet_recycling,127.45,51.0,%,2023,DST LABY25,ecological,forurening,65.0
825,Læsø,cirkularitet_recycling,154.76,42.0,%,2023,DST LABY25,ecological,forurening,65.0
657,Herning,cirkularitet_recycling,91.55,71.0,%,2023,DST LABY25,ecological,forurening,65.0
260,Halsnæs,cirkularitet_recycling,97.01,67.0,%,2023,DST LABY25,ecological,forurening,65.0
773,Morsø,cirkularitet_recycling,250.0,26.0,%,2023,DST LABY25,ecological,forurening,65.0
219,Hillerød,cirkularitet_recycling,97.01,67.0,%,2023,DST LABY25,ecological,forurening,65.0
340,Sorø,cirkularitet_recycling,104.84,62.0,%,2023,DST LABY25,ecological,forurening,65.0
492,Ærø,cirkularitet_recycling,191.18,34.0,%,2023,DST LABY25,ecological,forurening,65.0
561,Esbjerg,cirkularitet_recycling,92.86,70.0,%,2023,DST LABY25,ecological,forurening,65.0
740,Silkeborg,cirkularitet_recycling,104.84,62.0,%,2023,DST LABY25,ecological,forurening,65.0
615,Horsens,cirkularitet_recycling,191.18,34.0,%,2023,DST LABY25,ecological,forurening,65.0
563,Fanø,cirkularitet_recycling,112.07,58.0,%,2023,DST LABY25,ecological,forurening,65.0
316,Holbæk,cirkularitet_recycling,98.48,66.0,%,2023,DST LABY25,ecological,forurening,65.0
766,Hedensted,cirkularitet_recycling,114.04,57.0,%,2023,DST LABY25,ecological,forurening,65.0
607,Fredericia,cirkularitet_recycling,110.17,59.0,%,2023,DST LABY25,ecological,forurening,65.0
410,Middelfart,cirkularitet_recycling,108.33,60.0,%,2023,DST LABY25,ecological,forurening,65.0
329,Ringsted,cirkularitet_recycling,106.56,61.0,%,2023,DST LABY25,ecological,forurening,65.0
370,Næstved,cirkularitet_recycling,100.0,65.0,%,2023,DST LABY25,ecological,forurening,65.0
851,Aalborg,cirkularitet_recycling,154.76,42.0,%,2023,DST LABY25,ecological,forurening,65.0
810,Brønderslev,cirkularitet_recycling,103.17,63.0,%,2023,DST LABY25,ecological,forurening,65.0
727,Odder,cirkularitet_recycling,130.0,50.0,%,2023,DST LABY25,ecological,forurening,65.0
336,Stevns,cirkularitet_recycling,98.48,66.0,%,2023,DST LABY25,ecological,forurening,65.0
751,Aarhus,cirkularitet_recycling,118.18,55.0,%,2023,DST LABY25,ecological,forurening,65.0
813,Frederikshavn,cirkularitet_recycling,118.18,55.0,%,2023,DST LABY25,ecological,forurening,65.0
161,Glostrup,cirkularitet_recycling,98.48,66.0,%,2023,DST LABY25,ecological,forurening,65.0
270,Gribskov,cirkularitet_recycling,108.33,60.0,%,2023,DST LABY25,ecological,forurening,65.0
860,Hjørring,cirkularitet_recycling,101.56,64.0,%,2023,DST LABY25,ecological,forurening,65.0
165,Albertslund,cirkularitet_recycling,120.37,54.0,%,2023,DST LABY25,ecological,forurening,65.0
479,Svendborg,cirkularitet_recycling,114.04,57.0,%,2023,DST LABY25,ecological,forurening,65.0
791,Viborg,cirkularitet_recycling,90.28,72.0,%,2023,DST LABY25,ecological,forurening,65.0
480,Nordfyns,cirkularitet_recycling,106.56,61.0,%,2023,DST LABY25,ecological,forurening,65.0
706,Syddjurs,cirkularitet_recycling,83.33,78.0,%,2023,DST LABY25,ecological,forurening,65.0
440,Kerteminde,cirkularitet_recycling,91.55,71.0,%,2023,DST LABY25,ecological,forurening,65.0
630,Vejle,cirkularitet_recycling,120.37,54.0,%,2023,DST LABY25,ecological,forurening,65.0
101,København,cirkularitet_recycling,154.76,42.0,%,2023,DST LABY25,ecological,forurening,65.0
730,Randers,cirkularitet_recycling,110.17,59.0,%,2023,DST LABY25,ecological,forurening,65.0
760,Ringkøbing-Skjern,cirkularitet_recycling,95.59,68.0,%,2023,DST LABY25,ecological,forurening,65.0
430,Faaborg-Midtfyn,cirkularitet_recycling,114.04,57.0,%,2023,DST LABY25,ecological,forurening,65.0
320,Faxe,cirkularitet_recycling,97.01,67.0,%,2023,DST LABY25,ecological,forurening,65.0
169,Høje-Taastrup,cirkularitet_recycling,106.56,61.0,%,2023,DST LABY25,ecological,forurening,65.0
573,Varde,cirkularitet_recycling,125.0,52.0,%,2023,DST LABY25,ecological,forurening,65.0
621,Kolding,cirkularitet_recycling,98.48,66.0,%,2023,DST LABY25,ecological,forurening,65.0
420,Assens,cirkularitet_recycling,89.04,73.0,%,2023,DST LABY25,ecological,forurening,65.0
580,Aabenraa,cirkularitet_recycling,147.73,44.0,%,2023,DST LABY25,ecological,forurening,65.0
787,Thisted,cirkularitet_recycling,144.44,45.0,%,2023,DST LABY25,ecological,forurening,65.0
756,Ikast-Brande,cirkularitet_recycling,95.59,68.0,%,2023,DST LABY25,ecological,forurening,65.0
461,Odense,cirkularitet_recycling,98.48,66.0,%,2023,DST LABY25,ecological,forurening,65.0
779,Skive,cirkularitet_recycling,100.0,65.0,%,2023,DST LABY25,ecological,forurening,65.0
450,Nyborg,cirkularitet_recycling,309.52,21.0,%,2023,DST LABY25,ecological,forurening,65.0
846,Mariagerfjord,cirkularitet_recycling,130.0,50.0,%,2023,DST LABY25,ecological,forurening,65.0
820,Vesthimmerlands,cirkularitet_recycling,98.48,66.0,%,2023,DST LABY25,ecological,forurening,65.0
540,Sønderborg,cirkularitet_recycling,97.01,67.0,%,2023,DST LABY25,ecological,forurening,65.0
400,Bornholm,cirkularitet_recycling,122.64,53.0,%,2023,DST LABY25,ecological,forurening,65.0
510,Haderslev,cirkularitet_recycling,106.56,61.0,%,2023,DST LABY25,ecological,forurening,65.0
671,Struer,cirkularitet_recycling,95.59,68.0,%,2023,DST LABY25,ecological,forurening,65.0
665,Lemvig,cirkularitet_recycling,95.59,68.0,%,2023,DST LABY25,ecological,forurening,65.0
707,Norddjurs,cirkularitet_recycling,114.04,57.0,%,2023,DST LABY25,ecological,forurening,65.0
330,Slagelse,cirkularitet_recycling,108.33,60.0,%,2023,DST LABY25,ecological,forurening,65.0
306,Odsherred,cirkularitet_recycling,97.01,67.0,%,2023,DST LABY25,ecological,forurening,65.0
575,Vejen,cirkularitet_recycling,100.0,65.0,%,2023,DST LABY25,ecological,forurening,65.0
376,Guldborgsund,cirkularitet_recycling,250.0,26.0,%,2023,DST LABY25,ecological,forurening,65.0
849,Jammerbugt,cirkularitet_recycling,92.86,70.0,%,2023,DST LABY25,ecological,forurening,65.0
326,Kalundborg,cirkularitet_recycling,103.17,63.0,%,2023,DST LABY25,ecological,forurening,65.0
390,Vordingborg,cirkularitet_recycling,101.56,64.0,%,2023,DST LABY25,ecological,forurening,65.0
550,Tønder,cirkularitet_recycling,108.33,60.0,%,2023,DST LABY25,ecological,forurening,65.0
360,Lolland,cirkularitet_recycling,171.05,38.0,%,2023,DST LABY25,ecological,forurening,65.0
741,Samsø,cirkularitet_recycling,144.44,45.0,%,2023,DST LABY25,ecological,forurening,65.0
482,Langeland,cirkularitet_recycling,158.54,41.0,%,2023,DST LABY25,ecological,forurening,65.0
201,Allerød,cirkularitet_waste,47.51,258.0,kg/person,2023,DST + MST,ecological,forurening,543.0
153,Brøndby,cirkularitet_waste,101.66,552.0,kg/person,2023,DST + MST,ecological,forurening,543.0
175,Rødovre,cirkularitet_waste,95.4,518.0,kg/person,2023,DST + MST,ecological,forurening,543.0
155,Dragør,cirkularitet_waste,127.44,692.0,kg/person,2023,DST + MST,ecological,forurening,543.0
190,Furesø,cirkularitet_waste,93.92,510.0,kg/person,2023,DST + MST,ecological,forurening,543.0
167,Hvidovre,cirkularitet_waste,69.06,375.0,kg/person,2023,DST + MST,ecological,forurening,543.0
230,Rudersdal,cirkularitet_waste,50.46,274.0,kg/person,2023,DST + MST,ecological,forurening,543.0
746,Skanderborg,cirkularitet_waste,91.34,496.0,kg/person,2023,DST + MST,ecological,forurening,543.0
269,Solrød,cirkularitet_waste,70.35,382.0,kg/person,2023,DST + MST,ecological,forurening,543.0
265,Roskilde,cirkularitet_waste,100.55,546.0,kg/person,2023,DST + MST,ecological,forurening,543.0
240,Egedal,cirkularitet_waste,101.47,551.0,kg/person,2023,DST + MST,ecological,forurening,543.0
151,Ballerup,cirkularitet_waste,92.82,504.0,kg/person,2023,DST + MST,ecological,forurening,543.0
223,Hørsholm,cirkularitet_waste,10.5,57.0,kg/person,2023,DST + MST,ecological,forurening,543.0
185,Tårnby,cirkularitet_waste,104.6,568.0,kg/person,2023,DST + MST,ecological,forurening,543.0
157,Gentofte,cirkularitet_waste,106.63,579.0,kg/person,2023,DST + MST,ecological,forurening,543.0
350,Lejre,cirkularitet_waste,84.71,460.0,kg/person,2023,DST + MST,ecological,forurening,543.0
163,Herlev,cirkularitet_waste,107.0,581.0,kg/person,2023,DST + MST,ecological,forurening,543.0
173,Lyngby-Taarbæk,cirkularitet_waste,81.4,442.0,kg/person,2023,DST + MST,ecological,forurening,543.0
210,Fredensborg,cirkularitet_waste,253.96,1379.0,kg/person,2023,DST + MST,ecological,forurening,543.0
183,Ishøj,cirkularitet_waste,59.67,324.0,kg/person,2023,DST + MST,ecological,forurening,543.0
710,Favrskov,cirkularitet_waste,99.82,542.0,kg/person,2023,DST + MST,ecological,forurening,543.0
530,Billund,cirkularitet_waste,95.95,521.0,kg/person,2023,DST + MST,ecological,forurening,543.0
840,Rebild,cirkularitet_waste,114.55,622.0,kg/person,2023,DST + MST,ecological,forurening,543.0
187,Vallensbæk,cirkularitet_waste,51.2,278.0,kg/person,2023,DST + MST,ecological,forurening,543.0
253,Greve,cirkularitet_waste,84.35,458.0,kg/person,2023,DST + MST,ecological,forurening,543.0
147,Frederiksberg,cirkularitet_waste,62.25,338.0,kg/person,2023,DST + MST,ecological,forurening,543.0
259,Køge,cirkularitet_waste,105.34,572.0,kg/person,2023,DST + MST,ecological,forurening,543.0
159,Gladsaxe,cirkularitet_waste,88.58,481.0,kg/person,2023,DST + MST,ecological,forurening,543.0
217,Helsingør,cirkularitet_waste,97.61,530.0,kg/person,2023,DST + MST,ecological,forurening,543.0
250,Frederikssund,cirkularitet_waste,124.13,674.0,kg/person,2023,DST + MST,ecological,forurening,543.0
661,Holstebro,cirkularitet_waste,133.7,726.0,kg/person,2023,DST + MST,ecological,forurening,543.0
825,Læsø,cirkularitet_waste,238.67,1296.0,kg/person,2023,DST + MST,ecological,forurening,543.0
657,Herning,cirkularitet_waste,102.03,554.0,kg/person,2023,DST + MST,ecological,forurening,543.0
260,Halsnæs,cirkularitet_waste,135.36,735.0,kg/person,2023,DST + MST,ecological,forurening,543.0
773,Morsø,cirkularitet_waste,90.06,489.0,kg/person,2023,DST + MST,ecological,forurening,543.0
219,Hillerød,cirkularitet_waste,92.82,504.0,kg/person,2023,DST + MST,ecological,forurening,543.0
340,Sorø,cirkularitet_waste,111.23,604.0,kg/person,2023,DST + MST,ecological,forurening,543.0
492,Ærø,cirkularitet_waste,208.29,1131.0,kg/person,2023,DST + MST,ecological,forurening,543.0
561,Esbjerg,cirkularitet_waste,128.73,699.0,kg/person,2023,DST + MST,ecological,forurening,543.0
740,Silkeborg,cirkularitet_waste,100.0,543.0,kg/person,2023,DST + MST,ecological,forurening,543.0
615,Horsens,cirkularitet_waste,59.67,324.0,kg/person,2023,DST + MST,ecological,forurening,543.0
563,Fanø,cirkularitet_waste,211.79,1150.0,kg/person,2023,DST + MST,ecological,forurening,543.0
316,Holbæk,cirkularitet_waste,90.61,492.0,kg/person,2023,DST + MST,ecological,forurening,543.0
766,Hedensted,cirkularitet_waste,133.7,726.0,kg/person,2023,DST + MST,ecological,forurening,543.0
607,Fredericia,cirkularitet_waste,77.72,422.0,kg/person,2023,DST + MST,ecological,forurening,543.0
410,Middelfart,cirkularitet_waste,126.7,688.0,kg/person,2023,DST + MST,ecological,forurening,543.0
329,Ringsted,cirkularitet_waste,104.97,570.0,kg/person,2023,DST + MST,ecological,forurening,543.0
370,Næstved,cirkularitet_waste,109.94,597.0,kg/person,2023,DST + MST,ecological,forurening,543.0
851,Aalborg,cirkularitet_waste,96.32,523.0,kg/person,2023,DST + MST,ecological,forurening,543.0
810,Brønderslev,cirkularitet_waste,113.08,614.0,kg/person,2023,DST + MST,ecological,forurening,543.0
727,Odder,cirkularitet_waste,101.47,551.0,kg/person,2023,DST + MST,ecological,forurening,543.0
336,Stevns,cirkularitet_waste,110.5,600.0,kg/person,2023,DST + MST,ecological,forurening,543.0
751,Aarhus,cirkularitet_waste,93.19,506.0,kg/person,2023,DST + MST,ecological,forurening,543.0
813,Frederikshavn,cirkularitet_waste,118.6,644.0,kg/person,2023,DST + MST,ecological,forurening,543.0
161,Glostrup,cirkularitet_waste,126.52,687.0,kg/person,2023,DST + MST,ecological,forurening,543.0
270,Gribskov,cirkularitet_waste,159.85,868.0,kg/person,2023,DST + MST,ecological,forurening,543.0
860,Hjørring,cirkularitet_waste,141.44,768.0,kg/person,2023,DST + MST,ecological,forurening,543.0
165,Albertslund,cirkularitet_waste,86.74,471.0,kg/person,2023,DST + MST,ecological,forurening,543.0
479,Svendborg,cirkularitet_waste,101.29,550.0,kg/person,2023,DST + MST,ecological,forurening,543.0
791,Viborg,cirkularitet_waste,106.08,576.0,kg/person,2023,DST + MST,ecological,forurening,543.0
480,Nordfyns,cirkularitet_waste,108.66,590.0,kg/person,2023,DST + MST,ecological,forurening,543.0
706,Syddjurs,cirkularitet_waste,68.51,372.0,kg/person,2023,DST + MST,ecological,forurening,543.0
440,Kerteminde,cirkularitet_waste,107.92,586.0,kg/person,2023,DST + MST,ecological,forurening,543.0
630,Vejle,cirkularitet_waste,127.62,693.0,kg/person,2023,DST + MST,ecological,forurening,543.0
101,København,cirkularitet_waste,61.51,334.0,kg/person,2023,DST + MST,ecological,forurening,543.0
730,Randers,cirkularitet_waste,88.21,479.0,kg/person,2023,DST + MST,ecological,forurening,543.0
760,Ringkøbing-Skjern,cirkularitet_waste,125.97,684.0,kg/person,2023,DST + MST,ecological,forurening,543.0
430,Faaborg-Midtfyn,cirkularitet_waste,88.95,483.0,kg/person,2023,DST + MST,ecological,forurening,543.0
320,Faxe,cirkularitet_waste,126.7,688.0,kg/person,2023,DST + MST,ecological,forurening,543.0
169,Høje-Taastrup,cirkularitet_waste,83.06,451.0,kg/person,2023,DST + MST,ecological,forurening,543.0
573,Varde,cirkularitet_waste,148.8,808.0,kg/person,2023,DST + MST,ecological,forurening,543.0
621,Kolding,cirkularitet_waste,99.82,542.0,kg/person,2023,DST + MST,ecological,forurening,543.0
420,Assens,cirkularitet_waste,113.81,618.0,kg/person,2023,DST + MST,ecological,forurening,543.0
580,Aabenraa,cirkularitet_waste,91.34,496.0,kg/person,2023,DST + MST,ecological,forurening,543.0
787,Thisted,cirkularitet_waste,93.55,508.0,kg/person,2023,DST + MST,ecological,forurening,543.0
756,Ikast-Brande,cirkularitet_waste,118.23,642.0,kg/person,2023,DST + MST,ecological,forurening,543.0
461,Odense,cirkularitet_waste,96.87,526.0,kg/person,2023,DST + MST,ecological,forurening,543.0
779,Skive,cirkularitet_waste,113.63,617.0,kg/person,2023,DST + MST,ecological,forurening,543.0
450,Nyborg,cirkularitet_waste,88.4,480.0,kg/person,2023,DST + MST,ecological,forurening,543.0
846,Mariagerfjord,cirkularitet_waste,85.45,464.0,kg/person,2023,DST + MST,ecological,forurening,543.0
820,Vesthimmerlands,cirkularitet_waste,105.71,574.0,kg/person,2023,DST + MST,ecological,forurening,543.0
540,Sønderborg,cirkularitet_waste,134.62,731.0,kg/person,2023,DST + MST,ecological,forurening,543.0
400,Bornholm,cirkularitet_waste,142.91,776.0,kg/person,2023,DST + MST,ecological,forurening,543.0
510,Haderslev,cirkularitet_waste,72.01,391.0,kg/person,2023,DST + MST,ecological,forurening,543.0
671,Struer,cirkularitet_waste,100.55,546.0,kg/person,2023,DST + MST,ecological,forurening,543.0
665,Lemvig,cirkularitet_waste,104.97,570.0,kg/person,2023,DST + MST,ecological,forurening,543.0
707,Norddjurs,cirkularitet_waste,216.94,1178.0,kg/person,2023,DST + MST,ecological,forurening,543.0
330,Slagelse,cirkularitet_waste,113.26,615.0,kg/person,2023,DST + MST,ecological,forurening,543.0
306,Odsherred,cirkularitet_waste,171.82,933.0,kg/person,2023,DST + MST,ecological,forurening,543.0
575,Vejen,cirkularitet_waste,81.77,444.0,kg/person,2023,DST + MST,ecological,forurening,543.0
376,Guldborgsund,cirkularitet_waste,131.49,714.0,kg/person,2023,DST + MST,ecological,forurening,543.0
849,Jammerbugt,cirkularitet_waste,186.92,1015.0,kg/person,2023,DST + MST,ecological,forurening,543.0
326,Kalundborg,cirkularitet_waste,128.18,696.0,kg/person,2023,DST + MST,ecological,forurening,543.0
390,Vordingborg,cirkularitet_waste,127.07,690.0,kg/person,2023,DST + MST,ecological,forurening,543.0
550,Tønder,cirkularitet_waste,108.84,591.0,kg/person,2023,DST + MST,ecological,forurening,543.0
360,Lolland,cirkularitet_waste,142.54,774.0,kg/person,2023,DST + MST,ecological,forurening,543.0
741,Samsø,cirkularitet_waste,113.26,615.0,kg/person,2023,DST + MST,ecological,forurening,543.0
482,Langeland,cirkularitet_waste,158.93,863.0,kg/person,2023,DST + MST,ecological,forurening,543.0
201,Allerød,naer_nitrogen,37.06,0.424,ton N/1.000 indb.,2024,DST VANDUD,ecological,naeringsstoffer,1.144
153,Brøndby,naer_nitrogen,13.46,0.154,ton N/1.000 indb.,2024,DST VANDUD,ecological,naeringsstoffer,1.144
175,Rødovre,naer_nitrogen,5.94,0.068,ton N/1.000 indb.,2024,DST VANDUD,ecological,naeringsstoffer,1.144
155,Dragør,naer_nitrogen,72.03,0.824,ton N/1.000 indb.,2024,DST VANDUD,ecological,naeringsstoffer,1.144
190,Furesø,naer_nitrogen,20.54,0.235,ton N/1.000 indb.,2024,DST VANDUD,ecological,naeringsstoffer,1.144
167,Hvidovre,naer_nitrogen,273.16,3.125,ton N/1.000 indb.,2024,DST VANDUD,ecological,naeringsstoffer,1.144
230,Rudersdal,naer_nitrogen,47.38,0.542,ton N/1.000 indb.,2024,DST VANDUD,ecological,naeringsstoffer,1.144
746,Skanderborg,naer_nitrogen,48.25,0.552,ton N/1.000 indb.,2024,DST VANDUD,ecological,naeringsstoffer,1.144
269,Solrød,naer_nitrogen,56.91,0.651,ton N/1.000 indb.,2024,DST VANDUD,ecological,naeringsstoffer,1.144
265,Roskilde,naer_nitrogen,45.19,0.517,ton N/1.000 indb.,2024,DST VANDUD,ecological,naeringsstoffer,1.144
240,Egedal,naer_nitrogen,30.68,0.351,ton N/1.000 indb.,2024,DST VANDUD,ecological,naeringsstoffer,1.144
151,Ballerup,naer_nitrogen,51.22,0.586,ton N/1.000 indb.,2024,DST VANDUD,ecological,naeringsstoffer,1.144
223,Hørsholm,naer_nitrogen,77.53,0.887,ton N/1.000 indb.,2024,DST VANDUD,ecological,naeringsstoffer,1.144
185,Tårnby,naer_nitrogen,89.6,1.025,ton N/1.000 indb.,2024,DST VANDUD,ecological,naeringsstoffer,1.144
157,Gentofte,naer_nitrogen,36.1,0.413,ton N/1.000 indb.,2024,DST VANDUD,ecological,naeringsstoffer,1.144
350,Lejre,naer_nitrogen,59.62,0.682,ton N/1.000 indb.,2024,DST VANDUD,ecological,naeringsstoffer,1.144
163,Herlev,naer_nitrogen,11.71,0.134,ton N/1.000 indb.,2024,DST VANDUD,ecological,naeringsstoffer,1.144
173,Lyngby-Taarbæk,naer_nitrogen,128.41,1.469,ton N/1.000 indb.,2024,DST VANDUD,ecological,naeringsstoffer,1.144
210,Fredensborg,naer_nitrogen,35.4,0.405,ton N/1.000 indb.,2024,DST VANDUD,ecological,naeringsstoffer,1.144
183,Ishøj,naer_nitrogen,25.87,0.296,ton N/1.000 indb.,2024,DST VANDUD,ecological,naeringsstoffer,1.144
710,Favrskov,naer_nitrogen,81.47,0.932,ton N/1.000 indb.,2024,DST VANDUD,ecological,naeringsstoffer,1.144
530,Billund,naer_nitrogen,261.1,2.987,ton N/1.000 indb.,2024,DST VANDUD,ecological,naeringsstoffer,1.144
840,Rebild,naer_nitrogen,93.27,1.067,ton N/1.000 indb.,2024,DST VANDUD,ecological,naeringsstoffer,1.144
187,Vallensbæk,naer_nitrogen,29.46,0.337,ton N/1.000 indb.,2024,DST VANDUD,ecological,naeringsstoffer,1.144
253,Greve,naer_nitrogen,100.52,1.15,ton N/1.000 indb.,2024,DST VANDUD,ecological,naeringsstoffer,1.144
259,Køge,naer_nitrogen,73.69,0.843,ton N/1.000 indb.,2024,DST VANDUD,ecological,naeringsstoffer,1.144
159,Gladsaxe,naer_nitrogen,4.98,0.057,ton N/1.000 indb.,2024,DST VANDUD,ecological,naeringsstoffer,1.144
217,Helsingør,naer_nitrogen,82.17,0.94,ton N/1.000 indb.,2024,DST VANDUD,ecological,naeringsstoffer,1.144
250,Frederikssund,naer_nitrogen,54.72,0.626,ton N/1.000 indb.,2024,DST VANDUD,ecological,naeringsstoffer,1.144
661,Holstebro,naer_nitrogen,173.34,1.983,ton N/1.000 indb.,2024,DST VANDUD,ecological,naeringsstoffer,1.144
825,Læsø,naer_nitrogen,248.51,2.843,ton N/1.000 indb.,2024,DST VANDUD,ecological,naeringsstoffer,1.144
657,Herning,naer_nitrogen,176.14,2.015,ton N/1.000 indb.,2024,DST VANDUD,ecological,naeringsstoffer,1.144
260,Halsnæs,naer_nitrogen,86.01,0.984,ton N/1.000 indb.,2024,DST VANDUD,ecological,naeringsstoffer,1.144
773,Morsø,naer_nitrogen,75.26,0.861,ton N/1.000 indb.,2024,DST VANDUD,ecological,naeringsstoffer,1.144
219,Hillerød,naer_nitrogen,48.16,0.551,ton N/1.000 indb.,2024,DST VANDUD,ecological,naeringsstoffer,1.144
340,Sorø,naer_nitrogen,68.79,0.787,ton N/1.000 indb.,2024,DST VANDUD,ecological,naeringsstoffer,1.144
492,Ærø,naer_nitrogen,88.02,1.007,ton N/1.000 indb.,2024,DST VANDUD,ecological,naeringsstoffer,1.144
561,Esbjerg,naer_nitrogen,115.91,1.326,ton N/1.000 indb.,2024,DST VANDUD,ecological,naeringsstoffer,1.144
740,Silkeborg,naer_nitrogen,65.03,0.744,ton N/1.000 indb.,2024,DST VANDUD,ecological,naeringsstoffer,1.144
615,Horsens,naer_nitrogen,87.94,1.006,ton N/1.000 indb.,2024,DST VANDUD,ecological,naeringsstoffer,1.144
316,Holbæk,naer_nitrogen,69.58,0.796,ton N/1.000 indb.,2024,DST VANDUD,ecological,naeringsstoffer,1.144
766,Hedensted,naer_nitrogen,184.97,2.116,ton N/1.000 indb.,2024,DST VANDUD,ecological,naeringsstoffer,1.144
607,Fredericia,naer_nitrogen,131.56,1.505,ton N/1.000 indb.,2024,DST VANDUD,ecological,naeringsstoffer,1.144
410,Middelfart,naer_nitrogen,119.76,1.37,ton N/1.000 indb.,2024,DST VANDUD,ecological,naeringsstoffer,1.144
329,Ringsted,naer_nitrogen,62.5,0.715,ton N/1.000 indb.,2024,DST VANDUD,ecological,naeringsstoffer,1.144
370,Næstved,naer_nitrogen,73.25,0.838,ton N/1.000 indb.,2024,DST VANDUD,ecological,naeringsstoffer,1.144
851,Aalborg,naer_nitrogen,98.69,1.129,ton N/1.000 indb.,2024,DST VANDUD,ecological,naeringsstoffer,1.144
810,Brønderslev,naer_nitrogen,71.59,0.819,ton N/1.000 indb.,2024,DST VANDUD,ecological,naeringsstoffer,1.144
727,Odder,naer_nitrogen,138.99,1.59,ton N/1.000 indb.,2024,DST VANDUD,ecological,naeringsstoffer,1.144
336,Stevns,naer_nitrogen,44.32,0.507,ton N/1.000 indb.,2024,DST VANDUD,ecological,naeringsstoffer,1.144
751,Aarhus,naer_nitrogen,73.08,0.836,ton N/1.000 indb.,2024,DST VANDUD,ecological,naeringsstoffer,1.144
813,Frederikshavn,naer_nitrogen,260.58,2.981,ton N/1.000 indb.,2024,DST VANDUD,ecological,naeringsstoffer,1.144
161,Glostrup,naer_nitrogen,14.77,0.169,ton N/1.000 indb.,2024,DST VANDUD,ecological,naeringsstoffer,1.144
270,Gribskov,naer_nitrogen,68.79,0.787,ton N/1.000 indb.,2024,DST VANDUD,ecological,naeringsstoffer,1.144
860,Hjørring,naer_nitrogen,108.65,1.243,ton N/1.000 indb.,2024,DST VANDUD,ecological,naeringsstoffer,1.144
165,Albertslund,naer_nitrogen,18.97,0.217,ton N/1.000 indb.,2024,DST VANDUD,ecological,naeringsstoffer,1.144
479,Svendborg,naer_nitrogen,83.39,0.954,ton N/1.000 indb.,2024,DST VANDUD,ecological,naeringsstoffer,1.144
791,Viborg,naer_nitrogen,113.02,1.293,ton N/1.000 indb.,2024,DST VANDUD,ecological,naeringsstoffer,1.144
480,Nordfyns,naer_nitrogen,103.32,1.182,ton N/1.000 indb.,2024,DST VANDUD,ecological,naeringsstoffer,1.144
706,Syddjurs,naer_nitrogen,51.57,0.59,ton N/1.000 indb.,2024,DST VANDUD,ecological,naeringsstoffer,1.144
440,Kerteminde,naer_nitrogen,98.78,1.13,ton N/1.000 indb.,2024,DST VANDUD,ecological,naeringsstoffer,1.144
630,Vejle,naer_nitrogen,134.35,1.537,ton N/1.000 indb.,2024,DST VANDUD,ecological,naeringsstoffer,1.144
101,København,naer_nitrogen,104.98,1.201,ton N/1.000 indb.,2024,DST VANDUD,ecological,naeringsstoffer,1.144
730,Randers,naer_nitrogen,97.03,1.11,ton N/1.000 indb.,2024,DST VANDUD,ecological,naeringsstoffer,1.144
760,Ringkøbing-Skjern,naer_nitrogen,265.91,3.042,ton N/1.000 indb.,2024,DST VANDUD,ecological,naeringsstoffer,1.144
430,Faaborg-Midtfyn,naer_nitrogen,98.6,1.128,ton N/1.000 indb.,2024,DST VANDUD,ecological,naeringsstoffer,1.144
320,Faxe,naer_nitrogen,81.03,0.927,ton N/1.000 indb.,2024,DST VANDUD,ecological,naeringsstoffer,1.144
169,Høje-Taastrup,naer_nitrogen,15.21,0.174,ton N/1.000 indb.,2024,DST VANDUD,ecological,naeringsstoffer,1.144
573,Varde,naer_nitrogen,136.89,1.566,ton N/1.000 indb.,2024,DST VANDUD,ecological,naeringsstoffer,1.144
621,Kolding,naer_nitrogen,121.5,1.39,ton N/1.000 indb.,2024,DST VANDUD,ecological,naeringsstoffer,1.144
420,Assens,naer_nitrogen,60.23,0.689,ton N/1.000 indb.,2024,DST VANDUD,ecological,naeringsstoffer,1.144
580,Aabenraa,naer_nitrogen,110.31,1.262,ton N/1.000 indb.,2024,DST VANDUD,ecological,naeringsstoffer,1.144
787,Thisted,naer_nitrogen,119.93,1.372,ton N/1.000 indb.,2024,DST VANDUD,ecological,naeringsstoffer,1.144
756,Ikast-Brande,naer_nitrogen,122.73,1.404,ton N/1.000 indb.,2024,DST VANDUD,ecological,naeringsstoffer,1.144
461,Odense,naer_nitrogen,102.88,1.177,ton N/1.000 indb.,2024,DST VANDUD,ecological,naeringsstoffer,1.144
779,Skive,naer_nitrogen,117.22,1.341,ton N/1.000 indb.,2024,DST VANDUD,ecological,naeringsstoffer,1.144
450,Nyborg,naer_nitrogen,133.04,1.522,ton N/1.000 indb.,2024,DST VANDUD,ecological,naeringsstoffer,1.144
846,Mariagerfjord,naer_nitrogen,79.55,0.91,ton N/1.000 indb.,2024,DST VANDUD,ecological,naeringsstoffer,1.144
820,Vesthimmerlands,naer_nitrogen,121.33,1.388,ton N/1.000 indb.,2024,DST VANDUD,ecological,naeringsstoffer,1.144
540,Sønderborg,naer_nitrogen,90.65,1.037,ton N/1.000 indb.,2024,DST VANDUD,ecological,naeringsstoffer,1.144
400,Bornholm,naer_nitrogen,124.48,1.424,ton N/1.000 indb.,2024,DST VANDUD,ecological,naeringsstoffer,1.144
510,Haderslev,naer_nitrogen,179.72,2.056,ton N/1.000 indb.,2024,DST VANDUD,ecological,naeringsstoffer,1.144
671,Struer,naer_nitrogen,67.92,0.777,ton N/1.000 indb.,2024,DST VANDUD,ecological,naeringsstoffer,1.144
665,Lemvig,naer_nitrogen,233.3,2.669,ton N/1.000 indb.,2024,DST VANDUD,ecological,naeringsstoffer,1.144
707,Norddjurs,naer_nitrogen,116.43,1.332,ton N/1.000 indb.,2024,DST VANDUD,ecological,naeringsstoffer,1.144
330,Slagelse,naer_nitrogen,86.36,0.988,ton N/1.000 indb.,2024,DST VANDUD,ecological,naeringsstoffer,1.144
306,Odsherred,naer_nitrogen,80.42,0.92,ton N/1.000 indb.,2024,DST VANDUD,ecological,naeringsstoffer,1.144
575,Vejen,naer_nitrogen,177.71,2.033,ton N/1.000 indb.,2024,DST VANDUD,ecological,naeringsstoffer,1.144
376,Guldborgsund,naer_nitrogen,174.04,1.991,ton N/1.000 indb.,2024,DST VANDUD,ecological,naeringsstoffer,1.144
849,Jammerbugt,naer_nitrogen,89.16,1.02,ton N/1.000 indb.,2024,DST VANDUD,ecological,naeringsstoffer,1.144
326,Kalundborg,naer_nitrogen,358.3,4.099,ton N/1.000 indb.,2024,DST VANDUD,ecological,naeringsstoffer,1.144
390,Vordingborg,naer_nitrogen,152.88,1.749,ton N/1.000 indb.,2024,DST VANDUD,ecological,naeringsstoffer,1.144
550,Tønder,naer_nitrogen,138.29,1.582,ton N/1.000 indb.,2024,DST VANDUD,ecological,naeringsstoffer,1.144
360,Lolland,naer_nitrogen,324.21,3.709,ton N/1.000 indb.,2024,DST VANDUD,ecological,naeringsstoffer,1.144
741,Samsø,naer_nitrogen,378.58,4.331,ton N/1.000 indb.,2024,DST VANDUD,ecological,naeringsstoffer,1.144
482,Langeland,naer_nitrogen,221.07,2.529,ton N/1.000 indb.,2024,DST VANDUD,ecological,naeringsstoffer,1.144
201,Allerød,naer_phosphorus,62.6,0.077,ton P/1.000 indb.,2024,DST VANDUD,ecological,naeringsstoffer,0.123
153,Brøndby,naer_phosphorus,21.14,0.026,ton P/1.000 indb.,2024,DST VANDUD,ecological,naeringsstoffer,0.123
155,Dragør,naer_phosphorus,56.1,0.069,ton P/1.000 indb.,2024,DST VANDUD,ecological,naeringsstoffer,0.123
190,Furesø,naer_phosphorus,19.51,0.024,ton P/1.000 indb.,2024,DST VANDUD,ecological,naeringsstoffer,0.123
167,Hvidovre,naer_phosphorus,302.44,0.372,ton P/1.000 indb.,2024,DST VANDUD,ecological,naeringsstoffer,0.123
230,Rudersdal,naer_phosphorus,70.73,0.087,ton P/1.000 indb.,2024,DST VANDUD,ecological,naeringsstoffer,0.123
746,Skanderborg,naer_phosphorus,37.4,0.046,ton P/1.000 indb.,2024,DST VANDUD,ecological,naeringsstoffer,0.123
269,Solrød,naer_phosphorus,99.19,0.122,ton P/1.000 indb.,2024,DST VANDUD,ecological,naeringsstoffer,0.123
265,Roskilde,naer_phosphorus,44.72,0.055,ton P/1.000 indb.,2024,DST VANDUD,ecological,naeringsstoffer,0.123
240,Egedal,naer_phosphorus,53.66,0.066,ton P/1.000 indb.,2024,DST VANDUD,ecological,naeringsstoffer,0.123
151,Ballerup,naer_phosphorus,79.67,0.098,ton P/1.000 indb.,2024,DST VANDUD,ecological,naeringsstoffer,0.123
223,Hørsholm,naer_phosphorus,130.89,0.161,ton P/1.000 indb.,2024,DST VANDUD,ecological,naeringsstoffer,0.123
185,Tårnby,naer_phosphorus,147.97,0.182,ton P/1.000 indb.,2024,DST VANDUD,ecological,naeringsstoffer,0.123
157,Gentofte,naer_phosphorus,54.47,0.067,ton P/1.000 indb.,2024,DST VANDUD,ecological,naeringsstoffer,0.123
350,Lejre,naer_phosphorus,82.93,0.102,ton P/1.000 indb.,2024,DST VANDUD,ecological,naeringsstoffer,0.123
173,Lyngby-Taarbæk,naer_phosphorus,194.31,0.239,ton P/1.000 indb.,2024,DST VANDUD,ecological,naeringsstoffer,0.123
210,Fredensborg,naer_phosphorus,39.02,0.048,ton P/1.000 indb.,2024,DST VANDUD,ecological,naeringsstoffer,0.123
183,Ishøj,naer_phosphorus,34.15,0.042,ton P/1.000 indb.,2024,DST VANDUD,ecological,naeringsstoffer,0.123
710,Favrskov,naer_phosphorus,82.11,0.101,ton P/1.000 indb.,2024,DST VANDUD,ecological,naeringsstoffer,0.123
530,Billund,naer_phosphorus,209.76,0.258,ton P/1.000 indb.,2024,DST VANDUD,ecological,naeringsstoffer,0.123
840,Rebild,naer_phosphorus,131.71,0.162,ton P/1.000 indb.,2024,DST VANDUD,ecological,naeringsstoffer,0.123
187,Vallensbæk,naer_phosphorus,45.53,0.056,ton P/1.000 indb.,2024,DST VANDUD,ecological,naeringsstoffer,0.123
253,Greve,naer_phosphorus,93.5,0.115,ton P/1.000 indb.,2024,DST VANDUD,ecological,naeringsstoffer,0.123
259,Køge,naer_phosphorus,103.25,0.127,ton P/1.000 indb.,2024,DST VANDUD,ecological,naeringsstoffer,0.123
159,Gladsaxe,naer_phosphorus,11.38,0.014,ton P/1.000 indb.,2024,DST VANDUD,ecological,naeringsstoffer,0.123
217,Helsingør,naer_phosphorus,152.85,0.188,ton P/1.000 indb.,2024,DST VANDUD,ecological,naeringsstoffer,0.123
250,Frederikssund,naer_phosphorus,52.85,0.065,ton P/1.000 indb.,2024,DST VANDUD,ecological,naeringsstoffer,0.123
661,Holstebro,naer_phosphorus,124.39,0.153,ton P/1.000 indb.,2024,DST VANDUD,ecological,naeringsstoffer,0.123
825,Læsø,naer_phosphorus,462.6,0.569,ton P/1.000 indb.,2024,DST VANDUD,ecological,naeringsstoffer,0.123
657,Herning,naer_phosphorus,162.6,0.2,ton P/1.000 indb.,2024,DST VANDUD,ecological,naeringsstoffer,0.123
260,Halsnæs,naer_phosphorus,77.24,0.095,ton P/1.000 indb.,2024,DST VANDUD,ecological,naeringsstoffer,0.123
773,Morsø,naer_phosphorus,82.11,0.101,ton P/1.000 indb.,2024,DST VANDUD,ecological,naeringsstoffer,0.123
219,Hillerød,naer_phosphorus,44.72,0.055,ton P/1.000 indb.,2024,DST VANDUD,ecological,naeringsstoffer,0.123
340,Sorø,naer_phosphorus,79.67,0.098,ton P/1.000 indb.,2024,DST VANDUD,ecological,naeringsstoffer,0.123
561,Esbjerg,naer_phosphorus,126.83,0.156,ton P/1.000 indb.,2024,DST VANDUD,ecological,naeringsstoffer,0.123
740,Silkeborg,naer_phosphorus,48.78,0.06,ton P/1.000 indb.,2024,DST VANDUD,ecological,naeringsstoffer,0.123
615,Horsens,naer_phosphorus,74.8,0.092,ton P/1.000 indb.,2024,DST VANDUD,ecological,naeringsstoffer,0.123
316,Holbæk,naer_phosphorus,120.33,0.148,ton P/1.000 indb.,2024,DST VANDUD,ecological,naeringsstoffer,0.123
766,Hedensted,naer_phosphorus,170.73,0.21,ton P/1.000 indb.,2024,DST VANDUD,ecological,naeringsstoffer,0.123
607,Fredericia,naer_phosphorus,247.97,0.305,ton P/1.000 indb.,2024,DST VANDUD,ecological,naeringsstoffer,0.123
410,Middelfart,naer_phosphorus,161.79,0.199,ton P/1.000 indb.,2024,DST VANDUD,ecological,naeringsstoffer,0.123
329,Ringsted,naer_phosphorus,44.72,0.055,ton P/1.000 indb.,2024,DST VANDUD,ecological,naeringsstoffer,0.123
370,Næstved,naer_phosphorus,67.48,0.083,ton P/1.000 indb.,2024,DST VANDUD,ecological,naeringsstoffer,0.123
851,Aalborg,naer_phosphorus,101.63,0.125,ton P/1.000 indb.,2024,DST VANDUD,ecological,naeringsstoffer,0.123
810,Brønderslev,naer_phosphorus,88.62,0.109,ton P/1.000 indb.,2024,DST VANDUD,ecological,naeringsstoffer,0.123
727,Odder,naer_phosphorus,102.44,0.126,ton P/1.000 indb.,2024,DST VANDUD,ecological,naeringsstoffer,0.123
336,Stevns,naer_phosphorus,69.11,0.085,ton P/1.000 indb.,2024,DST VANDUD,ecological,naeringsstoffer,0.123
751,Aarhus,naer_phosphorus,37.4,0.046,ton P/1.000 indb.,2024,DST VANDUD,ecological,naeringsstoffer,0.123
813,Frederikshavn,naer_phosphorus,264.23,0.325,ton P/1.000 indb.,2024,DST VANDUD,ecological,naeringsstoffer,0.123
161,Glostrup,naer_phosphorus,34.15,0.042,ton P/1.000 indb.,2024,DST VANDUD,ecological,naeringsstoffer,0.123
270,Gribskov,naer_phosphorus,77.24,0.095,ton P/1.000 indb.,2024,DST VANDUD,ecological,naeringsstoffer,0.123
860,Hjørring,naer_phosphorus,140.65,0.173,ton P/1.000 indb.,2024,DST VANDUD,ecological,naeringsstoffer,0.123
165,Albertslund,naer_phosphorus,29.27,0.036,ton P/1.000 indb.,2024,DST VANDUD,ecological,naeringsstoffer,0.123
479,Svendborg,naer_phosphorus,95.12,0.117,ton P/1.000 indb.,2024,DST VANDUD,ecological,naeringsstoffer,0.123
791,Viborg,naer_phosphorus,74.8,0.092,ton P/1.000 indb.,2024,DST VANDUD,ecological,naeringsstoffer,0.123
480,Nordfyns,naer_phosphorus,109.76,0.135,ton P/1.000 indb.,2024,DST VANDUD,ecological,naeringsstoffer,0.123
706,Syddjurs,naer_phosphorus,73.98,0.091,ton P/1.000 indb.,2024,DST VANDUD,ecological,naeringsstoffer,0.123
440,Kerteminde,naer_phosphorus,68.29,0.084,ton P/1.000 indb.,2024,DST VANDUD,ecological,naeringsstoffer,0.123
630,Vejle,naer_phosphorus,113.82,0.14,ton P/1.000 indb.,2024,DST VANDUD,ecological,naeringsstoffer,0.123
101,København,naer_phosphorus,83.74,0.103,ton P/1.000 indb.,2024,DST VANDUD,ecological,naeringsstoffer,0.123
730,Randers,naer_phosphorus,81.3,0.1,ton P/1.000 indb.,2024,DST VANDUD,ecological,naeringsstoffer,0.123
760,Ringkøbing-Skjern,naer_phosphorus,202.44,0.249,ton P/1.000 indb.,2024,DST VANDUD,ecological,naeringsstoffer,0.123
430,Faaborg-Midtfyn,naer_phosphorus,93.5,0.115,ton P/1.000 indb.,2024,DST VANDUD,ecological,naeringsstoffer,0.123
320,Faxe,naer_phosphorus,107.32,0.132,ton P/1.000 indb.,2024,DST VANDUD,ecological,naeringsstoffer,0.123
169,Høje-Taastrup,naer_phosphorus,13.82,0.017,ton P/1.000 indb.,2024,DST VANDUD,ecological,naeringsstoffer,0.123
573,Varde,naer_phosphorus,130.89,0.161,ton P/1.000 indb.,2024,DST VANDUD,ecological,naeringsstoffer,0.123
621,Kolding,naer_phosphorus,162.6,0.2,ton P/1.000 indb.,2024,DST VANDUD,ecological,naeringsstoffer,0.123
420,Assens,naer_phosphorus,39.84,0.049,ton P/1.000 indb.,2024,DST VANDUD,ecological,naeringsstoffer,0.123
580,Aabenraa,naer_phosphorus,194.31,0.239,ton P/1.000 indb.,2024,DST VANDUD,ecological,naeringsstoffer,0.123
787,Thisted,naer_phosphorus,113.82,0.14,ton P/1.000 indb.,2024,DST VANDUD,ecological,naeringsstoffer,0.123
756,Ikast-Brande,naer_phosphorus,95.12,0.117,ton P/1.000 indb.,2024,DST VANDUD,ecological,naeringsstoffer,0.123
461,Odense,naer_phosphorus,89.43,0.11,ton P/1.000 indb.,2024,DST VANDUD,ecological,naeringsstoffer,0.123
779,Skive,naer_phosphorus,108.94,0.134,ton P/1.000 indb.,2024,DST VANDUD,ecological,naeringsstoffer,0.123
450,Nyborg,naer_phosphorus,176.42,0.217,ton P/1.000 indb.,2024,DST VANDUD,ecological,naeringsstoffer,0.123
846,Mariagerfjord,naer_phosphorus,78.05,0.096,ton P/1.000 indb.,2024,DST VANDUD,ecological,naeringsstoffer,0.123
820,Vesthimmerlands,naer_phosphorus,67.48,0.083,ton P/1.000 indb.,2024,DST VANDUD,ecological,naeringsstoffer,0.123
540,Sønderborg,naer_phosphorus,76.42,0.094,ton P/1.000 indb.,2024,DST VANDUD,ecological,naeringsstoffer,0.123
400,Bornholm,naer_phosphorus,144.72,0.178,ton P/1.000 indb.,2024,DST VANDUD,ecological,naeringsstoffer,0.123
510,Haderslev,naer_phosphorus,160.98,0.198,ton P/1.000 indb.,2024,DST VANDUD,ecological,naeringsstoffer,0.123
671,Struer,naer_phosphorus,78.86,0.097,ton P/1.000 indb.,2024,DST VANDUD,ecological,naeringsstoffer,0.123
665,Lemvig,naer_phosphorus,340.65,0.419,ton P/1.000 indb.,2024,DST VANDUD,ecological,naeringsstoffer,0.123
707,Norddjurs,naer_phosphorus,110.57,0.136,ton P/1.000 indb.,2024,DST VANDUD,ecological,naeringsstoffer,0.123
330,Slagelse,naer_phosphorus,112.2,0.138,ton P/1.000 indb.,2024,DST VANDUD,ecological,naeringsstoffer,0.123
306,Odsherred,naer_phosphorus,74.8,0.092,ton P/1.000 indb.,2024,DST VANDUD,ecological,naeringsstoffer,0.123
575,Vejen,naer_phosphorus,190.24,0.234,ton P/1.000 indb.,2024,DST VANDUD,ecological,naeringsstoffer,0.123
376,Guldborgsund,naer_phosphorus,190.24,0.234,ton P/1.000 indb.,2024,DST VANDUD,ecological,naeringsstoffer,0.123
849,Jammerbugt,naer_phosphorus,85.37,0.105,ton P/1.000 indb.,2024,DST VANDUD,ecological,naeringsstoffer,0.123
326,Kalundborg,naer_phosphorus,303.25,0.373,ton P/1.000 indb.,2024,DST VANDUD,ecological,naeringsstoffer,0.123
390,Vordingborg,naer_phosphorus,178.05,0.219,ton P/1.000 indb.,2024,DST VANDUD,ecological,naeringsstoffer,0.123
550,Tønder,naer_phosphorus,155.28,0.191,ton P/1.000 indb.,2024,DST VANDUD,ecological,naeringsstoffer,0.123
360,Lolland,naer_phosphorus,369.11,0.454,ton P/1.000 indb.,2024,DST VANDUD,ecological,naeringsstoffer,0.123
741,Samsø,naer_phosphorus,220.33,0.271,ton P/1.000 indb.,2024,DST VANDUD,ecological,naeringsstoffer,0.123
482,Langeland,naer_phosphorus,199.19,0.245,ton P/1.000 indb.,2024,DST VANDUD,ecological,naeringsstoffer,0.123
201,Allerød,naer_landbrug,71.48,20.6,kg N/ha,2025,Vandområdeplan 3,ecological,naeringsstoffer,14.7257
153,Brøndby,naer_landbrug,49.75,29.6,kg N/ha,2025,Vandområdeplan 3,ecological,naeringsstoffer,14.7257
175,Rødovre,naer_landbrug,12.68,116.1,kg N/ha,2025,Vandområdeplan 3,ecological,naeringsstoffer,14.7257
155,Dragør,naer_landbrug,54.95,26.8,kg N/ha,2025,Vandområdeplan 3,ecological,naeringsstoffer,14.7257
190,Furesø,naer_landbrug,50.26,29.3,kg N/ha,2025,Vandområdeplan 3,ecological,naeringsstoffer,14.7257
167,Hvidovre,naer_landbrug,25.04,58.8,kg N/ha,2025,Vandområdeplan 3,ecological,naeringsstoffer,14.7257
230,Rudersdal,naer_landbrug,12.68,116.1,kg N/ha,2025,Vandområdeplan 3,ecological,naeringsstoffer,14.7257
746,Skanderborg,naer_landbrug,105.94,13.9,kg N/ha,2025,Vandområdeplan 3,ecological,naeringsstoffer,14.7257
269,Solrød,naer_landbrug,70.8,20.8,kg N/ha,2025,Vandområdeplan 3,ecological,naeringsstoffer,14.7257
265,Roskilde,naer_landbrug,124.79,11.8,kg N/ha,2025,Vandområdeplan 3,ecological,naeringsstoffer,14.7257
240,Egedal,naer_landbrug,136.35,10.8,kg N/ha,2025,Vandområdeplan 3,ecological,naeringsstoffer,14.7257
151,Ballerup,naer_landbrug,74.0,19.9,kg N/ha,2025,Vandområdeplan 3,ecological,naeringsstoffer,14.7257
223,Hørsholm,naer_landbrug,12.68,116.1,kg N/ha,2025,Vandområdeplan 3,ecological,naeringsstoffer,14.7257
185,Tårnby,naer_landbrug,24.54,60.0,kg N/ha,2025,Vandområdeplan 3,ecological,naeringsstoffer,14.7257
157,Gentofte,naer_landbrug,12.68,116.1,kg N/ha,2025,Vandområdeplan 3,ecological,naeringsstoffer,14.7257
350,Lejre,naer_landbrug,128.05,11.5,kg N/ha,2025,Vandområdeplan 3,ecological,naeringsstoffer,14.7257
163,Herlev,naer_landbrug,37.76,39.0,kg N/ha,2025,Vandområdeplan 3,ecological,naeringsstoffer,14.7257
173,Lyngby-Taarbæk,naer_landbrug,12.68,116.1,kg N/ha,2025,Vandområdeplan 3,ecological,naeringsstoffer,14.7257
210,Fredensborg,naer_landbrug,22.94,64.2,kg N/ha,2025,Vandområdeplan 3,ecological,naeringsstoffer,14.7257
183,Ishøj,naer_landbrug,70.8,20.8,kg N/ha,2025,Vandområdeplan 3,ecological,naeringsstoffer,14.7257
710,Favrskov,naer_landbrug,110.72,13.3,kg N/ha,2025,Vandområdeplan 3,ecological,naeringsstoffer,14.7257
530,Billund,naer_landbrug,86.62,17.0,kg N/ha,2025,Vandområdeplan 3,ecological,naeringsstoffer,14.7257
840,Rebild,naer_landbrug,104.44,14.1,kg N/ha,2025,Vandområdeplan 3,ecological,naeringsstoffer,14.7257
187,Vallensbæk,naer_landbrug,70.8,20.8,kg N/ha,2025,Vandområdeplan 3,ecological,naeringsstoffer,14.7257
253,Greve,naer_landbrug,78.75,18.7,kg N/ha,2025,Vandområdeplan 3,ecological,naeringsstoffer,14.7257
147,Frederiksberg,naer_landbrug,12.68,116.1,kg N/ha,2025,Vandområdeplan 3,ecological,naeringsstoffer,14.7257
259,Køge,naer_landbrug,74.0,19.9,kg N/ha,2025,Vandområdeplan 3,ecological,naeringsstoffer,14.7257
159,Gladsaxe,naer_landbrug,23.19,63.5,kg N/ha,2025,Vandområdeplan 3,ecological,naeringsstoffer,14.7257
217,Helsingør,naer_landbrug,78.75,18.7,kg N/ha,2025,Vandområdeplan 3,ecological,naeringsstoffer,14.7257
250,Frederikssund,naer_landbrug,137.62,10.7,kg N/ha,2025,Vandområdeplan 3,ecological,naeringsstoffer,14.7257
661,Holstebro,naer_landbrug,93.79,15.7,kg N/ha,2025,Vandområdeplan 3,ecological,naeringsstoffer,14.7257
825,Læsø,naer_landbrug,105.18,14.0,kg N/ha,2025,Vandområdeplan 3,ecological,naeringsstoffer,14.7257
657,Herning,naer_landbrug,87.65,16.8,kg N/ha,2025,Vandområdeplan 3,ecological,naeringsstoffer,14.7257
260,Halsnæs,naer_landbrug,147.26,10.0,kg N/ha,2025,Vandområdeplan 3,ecological,naeringsstoffer,14.7257
773,Morsø,naer_landbrug,115.95,12.7,kg N/ha,2025,Vandområdeplan 3,ecological,naeringsstoffer,14.7257
219,Hillerød,naer_landbrug,136.35,10.8,kg N/ha,2025,Vandområdeplan 3,ecological,naeringsstoffer,14.7257
340,Sorø,naer_landbrug,98.17,15.0,kg N/ha,2025,Vandområdeplan 3,ecological,naeringsstoffer,14.7257
492,Ærø,naer_landbrug,124.79,11.8,kg N/ha,2025,Vandområdeplan 3,ecological,naeringsstoffer,14.7257
561,Esbjerg,naer_landbrug,112.41,13.1,kg N/ha,2025,Vandområdeplan 3,ecological,naeringsstoffer,14.7257
740,Silkeborg,naer_landbrug,112.41,13.1,kg N/ha,2025,Vandområdeplan 3,ecological,naeringsstoffer,14.7257
615,Horsens,naer_landbrug,107.49,13.7,kg N/ha,2025,Vandområdeplan 3,ecological,naeringsstoffer,14.7257
563,Fanø,naer_landbrug,100.17,14.7,kg N/ha,2025,Vandområdeplan 3,ecological,naeringsstoffer,14.7257
316,Holbæk,naer_landbrug,125.86,11.7,kg N/ha,2025,Vandområdeplan 3,ecological,naeringsstoffer,14.7257
766,Hedensted,naer_landbrug,102.26,14.4,kg N/ha,2025,Vandområdeplan 3,ecological,naeringsstoffer,14.7257
607,Fredericia,naer_landbrug,93.79,15.7,kg N/ha,2025,Vandområdeplan 3,ecological,naeringsstoffer,14.7257
410,Middelfart,naer_landbrug,102.98,14.3,kg N/ha,2025,Vandområdeplan 3,ecological,naeringsstoffer,14.7257
329,Ringsted,naer_landbrug,89.25,16.5,kg N/ha,2025,Vandområdeplan 3,ecological,naeringsstoffer,14.7257
370,Næstved,naer_landbrug,87.13,16.9,kg N/ha,2025,Vandområdeplan 3,ecological,naeringsstoffer,14.7257
851,Aalborg,naer_landbrug,85.12,17.3,kg N/ha,2025,Vandområdeplan 3,ecological,naeringsstoffer,14.7257
810,Brønderslev,naer_landbrug,74.75,19.7,kg N/ha,2025,Vandområdeplan 3,ecological,naeringsstoffer,14.7257
727,Odder,naer_landbrug,106.71,13.8,kg N/ha,2025,Vandområdeplan 3,ecological,naeringsstoffer,14.7257
336,Stevns,naer_landbrug,70.8,20.8,kg N/ha,2025,Vandområdeplan 3,ecological,naeringsstoffer,14.7257
751,Aarhus,naer_landbrug,89.25,16.5,kg N/ha,2025,Vandområdeplan 3,ecological,naeringsstoffer,14.7257
813,Frederikshavn,naer_landbrug,60.85,24.2,kg N/ha,2025,Vandområdeplan 3,ecological,naeringsstoffer,14.7257
161,Glostrup,naer_landbrug,29.81,49.4,kg N/ha,2025,Vandområdeplan 3,ecological,naeringsstoffer,14.7257
270,Gribskov,naer_landbrug,147.26,10.0,kg N/ha,2025,Vandområdeplan 3,ecological,naeringsstoffer,14.7257
860,Hjørring,naer_landbrug,68.81,21.4,kg N/ha,2025,Vandområdeplan 3,ecological,naeringsstoffer,14.7257
165,Albertslund,naer_landbrug,55.99,26.3,kg N/ha,2025,Vandområdeplan 3,ecological,naeringsstoffer,14.7257
479,Svendborg,naer_landbrug,99.5,14.8,kg N/ha,2025,Vandområdeplan 3,ecological,naeringsstoffer,14.7257
791,Viborg,naer_landbrug,131.48,11.2,kg N/ha,2025,Vandområdeplan 3,ecological,naeringsstoffer,14.7257
480,Nordfyns,naer_landbrug,109.08,13.5,kg N/ha,2025,Vandområdeplan 3,ecological,naeringsstoffer,14.7257
706,Syddjurs,naer_landbrug,100.17,14.7,kg N/ha,2025,Vandområdeplan 3,ecological,naeringsstoffer,14.7257
440,Kerteminde,naer_landbrug,106.71,13.8,kg N/ha,2025,Vandområdeplan 3,ecological,naeringsstoffer,14.7257
630,Vejle,naer_landbrug,84.63,17.4,kg N/ha,2025,Vandområdeplan 3,ecological,naeringsstoffer,14.7257
101,København,naer_landbrug,14.62,100.7,kg N/ha,2025,Vandområdeplan 3,ecological,naeringsstoffer,14.7257
730,Randers,naer_landbrug,110.72,13.3,kg N/ha,2025,Vandområdeplan 3,ecological,naeringsstoffer,14.7257
760,Ringkøbing-Skjern,naer_landbrug,83.67,17.6,kg N/ha,2025,Vandområdeplan 3,ecological,naeringsstoffer,14.7257
430,Faaborg-Midtfyn,naer_landbrug,105.94,13.9,kg N/ha,2025,Vandområdeplan 3,ecological,naeringsstoffer,14.7257
320,Faxe,naer_landbrug,79.6,18.5,kg N/ha,2025,Vandområdeplan 3,ecological,naeringsstoffer,14.7257
169,Høje-Taastrup,naer_landbrug,105.94,13.9,kg N/ha,2025,Vandområdeplan 3,ecological,naeringsstoffer,14.7257
573,Varde,naer_landbrug,87.65,16.8,kg N/ha,2025,Vandområdeplan 3,ecological,naeringsstoffer,14.7257
621,Kolding,naer_landbrug,112.41,13.1,kg N/ha,2025,Vandområdeplan 3,ecological,naeringsstoffer,14.7257
420,Assens,naer_landbrug,129.17,11.4,kg N/ha,2025,Vandområdeplan 3,ecological,naeringsstoffer,14.7257
580,Aabenraa,naer_landbrug,108.28,13.6,kg N/ha,2025,Vandområdeplan 3,ecological,naeringsstoffer,14.7257
787,Thisted,naer_landbrug,110.72,13.3,kg N/ha,2025,Vandområdeplan 3,ecological,naeringsstoffer,14.7257
756,Ikast-Brande,naer_landbrug,90.9,16.2,kg N/ha,2025,Vandområdeplan 3,ecological,naeringsstoffer,14.7257
461,Odense,naer_landbrug,102.26,14.4,kg N/ha,2025,Vandområdeplan 3,ecological,naeringsstoffer,14.7257
779,Skive,naer_landbrug,119.72,12.3,kg N/ha,2025,Vandområdeplan 3,ecological,naeringsstoffer,14.7257
450,Nyborg,naer_landbrug,104.44,14.1,kg N/ha,2025,Vandområdeplan 3,ecological,naeringsstoffer,14.7257
846,Mariagerfjord,naer_landbrug,91.46,16.1,kg N/ha,2025,Vandområdeplan 3,ecological,naeringsstoffer,14.7257
820,Vesthimmerlands,naer_landbrug,124.79,11.8,kg N/ha,2025,Vandområdeplan 3,ecological,naeringsstoffer,14.7257
540,Sønderborg,naer_landbrug,118.76,12.4,kg N/ha,2025,Vandområdeplan 3,ecological,naeringsstoffer,14.7257
400,Bornholm,naer_landbrug,98.83,14.9,kg N/ha,2025,Vandområdeplan 3,ecological,naeringsstoffer,14.7257
510,Haderslev,naer_landbrug,137.62,10.7,kg N/ha,2025,Vandområdeplan 3,ecological,naeringsstoffer,14.7257
671,Struer,naer_landbrug,105.18,14.0,kg N/ha,2025,Vandområdeplan 3,ecological,naeringsstoffer,14.7257
665,Lemvig,naer_landbrug,94.4,15.6,kg N/ha,2025,Vandområdeplan 3,ecological,naeringsstoffer,14.7257
707,Norddjurs,naer_landbrug,100.17,14.7,kg N/ha,2025,Vandområdeplan 3,ecological,naeringsstoffer,14.7257
330,Slagelse,naer_landbrug,96.25,15.3,kg N/ha,2025,Vandområdeplan 3,ecological,naeringsstoffer,14.7257
306,Odsherred,naer_landbrug,132.66,11.1,kg N/ha,2025,Vandområdeplan 3,ecological,naeringsstoffer,14.7257
575,Vejen,naer_landbrug,115.04,12.8,kg N/ha,2025,Vandområdeplan 3,ecological,naeringsstoffer,14.7257
376,Guldborgsund,naer_landbrug,78.75,18.7,kg N/ha,2025,Vandområdeplan 3,ecological,naeringsstoffer,14.7257
849,Jammerbugt,naer_landbrug,91.46,16.1,kg N/ha,2025,Vandområdeplan 3,ecological,naeringsstoffer,14.7257
326,Kalundborg,naer_landbrug,122.71,12.0,kg N/ha,2025,Vandområdeplan 3,ecological,naeringsstoffer,14.7257
390,Vordingborg,naer_landbrug,85.12,17.3,kg N/ha,2025,Vandområdeplan 3,ecological,naeringsstoffer,14.7257
550,Tønder,naer_landbrug,110.72,13.3,kg N/ha,2025,Vandområdeplan 3,ecological,naeringsstoffer,14.7257
360,Lolland,naer_landbrug,74.37,19.8,kg N/ha,2025,Vandområdeplan 3,ecological,naeringsstoffer,14.7257
741,Samsø,naer_landbrug,115.95,12.7,kg N/ha,2025,Vandområdeplan 3,ecological,naeringsstoffer,14.7257
482,Langeland,naer_landbrug,115.04,12.8,kg N/ha,2025,Vandområdeplan 3,ecological,naeringsstoffer,14.7257
201,Allerød,overfladevand,99.29,5.88,%,2025,Vandområdeplan 3 (VP3 2e2025),ecological,naeringsstoffer,5.838276
153,Brøndby,overfladevand,17.52,33.33,%,2025,Vandområdeplan 3 (VP3 2e2025),ecological,naeringsstoffer,5.838276
175,Rødovre,overfladevand,300.0,0.0,%,2025,Vandområdeplan 3 (VP3 2e2025),ecological,naeringsstoffer,5.838276
155,Dragør,overfladevand,300.0,0.0,%,2025,Vandområdeplan 3 (VP3 2e2025),ecological,naeringsstoffer,5.838276
190,Furesø,overfladevand,300.0,0.0,%,2025,Vandområdeplan 3 (VP3 2e2025),ecological,naeringsstoffer,5.838276
167,Hvidovre,overfladevand,300.0,0.0,%,2025,Vandområdeplan 3 (VP3 2e2025),ecological,naeringsstoffer,5.838276
230,Rudersdal,overfladevand,110.99,5.26,%,2025,Vandområdeplan 3 (VP3 2e2025),ecological,naeringsstoffer,5.838276
746,Skanderborg,overfladevand,23.94,24.39,%,2025,Vandområdeplan 3 (VP3 2e2025),ecological,naeringsstoffer,5.838276
269,Solrød,overfladevand,81.77,7.14,%,2025,Vandområdeplan 3 (VP3 2e2025),ecological,naeringsstoffer,5.838276
265,Roskilde,overfladevand,119.64,4.88,%,2025,Vandområdeplan 3 (VP3 2e2025),ecological,naeringsstoffer,5.838276
240,Egedal,overfladevand,250.57,2.33,%,2025,Vandområdeplan 3 (VP3 2e2025),ecological,naeringsstoffer,5.838276
151,Ballerup,overfladevand,300.0,0.0,%,2025,Vandområdeplan 3 (VP3 2e2025),ecological,naeringsstoffer,5.838276
223,Hørsholm,overfladevand,300.0,0.0,%,2025,Vandområdeplan 3 (VP3 2e2025),ecological,naeringsstoffer,5.838276
185,Tårnby,overfladevand,8.76,66.67,%,2025,Vandområdeplan 3 (VP3 2e2025),ecological,naeringsstoffer,5.838276
157,Gentofte,overfladevand,300.0,0.0,%,2025,Vandområdeplan 3 (VP3 2e2025),ecological,naeringsstoffer,5.838276
350,Lejre,overfladevand,300.0,0.0,%,2025,Vandområdeplan 3 (VP3 2e2025),ecological,naeringsstoffer,5.838276
163,Herlev,overfladevand,300.0,0.0,%,2025,Vandområdeplan 3 (VP3 2e2025),ecological,naeringsstoffer,5.838276
173,Lyngby-Taarbæk,overfladevand,300.0,0.0,%,2025,Vandområdeplan 3 (VP3 2e2025),ecological,naeringsstoffer,5.838276
210,Fredensborg,overfladevand,128.31,4.55,%,2025,Vandområdeplan 3 (VP3 2e2025),ecological,naeringsstoffer,5.838276
183,Ishøj,overfladevand,35.02,16.67,%,2025,Vandområdeplan 3 (VP3 2e2025),ecological,naeringsstoffer,5.838276
710,Favrskov,overfladevand,253.84,2.3,%,2025,Vandområdeplan 3 (VP3 2e2025),ecological,naeringsstoffer,5.838276
530,Billund,overfladevand,300.0,1.33,%,2025,Vandområdeplan 3 (VP3 2e2025),ecological,naeringsstoffer,5.838276
840,Rebild,overfladevand,223.69,2.61,%,2025,Vandområdeplan 3 (VP3 2e2025),ecological,naeringsstoffer,5.838276
187,Vallensbæk,overfladevand,300.0,0.0,%,2025,Vandområdeplan 3 (VP3 2e2025),ecological,naeringsstoffer,5.838276
253,Greve,overfladevand,87.53,6.67,%,2025,Vandområdeplan 3 (VP3 2e2025),ecological,naeringsstoffer,5.838276
147,Frederiksberg,overfladevand,300.0,0.0,%,2025,Vandområdeplan 3 (VP3 2e2025),ecological,naeringsstoffer,5.838276
259,Køge,overfladevand,300.0,0.0,%,2025,Vandområdeplan 3 (VP3 2e2025),ecological,naeringsstoffer,5.838276
159,Gladsaxe,overfladevand,300.0,0.0,%,2025,Vandområdeplan 3 (VP3 2e2025),ecological,naeringsstoffer,5.838276
217,Helsingør,overfladevand,300.0,0.0,%,2025,Vandområdeplan 3 (VP3 2e2025),ecological,naeringsstoffer,5.838276
250,Frederikssund,overfladevand,87.53,6.67,%,2025,Vandområdeplan 3 (VP3 2e2025),ecological,naeringsstoffer,5.838276
661,Holstebro,overfladevand,286.19,2.04,%,2025,Vandområdeplan 3 (VP3 2e2025),ecological,naeringsstoffer,5.838276
825,Læsø,overfladevand,300.0,0.0,%,2025,Vandområdeplan 3 (VP3 2e2025),ecological,naeringsstoffer,5.838276
657,Herning,overfladevand,68.36,8.54,%,2025,Vandområdeplan 3 (VP3 2e2025),ecological,naeringsstoffer,5.838276
260,Halsnæs,overfladevand,46.71,12.5,%,2025,Vandområdeplan 3 (VP3 2e2025),ecological,naeringsstoffer,5.838276
773,Morsø,overfladevand,300.0,1.82,%,2025,Vandområdeplan 3 (VP3 2e2025),ecological,naeringsstoffer,5.838276
219,Hillerød,overfladevand,53.71,10.87,%,2025,Vandområdeplan 3 (VP3 2e2025),ecological,naeringsstoffer,5.838276
340,Sorø,overfladevand,74.95,7.79,%,2025,Vandområdeplan 3 (VP3 2e2025),ecological,naeringsstoffer,5.838276
492,Ærø,overfladevand,300.0,0.0,%,2025,Vandområdeplan 3 (VP3 2e2025),ecological,naeringsstoffer,5.838276
561,Esbjerg,overfladevand,300.0,0.71,%,2025,Vandområdeplan 3 (VP3 2e2025),ecological,naeringsstoffer,5.838276
740,Silkeborg,overfladevand,35.02,16.67,%,2025,Vandområdeplan 3 (VP3 2e2025),ecological,naeringsstoffer,5.838276
615,Horsens,overfladevand,95.71,6.1,%,2025,Vandområdeplan 3 (VP3 2e2025),ecological,naeringsstoffer,5.838276
563,Fanø,overfladevand,5.84,100.0,%,2025,Vandområdeplan 3 (VP3 2e2025),ecological,naeringsstoffer,5.838276
316,Holbæk,overfladevand,286.19,2.04,%,2025,Vandområdeplan 3 (VP3 2e2025),ecological,naeringsstoffer,5.838276
766,Hedensted,overfladevand,300.0,1.42,%,2025,Vandområdeplan 3 (VP3 2e2025),ecological,naeringsstoffer,5.838276
607,Fredericia,overfladevand,300.0,0.0,%,2025,Vandområdeplan 3 (VP3 2e2025),ecological,naeringsstoffer,5.838276
410,Middelfart,overfladevand,300.0,0.0,%,2025,Vandområdeplan 3 (VP3 2e2025),ecological,naeringsstoffer,5.838276
329,Ringsted,overfladevand,300.0,1.67,%,2025,Vandområdeplan 3 (VP3 2e2025),ecological,naeringsstoffer,5.838276
370,Næstved,overfladevand,262.99,2.22,%,2025,Vandområdeplan 3 (VP3 2e2025),ecological,naeringsstoffer,5.838276
851,Aalborg,overfladevand,97.79,5.97,%,2025,Vandområdeplan 3 (VP3 2e2025),ecological,naeringsstoffer,5.838276
810,Brønderslev,overfladevand,300.0,0.0,%,2025,Vandområdeplan 3 (VP3 2e2025),ecological,naeringsstoffer,5.838276
727,Odder,overfladevand,300.0,0.0,%,2025,Vandområdeplan 3 (VP3 2e2025),ecological,naeringsstoffer,5.838276
336,Stevns,overfladevand,300.0,0.0,%,2025,Vandområdeplan 3 (VP3 2e2025),ecological,naeringsstoffer,5.838276
751,Aarhus,overfladevand,300.0,0.55,%,2025,Vandområdeplan 3 (VP3 2e2025),ecological,naeringsstoffer,5.838276
813,Frederikshavn,overfladevand,245.31,2.38,%,2025,Vandområdeplan 3 (VP3 2e2025),ecological,naeringsstoffer,5.838276
161,Glostrup,overfladevand,300.0,0.0,%,2025,Vandområdeplan 3 (VP3 2e2025),ecological,naeringsstoffer,5.838276
270,Gribskov,overfladevand,105.0,5.56,%,2025,Vandområdeplan 3 (VP3 2e2025),ecological,naeringsstoffer,5.838276
860,Hjørring,overfladevand,300.0,1.16,%,2025,Vandområdeplan 3 (VP3 2e2025),ecological,naeringsstoffer,5.838276
165,Albertslund,overfladevand,300.0,0.0,%,2025,Vandområdeplan 3 (VP3 2e2025),ecological,naeringsstoffer,5.838276
479,Svendborg,overfladevand,229.85,2.54,%,2025,Vandområdeplan 3 (VP3 2e2025),ecological,naeringsstoffer,5.838276
791,Viborg,overfladevand,65.31,8.94,%,2025,Vandområdeplan 3 (VP3 2e2025),ecological,naeringsstoffer,5.838276
480,Nordfyns,overfladevand,300.0,0.0,%,2025,Vandområdeplan 3 (VP3 2e2025),ecological,naeringsstoffer,5.838276
706,Syddjurs,overfladevand,87.53,6.67,%,2025,Vandområdeplan 3 (VP3 2e2025),ecological,naeringsstoffer,5.838276
440,Kerteminde,overfladevand,300.0,0.0,%,2025,Vandområdeplan 3 (VP3 2e2025),ecological,naeringsstoffer,5.838276
630,Vejle,overfladevand,49.14,11.88,%,2025,Vandområdeplan 3 (VP3 2e2025),ecological,naeringsstoffer,5.838276
101,København,overfladevand,93.41,6.25,%,2025,Vandområdeplan 3 (VP3 2e2025),ecological,naeringsstoffer,5.838276
730,Randers,overfladevand,300.0,1.9,%,2025,Vandområdeplan 3 (VP3 2e2025),ecological,naeringsstoffer,5.838276
760,Ringkøbing-Skjern,overfladevand,98.79,5.91,%,2025,Vandområdeplan 3 (VP3 2e2025),ecological,naeringsstoffer,5.838276
430,Faaborg-Midtfyn,overfladevand,163.54,3.57,%,2025,Vandområdeplan 3 (VP3 2e2025),ecological,naeringsstoffer,5.838276
320,Faxe,overfladevand,101.18,5.77,%,2025,Vandområdeplan 3 (VP3 2e2025),ecological,naeringsstoffer,5.838276
169,Høje-Taastrup,overfladevand,40.86,14.29,%,2025,Vandområdeplan 3 (VP3 2e2025),ecological,naeringsstoffer,5.838276
573,Varde,overfladevand,164.0,3.56,%,2025,Vandområdeplan 3 (VP3 2e2025),ecological,naeringsstoffer,5.838276
621,Kolding,overfladevand,203.42,2.87,%,2025,Vandområdeplan 3 (VP3 2e2025),ecological,naeringsstoffer,5.838276
420,Assens,overfladevand,300.0,1.47,%,2025,Vandområdeplan 3 (VP3 2e2025),ecological,naeringsstoffer,5.838276
580,Aabenraa,overfladevand,51.08,11.43,%,2025,Vandområdeplan 3 (VP3 2e2025),ecological,naeringsstoffer,5.838276
787,Thisted,overfladevand,34.02,17.16,%,2025,Vandområdeplan 3 (VP3 2e2025),ecological,naeringsstoffer,5.838276
756,Ikast-Brande,overfladevand,46.71,12.5,%,2025,Vandområdeplan 3 (VP3 2e2025),ecological,naeringsstoffer,5.838276
461,Odense,overfladevand,245.31,2.38,%,2025,Vandområdeplan 3 (VP3 2e2025),ecological,naeringsstoffer,5.838276
779,Skive,overfladevand,114.25,5.11,%,2025,Vandområdeplan 3 (VP3 2e2025),ecological,naeringsstoffer,5.838276
450,Nyborg,overfladevand,300.0,1.37,%,2025,Vandområdeplan 3 (VP3 2e2025),ecological,naeringsstoffer,5.838276
846,Mariagerfjord,overfladevand,81.77,7.14,%,2025,Vandområdeplan 3 (VP3 2e2025),ecological,naeringsstoffer,5.838276
820,Vesthimmerlands,overfladevand,191.42,3.05,%,2025,Vandområdeplan 3 (VP3 2e2025),ecological,naeringsstoffer,5.838276
540,Sønderborg,overfladevand,176.92,3.3,%,2025,Vandområdeplan 3 (VP3 2e2025),ecological,naeringsstoffer,5.838276
400,Bornholm,overfladevand,88.73,6.58,%,2025,Vandområdeplan 3 (VP3 2e2025),ecological,naeringsstoffer,5.838276
510,Haderslev,overfladevand,153.64,3.8,%,2025,Vandområdeplan 3 (VP3 2e2025),ecological,naeringsstoffer,5.838276
671,Struer,overfladevand,46.71,12.5,%,2025,Vandområdeplan 3 (VP3 2e2025),ecological,naeringsstoffer,5.838276
665,Lemvig,overfladevand,112.06,5.21,%,2025,Vandområdeplan 3 (VP3 2e2025),ecological,naeringsstoffer,5.838276
707,Norddjurs,overfladevand,300.0,0.0,%,2025,Vandområdeplan 3 (VP3 2e2025),ecological,naeringsstoffer,5.838276
330,Slagelse,overfladevand,300.0,1.79,%,2025,Vandområdeplan 3 (VP3 2e2025),ecological,naeringsstoffer,5.838276
306,Odsherred,overfladevand,198.58,2.94,%,2025,Vandområdeplan 3 (VP3 2e2025),ecological,naeringsstoffer,5.838276
575,Vejen,overfladevand,199.26,2.93,%,2025,Vandområdeplan 3 (VP3 2e2025),ecological,naeringsstoffer,5.838276
376,Guldborgsund,overfladevand,300.0,0.87,%,2025,Vandområdeplan 3 (VP3 2e2025),ecological,naeringsstoffer,5.838276
849,Jammerbugt,overfladevand,64.23,9.09,%,2025,Vandområdeplan 3 (VP3 2e2025),ecological,naeringsstoffer,5.838276
326,Kalundborg,overfladevand,57.63,10.13,%,2025,Vandområdeplan 3 (VP3 2e2025),ecological,naeringsstoffer,5.838276
390,Vordingborg,overfladevand,286.19,2.04,%,2025,Vandområdeplan 3 (VP3 2e2025),ecological,naeringsstoffer,5.838276
550,Tønder,overfladevand,59.64,9.79,%,2025,Vandområdeplan 3 (VP3 2e2025),ecological,naeringsstoffer,5.838276
360,Lolland,overfladevand,300.0,1.64,%,2025,Vandområdeplan 3 (VP3 2e2025),ecological,naeringsstoffer,5.838276
741,Samsø,overfladevand,300.0,0.0,%,2025,Vandområdeplan 3 (VP3 2e2025),ecological,naeringsstoffer,5.838276
482,Langeland,overfladevand,32.11,18.18,%,2025,Vandområdeplan 3 (VP3 2e2025),ecological,naeringsstoffer,5.838276
201,Allerød,bio_vasentlig,194.68,15.41,%,2021,DCE Biodiversitetskort (bioscore),ecological,biodiversitet,30.0
153,Brøndby,bio_vasentlig,300.0,2.4,%,2021,DCE Biodiversitetskort (bioscore),ecological,biodiversitet,30.0
175,Rødovre,bio_vasentlig,300.0,0.33,%,2021,DCE Biodiversitetskort (bioscore),ecological,biodiversitet,30.0
155,Dragør,bio_vasentlig,187.62,15.99,%,2021,DCE Biodiversitetskort (bioscore),ecological,biodiversitet,30.0
190,Furesø,bio_vasentlig,89.98,33.34,%,2021,DCE Biodiversitetskort (bioscore),ecological,biodiversitet,30.0
167,Hvidovre,bio_vasentlig,300.0,0.29,%,2021,DCE Biodiversitetskort (bioscore),ecological,biodiversitet,30.0
230,Rudersdal,bio_vasentlig,112.32,26.71,%,2021,DCE Biodiversitetskort (bioscore),ecological,biodiversitet,30.0
746,Skanderborg,bio_vasentlig,277.01,10.83,%,2021,DCE Biodiversitetskort (bioscore),ecological,biodiversitet,30.0
269,Solrød,bio_vasentlig,300.0,3.32,%,2021,DCE Biodiversitetskort (bioscore),ecological,biodiversitet,30.0
265,Roskilde,bio_vasentlig,300.0,4.09,%,2021,DCE Biodiversitetskort (bioscore),ecological,biodiversitet,30.0
240,Egedal,bio_vasentlig,300.0,9.62,%,2021,DCE Biodiversitetskort (bioscore),ecological,biodiversitet,30.0
151,Ballerup,bio_vasentlig,300.0,1.33,%,2021,DCE Biodiversitetskort (bioscore),ecological,biodiversitet,30.0
223,Hørsholm,bio_vasentlig,300.0,4.99,%,2021,DCE Biodiversitetskort (bioscore),ecological,biodiversitet,30.0
185,Tårnby,bio_vasentlig,60.98,49.2,%,2021,DCE Biodiversitetskort (bioscore),ecological,biodiversitet,30.0
157,Gentofte,bio_vasentlig,300.0,7.16,%,2021,DCE Biodiversitetskort (bioscore),ecological,biodiversitet,30.0
350,Lejre,bio_vasentlig,300.0,5.02,%,2021,DCE Biodiversitetskort (bioscore),ecological,biodiversitet,30.0
163,Herlev,bio_vasentlig,300.0,0.98,%,2021,DCE Biodiversitetskort (bioscore),ecological,biodiversitet,30.0
173,Lyngby-Taarbæk,bio_vasentlig,68.04,44.09,%,2021,DCE Biodiversitetskort (bioscore),ecological,biodiversitet,30.0
210,Fredensborg,bio_vasentlig,300.0,9.84,%,2021,DCE Biodiversitetskort (bioscore),ecological,biodiversitet,30.0
183,Ishøj,bio_vasentlig,300.0,3.61,%,2021,DCE Biodiversitetskort (bioscore),ecological,biodiversitet,30.0
710,Favrskov,bio_vasentlig,300.0,1.74,%,2021,DCE Biodiversitetskort (bioscore),ecological,biodiversitet,30.0
530,Billund,bio_vasentlig,300.0,4.82,%,2021,DCE Biodiversitetskort (bioscore),ecological,biodiversitet,30.0
840,Rebild,bio_vasentlig,300.0,5.05,%,2021,DCE Biodiversitetskort (bioscore),ecological,biodiversitet,30.0
187,Vallensbæk,bio_vasentlig,300.0,2.53,%,2021,DCE Biodiversitetskort (bioscore),ecological,biodiversitet,30.0
253,Greve,bio_vasentlig,300.0,0.73,%,2021,DCE Biodiversitetskort (bioscore),ecological,biodiversitet,30.0
147,Frederiksberg,bio_vasentlig,300.0,0.61,%,2021,DCE Biodiversitetskort (bioscore),ecological,biodiversitet,30.0
259,Køge,bio_vasentlig,300.0,7.02,%,2021,DCE Biodiversitetskort (bioscore),ecological,biodiversitet,30.0
159,Gladsaxe,bio_vasentlig,269.06,11.15,%,2021,DCE Biodiversitetskort (bioscore),ecological,biodiversitet,30.0
217,Helsingør,bio_vasentlig,164.2,18.27,%,2021,DCE Biodiversitetskort (bioscore),ecological,biodiversitet,30.0
250,Frederikssund,bio_vasentlig,259.52,11.56,%,2021,DCE Biodiversitetskort (bioscore),ecological,biodiversitet,30.0
661,Holstebro,bio_vasentlig,300.0,5.11,%,2021,DCE Biodiversitetskort (bioscore),ecological,biodiversitet,30.0
825,Læsø,bio_vasentlig,53.95,55.61,%,2021,DCE Biodiversitetskort (bioscore),ecological,biodiversitet,30.0
657,Herning,bio_vasentlig,300.0,3.8,%,2021,DCE Biodiversitetskort (bioscore),ecological,biodiversitet,30.0
260,Halsnæs,bio_vasentlig,112.11,26.76,%,2021,DCE Biodiversitetskort (bioscore),ecological,biodiversitet,30.0
773,Morsø,bio_vasentlig,300.0,1.55,%,2021,DCE Biodiversitetskort (bioscore),ecological,biodiversitet,30.0
219,Hillerød,bio_vasentlig,107.26,27.97,%,2021,DCE Biodiversitetskort (bioscore),ecological,biodiversitet,30.0
340,Sorø,bio_vasentlig,300.0,5.72,%,2021,DCE Biodiversitetskort (bioscore),ecological,biodiversitet,30.0
492,Ærø,bio_vasentlig,300.0,4.89,%,2021,DCE Biodiversitetskort (bioscore),ecological,biodiversitet,30.0
561,Esbjerg,bio_vasentlig,300.0,3.71,%,2021,DCE Biodiversitetskort (bioscore),ecological,biodiversitet,30.0
740,Silkeborg,bio_vasentlig,300.0,9.16,%,2021,DCE Biodiversitetskort (bioscore),ecological,biodiversitet,30.0
615,Horsens,bio_vasentlig,300.0,4.78,%,2021,DCE Biodiversitetskort (bioscore),ecological,biodiversitet,30.0
563,Fanø,bio_vasentlig,53.78,55.78,%,2021,DCE Biodiversitetskort (bioscore),ecological,biodiversitet,30.0
316,Holbæk,bio_vasentlig,300.0,0.75,%,2021,DCE Biodiversitetskort (bioscore),ecological,biodiversitet,30.0
766,Hedensted,bio_vasentlig,300.0,2.83,%,2021,DCE Biodiversitetskort (bioscore),ecological,biodiversitet,30.0
607,Fredericia,bio_vasentlig,300.0,6.51,%,2021,DCE Biodiversitetskort (bioscore),ecological,biodiversitet,30.0
410,Middelfart,bio_vasentlig,300.0,1.9,%,2021,DCE Biodiversitetskort (bioscore),ecological,biodiversitet,30.0
329,Ringsted,bio_vasentlig,300.0,3.58,%,2021,DCE Biodiversitetskort (bioscore),ecological,biodiversitet,30.0
370,Næstved,bio_vasentlig,300.0,5.91,%,2021,DCE Biodiversitetskort (bioscore),ecological,biodiversitet,30.0
851,Aalborg,bio_vasentlig,300.0,6.95,%,2021,DCE Biodiversitetskort (bioscore),ecological,biodiversitet,30.0
810,Brønderslev,bio_vasentlig,300.0,2.26,%,2021,DCE Biodiversitetskort (bioscore),ecological,biodiversitet,30.0
727,Odder,bio_vasentlig,300.0,1.98,%,2021,DCE Biodiversitetskort (bioscore),ecological,biodiversitet,30.0
336,Stevns,bio_vasentlig,300.0,7.02,%,2021,DCE Biodiversitetskort (bioscore),ecological,biodiversitet,30.0
751,Aarhus,bio_vasentlig,300.0,3.65,%,2021,DCE Biodiversitetskort (bioscore),ecological,biodiversitet,30.0
813,Frederikshavn,bio_vasentlig,239.81,12.51,%,2021,DCE Biodiversitetskort (bioscore),ecological,biodiversitet,30.0
161,Glostrup,bio_vasentlig,300.0,0.04,%,2021,DCE Biodiversitetskort (bioscore),ecological,biodiversitet,30.0
270,Gribskov,bio_vasentlig,118.62,25.29,%,2021,DCE Biodiversitetskort (bioscore),ecological,biodiversitet,30.0
860,Hjørring,bio_vasentlig,300.0,3.05,%,2021,DCE Biodiversitetskort (bioscore),ecological,biodiversitet,30.0
165,Albertslund,bio_vasentlig,300.0,2.14,%,2021,DCE Biodiversitetskort (bioscore),ecological,biodiversitet,30.0
479,Svendborg,bio_vasentlig,300.0,2.72,%,2021,DCE Biodiversitetskort (bioscore),ecological,biodiversitet,30.0
791,Viborg,bio_vasentlig,300.0,5.17,%,2021,DCE Biodiversitetskort (bioscore),ecological,biodiversitet,30.0
480,Nordfyns,bio_vasentlig,300.0,2.55,%,2021,DCE Biodiversitetskort (bioscore),ecological,biodiversitet,30.0
706,Syddjurs,bio_vasentlig,299.4,10.02,%,2021,DCE Biodiversitetskort (bioscore),ecological,biodiversitet,30.0
440,Kerteminde,bio_vasentlig,300.0,2.02,%,2021,DCE Biodiversitetskort (bioscore),ecological,biodiversitet,30.0
630,Vejle,bio_vasentlig,300.0,2.8,%,2021,DCE Biodiversitetskort (bioscore),ecological,biodiversitet,30.0
101,København,bio_vasentlig,300.0,7.19,%,2021,DCE Biodiversitetskort (bioscore),ecological,biodiversitet,30.0
730,Randers,bio_vasentlig,300.0,2.99,%,2021,DCE Biodiversitetskort (bioscore),ecological,biodiversitet,30.0
760,Ringkøbing-Skjern,bio_vasentlig,300.0,9.64,%,2021,DCE Biodiversitetskort (bioscore),ecological,biodiversitet,30.0
430,Faaborg-Midtfyn,bio_vasentlig,300.0,3.24,%,2021,DCE Biodiversitetskort (bioscore),ecological,biodiversitet,30.0
320,Faxe,bio_vasentlig,300.0,6.95,%,2021,DCE Biodiversitetskort (bioscore),ecological,biodiversitet,30.0
169,Høje-Taastrup,bio_vasentlig,300.0,2.13,%,2021,DCE Biodiversitetskort (bioscore),ecological,biodiversitet,30.0
573,Varde,bio_vasentlig,239.23,12.54,%,2021,DCE Biodiversitetskort (bioscore),ecological,biodiversitet,30.0
621,Kolding,bio_vasentlig,300.0,2.17,%,2021,DCE Biodiversitetskort (bioscore),ecological,biodiversitet,30.0
420,Assens,bio_vasentlig,300.0,1.02,%,2021,DCE Biodiversitetskort (bioscore),ecological,biodiversitet,30.0
580,Aabenraa,bio_vasentlig,300.0,4.25,%,2021,DCE Biodiversitetskort (bioscore),ecological,biodiversitet,30.0
787,Thisted,bio_vasentlig,133.51,22.47,%,2021,DCE Biodiversitetskort (bioscore),ecological,biodiversitet,30.0
756,Ikast-Brande,bio_vasentlig,300.0,5.73,%,2021,DCE Biodiversitetskort (bioscore),ecological,biodiversitet,30.0
461,Odense,bio_vasentlig,300.0,0.8,%,2021,DCE Biodiversitetskort (bioscore),ecological,biodiversitet,30.0
779,Skive,bio_vasentlig,300.0,3.07,%,2021,DCE Biodiversitetskort (bioscore),ecological,biodiversitet,30.0
450,Nyborg,bio_vasentlig,300.0,0.82,%,2021,DCE Biodiversitetskort (bioscore),ecological,biodiversitet,30.0
846,Mariagerfjord,bio_vasentlig,300.0,5.94,%,2021,DCE Biodiversitetskort (bioscore),ecological,biodiversitet,30.0
820,Vesthimmerlands,bio_vasentlig,300.0,2.35,%,2021,DCE Biodiversitetskort (bioscore),ecological,biodiversitet,30.0
540,Sønderborg,bio_vasentlig,300.0,2.04,%,2021,DCE Biodiversitetskort (bioscore),ecological,biodiversitet,30.0
400,Bornholm,bio_vasentlig,223.55,13.42,%,2021,DCE Biodiversitetskort (bioscore),ecological,biodiversitet,30.0
510,Haderslev,bio_vasentlig,300.0,2.61,%,2021,DCE Biodiversitetskort (bioscore),ecological,biodiversitet,30.0
671,Struer,bio_vasentlig,300.0,2.32,%,2021,DCE Biodiversitetskort (bioscore),ecological,biodiversitet,30.0
665,Lemvig,bio_vasentlig,300.0,7.59,%,2021,DCE Biodiversitetskort (bioscore),ecological,biodiversitet,30.0
707,Norddjurs,bio_vasentlig,300.0,6.4,%,2021,DCE Biodiversitetskort (bioscore),ecological,biodiversitet,30.0
330,Slagelse,bio_vasentlig,300.0,1.92,%,2021,DCE Biodiversitetskort (bioscore),ecological,biodiversitet,30.0
306,Odsherred,bio_vasentlig,300.0,4.16,%,2021,DCE Biodiversitetskort (bioscore),ecological,biodiversitet,30.0
575,Vejen,bio_vasentlig,300.0,2.14,%,2021,DCE Biodiversitetskort (bioscore),ecological,biodiversitet,30.0
376,Guldborgsund,bio_vasentlig,300.0,5.47,%,2021,DCE Biodiversitetskort (bioscore),ecological,biodiversitet,30.0
849,Jammerbugt,bio_vasentlig,295.57,10.15,%,2021,DCE Biodiversitetskort (bioscore),ecological,biodiversitet,30.0
326,Kalundborg,bio_vasentlig,300.0,9.23,%,2021,DCE Biodiversitetskort (bioscore),ecological,biodiversitet,30.0
390,Vordingborg,bio_vasentlig,300.0,6.53,%,2021,DCE Biodiversitetskort (bioscore),ecological,biodiversitet,30.0
550,Tønder,bio_vasentlig,300.0,9.18,%,2021,DCE Biodiversitetskort (bioscore),ecological,biodiversitet,30.0
360,Lolland,bio_vasentlig,300.0,3.3,%,2021,DCE Biodiversitetskort (bioscore),ecological,biodiversitet,30.0
741,Samsø,bio_vasentlig,293.54,10.22,%,2021,DCE Biodiversitetskort (bioscore),ecological,biodiversitet,30.0
482,Langeland,bio_vasentlig,300.0,3.01,%,2021,DCE Biodiversitetskort (bioscore),ecological,biodiversitet,30.0
201,Allerød,bio_uerstattelig,278.55,3.59,%,2021,DCE Biodiversitetskort (bioscore),ecological,biodiversitet,10.0
153,Brøndby,bio_uerstattelig,300.0,0.0,%,2021,DCE Biodiversitetskort (bioscore),ecological,biodiversitet,10.0
175,Rødovre,bio_uerstattelig,300.0,0.0,%,2021,DCE Biodiversitetskort (bioscore),ecological,biodiversitet,10.0
155,Dragør,bio_uerstattelig,132.45,7.55,%,2021,DCE Biodiversitetskort (bioscore),ecological,biodiversitet,10.0
190,Furesø,bio_uerstattelig,56.09,17.83,%,2021,DCE Biodiversitetskort (bioscore),ecological,biodiversitet,10.0
167,Hvidovre,bio_uerstattelig,300.0,0.07,%,2021,DCE Biodiversitetskort (bioscore),ecological,biodiversitet,10.0
230,Rudersdal,bio_uerstattelig,68.73,14.55,%,2021,DCE Biodiversitetskort (bioscore),ecological,biodiversitet,10.0
746,Skanderborg,bio_uerstattelig,198.41,5.04,%,2021,DCE Biodiversitetskort (bioscore),ecological,biodiversitet,10.0
269,Solrød,bio_uerstattelig,300.0,1.19,%,2021,DCE Biodiversitetskort (bioscore),ecological,biodiversitet,10.0
265,Roskilde,bio_uerstattelig,300.0,1.09,%,2021,DCE Biodiversitetskort (bioscore),ecological,biodiversitet,10.0
240,Egedal,bio_uerstattelig,243.31,4.11,%,2021,DCE Biodiversitetskort (bioscore),ecological,biodiversitet,10.0
151,Ballerup,bio_uerstattelig,300.0,0.08,%,2021,DCE Biodiversitetskort (bioscore),ecological,biodiversitet,10.0
223,Hørsholm,bio_uerstattelig,264.55,3.78,%,2021,DCE Biodiversitetskort (bioscore),ecological,biodiversitet,10.0
185,Tårnby,bio_uerstattelig,21.52,46.46,%,2021,DCE Biodiversitetskort (bioscore),ecological,biodiversitet,10.0
157,Gentofte,bio_uerstattelig,300.0,1.25,%,2021,DCE Biodiversitetskort (bioscore),ecological,biodiversitet,10.0
350,Lejre,bio_uerstattelig,300.0,1.29,%,2021,DCE Biodiversitetskort (bioscore),ecological,biodiversitet,10.0
163,Herlev,bio_uerstattelig,300.0,0.12,%,2021,DCE Biodiversitetskort (bioscore),ecological,biodiversitet,10.0
173,Lyngby-Taarbæk,bio_uerstattelig,28.47,35.13,%,2021,DCE Biodiversitetskort (bioscore),ecological,biodiversitet,10.0
210,Fredensborg,bio_uerstattelig,187.62,5.33,%,2021,DCE Biodiversitetskort (bioscore),ecological,biodiversitet,10.0
183,Ishøj,bio_uerstattelig,300.0,0.44,%,2021,DCE Biodiversitetskort (bioscore),ecological,biodiversitet,10.0
710,Favrskov,bio_uerstattelig,300.0,0.09,%,2021,DCE Biodiversitetskort (bioscore),ecological,biodiversitet,10.0
530,Billund,bio_uerstattelig,300.0,0.9,%,2021,DCE Biodiversitetskort (bioscore),ecological,biodiversitet,10.0
840,Rebild,bio_uerstattelig,300.0,0.63,%,2021,DCE Biodiversitetskort (bioscore),ecological,biodiversitet,10.0
187,Vallensbæk,bio_uerstattelig,300.0,0.0,%,2021,DCE Biodiversitetskort (bioscore),ecological,biodiversitet,10.0
253,Greve,bio_uerstattelig,300.0,0.06,%,2021,DCE Biodiversitetskort (bioscore),ecological,biodiversitet,10.0
147,Frederiksberg,bio_uerstattelig,300.0,0.0,%,2021,DCE Biodiversitetskort (bioscore),ecological,biodiversitet,10.0
259,Køge,bio_uerstattelig,300.0,0.1,%,2021,DCE Biodiversitetskort (bioscore),ecological,biodiversitet,10.0
159,Gladsaxe,bio_uerstattelig,189.75,5.27,%,2021,DCE Biodiversitetskort (bioscore),ecological,biodiversitet,10.0
217,Helsingør,bio_uerstattelig,113.64,8.8,%,2021,DCE Biodiversitetskort (bioscore),ecological,biodiversitet,10.0
250,Frederikssund,bio_uerstattelig,230.41,4.34,%,2021,DCE Biodiversitetskort (bioscore),ecological,biodiversitet,10.0
661,Holstebro,bio_uerstattelig,300.0,1.06,%,2021,DCE Biodiversitetskort (bioscore),ecological,biodiversitet,10.0
825,Læsø,bio_uerstattelig,31.49,31.76,%,2021,DCE Biodiversitetskort (bioscore),ecological,biodiversitet,10.0
657,Herning,bio_uerstattelig,300.0,0.82,%,2021,DCE Biodiversitetskort (bioscore),ecological,biodiversitet,10.0
260,Halsnæs,bio_uerstattelig,55.87,17.9,%,2021,DCE Biodiversitetskort (bioscore),ecological,biodiversitet,10.0
773,Morsø,bio_uerstattelig,300.0,0.05,%,2021,DCE Biodiversitetskort (bioscore),ecological,biodiversitet,10.0
219,Hillerød,bio_uerstattelig,70.82,14.12,%,2021,DCE Biodiversitetskort (bioscore),ecological,biodiversitet,10.0
340,Sorø,bio_uerstattelig,300.0,0.7,%,2021,DCE Biodiversitetskort (bioscore),ecological,biodiversitet,10.0
492,Ærø,bio_uerstattelig,300.0,1.26,%,2021,DCE Biodiversitetskort (bioscore),ecological,biodiversitet,10.0
561,Esbjerg,bio_uerstattelig,300.0,1.01,%,2021,DCE Biodiversitetskort (bioscore),ecological,biodiversitet,10.0
740,Silkeborg,bio_uerstattelig,300.0,2.61,%,2021,DCE Biodiversitetskort (bioscore),ecological,biodiversitet,10.0
615,Horsens,bio_uerstattelig,300.0,1.31,%,2021,DCE Biodiversitetskort (bioscore),ecological,biodiversitet,10.0
563,Fanø,bio_uerstattelig,31.01,32.25,%,2021,DCE Biodiversitetskort (bioscore),ecological,biodiversitet,10.0
316,Holbæk,bio_uerstattelig,300.0,0.22,%,2021,DCE Biodiversitetskort (bioscore),ecological,biodiversitet,10.0
766,Hedensted,bio_uerstattelig,300.0,0.57,%,2021,DCE Biodiversitetskort (bioscore),ecological,biodiversitet,10.0
607,Fredericia,bio_uerstattelig,253.81,3.94,%,2021,DCE Biodiversitetskort (bioscore),ecological,biodiversitet,10.0
410,Middelfart,bio_uerstattelig,300.0,0.26,%,2021,DCE Biodiversitetskort (bioscore),ecological,biodiversitet,10.0
329,Ringsted,bio_uerstattelig,300.0,0.47,%,2021,DCE Biodiversitetskort (bioscore),ecological,biodiversitet,10.0
370,Næstved,bio_uerstattelig,300.0,2.18,%,2021,DCE Biodiversitetskort (bioscore),ecological,biodiversitet,10.0
851,Aalborg,bio_uerstattelig,263.85,3.79,%,2021,DCE Biodiversitetskort (bioscore),ecological,biodiversitet,10.0
810,Brønderslev,bio_uerstattelig,300.0,0.39,%,2021,DCE Biodiversitetskort (bioscore),ecological,biodiversitet,10.0
727,Odder,bio_uerstattelig,300.0,0.23,%,2021,DCE Biodiversitetskort (bioscore),ecological,biodiversitet,10.0
336,Stevns,bio_uerstattelig,300.0,1.21,%,2021,DCE Biodiversitetskort (bioscore),ecological,biodiversitet,10.0
751,Aarhus,bio_uerstattelig,300.0,1.06,%,2021,DCE Biodiversitetskort (bioscore),ecological,biodiversitet,10.0
813,Frederikshavn,bio_uerstattelig,176.37,5.67,%,2021,DCE Biodiversitetskort (bioscore),ecological,biodiversitet,10.0
161,Glostrup,bio_uerstattelig,300.0,0.0,%,2021,DCE Biodiversitetskort (bioscore),ecological,biodiversitet,10.0
270,Gribskov,bio_uerstattelig,50.43,19.83,%,2021,DCE Biodiversitetskort (bioscore),ecological,biodiversitet,10.0
860,Hjørring,bio_uerstattelig,300.0,0.77,%,2021,DCE Biodiversitetskort (bioscore),ecological,biodiversitet,10.0
165,Albertslund,bio_uerstattelig,300.0,0.0,%,2021,DCE Biodiversitetskort (bioscore),ecological,biodiversitet,10.0
479,Svendborg,bio_uerstattelig,300.0,0.39,%,2021,DCE Biodiversitetskort (bioscore),ecological,biodiversitet,10.0
791,Viborg,bio_uerstattelig,300.0,1.38,%,2021,DCE Biodiversitetskort (bioscore),ecological,biodiversitet,10.0
480,Nordfyns,bio_uerstattelig,300.0,0.31,%,2021,DCE Biodiversitetskort (bioscore),ecological,biodiversitet,10.0
706,Syddjurs,bio_uerstattelig,300.0,1.43,%,2021,DCE Biodiversitetskort (bioscore),ecological,biodiversitet,10.0
440,Kerteminde,bio_uerstattelig,300.0,0.68,%,2021,DCE Biodiversitetskort (bioscore),ecological,biodiversitet,10.0
630,Vejle,bio_uerstattelig,300.0,0.37,%,2021,DCE Biodiversitetskort (bioscore),ecological,biodiversitet,10.0
101,København,bio_uerstattelig,300.0,1.59,%,2021,DCE Biodiversitetskort (bioscore),ecological,biodiversitet,10.0
730,Randers,bio_uerstattelig,300.0,0.16,%,2021,DCE Biodiversitetskort (bioscore),ecological,biodiversitet,10.0
760,Ringkøbing-Skjern,bio_uerstattelig,196.46,5.09,%,2021,DCE Biodiversitetskort (bioscore),ecological,biodiversitet,10.0
430,Faaborg-Midtfyn,bio_uerstattelig,300.0,0.19,%,2021,DCE Biodiversitetskort (bioscore),ecological,biodiversitet,10.0
320,Faxe,bio_uerstattelig,300.0,0.84,%,2021,DCE Biodiversitetskort (bioscore),ecological,biodiversitet,10.0
169,Høje-Taastrup,bio_uerstattelig,300.0,0.71,%,2021,DCE Biodiversitetskort (bioscore),ecological,biodiversitet,10.0
573,Varde,bio_uerstattelig,149.48,6.69,%,2021,DCE Biodiversitetskort (bioscore),ecological,biodiversitet,10.0
621,Kolding,bio_uerstattelig,300.0,0.26,%,2021,DCE Biodiversitetskort (bioscore),ecological,biodiversitet,10.0
420,Assens,bio_uerstattelig,300.0,0.13,%,2021,DCE Biodiversitetskort (bioscore),ecological,biodiversitet,10.0
580,Aabenraa,bio_uerstattelig,300.0,0.44,%,2021,DCE Biodiversitetskort (bioscore),ecological,biodiversitet,10.0
787,Thisted,bio_uerstattelig,83.89,11.92,%,2021,DCE Biodiversitetskort (bioscore),ecological,biodiversitet,10.0
756,Ikast-Brande,bio_uerstattelig,300.0,1.58,%,2021,DCE Biodiversitetskort (bioscore),ecological,biodiversitet,10.0
461,Odense,bio_uerstattelig,300.0,0.13,%,2021,DCE Biodiversitetskort (bioscore),ecological,biodiversitet,10.0
779,Skive,bio_uerstattelig,300.0,0.63,%,2021,DCE Biodiversitetskort (bioscore),ecological,biodiversitet,10.0
450,Nyborg,bio_uerstattelig,300.0,0.16,%,2021,DCE Biodiversitetskort (bioscore),ecological,biodiversitet,10.0
846,Mariagerfjord,bio_uerstattelig,300.0,2.2,%,2021,DCE Biodiversitetskort (bioscore),ecological,biodiversitet,10.0
820,Vesthimmerlands,bio_uerstattelig,300.0,0.63,%,2021,DCE Biodiversitetskort (bioscore),ecological,biodiversitet,10.0
540,Sønderborg,bio_uerstattelig,300.0,0.07,%,2021,DCE Biodiversitetskort (bioscore),ecological,biodiversitet,10.0
400,Bornholm,bio_uerstattelig,223.71,4.47,%,2021,DCE Biodiversitetskort (bioscore),ecological,biodiversitet,10.0
510,Haderslev,bio_uerstattelig,300.0,0.3,%,2021,DCE Biodiversitetskort (bioscore),ecological,biodiversitet,10.0
671,Struer,bio_uerstattelig,300.0,0.43,%,2021,DCE Biodiversitetskort (bioscore),ecological,biodiversitet,10.0
665,Lemvig,bio_uerstattelig,300.0,1.42,%,2021,DCE Biodiversitetskort (bioscore),ecological,biodiversitet,10.0
707,Norddjurs,bio_uerstattelig,300.0,2.8,%,2021,DCE Biodiversitetskort (bioscore),ecological,biodiversitet,10.0
330,Slagelse,bio_uerstattelig,300.0,0.43,%,2021,DCE Biodiversitetskort (bioscore),ecological,biodiversitet,10.0
306,Odsherred,bio_uerstattelig,300.0,1.13,%,2021,DCE Biodiversitetskort (bioscore),ecological,biodiversitet,10.0
575,Vejen,bio_uerstattelig,300.0,0.1,%,2021,DCE Biodiversitetskort (bioscore),ecological,biodiversitet,10.0
376,Guldborgsund,bio_uerstattelig,300.0,1.24,%,2021,DCE Biodiversitetskort (bioscore),ecological,biodiversitet,10.0
849,Jammerbugt,bio_uerstattelig,259.07,3.86,%,2021,DCE Biodiversitetskort (bioscore),ecological,biodiversitet,10.0
326,Kalundborg,bio_uerstattelig,250.63,3.99,%,2021,DCE Biodiversitetskort (bioscore),ecological,biodiversitet,10.0
390,Vordingborg,bio_uerstattelig,300.0,3.33,%,2021,DCE Biodiversitetskort (bioscore),ecological,biodiversitet,10.0
550,Tønder,bio_uerstattelig,246.91,4.05,%,2021,DCE Biodiversitetskort (bioscore),ecological,biodiversitet,10.0
360,Lolland,bio_uerstattelig,300.0,1.57,%,2021,DCE Biodiversitetskort (bioscore),ecological,biodiversitet,10.0
741,Samsø,bio_uerstattelig,300.0,2.99,%,2021,DCE Biodiversitetskort (bioscore),ecological,biodiversitet,10.0
482,Langeland,bio_uerstattelig,300.0,0.45,%,2021,DCE Biodiversitetskort (bioscore),ecological,biodiversitet,10.0
201,Allerød,forbrug_co2,459.0,13.77,ton CO₂e/person,2023,Osei-Owusu et al. 2020 + ENS GA25,ecological,klimapaavirkning,3.0
153,Brøndby,forbrug_co2,330.33,9.91,ton CO₂e/person,2023,Osei-Owusu et al. 2020 + ENS GA25,ecological,klimapaavirkning,3.0
175,Rødovre,forbrug_co2,357.33,10.72,ton CO₂e/person,2023,Osei-Owusu et al. 2020 + ENS GA25,ecological,klimapaavirkning,3.0
155,Dragør,forbrug_co2,476.0,14.28,ton CO₂e/person,2023,Osei-Owusu et al. 2020 + ENS GA25,ecological,klimapaavirkning,3.0
190,Furesø,forbrug_co2,440.0,13.2,ton CO₂e/person,2023,Osei-Owusu et al. 2020 + ENS GA25,ecological,klimapaavirkning,3.0
167,Hvidovre,forbrug_co2,352.67,10.58,ton CO₂e/person,2023,Osei-Owusu et al. 2020 + ENS GA25,ecological,klimapaavirkning,3.0
230,Rudersdal,forbrug_co2,552.67,16.58,ton CO₂e/person,2023,Osei-Owusu et al. 2020 + ENS GA25,ecological,klimapaavirkning,3.0
746,Skanderborg,forbrug_co2,386.0,11.58,ton CO₂e/person,2023,Osei-Owusu et al. 2020 + ENS GA25,ecological,klimapaavirkning,3.0
269,Solrød,forbrug_co2,451.33,13.54,ton CO₂e/person,2023,Osei-Owusu et al. 2020 + ENS GA25,ecological,klimapaavirkning,3.0
265,Roskilde,forbrug_co2,426.67,12.8,ton CO₂e/person,2023,Osei-Owusu et al. 2020 + ENS GA25,ecological,klimapaavirkning,3.0
240,Egedal,forbrug_co2,410.67,12.32,ton CO₂e/person,2023,Osei-Owusu et al. 2020 + ENS GA25,ecological,klimapaavirkning,3.0
151,Ballerup,forbrug_co2,364.67,10.94,ton CO₂e/person,2023,Osei-Owusu et al. 2020 + ENS GA25,ecological,klimapaavirkning,3.0
223,Hørsholm,forbrug_co2,555.33,16.66,ton CO₂e/person,2023,Osei-Owusu et al. 2020 + ENS GA25,ecological,klimapaavirkning,3.0
185,Tårnby,forbrug_co2,376.33,11.29,ton CO₂e/person,2023,Osei-Owusu et al. 2020 + ENS GA25,ecological,klimapaavirkning,3.0
157,Gentofte,forbrug_co2,576.33,17.29,ton CO₂e/person,2023,Osei-Owusu et al. 2020 + ENS GA25,ecological,klimapaavirkning,3.0
350,Lejre,forbrug_co2,428.67,12.86,ton CO₂e/person,2023,Osei-Owusu et al. 2020 + ENS GA25,ecological,klimapaavirkning,3.0
163,Herlev,forbrug_co2,367.33,11.02,ton CO₂e/person,2023,Osei-Owusu et al. 2020 + ENS GA25,ecological,klimapaavirkning,3.0
173,Lyngby-Taarbæk,forbrug_co2,463.67,13.91,ton CO₂e/person,2023,Osei-Owusu et al. 2020 + ENS GA25,ecological,klimapaavirkning,3.0
210,Fredensborg,forbrug_co2,422.33,12.67,ton CO₂e/person,2023,Osei-Owusu et al. 2020 + ENS GA25,ecological,klimapaavirkning,3.0
183,Ishøj,forbrug_co2,318.67,9.56,ton CO₂e/person,2023,Osei-Owusu et al. 2020 + ENS GA25,ecological,klimapaavirkning,3.0
710,Favrskov,forbrug_co2,369.67,11.09,ton CO₂e/person,2023,Osei-Owusu et al. 2020 + ENS GA25,ecological,klimapaavirkning,3.0
530,Billund,forbrug_co2,360.33,10.81,ton CO₂e/person,2023,Osei-Owusu et al. 2020 + ENS GA25,ecological,klimapaavirkning,3.0
840,Rebild,forbrug_co2,426.0,12.78,ton CO₂e/person,2023,Osei-Owusu et al. 2020 + ENS GA25,ecological,klimapaavirkning,3.0
187,Vallensbæk,forbrug_co2,385.33,11.56,ton CO₂e/person,2023,Osei-Owusu et al. 2020 + ENS GA25,ecological,klimapaavirkning,3.0
253,Greve,forbrug_co2,438.33,13.15,ton CO₂e/person,2023,Osei-Owusu et al. 2020 + ENS GA25,ecological,klimapaavirkning,3.0
147,Frederiksberg,forbrug_co2,385.0,11.55,ton CO₂e/person,2023,Osei-Owusu et al. 2020 + ENS GA25,ecological,klimapaavirkning,3.0
259,Køge,forbrug_co2,408.0,12.24,ton CO₂e/person,2023,Osei-Owusu et al. 2020 + ENS GA25,ecological,klimapaavirkning,3.0
159,Gladsaxe,forbrug_co2,380.67,11.42,ton CO₂e/person,2023,Osei-Owusu et al. 2020 + ENS GA25,ecological,klimapaavirkning,3.0
217,Helsingør,forbrug_co2,390.33,11.71,ton CO₂e/person,2023,Osei-Owusu et al. 2020 + ENS GA25,ecological,klimapaavirkning,3.0
250,Frederikssund,forbrug_co2,380.33,11.41,ton CO₂e/person,2023,Osei-Owusu et al. 2020 + ENS GA25,ecological,klimapaavirkning,3.0
661,Holstebro,forbrug_co2,360.0,10.8,ton CO₂e/person,2023,Osei-Owusu et al. 2020 + ENS GA25,ecological,klimapaavirkning,3.0
825,Læsø,forbrug_co2,438.67,13.16,ton CO₂e/person,2023,Osei-Owusu et al. 2020 + ENS GA25,ecological,klimapaavirkning,3.0
657,Herning,forbrug_co2,362.67,10.88,ton CO₂e/person,2023,Osei-Owusu et al. 2020 + ENS GA25,ecological,klimapaavirkning,3.0
260,Halsnæs,forbrug_co2,349.0,10.47,ton CO₂e/person,2023,Osei-Owusu et al. 2020 + ENS GA25,ecological,klimapaavirkning,3.0
773,Morsø,forbrug_co2,409.0,12.27,ton CO₂e/person,2023,Osei-Owusu et al. 2020 + ENS GA25,ecological,klimapaavirkning,3.0
219,Hillerød,forbrug_co2,387.67,11.63,ton CO₂e/person,2023,Osei-Owusu et al. 2020 + ENS GA25,ecological,klimapaavirkning,3.0
340,Sorø,forbrug_co2,400.0,12.0,ton CO₂e/person,2023,Osei-Owusu et al. 2020 + ENS GA25,ecological,klimapaavirkning,3.0
492,Ærø,forbrug_co2,354.0,10.62,ton CO₂e/person,2023,Osei-Owusu et al. 2020 + ENS GA25,ecological,klimapaavirkning,3.0
561,Esbjerg,forbrug_co2,356.67,10.7,ton CO₂e/person,2023,Osei-Owusu et al. 2020 + ENS GA25,ecological,klimapaavirkning,3.0
740,Silkeborg,forbrug_co2,368.0,11.04,ton CO₂e/person,2023,Osei-Owusu et al. 2020 + ENS GA25,ecological,klimapaavirkning,3.0
615,Horsens,forbrug_co2,365.33,10.96,ton CO₂e/person,2023,Osei-Owusu et al. 2020 + ENS GA25,ecological,klimapaavirkning,3.0
563,Fanø,forbrug_co2,404.33,12.13,ton CO₂e/person,2023,Osei-Owusu et al. 2020 + ENS GA25,ecological,klimapaavirkning,3.0
316,Holbæk,forbrug_co2,400.67,12.02,ton CO₂e/person,2023,Osei-Owusu et al. 2020 + ENS GA25,ecological,klimapaavirkning,3.0
766,Hedensted,forbrug_co2,371.33,11.14,ton CO₂e/person,2023,Osei-Owusu et al. 2020 + ENS GA25,ecological,klimapaavirkning,3.0
607,Fredericia,forbrug_co2,348.33,10.45,ton CO₂e/person,2023,Osei-Owusu et al. 2020 + ENS GA25,ecological,klimapaavirkning,3.0
410,Middelfart,forbrug_co2,375.67,11.27,ton CO₂e/person,2023,Osei-Owusu et al. 2020 + ENS GA25,ecological,klimapaavirkning,3.0
329,Ringsted,forbrug_co2,391.33,11.74,ton CO₂e/person,2023,Osei-Owusu et al. 2020 + ENS GA25,ecological,klimapaavirkning,3.0
370,Næstved,forbrug_co2,393.67,11.81,ton CO₂e/person,2023,Osei-Owusu et al. 2020 + ENS GA25,ecological,klimapaavirkning,3.0
851,Aalborg,forbrug_co2,406.33,12.19,ton CO₂e/person,2023,Osei-Owusu et al. 2020 + ENS GA25,ecological,klimapaavirkning,3.0
810,Brønderslev,forbrug_co2,395.0,11.85,ton CO₂e/person,2023,Osei-Owusu et al. 2020 + ENS GA25,ecological,klimapaavirkning,3.0
727,Odder,forbrug_co2,375.33,11.26,ton CO₂e/person,2023,Osei-Owusu et al. 2020 + ENS GA25,ecological,klimapaavirkning,3.0
336,Stevns,forbrug_co2,414.67,12.44,ton CO₂e/person,2023,Osei-Owusu et al. 2020 + ENS GA25,ecological,klimapaavirkning,3.0
751,Aarhus,forbrug_co2,356.67,10.7,ton CO₂e/person,2023,Osei-Owusu et al. 2020 + ENS GA25,ecological,klimapaavirkning,3.0
813,Frederikshavn,forbrug_co2,418.33,12.55,ton CO₂e/person,2023,Osei-Owusu et al. 2020 + ENS GA25,ecological,klimapaavirkning,3.0
161,Glostrup,forbrug_co2,372.33,11.17,ton CO₂e/person,2023,Osei-Owusu et al. 2020 + ENS GA25,ecological,klimapaavirkning,3.0
270,Gribskov,forbrug_co2,390.33,11.71,ton CO₂e/person,2023,Osei-Owusu et al. 2020 + ENS GA25,ecological,klimapaavirkning,3.0
860,Hjørring,forbrug_co2,407.33,12.22,ton CO₂e/person,2023,Osei-Owusu et al. 2020 + ENS GA25,ecological,klimapaavirkning,3.0
165,Albertslund,forbrug_co2,313.33,9.4,ton CO₂e/person,2023,Osei-Owusu et al. 2020 + ENS GA25,ecological,klimapaavirkning,3.0
479,Svendborg,forbrug_co2,367.33,11.02,ton CO₂e/person,2023,Osei-Owusu et al. 2020 + ENS GA25,ecological,klimapaavirkning,3.0
791,Viborg,forbrug_co2,366.0,10.98,ton CO₂e/person,2023,Osei-Owusu et al. 2020 + ENS GA25,ecological,klimapaavirkning,3.0
480,Nordfyns,forbrug_co2,360.67,10.82,ton CO₂e/person,2023,Osei-Owusu et al. 2020 + ENS GA25,ecological,klimapaavirkning,3.0
706,Syddjurs,forbrug_co2,370.33,11.11,ton CO₂e/person,2023,Osei-Owusu et al. 2020 + ENS GA25,ecological,klimapaavirkning,3.0
440,Kerteminde,forbrug_co2,363.0,10.89,ton CO₂e/person,2023,Osei-Owusu et al. 2020 + ENS GA25,ecological,klimapaavirkning,3.0
630,Vejle,forbrug_co2,373.67,11.21,ton CO₂e/person,2023,Osei-Owusu et al. 2020 + ENS GA25,ecological,klimapaavirkning,3.0
101,København,forbrug_co2,324.67,9.74,ton CO₂e/person,2023,Osei-Owusu et al. 2020 + ENS GA25,ecological,klimapaavirkning,3.0
730,Randers,forbrug_co2,352.33,10.57,ton CO₂e/person,2023,Osei-Owusu et al. 2020 + ENS GA25,ecological,klimapaavirkning,3.0
760,Ringkøbing-Skjern,forbrug_co2,360.33,10.81,ton CO₂e/person,2023,Osei-Owusu et al. 2020 + ENS GA25,ecological,klimapaavirkning,3.0
430,Faaborg-Midtfyn,forbrug_co2,364.67,10.94,ton CO₂e/person,2023,Osei-Owusu et al. 2020 + ENS GA25,ecological,klimapaavirkning,3.0
320,Faxe,forbrug_co2,391.0,11.73,ton CO₂e/person,2023,Osei-Owusu et al. 2020 + ENS GA25,ecological,klimapaavirkning,3.0
169,Høje-Taastrup,forbrug_co2,348.33,10.45,ton CO₂e/person,2023,Osei-Owusu et al. 2020 + ENS GA25,ecological,klimapaavirkning,3.0
573,Varde,forbrug_co2,356.33,10.69,ton CO₂e/person,2023,Osei-Owusu et al. 2020 + ENS GA25,ecological,klimapaavirkning,3.0
621,Kolding,forbrug_co2,364.67,10.94,ton CO₂e/person,2023,Osei-Owusu et al. 2020 + ENS GA25,ecological,klimapaavirkning,3.0
420,Assens,forbrug_co2,359.33,10.78,ton CO₂e/person,2023,Osei-Owusu et al. 2020 + ENS GA25,ecological,klimapaavirkning,3.0
580,Aabenraa,forbrug_co2,351.67,10.55,ton CO₂e/person,2023,Osei-Owusu et al. 2020 + ENS GA25,ecological,klimapaavirkning,3.0
787,Thisted,forbrug_co2,406.33,12.19,ton CO₂e/person,2023,Osei-Owusu et al. 2020 + ENS GA25,ecological,klimapaavirkning,3.0
756,Ikast-Brande,forbrug_co2,351.33,10.54,ton CO₂e/person,2023,Osei-Owusu et al. 2020 + ENS GA25,ecological,klimapaavirkning,3.0
461,Odense,forbrug_co2,336.67,10.1,ton CO₂e/person,2023,Osei-Owusu et al. 2020 + ENS GA25,ecological,klimapaavirkning,3.0
779,Skive,forbrug_co2,362.67,10.88,ton CO₂e/person,2023,Osei-Owusu et al. 2020 + ENS GA25,ecological,klimapaavirkning,3.0
450,Nyborg,forbrug_co2,356.0,10.68,ton CO₂e/person,2023,Osei-Owusu et al. 2020 + ENS GA25,ecological,klimapaavirkning,3.0
846,Mariagerfjord,forbrug_co2,414.0,12.42,ton CO₂e/person,2023,Osei-Owusu et al. 2020 + ENS GA25,ecological,klimapaavirkning,3.0
820,Vesthimmerlands,forbrug_co2,397.67,11.93,ton CO₂e/person,2023,Osei-Owusu et al. 2020 + ENS GA25,ecological,klimapaavirkning,3.0
540,Sønderborg,forbrug_co2,352.33,10.57,ton CO₂e/person,2023,Osei-Owusu et al. 2020 + ENS GA25,ecological,klimapaavirkning,3.0
400,Bornholm,forbrug_co2,341.0,10.23,ton CO₂e/person,2023,Osei-Owusu et al. 2020 + ENS GA25,ecological,klimapaavirkning,3.0
510,Haderslev,forbrug_co2,356.67,10.7,ton CO₂e/person,2023,Osei-Owusu et al. 2020 + ENS GA25,ecological,klimapaavirkning,3.0
671,Struer,forbrug_co2,355.33,10.66,ton CO₂e/person,2023,Osei-Owusu et al. 2020 + ENS GA25,ecological,klimapaavirkning,3.0
665,Lemvig,forbrug_co2,367.0,11.01,ton CO₂e/person,2023,Osei-Owusu et al. 2020 + ENS GA25,ecological,klimapaavirkning,3.0
707,Norddjurs,forbrug_co2,351.67,10.55,ton CO₂e/person,2023,Osei-Owusu et al. 2020 + ENS GA25,ecological,klimapaavirkning,3.0
330,Slagelse,forbrug_co2,386.0,11.58,ton CO₂e/person,2023,Osei-Owusu et al. 2020 + ENS GA25,ecological,klimapaavirkning,3.0
306,Odsherred,forbrug_co2,383.67,11.51,ton CO₂e/person,2023,Osei-Owusu et al. 2020 + ENS GA25,ecological,klimapaavirkning,3.0
575,Vejen,forbrug_co2,349.33,10.48,ton CO₂e/person,2023,Osei-Owusu et al. 2020 + ENS GA25,ecological,klimapaavirkning,3.0
376,Guldborgsund,forbrug_co2,363.67,10.91,ton CO₂e/person,2023,Osei-Owusu et al. 2020 + ENS GA25,ecological,klimapaavirkning,3.0
849,Jammerbugt,forbrug_co2,415.0,12.45,ton CO₂e/person,2023,Osei-Owusu et al. 2020 + ENS GA25,ecological,klimapaavirkning,3.0
326,Kalundborg,forbrug_co2,379.67,11.39,ton CO₂e/person,2023,Osei-Owusu et al. 2020 + ENS GA25,ecological,klimapaavirkning,3.0
390,Vordingborg,forbrug_co2,381.67,11.45,ton CO₂e/person,2023,Osei-Owusu et al. 2020 + ENS GA25,ecological,klimapaavirkning,3.0
550,Tønder,forbrug_co2,343.33,10.3,ton CO₂e/person,2023,Osei-Owusu et al. 2020 + ENS GA25,ecological,klimapaavirkning,3.0
360,Lolland,forbrug_co2,358.67,10.76,ton CO₂e/person,2023,Osei-Owusu et al. 2020 + ENS GA25,ecological,klimapaavirkning,3.0
741,Samsø,forbrug_co2,365.33,10.96,ton CO₂e/person,2023,Osei-Owusu et al. 2020 + ENS GA25,ecological,klimapaavirkning,3.0
482,Langeland,forbrug_co2,342.67,10.28,ton CO₂e/person,2023,Osei-Owusu et al. 2020 + ENS GA25,ecological,klimapaavirkning,3.0
201,Allerød,pesticider,242.55,22.22,% vandværker over 0.1 µg/l,2026,GEUS Jupiter,ecological,forurening,9.1609
175,Rødovre,pesticider,0.0,0.0,% vandværker over 0.1 µg/l,2026,GEUS Jupiter,ecological,forurening,9.1609
155,Dragør,pesticider,545.8,50.0,% vandværker over 0.1 µg/l,2026,GEUS Jupiter,ecological,forurening,9.1609
190,Furesø,pesticider,0.0,0.0,% vandværker over 0.1 µg/l,2026,GEUS Jupiter,ecological,forurening,9.1609
167,Hvidovre,pesticider,1091.6,100.0,% vandværker over 0.1 µg/l,2026,GEUS Jupiter,ecological,forurening,9.1609
230,Rudersdal,pesticider,0.0,0.0,% vandværker over 0.1 µg/l,2026,GEUS Jupiter,ecological,forurening,9.1609
746,Skanderborg,pesticider,89.07,8.16,% vandværker over 0.1 µg/l,2026,GEUS Jupiter,ecological,forurening,9.1609
269,Solrød,pesticider,0.0,0.0,% vandværker over 0.1 µg/l,2026,GEUS Jupiter,ecological,forurening,9.1609
265,Roskilde,pesticider,72.81,6.67,% vandværker over 0.1 µg/l,2026,GEUS Jupiter,ecological,forurening,9.1609
240,Egedal,pesticider,424.52,38.89,% vandværker over 0.1 µg/l,2026,GEUS Jupiter,ecological,forurening,9.1609
151,Ballerup,pesticider,436.64,40.0,% vandværker over 0.1 µg/l,2026,GEUS Jupiter,ecological,forurening,9.1609
223,Hørsholm,pesticider,0.0,0.0,% vandværker over 0.1 µg/l,2026,GEUS Jupiter,ecological,forurening,9.1609
185,Tårnby,pesticider,0.0,0.0,% vandværker over 0.1 µg/l,2026,GEUS Jupiter,ecological,forurening,9.1609
157,Gentofte,pesticider,1091.6,100.0,% vandværker over 0.1 µg/l,2026,GEUS Jupiter,ecological,forurening,9.1609
350,Lejre,pesticider,133.61,12.24,% vandværker over 0.1 µg/l,2026,GEUS Jupiter,ecological,forurening,9.1609
173,Lyngby-Taarbæk,pesticider,0.0,0.0,% vandværker over 0.1 µg/l,2026,GEUS Jupiter,ecological,forurening,9.1609
210,Fredensborg,pesticider,0.0,0.0,% vandværker over 0.1 µg/l,2026,GEUS Jupiter,ecological,forurening,9.1609
183,Ishøj,pesticider,0.0,0.0,% vandværker over 0.1 µg/l,2026,GEUS Jupiter,ecological,forurening,9.1609
710,Favrskov,pesticider,45.52,4.17,% vandværker over 0.1 µg/l,2026,GEUS Jupiter,ecological,forurening,9.1609
530,Billund,pesticider,0.0,0.0,% vandværker over 0.1 µg/l,2026,GEUS Jupiter,ecological,forurening,9.1609
840,Rebild,pesticider,62.99,5.77,% vandværker over 0.1 µg/l,2026,GEUS Jupiter,ecological,forurening,9.1609
187,Vallensbæk,pesticider,0.0,0.0,% vandværker over 0.1 µg/l,2026,GEUS Jupiter,ecological,forurening,9.1609
253,Greve,pesticider,155.99,14.29,% vandværker over 0.1 µg/l,2026,GEUS Jupiter,ecological,forurening,9.1609
147,Frederiksberg,pesticider,0.0,0.0,% vandværker over 0.1 µg/l,2026,GEUS Jupiter,ecological,forurening,9.1609
259,Køge,pesticider,192.67,17.65,% vandværker over 0.1 µg/l,2026,GEUS Jupiter,ecological,forurening,9.1609
159,Gladsaxe,pesticider,545.8,50.0,% vandværker over 0.1 µg/l,2026,GEUS Jupiter,ecological,forurening,9.1609
217,Helsingør,pesticider,155.99,14.29,% vandværker over 0.1 µg/l,2026,GEUS Jupiter,ecological,forurening,9.1609
250,Frederikssund,pesticider,338.72,31.03,% vandværker over 0.1 µg/l,2026,GEUS Jupiter,ecological,forurening,9.1609
661,Holstebro,pesticider,121.28,11.11,% vandværker over 0.1 µg/l,2026,GEUS Jupiter,ecological,forurening,9.1609
825,Læsø,pesticider,0.0,0.0,% vandværker over 0.1 µg/l,2026,GEUS Jupiter,ecological,forurening,9.1609
657,Herning,pesticider,0.0,0.0,% vandværker over 0.1 µg/l,2026,GEUS Jupiter,ecological,forurening,9.1609
260,Halsnæs,pesticider,485.11,44.44,% vandværker over 0.1 µg/l,2026,GEUS Jupiter,ecological,forurening,9.1609
773,Morsø,pesticider,87.33,8.0,% vandværker over 0.1 µg/l,2026,GEUS Jupiter,ecological,forurening,9.1609
219,Hillerød,pesticider,60.69,5.56,% vandværker over 0.1 µg/l,2026,GEUS Jupiter,ecological,forurening,9.1609
340,Sorø,pesticider,83.94,7.69,% vandværker over 0.1 µg/l,2026,GEUS Jupiter,ecological,forurening,9.1609
492,Ærø,pesticider,0.0,0.0,% vandværker over 0.1 µg/l,2026,GEUS Jupiter,ecological,forurening,9.1609
561,Esbjerg,pesticider,209.91,19.23,% vandværker over 0.1 µg/l,2026,GEUS Jupiter,ecological,forurening,9.1609
740,Silkeborg,pesticider,62.99,5.77,% vandværker over 0.1 µg/l,2026,GEUS Jupiter,ecological,forurening,9.1609
615,Horsens,pesticider,25.43,2.33,% vandværker over 0.1 µg/l,2026,GEUS Jupiter,ecological,forurening,9.1609
563,Fanø,pesticider,0.0,0.0,% vandværker over 0.1 µg/l,2026,GEUS Jupiter,ecological,forurening,9.1609
316,Holbæk,pesticider,41.15,3.77,% vandværker over 0.1 µg/l,2026,GEUS Jupiter,ecological,forurening,9.1609
766,Hedensted,pesticider,22.71,2.08,% vandværker over 0.1 µg/l,2026,GEUS Jupiter,ecological,forurening,9.1609
607,Fredericia,pesticider,0.0,0.0,% vandværker over 0.1 µg/l,2026,GEUS Jupiter,ecological,forurening,9.1609
410,Middelfart,pesticider,142.34,13.04,% vandværker over 0.1 µg/l,2026,GEUS Jupiter,ecological,forurening,9.1609
329,Ringsted,pesticider,57.42,5.26,% vandværker over 0.1 µg/l,2026,GEUS Jupiter,ecological,forurening,9.1609
370,Næstved,pesticider,19.87,1.82,% vandværker over 0.1 µg/l,2026,GEUS Jupiter,ecological,forurening,9.1609
851,Aalborg,pesticider,122.37,11.21,% vandværker over 0.1 µg/l,2026,GEUS Jupiter,ecological,forurening,9.1609
810,Brønderslev,pesticider,43.66,4.0,% vandværker over 0.1 µg/l,2026,GEUS Jupiter,ecological,forurening,9.1609
727,Odder,pesticider,114.95,10.53,% vandværker over 0.1 µg/l,2026,GEUS Jupiter,ecological,forurening,9.1609
336,Stevns,pesticider,198.45,18.18,% vandværker over 0.1 µg/l,2026,GEUS Jupiter,ecological,forurening,9.1609
751,Aarhus,pesticider,62.99,5.77,% vandværker over 0.1 µg/l,2026,GEUS Jupiter,ecological,forurening,9.1609
813,Frederikshavn,pesticider,363.83,33.33,% vandværker over 0.1 µg/l,2026,GEUS Jupiter,ecological,forurening,9.1609
161,Glostrup,pesticider,363.83,33.33,% vandværker over 0.1 µg/l,2026,GEUS Jupiter,ecological,forurening,9.1609
270,Gribskov,pesticider,60.69,5.56,% vandværker over 0.1 µg/l,2026,GEUS Jupiter,ecological,forurening,9.1609
860,Hjørring,pesticider,281.74,25.81,% vandværker over 0.1 µg/l,2026,GEUS Jupiter,ecological,forurening,9.1609
165,Albertslund,pesticider,545.8,50.0,% vandværker over 0.1 µg/l,2026,GEUS Jupiter,ecological,forurening,9.1609
479,Svendborg,pesticider,396.9,36.36,% vandværker over 0.1 µg/l,2026,GEUS Jupiter,ecological,forurening,9.1609
791,Viborg,pesticider,118.0,10.81,% vandværker over 0.1 µg/l,2026,GEUS Jupiter,ecological,forurening,9.1609
480,Nordfyns,pesticider,59.06,5.41,% vandværker over 0.1 µg/l,2026,GEUS Jupiter,ecological,forurening,9.1609
706,Syddjurs,pesticider,59.06,5.41,% vandværker over 0.1 µg/l,2026,GEUS Jupiter,ecological,forurening,9.1609
440,Kerteminde,pesticider,99.23,9.09,% vandværker over 0.1 µg/l,2026,GEUS Jupiter,ecological,forurening,9.1609
630,Vejle,pesticider,33.62,3.08,% vandværker over 0.1 µg/l,2026,GEUS Jupiter,ecological,forurening,9.1609
730,Randers,pesticider,56.0,5.13,% vandværker over 0.1 µg/l,2026,GEUS Jupiter,ecological,forurening,9.1609
760,Ringkøbing-Skjern,pesticider,0.0,0.0,% vandværker over 0.1 µg/l,2026,GEUS Jupiter,ecological,forurening,9.1609
430,Faaborg-Midtfyn,pesticider,125.97,11.54,% vandværker over 0.1 µg/l,2026,GEUS Jupiter,ecological,forurening,9.1609
320,Faxe,pesticider,0.0,0.0,% vandværker over 0.1 µg/l,2026,GEUS Jupiter,ecological,forurening,9.1609
169,Høje-Taastrup,pesticider,272.9,25.0,% vandværker over 0.1 µg/l,2026,GEUS Jupiter,ecological,forurening,9.1609
573,Varde,pesticider,181.97,16.67,% vandværker over 0.1 µg/l,2026,GEUS Jupiter,ecological,forurening,9.1609
621,Kolding,pesticider,29.47,2.7,% vandværker over 0.1 µg/l,2026,GEUS Jupiter,ecological,forurening,9.1609
420,Assens,pesticider,287.31,26.32,% vandværker over 0.1 µg/l,2026,GEUS Jupiter,ecological,forurening,9.1609
580,Aabenraa,pesticider,0.0,0.0,% vandværker over 0.1 µg/l,2026,GEUS Jupiter,ecological,forurening,9.1609
787,Thisted,pesticider,160.57,14.71,% vandværker over 0.1 µg/l,2026,GEUS Jupiter,ecological,forurening,9.1609
756,Ikast-Brande,pesticider,60.69,5.56,% vandværker over 0.1 µg/l,2026,GEUS Jupiter,ecological,forurening,9.1609
461,Odense,pesticider,436.64,40.0,% vandværker over 0.1 µg/l,2026,GEUS Jupiter,ecological,forurening,9.1609
779,Skive,pesticider,132.3,12.12,% vandværker over 0.1 µg/l,2026,GEUS Jupiter,ecological,forurening,9.1609
450,Nyborg,pesticider,256.85,23.53,% vandværker over 0.1 µg/l,2026,GEUS Jupiter,ecological,forurening,9.1609
846,Mariagerfjord,pesticider,17.9,1.64,% vandværker over 0.1 µg/l,2026,GEUS Jupiter,ecological,forurening,9.1609
820,Vesthimmerlands,pesticider,94.1,8.62,% vandværker over 0.1 µg/l,2026,GEUS Jupiter,ecological,forurening,9.1609
540,Sønderborg,pesticider,0.0,0.0,% vandværker over 0.1 µg/l,2026,GEUS Jupiter,ecological,forurening,9.1609
400,Bornholm,pesticider,0.0,0.0,% vandværker over 0.1 µg/l,2026,GEUS Jupiter,ecological,forurening,9.1609
510,Haderslev,pesticider,165.38,15.15,% vandværker over 0.1 µg/l,2026,GEUS Jupiter,ecological,forurening,9.1609
671,Struer,pesticider,77.94,7.14,% vandværker over 0.1 µg/l,2026,GEUS Jupiter,ecological,forurening,9.1609
665,Lemvig,pesticider,0.0,0.0,% vandværker over 0.1 µg/l,2026,GEUS Jupiter,ecological,forurening,9.1609
707,Norddjurs,pesticider,21.83,2.0,% vandværker over 0.1 µg/l,2026,GEUS Jupiter,ecological,forurening,9.1609
330,Slagelse,pesticider,121.28,11.11,% vandværker over 0.1 µg/l,2026,GEUS Jupiter,ecological,forurening,9.1609
306,Odsherred,pesticider,34.06,3.12,% vandværker over 0.1 µg/l,2026,GEUS Jupiter,ecological,forurening,9.1609
575,Vejen,pesticider,0.0,0.0,% vandværker over 0.1 µg/l,2026,GEUS Jupiter,ecological,forurening,9.1609
376,Guldborgsund,pesticider,204.67,18.75,% vandværker over 0.1 µg/l,2026,GEUS Jupiter,ecological,forurening,9.1609
849,Jammerbugt,pesticider,42.03,3.85,% vandværker over 0.1 µg/l,2026,GEUS Jupiter,ecological,forurening,9.1609
326,Kalundborg,pesticider,109.16,10.0,% vandværker over 0.1 µg/l,2026,GEUS Jupiter,ecological,forurening,9.1609
390,Vordingborg,pesticider,57.42,5.26,% vandværker over 0.1 µg/l,2026,GEUS Jupiter,ecological,forurening,9.1609
550,Tønder,pesticider,246.48,22.58,% vandværker over 0.1 µg/l,2026,GEUS Jupiter,ecological,forurening,9.1609
360,Lolland,pesticider,77.94,7.14,% vandværker over 0.1 µg/l,2026,GEUS Jupiter,ecological,forurening,9.1609
741,Samsø,pesticider,218.32,20.0,% vandværker over 0.1 µg/l,2026,GEUS Jupiter,ecological,forurening,9.1609
482,Langeland,pesticider,0.0,0.0,% vandværker over 0.1 µg/l,2026,GEUS Jupiter,ecological,forurening,9.1609
201,Allerød,nitrat,20.0,1.2,mg/L,2026,GEUS Jupiter,ecological,forurening,6.0
175,Rødovre,nitrat,50.33,3.02,mg/L,2026,GEUS Jupiter,ecological,forurening,6.0
155,Dragør,nitrat,36.67,2.2,mg/L,2026,GEUS Jupiter,ecological,forurening,6.0
190,Furesø,nitrat,11.67,0.7,mg/L,2026,GEUS Jupiter,ecological,forurening,6.0
167,Hvidovre,nitrat,66.67,4.0,mg/L,2026,GEUS Jupiter,ecological,forurening,6.0
230,Rudersdal,nitrat,38.0,2.28,mg/L,2026,GEUS Jupiter,ecological,forurening,6.0
746,Skanderborg,nitrat,81.67,4.9,mg/L,2026,GEUS Jupiter,ecological,forurening,6.0
269,Solrød,nitrat,45.17,2.71,mg/L,2026,GEUS Jupiter,ecological,forurening,6.0
265,Roskilde,nitrat,36.83,2.21,mg/L,2026,GEUS Jupiter,ecological,forurening,6.0
240,Egedal,nitrat,26.83,1.61,mg/L,2026,GEUS Jupiter,ecological,forurening,6.0
151,Ballerup,nitrat,21.33,1.28,mg/L,2026,GEUS Jupiter,ecological,forurening,6.0
223,Hørsholm,nitrat,30.0,1.8,mg/L,2026,GEUS Jupiter,ecological,forurening,6.0
185,Tårnby,nitrat,37.33,2.24,mg/L,2026,GEUS Jupiter,ecological,forurening,6.0
157,Gentofte,nitrat,20.0,1.2,mg/L,2026,GEUS Jupiter,ecological,forurening,6.0
350,Lejre,nitrat,52.5,3.15,mg/L,2026,GEUS Jupiter,ecological,forurening,6.0
173,Lyngby-Taarbæk,nitrat,38.83,2.33,mg/L,2026,GEUS Jupiter,ecological,forurening,6.0
210,Fredensborg,nitrat,62.67,3.76,mg/L,2026,GEUS Jupiter,ecological,forurening,6.0
183,Ishøj,nitrat,52.17,3.13,mg/L,2026,GEUS Jupiter,ecological,forurening,6.0
710,Favrskov,nitrat,138.0,8.28,mg/L,2026,GEUS Jupiter,ecological,forurening,6.0
530,Billund,nitrat,6.83,0.41,mg/L,2026,GEUS Jupiter,ecological,forurening,6.0
840,Rebild,nitrat,144.67,8.68,mg/L,2026,GEUS Jupiter,ecological,forurening,6.0
187,Vallensbæk,nitrat,46.67,2.8,mg/L,2026,GEUS Jupiter,ecological,forurening,6.0
253,Greve,nitrat,33.67,2.02,mg/L,2026,GEUS Jupiter,ecological,forurening,6.0
147,Frederiksberg,nitrat,38.33,2.3,mg/L,2026,GEUS Jupiter,ecological,forurening,6.0
259,Køge,nitrat,45.33,2.72,mg/L,2026,GEUS Jupiter,ecological,forurening,6.0
159,Gladsaxe,nitrat,15.83,0.95,mg/L,2026,GEUS Jupiter,ecological,forurening,6.0
217,Helsingør,nitrat,38.83,2.33,mg/L,2026,GEUS Jupiter,ecological,forurening,6.0
250,Frederikssund,nitrat,95.83,5.75,mg/L,2026,GEUS Jupiter,ecological,forurening,6.0
661,Holstebro,nitrat,33.17,1.99,mg/L,2026,GEUS Jupiter,ecological,forurening,6.0
825,Læsø,nitrat,9.83,0.59,mg/L,2026,GEUS Jupiter,ecological,forurening,6.0
657,Herning,nitrat,45.33,2.72,mg/L,2026,GEUS Jupiter,ecological,forurening,6.0
260,Halsnæs,nitrat,159.0,9.54,mg/L,2026,GEUS Jupiter,ecological,forurening,6.0
773,Morsø,nitrat,93.33,5.6,mg/L,2026,GEUS Jupiter,ecological,forurening,6.0
219,Hillerød,nitrat,66.17,3.97,mg/L,2026,GEUS Jupiter,ecological,forurening,6.0
340,Sorø,nitrat,37.5,2.25,mg/L,2026,GEUS Jupiter,ecological,forurening,6.0
492,Ærø,nitrat,190.17,11.41,mg/L,2026,GEUS Jupiter,ecological,forurening,6.0
561,Esbjerg,nitrat,26.0,1.56,mg/L,2026,GEUS Jupiter,ecological,forurening,6.0
740,Silkeborg,nitrat,50.17,3.01,mg/L,2026,GEUS Jupiter,ecological,forurening,6.0
615,Horsens,nitrat,21.33,1.28,mg/L,2026,GEUS Jupiter,ecological,forurening,6.0
563,Fanø,nitrat,63.33,3.8,mg/L,2026,GEUS Jupiter,ecological,forurening,6.0
316,Holbæk,nitrat,41.17,2.47,mg/L,2026,GEUS Jupiter,ecological,forurening,6.0
766,Hedensted,nitrat,51.83,3.11,mg/L,2026,GEUS Jupiter,ecological,forurening,6.0
607,Fredericia,nitrat,8.83,0.53,mg/L,2026,GEUS Jupiter,ecological,forurening,6.0
410,Middelfart,nitrat,42.33,2.54,mg/L,2026,GEUS Jupiter,ecological,forurening,6.0
329,Ringsted,nitrat,41.67,2.5,mg/L,2026,GEUS Jupiter,ecological,forurening,6.0
370,Næstved,nitrat,34.33,2.06,mg/L,2026,GEUS Jupiter,ecological,forurening,6.0
851,Aalborg,nitrat,341.17,20.47,mg/L,2026,GEUS Jupiter,ecological,forurening,6.0
810,Brønderslev,nitrat,76.17,4.57,mg/L,2026,GEUS Jupiter,ecological,forurening,6.0
727,Odder,nitrat,35.67,2.14,mg/L,2026,GEUS Jupiter,ecological,forurening,6.0
336,Stevns,nitrat,46.83,2.81,mg/L,2026,GEUS Jupiter,ecological,forurening,6.0
751,Aarhus,nitrat,16.67,1.0,mg/L,2026,GEUS Jupiter,ecological,forurening,6.0
813,Frederikshavn,nitrat,64.33,3.86,mg/L,2026,GEUS Jupiter,ecological,forurening,6.0
161,Glostrup,nitrat,28.83,1.73,mg/L,2026,GEUS Jupiter,ecological,forurening,6.0
270,Gribskov,nitrat,73.33,4.4,mg/L,2026,GEUS Jupiter,ecological,forurening,6.0
860,Hjørring,nitrat,73.83,4.43,mg/L,2026,GEUS Jupiter,ecological,forurening,6.0
165,Albertslund,nitrat,24.67,1.48,mg/L,2026,GEUS Jupiter,ecological,forurening,6.0
479,Svendborg,nitrat,47.33,2.84,mg/L,2026,GEUS Jupiter,ecological,forurening,6.0
791,Viborg,nitrat,50.0,3.0,mg/L,2026,GEUS Jupiter,ecological,forurening,6.0
480,Nordfyns,nitrat,24.67,1.48,mg/L,2026,GEUS Jupiter,ecological,forurening,6.0
706,Syddjurs,nitrat,54.5,3.27,mg/L,2026,GEUS Jupiter,ecological,forurening,6.0
440,Kerteminde,nitrat,30.67,1.84,mg/L,2026,GEUS Jupiter,ecological,forurening,6.0
630,Vejle,nitrat,31.83,1.91,mg/L,2026,GEUS Jupiter,ecological,forurening,6.0
730,Randers,nitrat,139.5,8.37,mg/L,2026,GEUS Jupiter,ecological,forurening,6.0
760,Ringkøbing-Skjern,nitrat,24.0,1.44,mg/L,2026,GEUS Jupiter,ecological,forurening,6.0
430,Faaborg-Midtfyn,nitrat,27.33,1.64,mg/L,2026,GEUS Jupiter,ecological,forurening,6.0
320,Faxe,nitrat,42.0,2.52,mg/L,2026,GEUS Jupiter,ecological,forurening,6.0
169,Høje-Taastrup,nitrat,34.17,2.05,mg/L,2026,GEUS Jupiter,ecological,forurening,6.0
573,Varde,nitrat,35.0,2.1,mg/L,2026,GEUS Jupiter,ecological,forurening,6.0
621,Kolding,nitrat,17.83,1.07,mg/L,2026,GEUS Jupiter,ecological,forurening,6.0
420,Assens,nitrat,33.17,1.99,mg/L,2026,GEUS Jupiter,ecological,forurening,6.0
580,Aabenraa,nitrat,16.33,0.98,mg/L,2026,GEUS Jupiter,ecological,forurening,6.0
787,Thisted,nitrat,86.33,5.18,mg/L,2026,GEUS Jupiter,ecological,forurening,6.0
756,Ikast-Brande,nitrat,10.83,0.65,mg/L,2026,GEUS Jupiter,ecological,forurening,6.0
461,Odense,nitrat,26.0,1.56,mg/L,2026,GEUS Jupiter,ecological,forurening,6.0
779,Skive,nitrat,29.33,1.76,mg/L,2026,GEUS Jupiter,ecological,forurening,6.0
450,Nyborg,nitrat,31.5,1.89,mg/L,2026,GEUS Jupiter,ecological,forurening,6.0
846,Mariagerfjord,nitrat,66.5,3.99,mg/L,2026,GEUS Jupiter,ecological,forurening,6.0
820,Vesthimmerlands,nitrat,104.83,6.29,mg/L,2026,GEUS Jupiter,ecological,forurening,6.0
540,Sønderborg,nitrat,50.83,3.05,mg/L,2026,GEUS Jupiter,ecological,forurening,6.0
400,Bornholm,nitrat,27.67,1.66,mg/L,2026,GEUS Jupiter,ecological,forurening,6.0
510,Haderslev,nitrat,29.83,1.79,mg/L,2026,GEUS Jupiter,ecological,forurening,6.0
671,Struer,nitrat,143.0,8.58,mg/L,2026,GEUS Jupiter,ecological,forurening,6.0
665,Lemvig,nitrat,15.83,0.95,mg/L,2026,GEUS Jupiter,ecological,forurening,6.0
707,Norddjurs,nitrat,160.17,9.61,mg/L,2026,GEUS Jupiter,ecological,forurening,6.0
330,Slagelse,nitrat,55.67,3.34,mg/L,2026,GEUS Jupiter,ecological,forurening,6.0
306,Odsherred,nitrat,64.5,3.87,mg/L,2026,GEUS Jupiter,ecological,forurening,6.0
575,Vejen,nitrat,18.33,1.1,mg/L,2026,GEUS Jupiter,ecological,forurening,6.0
376,Guldborgsund,nitrat,53.33,3.2,mg/L,2026,GEUS Jupiter,ecological,forurening,6.0
849,Jammerbugt,nitrat,175.17,10.51,mg/L,2026,GEUS Jupiter,ecological,forurening,6.0
326,Kalundborg,nitrat,49.67,2.98,mg/L,2026,GEUS Jupiter,ecological,forurening,6.0
390,Vordingborg,nitrat,104.0,6.24,mg/L,2026,GEUS Jupiter,ecological,forurening,6.0
550,Tønder,nitrat,20.17,1.21,mg/L,2026,GEUS Jupiter,ecological,forurening,6.0
360,Lolland,nitrat,43.0,2.58,mg/L,2026,GEUS Jupiter,ecological,forurening,6.0
741,Samsø,nitrat,62.5,3.75,mg/L,2026,GEUS Jupiter,ecological,forurening,6.0
482,Langeland,nitrat,55.83,3.35,mg/L,2026,GEUS Jupiter,ecological,forurening,6.0
201,Allerød,vandindvinding,152.45,111.7,m³/person,2024,DST VANDIND,ecological,vand,73.27
153,Brøndby,vandindvinding,24.46,17.92,m³/person,2024,DST VANDIND,ecological,vand,73.27
175,Rødovre,vandindvinding,18.48,13.54,m³/person,2024,DST VANDIND,ecological,vand,73.27
190,Furesø,vandindvinding,327.3,239.81,m³/person,2024,DST VANDIND,ecological,vand,73.27
230,Rudersdal,vandindvinding,85.85,62.9,m³/person,2024,DST VANDIND,ecological,vand,73.27
746,Skanderborg,vandindvinding,69.07,50.61,m³/person,2024,DST VANDIND,ecological,vand,73.27
269,Solrød,vandindvinding,111.06,81.37,m³/person,2024,DST VANDIND,ecological,vand,73.27
265,Roskilde,vandindvinding,273.17,200.15,m³/person,2024,DST VANDIND,ecological,vand,73.27
240,Egedal,vandindvinding,182.84,133.97,m³/person,2024,DST VANDIND,ecological,vand,73.27
151,Ballerup,vandindvinding,66.59,48.79,m³/person,2024,DST VANDIND,ecological,vand,73.27
223,Hørsholm,vandindvinding,110.02,80.61,m³/person,2024,DST VANDIND,ecological,vand,73.27
157,Gentofte,vandindvinding,60.02,43.98,m³/person,2024,DST VANDIND,ecological,vand,73.27
350,Lejre,vandindvinding,260.43,190.82,m³/person,2024,DST VANDIND,ecological,vand,73.27
173,Lyngby-Taarbæk,vandindvinding,41.97,30.75,m³/person,2024,DST VANDIND,ecological,vand,73.27
210,Fredensborg,vandindvinding,103.96,76.17,m³/person,2024,DST VANDIND,ecological,vand,73.27
183,Ishøj,vandindvinding,323.0,236.66,m³/person,2024,DST VANDIND,ecological,vand,73.27
710,Favrskov,vandindvinding,60.82,44.56,m³/person,2024,DST VANDIND,ecological,vand,73.27
530,Billund,vandindvinding,130.84,95.87,m³/person,2024,DST VANDIND,ecological,vand,73.27
840,Rebild,vandindvinding,70.59,51.72,m³/person,2024,DST VANDIND,ecological,vand,73.27
187,Vallensbæk,vandindvinding,53.68,39.33,m³/person,2024,DST VANDIND,ecological,vand,73.27
253,Greve,vandindvinding,75.88,55.6,m³/person,2024,DST VANDIND,ecological,vand,73.27
147,Frederiksberg,vandindvinding,31.23,22.88,m³/person,2024,DST VANDIND,ecological,vand,73.27
259,Køge,vandindvinding,264.94,194.12,m³/person,2024,DST VANDIND,ecological,vand,73.27
159,Gladsaxe,vandindvinding,42.53,31.16,m³/person,2024,DST VANDIND,ecological,vand,73.27
217,Helsingør,vandindvinding,74.83,54.83,m³/person,2024,DST VANDIND,ecological,vand,73.27
250,Frederikssund,vandindvinding,158.97,116.48,m³/person,2024,DST VANDIND,ecological,vand,73.27
661,Holstebro,vandindvinding,108.69,79.64,m³/person,2024,DST VANDIND,ecological,vand,73.27
825,Læsø,vandindvinding,155.18,113.7,m³/person,2024,DST VANDIND,ecological,vand,73.27
657,Herning,vandindvinding,97.22,71.23,m³/person,2024,DST VANDIND,ecological,vand,73.27
260,Halsnæs,vandindvinding,69.29,50.77,m³/person,2024,DST VANDIND,ecological,vand,73.27
773,Morsø,vandindvinding,131.4,96.28,m³/person,2024,DST VANDIND,ecological,vand,73.27
219,Hillerød,vandindvinding,193.11,141.49,m³/person,2024,DST VANDIND,ecological,vand,73.27
340,Sorø,vandindvinding,35.83,26.25,m³/person,2024,DST VANDIND,ecological,vand,73.27
492,Ærø,vandindvinding,45.8,33.56,m³/person,2024,DST VANDIND,ecological,vand,73.27
561,Esbjerg,vandindvinding,67.39,49.38,m³/person,2024,DST VANDIND,ecological,vand,73.27
740,Silkeborg,vandindvinding,71.8,52.61,m³/person,2024,DST VANDIND,ecological,vand,73.27
615,Horsens,vandindvinding,93.89,68.79,m³/person,2024,DST VANDIND,ecological,vand,73.27
563,Fanø,vandindvinding,121.97,89.37,m³/person,2024,DST VANDIND,ecological,vand,73.27
316,Holbæk,vandindvinding,99.43,72.85,m³/person,2024,DST VANDIND,ecological,vand,73.27
766,Hedensted,vandindvinding,111.53,81.72,m³/person,2024,DST VANDIND,ecological,vand,73.27
607,Fredericia,vandindvinding,96.22,70.5,m³/person,2024,DST VANDIND,ecological,vand,73.27
410,Middelfart,vandindvinding,71.37,52.29,m³/person,2024,DST VANDIND,ecological,vand,73.27
329,Ringsted,vandindvinding,311.59,228.3,m³/person,2024,DST VANDIND,ecological,vand,73.27
370,Næstved,vandindvinding,40.26,29.5,m³/person,2024,DST VANDIND,ecological,vand,73.27
851,Aalborg,vandindvinding,72.77,53.32,m³/person,2024,DST VANDIND,ecological,vand,73.27
810,Brønderslev,vandindvinding,93.19,68.28,m³/person,2024,DST VANDIND,ecological,vand,73.27
727,Odder,vandindvinding,79.96,58.59,m³/person,2024,DST VANDIND,ecological,vand,73.27
336,Stevns,vandindvinding,34.63,25.37,m³/person,2024,DST VANDIND,ecological,vand,73.27
751,Aarhus,vandindvinding,68.4,50.12,m³/person,2024,DST VANDIND,ecological,vand,73.27
813,Frederikshavn,vandindvinding,65.46,47.96,m³/person,2024,DST VANDIND,ecological,vand,73.27
161,Glostrup,vandindvinding,92.32,67.64,m³/person,2024,DST VANDIND,ecological,vand,73.27
270,Gribskov,vandindvinding,78.14,57.25,m³/person,2024,DST VANDIND,ecological,vand,73.27
860,Hjørring,vandindvinding,150.35,110.16,m³/person,2024,DST VANDIND,ecological,vand,73.27
479,Svendborg,vandindvinding,73.13,53.58,m³/person,2024,DST VANDIND,ecological,vand,73.27
791,Viborg,vandindvinding,71.41,52.32,m³/person,2024,DST VANDIND,ecological,vand,73.27
480,Nordfyns,vandindvinding,96.79,70.92,m³/person,2024,DST VANDIND,ecological,vand,73.27
706,Syddjurs,vandindvinding,92.89,68.06,m³/person,2024,DST VANDIND,ecological,vand,73.27
440,Kerteminde,vandindvinding,68.54,50.22,m³/person,2024,DST VANDIND,ecological,vand,73.27
630,Vejle,vandindvinding,88.6,64.92,m³/person,2024,DST VANDIND,ecological,vand,73.27
730,Randers,vandindvinding,69.62,51.01,m³/person,2024,DST VANDIND,ecological,vand,73.27
760,Ringkøbing-Skjern,vandindvinding,148.1,108.51,m³/person,2024,DST VANDIND,ecological,vand,73.27
430,Faaborg-Midtfyn,vandindvinding,88.74,65.02,m³/person,2024,DST VANDIND,ecological,vand,73.27
320,Faxe,vandindvinding,162.69,119.2,m³/person,2024,DST VANDIND,ecological,vand,73.27
169,Høje-Taastrup,vandindvinding,33.21,24.33,m³/person,2024,DST VANDIND,ecological,vand,73.27
573,Varde,vandindvinding,148.0,108.44,m³/person,2024,DST VANDIND,ecological,vand,73.27
621,Kolding,vandindvinding,79.08,57.94,m³/person,2024,DST VANDIND,ecological,vand,73.27
420,Assens,vandindvinding,120.88,88.57,m³/person,2024,DST VANDIND,ecological,vand,73.27
580,Aabenraa,vandindvinding,118.67,86.95,m³/person,2024,DST VANDIND,ecological,vand,73.27
787,Thisted,vandindvinding,139.69,102.35,m³/person,2024,DST VANDIND,ecological,vand,73.27
756,Ikast-Brande,vandindvinding,111.78,81.9,m³/person,2024,DST VANDIND,ecological,vand,73.27
461,Odense,vandindvinding,73.77,54.05,m³/person,2024,DST VANDIND,ecological,vand,73.27
779,Skive,vandindvinding,106.77,78.23,m³/person,2024,DST VANDIND,ecological,vand,73.27
450,Nyborg,vandindvinding,97.5,71.44,m³/person,2024,DST VANDIND,ecological,vand,73.27
846,Mariagerfjord,vandindvinding,65.36,47.89,m³/person,2024,DST VANDIND,ecological,vand,73.27
820,Vesthimmerlands,vandindvinding,132.65,97.19,m³/person,2024,DST VANDIND,ecological,vand,73.27
540,Sønderborg,vandindvinding,84.58,61.97,m³/person,2024,DST VANDIND,ecological,vand,73.27
400,Bornholm,vandindvinding,107.57,78.82,m³/person,2024,DST VANDIND,ecological,vand,73.27
510,Haderslev,vandindvinding,76.32,55.92,m³/person,2024,DST VANDIND,ecological,vand,73.27
671,Struer,vandindvinding,92.78,67.98,m³/person,2024,DST VANDIND,ecological,vand,73.27
665,Lemvig,vandindvinding,178.55,130.82,m³/person,2024,DST VANDIND,ecological,vand,73.27
707,Norddjurs,vandindvinding,129.9,95.18,m³/person,2024,DST VANDIND,ecological,vand,73.27
330,Slagelse,vandindvinding,87.09,63.81,m³/person,2024,DST VANDIND,ecological,vand,73.27
306,Odsherred,vandindvinding,100.46,73.61,m³/person,2024,DST VANDIND,ecological,vand,73.27
575,Vejen,vandindvinding,220.02,161.21,m³/person,2024,DST VANDIND,ecological,vand,73.27
376,Guldborgsund,vandindvinding,82.22,60.24,m³/person,2024,DST VANDIND,ecological,vand,73.27
849,Jammerbugt,vandindvinding,121.37,88.93,m³/person,2024,DST VANDIND,ecological,vand,73.27
326,Kalundborg,vandindvinding,217.54,159.39,m³/person,2024,DST VANDIND,ecological,vand,73.27
390,Vordingborg,vandindvinding,71.6,52.46,m³/person,2024,DST VANDIND,ecological,vand,73.27
550,Tønder,vandindvinding,204.8,150.06,m³/person,2024,DST VANDIND,ecological,vand,73.27
360,Lolland,vandindvinding,96.42,70.65,m³/person,2024,DST VANDIND,ecological,vand,73.27
741,Samsø,vandindvinding,147.78,108.28,m³/person,2024,DST VANDIND,ecological,vand,73.27
482,Langeland,vandindvinding,133.59,97.88,m³/person,2024,DST VANDIND,ecological,vand,73.27
201,Allerød,areal_intensiv,43.88,24.0,%,2024,DST AREALDK2,ecological,arealanvendelse,54.7
153,Brøndby,areal_intensiv,0.73,0.4,%,2024,DST AREALDK2,ecological,arealanvendelse,54.7
175,Rødovre,areal_intensiv,0.0,0.0,%,2024,DST AREALDK2,ecological,arealanvendelse,54.7
155,Dragør,areal_intensiv,29.98,16.4,%,2024,DST AREALDK2,ecological,arealanvendelse,54.7
190,Furesø,areal_intensiv,15.9,8.7,%,2024,DST AREALDK2,ecological,arealanvendelse,54.7
167,Hvidovre,areal_intensiv,2.38,1.3,%,2024,DST AREALDK2,ecological,arealanvendelse,54.7
230,Rudersdal,areal_intensiv,8.59,4.7,%,2024,DST AREALDK2,ecological,arealanvendelse,54.7
746,Skanderborg,areal_intensiv,85.92,47.0,%,2024,DST AREALDK2,ecological,arealanvendelse,54.7
269,Solrød,areal_intensiv,86.84,47.5,%,2024,DST AREALDK2,ecological,arealanvendelse,54.7
265,Roskilde,areal_intensiv,83.18,45.5,%,2024,DST AREALDK2,ecological,arealanvendelse,54.7
240,Egedal,areal_intensiv,66.91,36.6,%,2024,DST AREALDK2,ecological,arealanvendelse,54.7
151,Ballerup,areal_intensiv,8.04,4.4,%,2024,DST AREALDK2,ecological,arealanvendelse,54.7
223,Hørsholm,areal_intensiv,14.08,7.7,%,2024,DST AREALDK2,ecological,arealanvendelse,54.7
185,Tårnby,areal_intensiv,5.48,3.0,%,2024,DST AREALDK2,ecological,arealanvendelse,54.7
157,Gentofte,areal_intensiv,0.0,0.0,%,2024,DST AREALDK2,ecological,arealanvendelse,54.7
350,Lejre,areal_intensiv,96.53,52.8,%,2024,DST AREALDK2,ecological,arealanvendelse,54.7
163,Herlev,areal_intensiv,3.29,1.8,%,2024,DST AREALDK2,ecological,arealanvendelse,54.7
173,Lyngby-Taarbæk,areal_intensiv,2.38,1.3,%,2024,DST AREALDK2,ecological,arealanvendelse,54.7
210,Fredensborg,areal_intensiv,42.6,23.3,%,2024,DST AREALDK2,ecological,arealanvendelse,54.7
183,Ishøj,areal_intensiv,58.32,31.9,%,2024,DST AREALDK2,ecological,arealanvendelse,54.7
710,Favrskov,areal_intensiv,106.03,58.0,%,2024,DST AREALDK2,ecological,arealanvendelse,54.7
530,Billund,areal_intensiv,92.14,50.4,%,2024,DST AREALDK2,ecological,arealanvendelse,54.7
840,Rebild,areal_intensiv,108.41,59.3,%,2024,DST AREALDK2,ecological,arealanvendelse,54.7
187,Vallensbæk,areal_intensiv,1.83,1.0,%,2024,DST AREALDK2,ecological,arealanvendelse,54.7
253,Greve,areal_intensiv,58.32,31.9,%,2024,DST AREALDK2,ecological,arealanvendelse,54.7
147,Frederiksberg,areal_intensiv,0.0,0.0,%,2024,DST AREALDK2,ecological,arealanvendelse,54.7
259,Køge,areal_intensiv,87.57,47.9,%,2024,DST AREALDK2,ecological,arealanvendelse,54.7
159,Gladsaxe,areal_intensiv,0.0,0.0,%,2024,DST AREALDK2,ecological,arealanvendelse,54.7
217,Helsingør,areal_intensiv,36.38,19.9,%,2024,DST AREALDK2,ecological,arealanvendelse,54.7
250,Frederikssund,areal_intensiv,89.95,49.2,%,2024,DST AREALDK2,ecological,arealanvendelse,54.7
661,Holstebro,areal_intensiv,97.07,53.1,%,2024,DST AREALDK2,ecological,arealanvendelse,54.7
825,Læsø,areal_intensiv,24.5,13.4,%,2024,DST AREALDK2,ecological,arealanvendelse,54.7
657,Herning,areal_intensiv,98.72,54.0,%,2024,DST AREALDK2,ecological,arealanvendelse,54.7
260,Halsnæs,areal_intensiv,42.41,23.2,%,2024,DST AREALDK2,ecological,arealanvendelse,54.7
773,Morsø,areal_intensiv,127.97,70.0,%,2024,DST AREALDK2,ecological,arealanvendelse,54.7
219,Hillerød,areal_intensiv,55.76,30.5,%,2024,DST AREALDK2,ecological,arealanvendelse,54.7
340,Sorø,areal_intensiv,90.68,49.6,%,2024,DST AREALDK2,ecological,arealanvendelse,54.7
492,Ærø,areal_intensiv,113.16,61.9,%,2024,DST AREALDK2,ecological,arealanvendelse,54.7
561,Esbjerg,areal_intensiv,108.59,59.4,%,2024,DST AREALDK2,ecological,arealanvendelse,54.7
740,Silkeborg,areal_intensiv,73.13,40.0,%,2024,DST AREALDK2,ecological,arealanvendelse,54.7
615,Horsens,areal_intensiv,93.05,50.9,%,2024,DST AREALDK2,ecological,arealanvendelse,54.7
563,Fanø,areal_intensiv,7.86,4.3,%,2024,DST AREALDK2,ecological,arealanvendelse,54.7
316,Holbæk,areal_intensiv,105.3,57.6,%,2024,DST AREALDK2,ecological,arealanvendelse,54.7
766,Hedensted,areal_intensiv,111.7,61.1,%,2024,DST AREALDK2,ecological,arealanvendelse,54.7
607,Fredericia,areal_intensiv,68.37,37.4,%,2024,DST AREALDK2,ecological,arealanvendelse,54.7
410,Middelfart,areal_intensiv,104.94,57.4,%,2024,DST AREALDK2,ecological,arealanvendelse,54.7
329,Ringsted,areal_intensiv,103.29,56.5,%,2024,DST AREALDK2,ecological,arealanvendelse,54.7
370,Næstved,areal_intensiv,109.14,59.7,%,2024,DST AREALDK2,ecological,arealanvendelse,54.7
851,Aalborg,areal_intensiv,95.8,52.4,%,2024,DST AREALDK2,ecological,arealanvendelse,54.7
810,Brønderslev,areal_intensiv,115.9,63.4,%,2024,DST AREALDK2,ecological,arealanvendelse,54.7
727,Odder,areal_intensiv,117.73,64.4,%,2024,DST AREALDK2,ecological,arealanvendelse,54.7
336,Stevns,areal_intensiv,126.51,69.2,%,2024,DST AREALDK2,ecological,arealanvendelse,54.7
751,Aarhus,areal_intensiv,76.6,41.9,%,2024,DST AREALDK2,ecological,arealanvendelse,54.7
813,Frederikshavn,areal_intensiv,76.23,41.7,%,2024,DST AREALDK2,ecological,arealanvendelse,54.7
161,Glostrup,areal_intensiv,0.73,0.4,%,2024,DST AREALDK2,ecological,arealanvendelse,54.7
270,Gribskov,areal_intensiv,53.93,29.5,%,2024,DST AREALDK2,ecological,arealanvendelse,54.7
860,Hjørring,areal_intensiv,104.39,57.1,%,2024,DST AREALDK2,ecological,arealanvendelse,54.7
165,Albertslund,areal_intensiv,1.83,1.0,%,2024,DST AREALDK2,ecological,arealanvendelse,54.7
479,Svendborg,areal_intensiv,104.94,57.4,%,2024,DST AREALDK2,ecological,arealanvendelse,54.7
791,Viborg,areal_intensiv,93.05,50.9,%,2024,DST AREALDK2,ecological,arealanvendelse,54.7
480,Nordfyns,areal_intensiv,122.67,67.1,%,2024,DST AREALDK2,ecological,arealanvendelse,54.7
706,Syddjurs,areal_intensiv,85.37,46.7,%,2024,DST AREALDK2,ecological,arealanvendelse,54.7
440,Kerteminde,areal_intensiv,117.37,64.2,%,2024,DST AREALDK2,ecological,arealanvendelse,54.7
630,Vejle,areal_intensiv,91.59,50.1,%,2024,DST AREALDK2,ecological,arealanvendelse,54.7
101,København,areal_intensiv,0.0,0.0,%,2024,DST AREALDK2,ecological,arealanvendelse,54.7
730,Randers,areal_intensiv,112.61,61.6,%,2024,DST AREALDK2,ecological,arealanvendelse,54.7
760,Ringkøbing-Skjern,areal_intensiv,104.02,56.9,%,2024,DST AREALDK2,ecological,arealanvendelse,54.7
430,Faaborg-Midtfyn,areal_intensiv,104.94,57.4,%,2024,DST AREALDK2,ecological,arealanvendelse,54.7
320,Faxe,areal_intensiv,102.74,56.2,%,2024,DST AREALDK2,ecological,arealanvendelse,54.7
169,Høje-Taastrup,areal_intensiv,57.95,31.7,%,2024,DST AREALDK2,ecological,arealanvendelse,54.7
573,Varde,areal_intensiv,92.5,50.6,%,2024,DST AREALDK2,ecological,arealanvendelse,54.7
621,Kolding,areal_intensiv,106.03,58.0,%,2024,DST AREALDK2,ecological,arealanvendelse,54.7
420,Assens,areal_intensiv,109.51,59.9,%,2024,DST AREALDK2,ecological,arealanvendelse,54.7
580,Aabenraa,areal_intensiv,112.8,61.7,%,2024,DST AREALDK2,ecological,arealanvendelse,54.7
787,Thisted,areal_intensiv,85.92,47.0,%,2024,DST AREALDK2,ecological,arealanvendelse,54.7
756,Ikast-Brande,areal_intensiv,89.4,48.9,%,2024,DST AREALDK2,ecological,arealanvendelse,54.7
461,Odense,areal_intensiv,65.27,35.7,%,2024,DST AREALDK2,ecological,arealanvendelse,54.7
779,Skive,areal_intensiv,113.71,62.2,%,2024,DST AREALDK2,ecological,arealanvendelse,54.7
450,Nyborg,areal_intensiv,116.82,63.9,%,2024,DST AREALDK2,ecological,arealanvendelse,54.7
846,Mariagerfjord,areal_intensiv,99.82,54.6,%,2024,DST AREALDK2,ecological,arealanvendelse,54.7
820,Vesthimmerlands,areal_intensiv,114.63,62.7,%,2024,DST AREALDK2,ecological,arealanvendelse,54.7
540,Sønderborg,areal_intensiv,113.71,62.2,%,2024,DST AREALDK2,ecological,arealanvendelse,54.7
400,Bornholm,areal_intensiv,99.63,54.5,%,2024,DST AREALDK2,ecological,arealanvendelse,54.7
510,Haderslev,areal_intensiv,117.0,64.0,%,2024,DST AREALDK2,ecological,arealanvendelse,54.7
671,Struer,areal_intensiv,125.41,68.6,%,2024,DST AREALDK2,ecological,arealanvendelse,54.7
665,Lemvig,areal_intensiv,106.58,58.3,%,2024,DST AREALDK2,ecological,arealanvendelse,54.7
707,Norddjurs,areal_intensiv,102.01,55.8,%,2024,DST AREALDK2,ecological,arealanvendelse,54.7
330,Slagelse,areal_intensiv,113.53,62.1,%,2024,DST AREALDK2,ecological,arealanvendelse,54.7
306,Odsherred,areal_intensiv,84.28,46.1,%,2024,DST AREALDK2,ecological,arealanvendelse,54.7
575,Vejen,areal_intensiv,116.64,63.8,%,2024,DST AREALDK2,ecological,arealanvendelse,54.7
376,Guldborgsund,areal_intensiv,122.12,66.8,%,2024,DST AREALDK2,ecological,arealanvendelse,54.7
849,Jammerbugt,areal_intensiv,96.53,52.8,%,2024,DST AREALDK2,ecological,arealanvendelse,54.7
326,Kalundborg,areal_intensiv,106.76,58.4,%,2024,DST AREALDK2,ecological,arealanvendelse,54.7
390,Vordingborg,areal_intensiv,110.05,60.2,%,2024,DST AREALDK2,ecological,arealanvendelse,54.7
550,Tønder,areal_intensiv,120.11,65.7,%,2024,DST AREALDK2,ecological,arealanvendelse,54.7
360,Lolland,areal_intensiv,135.65,74.2,%,2024,DST AREALDK2,ecological,arealanvendelse,54.7
741,Samsø,areal_intensiv,114.08,62.4,%,2024,DST AREALDK2,ecological,arealanvendelse,54.7
482,Langeland,areal_intensiv,117.55,64.3,%,2024,DST AREALDK2,ecological,arealanvendelse,54.7
201,Allerød,areal_bebygget,202.82,28.8,%,2024,DST AREALDK2,ecological,arealanvendelse,14.2
153,Brøndby,areal_bebygget,497.18,70.6,%,2024,DST AREALDK2,ecological,arealanvendelse,14.2
175,Rødovre,areal_bebygget,619.72,88.0,%,2024,DST AREALDK2,ecological,arealanvendelse,14.2
155,Dragør,areal_bebygget,319.72,45.4,%,2024,DST AREALDK2,ecological,arealanvendelse,14.2
190,Furesø,areal_bebygget,259.15,36.8,%,2024,DST AREALDK2,ecological,arealanvendelse,14.2
167,Hvidovre,areal_bebygget,560.56,79.6,%,2024,DST AREALDK2,ecological,arealanvendelse,14.2
230,Rudersdal,areal_bebygget,309.15,43.9,%,2024,DST AREALDK2,ecological,arealanvendelse,14.2
746,Skanderborg,areal_bebygget,115.49,16.4,%,2024,DST AREALDK2,ecological,arealanvendelse,14.2
269,Solrød,areal_bebygget,222.54,31.6,%,2024,DST AREALDK2,ecological,arealanvendelse,14.2
265,Roskilde,areal_bebygget,197.89,28.1,%,2024,DST AREALDK2,ecological,arealanvendelse,14.2
240,Egedal,areal_bebygget,167.61,23.8,%,2024,DST AREALDK2,ecological,arealanvendelse,14.2
151,Ballerup,areal_bebygget,464.79,66.0,%,2024,DST AREALDK2,ecological,arealanvendelse,14.2
223,Hørsholm,areal_bebygget,297.89,42.3,%,2024,DST AREALDK2,ecological,arealanvendelse,14.2
185,Tårnby,areal_bebygget,290.14,41.2,%,2024,DST AREALDK2,ecological,arealanvendelse,14.2
157,Gentofte,areal_bebygget,594.37,84.4,%,2024,DST AREALDK2,ecological,arealanvendelse,14.2
350,Lejre,areal_bebygget,102.11,14.5,%,2024,DST AREALDK2,ecological,arealanvendelse,14.2
163,Herlev,areal_bebygget,569.72,80.9,%,2024,DST AREALDK2,ecological,arealanvendelse,14.2
173,Lyngby-Taarbæk,areal_bebygget,354.23,50.3,%,2024,DST AREALDK2,ecological,arealanvendelse,14.2
210,Fredensborg,areal_bebygget,169.01,24.0,%,2024,DST AREALDK2,ecological,arealanvendelse,14.2
183,Ishøj,areal_bebygget,250.0,35.5,%,2024,DST AREALDK2,ecological,arealanvendelse,14.2
710,Favrskov,areal_bebygget,90.85,12.9,%,2024,DST AREALDK2,ecological,arealanvendelse,14.2
530,Billund,areal_bebygget,74.65,10.6,%,2024,DST AREALDK2,ecological,arealanvendelse,14.2
840,Rebild,areal_bebygget,71.13,10.1,%,2024,DST AREALDK2,ecological,arealanvendelse,14.2
187,Vallensbæk,areal_bebygget,428.87,60.9,%,2024,DST AREALDK2,ecological,arealanvendelse,14.2
253,Greve,areal_bebygget,316.2,44.9,%,2024,DST AREALDK2,ecological,arealanvendelse,14.2
147,Frederiksberg,areal_bebygget,637.32,90.5,%,2024,DST AREALDK2,ecological,arealanvendelse,14.2
259,Køge,areal_bebygget,135.92,19.3,%,2024,DST AREALDK2,ecological,arealanvendelse,14.2
159,Gladsaxe,areal_bebygget,565.49,80.3,%,2024,DST AREALDK2,ecological,arealanvendelse,14.2
217,Helsingør,areal_bebygget,219.72,31.2,%,2024,DST AREALDK2,ecological,arealanvendelse,14.2
250,Frederikssund,areal_bebygget,141.55,20.1,%,2024,DST AREALDK2,ecological,arealanvendelse,14.2
661,Holstebro,areal_bebygget,89.44,12.7,%,2024,DST AREALDK2,ecological,arealanvendelse,14.2
825,Læsø,areal_bebygget,67.61,9.6,%,2024,DST AREALDK2,ecological,arealanvendelse,14.2
657,Herning,areal_bebygget,78.17,11.1,%,2024,DST AREALDK2,ecological,arealanvendelse,14.2
260,Halsnæs,areal_bebygget,219.72,31.2,%,2024,DST AREALDK2,ecological,arealanvendelse,14.2
773,Morsø,areal_bebygget,80.28,11.4,%,2024,DST AREALDK2,ecological,arealanvendelse,14.2
219,Hillerød,areal_bebygget,133.1,18.9,%,2024,DST AREALDK2,ecological,arealanvendelse,14.2
340,Sorø,areal_bebygget,95.07,13.5,%,2024,DST AREALDK2,ecological,arealanvendelse,14.2
492,Ærø,areal_bebygget,87.32,12.4,%,2024,DST AREALDK2,ecological,arealanvendelse,14.2
561,Esbjerg,areal_bebygget,105.63,15.0,%,2024,DST AREALDK2,ecological,arealanvendelse,14.2
740,Silkeborg,areal_bebygget,100.7,14.3,%,2024,DST AREALDK2,ecological,arealanvendelse,14.2
615,Horsens,areal_bebygget,120.42,17.1,%,2024,DST AREALDK2,ecological,arealanvendelse,14.2
563,Fanø,areal_bebygget,80.28,11.4,%,2024,DST AREALDK2,ecological,arealanvendelse,14.2
316,Holbæk,areal_bebygget,98.59,14.0,%,2024,DST AREALDK2,ecological,arealanvendelse,14.2
766,Hedensted,areal_bebygget,100.0,14.2,%,2024,DST AREALDK2,ecological,arealanvendelse,14.2
607,Fredericia,areal_bebygget,223.94,31.8,%,2024,DST AREALDK2,ecological,arealanvendelse,14.2
410,Middelfart,areal_bebygget,123.94,17.6,%,2024,DST AREALDK2,ecological,arealanvendelse,14.2
329,Ringsted,areal_bebygget,91.55,13.0,%,2024,DST AREALDK2,ecological,arealanvendelse,14.2
370,Næstved,areal_bebygget,94.37,13.4,%,2024,DST AREALDK2,ecological,arealanvendelse,14.2
851,Aalborg,areal_bebygget,112.68,16.0,%,2024,DST AREALDK2,ecological,arealanvendelse,14.2
810,Brønderslev,areal_bebygget,76.76,10.9,%,2024,DST AREALDK2,ecological,arealanvendelse,14.2
727,Odder,areal_bebygget,94.37,13.4,%,2024,DST AREALDK2,ecological,arealanvendelse,14.2
336,Stevns,areal_bebygget,88.73,12.6,%,2024,DST AREALDK2,ecological,arealanvendelse,14.2
751,Aarhus,areal_bebygget,231.69,32.9,%,2024,DST AREALDK2,ecological,arealanvendelse,14.2
813,Frederikshavn,areal_bebygget,98.59,14.0,%,2024,DST AREALDK2,ecological,arealanvendelse,14.2
161,Glostrup,areal_bebygget,531.69,75.5,%,2024,DST AREALDK2,ecological,arealanvendelse,14.2
270,Gribskov,areal_bebygget,165.49,23.5,%,2024,DST AREALDK2,ecological,arealanvendelse,14.2
860,Hjørring,areal_bebygget,88.73,12.6,%,2024,DST AREALDK2,ecological,arealanvendelse,14.2
165,Albertslund,areal_bebygget,347.18,49.3,%,2024,DST AREALDK2,ecological,arealanvendelse,14.2
479,Svendborg,areal_bebygget,106.34,15.1,%,2024,DST AREALDK2,ecological,arealanvendelse,14.2
791,Viborg,areal_bebygget,80.99,11.5,%,2024,DST AREALDK2,ecological,arealanvendelse,14.2
480,Nordfyns,areal_bebygget,85.21,12.1,%,2024,DST AREALDK2,ecological,arealanvendelse,14.2
706,Syddjurs,areal_bebygget,93.66,13.3,%,2024,DST AREALDK2,ecological,arealanvendelse,14.2
440,Kerteminde,areal_bebygget,111.27,15.8,%,2024,DST AREALDK2,ecological,arealanvendelse,14.2
630,Vejle,areal_bebygget,97.18,13.8,%,2024,DST AREALDK2,ecological,arealanvendelse,14.2
101,København,areal_bebygget,546.48,77.6,%,2024,DST AREALDK2,ecological,arealanvendelse,14.2
730,Randers,areal_bebygget,95.07,13.5,%,2024,DST AREALDK2,ecological,arealanvendelse,14.2
760,Ringkøbing-Skjern,areal_bebygget,69.72,9.9,%,2024,DST AREALDK2,ecological,arealanvendelse,14.2
430,Faaborg-Midtfyn,areal_bebygget,92.25,13.1,%,2024,DST AREALDK2,ecological,arealanvendelse,14.2
320,Faxe,areal_bebygget,88.03,12.5,%,2024,DST AREALDK2,ecological,arealanvendelse,14.2
169,Høje-Taastrup,areal_bebygget,262.68,37.3,%,2024,DST AREALDK2,ecological,arealanvendelse,14.2
573,Varde,areal_bebygget,71.83,10.2,%,2024,DST AREALDK2,ecological,arealanvendelse,14.2
621,Kolding,areal_bebygget,112.68,16.0,%,2024,DST AREALDK2,ecological,arealanvendelse,14.2
420,Assens,areal_bebygget,92.96,13.2,%,2024,DST AREALDK2,ecological,arealanvendelse,14.2
580,Aabenraa,areal_bebygget,80.99,11.5,%,2024,DST AREALDK2,ecological,arealanvendelse,14.2
787,Thisted,areal_bebygget,68.31,9.7,%,2024,DST AREALDK2,ecological,arealanvendelse,14.2
756,Ikast-Brande,areal_bebygget,80.28,11.4,%,2024,DST AREALDK2,ecological,arealanvendelse,14.2
461,Odense,areal_bebygget,250.0,35.5,%,2024,DST AREALDK2,ecological,arealanvendelse,14.2
779,Skive,areal_bebygget,91.55,13.0,%,2024,DST AREALDK2,ecological,arealanvendelse,14.2
450,Nyborg,areal_bebygget,98.59,14.0,%,2024,DST AREALDK2,ecological,arealanvendelse,14.2
846,Mariagerfjord,areal_bebygget,80.99,11.5,%,2024,DST AREALDK2,ecological,arealanvendelse,14.2
820,Vesthimmerlands,areal_bebygget,76.06,10.8,%,2024,DST AREALDK2,ecological,arealanvendelse,14.2
540,Sønderborg,areal_bebygget,115.49,16.4,%,2024,DST AREALDK2,ecological,arealanvendelse,14.2
400,Bornholm,areal_bebygget,88.03,12.5,%,2024,DST AREALDK2,ecological,arealanvendelse,14.2
510,Haderslev,areal_bebygget,76.76,10.9,%,2024,DST AREALDK2,ecological,arealanvendelse,14.2
671,Struer,areal_bebygget,97.18,13.8,%,2024,DST AREALDK2,ecological,arealanvendelse,14.2
665,Lemvig,areal_bebygget,72.54,10.3,%,2024,DST AREALDK2,ecological,arealanvendelse,14.2
707,Norddjurs,areal_bebygget,78.17,11.1,%,2024,DST AREALDK2,ecological,arealanvendelse,14.2
330,Slagelse,areal_bebygget,105.63,15.0,%,2024,DST AREALDK2,ecological,arealanvendelse,14.2
306,Odsherred,areal_bebygget,167.61,23.8,%,2024,DST AREALDK2,ecological,arealanvendelse,14.2
575,Vejen,areal_bebygget,75.35,10.7,%,2024,DST AREALDK2,ecological,arealanvendelse,14.2
376,Guldborgsund,areal_bebygget,83.1,11.8,%,2024,DST AREALDK2,ecological,arealanvendelse,14.2
849,Jammerbugt,areal_bebygget,77.46,11.0,%,2024,DST AREALDK2,ecological,arealanvendelse,14.2
326,Kalundborg,areal_bebygget,106.34,15.1,%,2024,DST AREALDK2,ecological,arealanvendelse,14.2
390,Vordingborg,areal_bebygget,88.03,12.5,%,2024,DST AREALDK2,ecological,arealanvendelse,14.2
550,Tønder,areal_bebygget,56.34,8.0,%,2024,DST AREALDK2,ecological,arealanvendelse,14.2
360,Lolland,areal_bebygget,66.9,9.5,%,2024,DST AREALDK2,ecological,arealanvendelse,14.2
741,Samsø,areal_bebygget,78.87,11.2,%,2024,DST AREALDK2,ecological,arealanvendelse,14.2
482,Langeland,areal_bebygget,77.46,11.0,%,2024,DST AREALDK2,ecological,arealanvendelse,14.2
201,Allerød,ctx_ve_kw_per_indb,,0.4,kW/indb.,2024,Energi Data Service,context,energi,
153,Brøndby,ctx_ve_kw_per_indb,,0.2,kW/indb.,2024,Energi Data Service,context,energi,
175,Rødovre,ctx_ve_kw_per_indb,,0.1,kW/indb.,2024,Energi Data Service,context,energi,
155,Dragør,ctx_ve_kw_per_indb,,0.2,kW/indb.,2024,Energi Data Service,context,energi,
190,Furesø,ctx_ve_kw_per_indb,,0.2,kW/indb.,2024,Energi Data Service,context,energi,
167,Hvidovre,ctx_ve_kw_per_indb,,0.2,kW/indb.,2024,Energi Data Service,context,energi,
230,Rudersdal,ctx_ve_kw_per_indb,,0.2,kW/indb.,2024,Energi Data Service,context,energi,
746,Skanderborg,ctx_ve_kw_per_indb,,0.6,kW/indb.,2024,Energi Data Service,context,energi,
269,Solrød,ctx_ve_kw_per_indb,,0.2,kW/indb.,2024,Energi Data Service,context,energi,
265,Roskilde,ctx_ve_kw_per_indb,,0.4,kW/indb.,2024,Energi Data Service,context,energi,
240,Egedal,ctx_ve_kw_per_indb,,0.3,kW/indb.,2024,Energi Data Service,context,energi,
151,Ballerup,ctx_ve_kw_per_indb,,0.2,kW/indb.,2024,Energi Data Service,context,energi,
223,Hørsholm,ctx_ve_kw_per_indb,,0.2,kW/indb.,2024,Energi Data Service,context,energi,
185,Tårnby,ctx_ve_kw_per_indb,,0.3,kW/indb.,2024,Energi Data Service,context,energi,
157,Gentofte,ctx_ve_kw_per_indb,,0.1,kW/indb.,2024,Energi Data Service,context,energi,
350,Lejre,ctx_ve_kw_per_indb,,0.6,kW/indb.,2024,Energi Data Service,context,energi,
163,Herlev,ctx_ve_kw_per_indb,,0.2,kW/indb.,2024,Energi Data Service,context,energi,
173,Lyngby-Taarbæk,ctx_ve_kw_per_indb,,0.1,kW/indb.,2024,Energi Data Service,context,energi,
210,Fredensborg,ctx_ve_kw_per_indb,,0.2,kW/indb.,2024,Energi Data Service,context,energi,
183,Ishøj,ctx_ve_kw_per_indb,,0.2,kW/indb.,2024,Energi Data Service,context,energi,
710,Favrskov,ctx_ve_kw_per_indb,,1.9,kW/indb.,2024,Energi Data Service,context,energi,
530,Billund,ctx_ve_kw_per_indb,,5.9,kW/indb.,2024,Energi Data Service,context,energi,
840,Rebild,ctx_ve_kw_per_indb,,2.1,kW/indb.,2024,Energi Data Service,context,energi,
187,Vallensbæk,ctx_ve_kw_per_indb,,0.1,kW/indb.,2024,Energi Data Service,context,energi,
253,Greve,ctx_ve_kw_per_indb,,0.3,kW/indb.,2024,Energi Data Service,context,energi,
147,Frederiksberg,ctx_ve_kw_per_indb,,0.0,kW/indb.,2024,Energi Data Service,context,energi,
259,Køge,ctx_ve_kw_per_indb,,0.5,kW/indb.,2024,Energi Data Service,context,energi,
159,Gladsaxe,ctx_ve_kw_per_indb,,0.1,kW/indb.,2024,Energi Data Service,context,energi,
217,Helsingør,ctx_ve_kw_per_indb,,0.2,kW/indb.,2024,Energi Data Service,context,energi,
250,Frederikssund,ctx_ve_kw_per_indb,,0.5,kW/indb.,2024,Energi Data Service,context,energi,
661,Holstebro,ctx_ve_kw_per_indb,,6.9,kW/indb.,2024,Energi Data Service,context,energi,
825,Læsø,ctx_ve_kw_per_indb,,4.5,kW/indb.,2024,Energi Data Service,context,energi,
657,Herning,ctx_ve_kw_per_indb,,3.0,kW/indb.,2024,Energi Data Service,context,energi,
260,Halsnæs,ctx_ve_kw_per_indb,,0.4,kW/indb.,2024,Energi Data Service,context,energi,
773,Morsø,ctx_ve_kw_per_indb,,5.7,kW/indb.,2024,Energi Data Service,context,energi,
219,Hillerød,ctx_ve_kw_per_indb,,0.3,kW/indb.,2024,Energi Data Service,context,energi,
340,Sorø,ctx_ve_kw_per_indb,,3.5,kW/indb.,2024,Energi Data Service,context,energi,
492,Ærø,ctx_ve_kw_per_indb,,2.5,kW/indb.,2024,Energi Data Service,context,energi,
561,Esbjerg,ctx_ve_kw_per_indb,,1.0,kW/indb.,2024,Energi Data Service,context,energi,
740,Silkeborg,ctx_ve_kw_per_indb,,0.8,kW/indb.,2024,Energi Data Service,context,energi,
615,Horsens,ctx_ve_kw_per_indb,,0.6,kW/indb.,2024,Energi Data Service,context,energi,
563,Fanø,ctx_ve_kw_per_indb,,1.0,kW/indb.,2024,Energi Data Service,context,energi,
316,Holbæk,ctx_ve_kw_per_indb,,1.5,kW/indb.,2024,Energi Data Service,context,energi,
766,Hedensted,ctx_ve_kw_per_indb,,2.1,kW/indb.,2024,Energi Data Service,context,energi,
607,Fredericia,ctx_ve_kw_per_indb,,0.3,kW/indb.,2024,Energi Data Service,context,energi,
410,Middelfart,ctx_ve_kw_per_indb,,1.1,kW/indb.,2024,Energi Data Service,context,energi,
329,Ringsted,ctx_ve_kw_per_indb,,0.6,kW/indb.,2024,Energi Data Service,context,energi,
370,Næstved,ctx_ve_kw_per_indb,,2.5,kW/indb.,2024,Energi Data Service,context,energi,
851,Aalborg,ctx_ve_kw_per_indb,,0.9,kW/indb.,2024,Energi Data Service,context,energi,
810,Brønderslev,ctx_ve_kw_per_indb,,3.6,kW/indb.,2024,Energi Data Service,context,energi,
727,Odder,ctx_ve_kw_per_indb,,0.9,kW/indb.,2024,Energi Data Service,context,energi,
336,Stevns,ctx_ve_kw_per_indb,,0.8,kW/indb.,2024,Energi Data Service,context,energi,
751,Aarhus,ctx_ve_kw_per_indb,,0.2,kW/indb.,2024,Energi Data Service,context,energi,
813,Frederikshavn,ctx_ve_kw_per_indb,,2.4,kW/indb.,2024,Energi Data Service,context,energi,
161,Glostrup,ctx_ve_kw_per_indb,,0.2,kW/indb.,2024,Energi Data Service,context,energi,
270,Gribskov,ctx_ve_kw_per_indb,,0.4,kW/indb.,2024,Energi Data Service,context,energi,
860,Hjørring,ctx_ve_kw_per_indb,,2.5,kW/indb.,2024,Energi Data Service,context,energi,
165,Albertslund,ctx_ve_kw_per_indb,,0.2,kW/indb.,2024,Energi Data Service,context,energi,
479,Svendborg,ctx_ve_kw_per_indb,,1.5,kW/indb.,2024,Energi Data Service,context,energi,
791,Viborg,ctx_ve_kw_per_indb,,2.5,kW/indb.,2024,Energi Data Service,context,energi,
480,Nordfyns,ctx_ve_kw_per_indb,,1.3,kW/indb.,2024,Energi Data Service,context,energi,
706,Syddjurs,ctx_ve_kw_per_indb,,5.1,kW/indb.,2024,Energi Data Service,context,energi,
440,Kerteminde,ctx_ve_kw_per_indb,,1.3,kW/indb.,2024,Energi Data Service,context,energi,
630,Vejle,ctx_ve_kw_per_indb,,2.3,kW/indb.,2024,Energi Data Service,context,energi,
101,København,ctx_ve_kw_per_indb,,0.1,kW/indb.,2024,Energi Data Service,context,energi,
730,Randers,ctx_ve_kw_per_indb,,4.1,kW/indb.,2024,Energi Data Service,context,energi,
760,Ringkøbing-Skjern,ctx_ve_kw_per_indb,,12.3,kW/indb.,2024,Energi Data Service,context,energi,
430,Faaborg-Midtfyn,ctx_ve_kw_per_indb,,0.6,kW/indb.,2024,Energi Data Service,context,energi,
320,Faxe,ctx_ve_kw_per_indb,,4.7,kW/indb.,2024,Energi Data Service,context,energi,
169,Høje-Taastrup,ctx_ve_kw_per_indb,,0.3,kW/indb.,2024,Energi Data Service,context,energi,
573,Varde,ctx_ve_kw_per_indb,,3.5,kW/indb.,2024,Energi Data Service,context,energi,
621,Kolding,ctx_ve_kw_per_indb,,2.9,kW/indb.,2024,Energi Data Service,context,energi,
420,Assens,ctx_ve_kw_per_indb,,2.3,kW/indb.,2024,Energi Data Service,context,energi,
580,Aabenraa,ctx_ve_kw_per_indb,,7.5,kW/indb.,2024,Energi Data Service,context,energi,
787,Thisted,ctx_ve_kw_per_indb,,6.6,kW/indb.,2024,Energi Data Service,context,energi,
756,Ikast-Brande,ctx_ve_kw_per_indb,,2.1,kW/indb.,2024,Energi Data Service,context,energi,
461,Odense,ctx_ve_kw_per_indb,,0.6,kW/indb.,2024,Energi Data Service,context,energi,
779,Skive,ctx_ve_kw_per_indb,,5.8,kW/indb.,2024,Energi Data Service,context,energi,
450,Nyborg,ctx_ve_kw_per_indb,,1.1,kW/indb.,2024,Energi Data Service,context,energi,
846,Mariagerfjord,ctx_ve_kw_per_indb,,3.3,kW/indb.,2024,Energi Data Service,context,energi,
820,Vesthimmerlands,ctx_ve_kw_per_indb,,5.9,kW/indb.,2024,Energi Data Service,context,energi,
540,Sønderborg,ctx_ve_kw_per_indb,,1.6,kW/indb.,2024,Energi Data Service,context,energi,
400,Bornholm,ctx_ve_kw_per_indb,,1.8,kW/indb.,2024,Energi Data Service,context,energi,
510,Haderslev,ctx_ve_kw_per_indb,,1.1,kW/indb.,2024,Energi Data Service,context,energi,
671,Struer,ctx_ve_kw_per_indb,,3.4,kW/indb.,2024,Energi Data Service,context,energi,
665,Lemvig,ctx_ve_kw_per_indb,,16.8,kW/indb.,2024,Energi Data Service,context,energi,
707,Norddjurs,ctx_ve_kw_per_indb,,4.0,kW/indb.,2024,Energi Data Service,context,energi,
330,Slagelse,ctx_ve_kw_per_indb,,1.4,kW/indb.,2024,Energi Data Service,context,energi,
306,Odsherred,ctx_ve_kw_per_indb,,0.5,kW/indb.,2024,Energi Data Service,context,energi,
575,Vejen,ctx_ve_kw_per_indb,,7.6,kW/indb.,2024,Energi Data Service,context,energi,
376,Guldborgsund,ctx_ve_kw_per_indb,,2.0,kW/indb.,2024,Energi Data Service,context,energi,
849,Jammerbugt,ctx_ve_kw_per_indb,,6.8,kW/indb.,2024,Energi Data Service,context,energi,
326,Kalundborg,ctx_ve_kw_per_indb,,3.0,kW/indb.,2024,Energi Data Service,context,energi,
390,Vordingborg,ctx_ve_kw_per_indb,,2.6,kW/indb.,2024,Energi Data Service,context,energi,
550,Tønder,ctx_ve_kw_per_indb,,5.4,kW/indb.,2024,Energi Data Service,context,energi,
360,Lolland,ctx_ve_kw_per_indb,,14.6,kW/indb.,2024,Energi Data Service,context,energi,
741,Samsø,ctx_ve_kw_per_indb,,3.8,kW/indb.,2024,Energi Data Service,context,energi,
482,Langeland,ctx_ve_kw_per_indb,,4.0,kW/indb.,2024,Energi Data Service,context,energi,
201,Allerød,ctx_ve_sol_mw,,8.3,MW,2024,Energi Data Service,context,energi,
153,Brøndby,ctx_ve_sol_mw,,7.1,MW,2024,Energi Data Service,context,energi,
175,Rødovre,ctx_ve_sol_mw,,5.0,MW,2024,Energi Data Service,context,energi,
155,Dragør,ctx_ve_sol_mw,,2.3,MW,2024,Energi Data Service,context,energi,
190,Furesø,ctx_ve_sol_mw,,7.7,MW,2024,Energi Data Service,context,energi,
167,Hvidovre,ctx_ve_sol_mw,,10.2,MW,2024,Energi Data Service,context,energi,
230,Rudersdal,ctx_ve_sol_mw,,9.9,MW,2024,Energi Data Service,context,energi,
746,Skanderborg,ctx_ve_sol_mw,,20.5,MW,2024,Energi Data Service,context,energi,
269,Solrød,ctx_ve_sol_mw,,5.9,MW,2024,Energi Data Service,context,energi,
265,Roskilde,ctx_ve_sol_mw,,27.2,MW,2024,Energi Data Service,context,energi,
240,Egedal,ctx_ve_sol_mw,,12.2,MW,2024,Energi Data Service,context,energi,
151,Ballerup,ctx_ve_sol_mw,,12.7,MW,2024,Energi Data Service,context,energi,
223,Hørsholm,ctx_ve_sol_mw,,3.9,MW,2024,Energi Data Service,context,energi,
185,Tårnby,ctx_ve_sol_mw,,13.6,MW,2024,Energi Data Service,context,energi,
157,Gentofte,ctx_ve_sol_mw,,6.5,MW,2024,Energi Data Service,context,energi,
350,Lejre,ctx_ve_sol_mw,,11.2,MW,2024,Energi Data Service,context,energi,
163,Herlev,ctx_ve_sol_mw,,6.9,MW,2024,Energi Data Service,context,energi,
173,Lyngby-Taarbæk,ctx_ve_sol_mw,,5.9,MW,2024,Energi Data Service,context,energi,
210,Fredensborg,ctx_ve_sol_mw,,7.9,MW,2024,Energi Data Service,context,energi,
183,Ishøj,ctx_ve_sol_mw,,4.8,MW,2024,Energi Data Service,context,energi,
710,Favrskov,ctx_ve_sol_mw,,60.4,MW,2024,Energi Data Service,context,energi,
530,Billund,ctx_ve_sol_mw,,66.6,MW,2024,Energi Data Service,context,energi,
840,Rebild,ctx_ve_sol_mw,,15.3,MW,2024,Energi Data Service,context,energi,
187,Vallensbæk,ctx_ve_sol_mw,,2.2,MW,2024,Energi Data Service,context,energi,
253,Greve,ctx_ve_sol_mw,,16.5,MW,2024,Energi Data Service,context,energi,
147,Frederiksberg,ctx_ve_sol_mw,,3.3,MW,2024,Energi Data Service,context,energi,
259,Køge,ctx_ve_sol_mw,,25.7,MW,2024,Energi Data Service,context,energi,
159,Gladsaxe,ctx_ve_sol_mw,,8.7,MW,2024,Energi Data Service,context,energi,
217,Helsingør,ctx_ve_sol_mw,,11.4,MW,2024,Energi Data Service,context,energi,
250,Frederikssund,ctx_ve_sol_mw,,20.3,MW,2024,Energi Data Service,context,energi,
661,Holstebro,ctx_ve_sol_mw,,177.6,MW,2024,Energi Data Service,context,energi,
825,Læsø,ctx_ve_sol_mw,,7.8,MW,2024,Energi Data Service,context,energi,
657,Herning,ctx_ve_sol_mw,,136.2,MW,2024,Energi Data Service,context,energi,
260,Halsnæs,ctx_ve_sol_mw,,9.3,MW,2024,Energi Data Service,context,energi,
773,Morsø,ctx_ve_sol_mw,,34.1,MW,2024,Energi Data Service,context,energi,
219,Hillerød,ctx_ve_sol_mw,,14.1,MW,2024,Energi Data Service,context,energi,
340,Sorø,ctx_ve_sol_mw,,99.2,MW,2024,Energi Data Service,context,energi,
492,Ærø,ctx_ve_sol_mw,,2.4,MW,2024,Energi Data Service,context,energi,
561,Esbjerg,ctx_ve_sol_mw,,31.1,MW,2024,Energi Data Service,context,energi,
740,Silkeborg,ctx_ve_sol_mw,,48.9,MW,2024,Energi Data Service,context,energi,
615,Horsens,ctx_ve_sol_mw,,56.4,MW,2024,Energi Data Service,context,energi,
563,Fanø,ctx_ve_sol_mw,,1.4,MW,2024,Energi Data Service,context,energi,
316,Holbæk,ctx_ve_sol_mw,,52.5,MW,2024,Energi Data Service,context,energi,
766,Hedensted,ctx_ve_sol_mw,,72.4,MW,2024,Energi Data Service,context,energi,
607,Fredericia,ctx_ve_sol_mw,,13.1,MW,2024,Energi Data Service,context,energi,
410,Middelfart,ctx_ve_sol_mw,,31.9,MW,2024,Energi Data Service,context,energi,
329,Ringsted,ctx_ve_sol_mw,,12.6,MW,2024,Energi Data Service,context,energi,
370,Næstved,ctx_ve_sol_mw,,143.9,MW,2024,Energi Data Service,context,energi,
851,Aalborg,ctx_ve_sol_mw,,39.4,MW,2024,Energi Data Service,context,energi,
810,Brønderslev,ctx_ve_sol_mw,,40.2,MW,2024,Energi Data Service,context,energi,
727,Odder,ctx_ve_sol_mw,,6.7,MW,2024,Energi Data Service,context,energi,
336,Stevns,ctx_ve_sol_mw,,8.8,MW,2024,Energi Data Service,context,energi,
751,Aarhus,ctx_ve_sol_mw,,66.8,MW,2024,Energi Data Service,context,energi,
813,Frederikshavn,ctx_ve_sol_mw,,92.5,MW,2024,Energi Data Service,context,energi,
161,Glostrup,ctx_ve_sol_mw,,4.9,MW,2024,Energi Data Service,context,energi,
270,Gribskov,ctx_ve_sol_mw,,14.5,MW,2024,Energi Data Service,context,energi,
860,Hjørring,ctx_ve_sol_mw,,35.9,MW,2024,Energi Data Service,context,energi,
165,Albertslund,ctx_ve_sol_mw,,6.1,MW,2024,Energi Data Service,context,energi,
479,Svendborg,ctx_ve_sol_mw,,53.1,MW,2024,Energi Data Service,context,energi,
791,Viborg,ctx_ve_sol_mw,,170.0,MW,2024,Energi Data Service,context,energi,
480,Nordfyns,ctx_ve_sol_mw,,12.6,MW,2024,Energi Data Service,context,energi,
706,Syddjurs,ctx_ve_sol_mw,,207.7,MW,2024,Energi Data Service,context,energi,
440,Kerteminde,ctx_ve_sol_mw,,6.1,MW,2024,Energi Data Service,context,energi,
630,Vejle,ctx_ve_sol_mw,,227.0,MW,2024,Energi Data Service,context,energi,
101,København,ctx_ve_sol_mw,,34.9,MW,2024,Energi Data Service,context,energi,
730,Randers,ctx_ve_sol_mw,,137.8,MW,2024,Energi Data Service,context,energi,
760,Ringkøbing-Skjern,ctx_ve_sol_mw,,165.1,MW,2024,Energi Data Service,context,energi,
430,Faaborg-Midtfyn,ctx_ve_sol_mw,,17.8,MW,2024,Energi Data Service,context,energi,
320,Faxe,ctx_ve_sol_mw,,142.2,MW,2024,Energi Data Service,context,energi,
169,Høje-Taastrup,ctx_ve_sol_mw,,15.1,MW,2024,Energi Data Service,context,energi,
573,Varde,ctx_ve_sol_mw,,72.6,MW,2024,Energi Data Service,context,energi,
621,Kolding,ctx_ve_sol_mw,,244.7,MW,2024,Energi Data Service,context,energi,
420,Assens,ctx_ve_sol_mw,,63.9,MW,2024,Energi Data Service,context,energi,
580,Aabenraa,ctx_ve_sol_mw,,357.9,MW,2024,Energi Data Service,context,energi,
787,Thisted,ctx_ve_sol_mw,,61.3,MW,2024,Energi Data Service,context,energi,
756,Ikast-Brande,ctx_ve_sol_mw,,24.0,MW,2024,Energi Data Service,context,energi,
461,Odense,ctx_ve_sol_mw,,122.2,MW,2024,Energi Data Service,context,energi,
779,Skive,ctx_ve_sol_mw,,93.1,MW,2024,Energi Data Service,context,energi,
450,Nyborg,ctx_ve_sol_mw,,7.4,MW,2024,Energi Data Service,context,energi,
846,Mariagerfjord,ctx_ve_sol_mw,,31.4,MW,2024,Energi Data Service,context,energi,
820,Vesthimmerlands,ctx_ve_sol_mw,,46.4,MW,2024,Energi Data Service,context,energi,
540,Sønderborg,ctx_ve_sol_mw,,102.3,MW,2024,Energi Data Service,context,energi,
400,Bornholm,ctx_ve_sol_mw,,31.7,MW,2024,Energi Data Service,context,energi,
510,Haderslev,ctx_ve_sol_mw,,19.5,MW,2024,Energi Data Service,context,energi,
671,Struer,ctx_ve_sol_mw,,6.4,MW,2024,Energi Data Service,context,energi,
665,Lemvig,ctx_ve_sol_mw,,133.4,MW,2024,Energi Data Service,context,energi,
707,Norddjurs,ctx_ve_sol_mw,,92.9,MW,2024,Energi Data Service,context,energi,
330,Slagelse,ctx_ve_sol_mw,,73.8,MW,2024,Energi Data Service,context,energi,
306,Odsherred,ctx_ve_sol_mw,,12.7,MW,2024,Energi Data Service,context,energi,
575,Vejen,ctx_ve_sol_mw,,265.4,MW,2024,Energi Data Service,context,energi,
376,Guldborgsund,ctx_ve_sol_mw,,57.9,MW,2024,Energi Data Service,context,energi,
849,Jammerbugt,ctx_ve_sol_mw,,39.6,MW,2024,Energi Data Service,context,energi,
326,Kalundborg,ctx_ve_sol_mw,,61.8,MW,2024,Energi Data Service,context,energi,
390,Vordingborg,ctx_ve_sol_mw,,100.1,MW,2024,Energi Data Service,context,energi,
550,Tønder,ctx_ve_sol_mw,,21.8,MW,2024,Energi Data Service,context,energi,
360,Lolland,ctx_ve_sol_mw,,302.0,MW,2024,Energi Data Service,context,energi,
741,Samsø,ctx_ve_sol_mw,,2.7,MW,2024,Energi Data Service,context,energi,
482,Langeland,ctx_ve_sol_mw,,4.4,MW,2024,Energi Data Service,context,energi,
201,Allerød,ctx_ve_vind_mw,,2.7,MW,2024,Energi Data Service,context,energi,
153,Brøndby,ctx_ve_vind_mw,,0.0,MW,2024,Energi Data Service,context,energi,
175,Rødovre,ctx_ve_vind_mw,,0.0,MW,2024,Energi Data Service,context,energi,
155,Dragør,ctx_ve_vind_mw,,0.0,MW,2024,Energi Data Service,context,energi,
190,Furesø,ctx_ve_vind_mw,,0.0,MW,2024,Energi Data Service,context,energi,
167,Hvidovre,ctx_ve_vind_mw,,2.0,MW,2024,Energi Data Service,context,energi,
230,Rudersdal,ctx_ve_vind_mw,,0.0,MW,2024,Energi Data Service,context,energi,
746,Skanderborg,ctx_ve_vind_mw,,18.3,MW,2024,Energi Data Service,context,energi,
269,Solrød,ctx_ve_vind_mw,,0.3,MW,2024,Energi Data Service,context,energi,
265,Roskilde,ctx_ve_vind_mw,,7.5,MW,2024,Energi Data Service,context,energi,
240,Egedal,ctx_ve_vind_mw,,0.1,MW,2024,Energi Data Service,context,energi,
151,Ballerup,ctx_ve_vind_mw,,0.0,MW,2024,Energi Data Service,context,energi,
223,Hørsholm,ctx_ve_vind_mw,,0.0,MW,2024,Energi Data Service,context,energi,
185,Tårnby,ctx_ve_vind_mw,,0.0,MW,2024,Energi Data Service,context,energi,
157,Gentofte,ctx_ve_vind_mw,,0.0,MW,2024,Energi Data Service,context,energi,
350,Lejre,ctx_ve_vind_mw,,5.4,MW,2024,Energi Data Service,context,energi,
163,Herlev,ctx_ve_vind_mw,,0.0,MW,2024,Energi Data Service,context,energi,
173,Lyngby-Taarbæk,ctx_ve_vind_mw,,0.0,MW,2024,Energi Data Service,context,energi,
210,Fredensborg,ctx_ve_vind_mw,,0.0,MW,2024,Energi Data Service,context,energi,
183,Ishøj,ctx_ve_vind_mw,,0.0,MW,2024,Energi Data Service,context,energi,
710,Favrskov,ctx_ve_vind_mw,,31.3,MW,2024,Energi Data Service,context,energi,
530,Billund,ctx_ve_vind_mw,,93.9,MW,2024,Energi Data Service,context,energi,
840,Rebild,ctx_ve_vind_mw,,48.4,MW,2024,Energi Data Service,context,energi,
187,Vallensbæk,ctx_ve_vind_mw,,0.0,MW,2024,Energi Data Service,context,energi,
253,Greve,ctx_ve_vind_mw,,0.4,MW,2024,Energi Data Service,context,energi,
147,Frederiksberg,ctx_ve_vind_mw,,0.0,MW,2024,Energi Data Service,context,energi,
259,Køge,ctx_ve_vind_mw,,4.0,MW,2024,Energi Data Service,context,energi,
159,Gladsaxe,ctx_ve_vind_mw,,0.0,MW,2024,Energi Data Service,context,energi,
217,Helsingør,ctx_ve_vind_mw,,0.0,MW,2024,Energi Data Service,context,energi,
250,Frederikssund,ctx_ve_vind_mw,,3.0,MW,2024,Energi Data Service,context,energi,
661,Holstebro,ctx_ve_vind_mw,,230.2,MW,2024,Energi Data Service,context,energi,
825,Læsø,ctx_ve_vind_mw,,0.0,MW,2024,Energi Data Service,context,energi,
657,Herning,ctx_ve_vind_mw,,136.3,MW,2024,Energi Data Service,context,energi,
260,Halsnæs,ctx_ve_vind_mw,,4.2,MW,2024,Energi Data Service,context,energi,
773,Morsø,ctx_ve_vind_mw,,77.7,MW,2024,Energi Data Service,context,energi,
219,Hillerød,ctx_ve_vind_mw,,4.0,MW,2024,Energi Data Service,context,energi,
340,Sorø,ctx_ve_vind_mw,,6.8,MW,2024,Energi Data Service,context,energi,
492,Ærø,ctx_ve_vind_mw,,12.0,MW,2024,Energi Data Service,context,energi,
561,Esbjerg,ctx_ve_vind_mw,,81.5,MW,2024,Energi Data Service,context,energi,
740,Silkeborg,ctx_ve_vind_mw,,30.9,MW,2024,Energi Data Service,context,energi,
615,Horsens,ctx_ve_vind_mw,,3.6,MW,2024,Energi Data Service,context,energi,
563,Fanø,ctx_ve_vind_mw,,2.0,MW,2024,Energi Data Service,context,energi,
316,Holbæk,ctx_ve_vind_mw,,59.0,MW,2024,Energi Data Service,context,energi,
766,Hedensted,ctx_ve_vind_mw,,29.0,MW,2024,Energi Data Service,context,energi,
607,Fredericia,ctx_ve_vind_mw,,2.2,MW,2024,Energi Data Service,context,energi,
410,Middelfart,ctx_ve_vind_mw,,13.6,MW,2024,Energi Data Service,context,energi,
329,Ringsted,ctx_ve_vind_mw,,9.0,MW,2024,Energi Data Service,context,energi,
370,Næstved,ctx_ve_vind_mw,,68.5,MW,2024,Energi Data Service,context,energi,
851,Aalborg,ctx_ve_vind_mw,,158.8,MW,2024,Energi Data Service,context,energi,
810,Brønderslev,ctx_ve_vind_mw,,92.0,MW,2024,Energi Data Service,context,energi,
727,Odder,ctx_ve_vind_mw,,15.7,MW,2024,Energi Data Service,context,energi,
336,Stevns,ctx_ve_vind_mw,,9.8,MW,2024,Energi Data Service,context,energi,
751,Aarhus,ctx_ve_vind_mw,,11.3,MW,2024,Energi Data Service,context,energi,
813,Frederikshavn,ctx_ve_vind_mw,,48.5,MW,2024,Energi Data Service,context,energi,
161,Glostrup,ctx_ve_vind_mw,,0.9,MW,2024,Energi Data Service,context,energi,
270,Gribskov,ctx_ve_vind_mw,,0.6,MW,2024,Energi Data Service,context,energi,
860,Hjørring,ctx_ve_vind_mw,,121.5,MW,2024,Energi Data Service,context,energi,
165,Albertslund,ctx_ve_vind_mw,,0.0,MW,2024,Energi Data Service,context,energi,
479,Svendborg,ctx_ve_vind_mw,,34.5,MW,2024,Energi Data Service,context,energi,
791,Viborg,ctx_ve_vind_mw,,74.0,MW,2024,Energi Data Service,context,energi,
480,Nordfyns,ctx_ve_vind_mw,,26.3,MW,2024,Energi Data Service,context,energi,
706,Syddjurs,ctx_ve_vind_mw,,18.6,MW,2024,Energi Data Service,context,energi,
440,Kerteminde,ctx_ve_vind_mw,,24.9,MW,2024,Energi Data Service,context,energi,
630,Vejle,ctx_ve_vind_mw,,53.4,MW,2024,Energi Data Service,context,energi,
101,København,ctx_ve_vind_mw,,10.7,MW,2024,Energi Data Service,context,energi,
730,Randers,ctx_ve_vind_mw,,275.0,MW,2024,Energi Data Service,context,energi,
760,Ringkøbing-Skjern,ctx_ve_vind_mw,,516.5,MW,2024,Energi Data Service,context,energi,
430,Faaborg-Midtfyn,ctx_ve_vind_mw,,15.7,MW,2024,Energi Data Service,context,energi,
320,Faxe,ctx_ve_vind_mw,,35.1,MW,2024,Energi Data Service,context,energi,
169,Høje-Taastrup,ctx_ve_vind_mw,,0.8,MW,2024,Energi Data Service,context,energi,
573,Varde,ctx_ve_vind_mw,,99.1,MW,2024,Energi Data Service,context,energi,
621,Kolding,ctx_ve_vind_mw,,34.0,MW,2024,Energi Data Service,context,energi,
420,Assens,ctx_ve_vind_mw,,30.9,MW,2024,Energi Data Service,context,energi,
580,Aabenraa,ctx_ve_vind_mw,,84.3,MW,2024,Energi Data Service,context,energi,
787,Thisted,ctx_ve_vind_mw,,218.9,MW,2024,Energi Data Service,context,energi,
756,Ikast-Brande,ctx_ve_vind_mw,,66.4,MW,2024,Energi Data Service,context,energi,
461,Odense,ctx_ve_vind_mw,,11.1,MW,2024,Energi Data Service,context,energi,
779,Skive,ctx_ve_vind_mw,,164.5,MW,2024,Energi Data Service,context,energi,
450,Nyborg,ctx_ve_vind_mw,,29.0,MW,2024,Energi Data Service,context,energi,
846,Mariagerfjord,ctx_ve_vind_mw,,104.2,MW,2024,Energi Data Service,context,energi,
820,Vesthimmerlands,ctx_ve_vind_mw,,163.8,MW,2024,Energi Data Service,context,energi,
540,Sønderborg,ctx_ve_vind_mw,,13.8,MW,2024,Energi Data Service,context,energi,
400,Bornholm,ctx_ve_vind_mw,,36.7,MW,2024,Energi Data Service,context,energi,
510,Haderslev,ctx_ve_vind_mw,,40.6,MW,2024,Energi Data Service,context,energi,
671,Struer,ctx_ve_vind_mw,,62.0,MW,2024,Energi Data Service,context,energi,
665,Lemvig,ctx_ve_vind_mw,,182.2,MW,2024,Energi Data Service,context,energi,
707,Norddjurs,ctx_ve_vind_mw,,52.4,MW,2024,Energi Data Service,context,energi,
330,Slagelse,ctx_ve_vind_mw,,42.4,MW,2024,Energi Data Service,context,energi,
306,Odsherred,ctx_ve_vind_mw,,4.7,MW,2024,Energi Data Service,context,energi,
575,Vejen,ctx_ve_vind_mw,,61.0,MW,2024,Energi Data Service,context,energi,
376,Guldborgsund,ctx_ve_vind_mw,,58.0,MW,2024,Energi Data Service,context,energi,
849,Jammerbugt,ctx_ve_vind_mw,,218.7,MW,2024,Energi Data Service,context,energi,
326,Kalundborg,ctx_ve_vind_mw,,80.3,MW,2024,Energi Data Service,context,energi,
390,Vordingborg,ctx_ve_vind_mw,,17.7,MW,2024,Energi Data Service,context,energi,
550,Tønder,ctx_ve_vind_mw,,173.8,MW,2024,Energi Data Service,context,energi,
360,Lolland,ctx_ve_vind_mw,,270.5,MW,2024,Energi Data Service,context,energi,
741,Samsø,ctx_ve_vind_mw,,11.0,MW,2024,Energi Data Service,context,energi,
482,Langeland,ctx_ve_vind_mw,,43.6,MW,2024,Energi Data Service,context,energi,
190,Furesø,ctx_fjv_biomasse,,0.7,%,2024,Energistyrelsen EPT,context,energi,
167,Hvidovre,ctx_fjv_biomasse,,96.7,%,2024,Energistyrelsen EPT,context,energi,
230,Rudersdal,ctx_fjv_biomasse,,0.0,%,2024,Energistyrelsen EPT,context,energi,
746,Skanderborg,ctx_fjv_biomasse,,47.4,%,2024,Energistyrelsen EPT,context,energi,
265,Roskilde,ctx_fjv_biomasse,,0.5,%,2024,Energistyrelsen EPT,context,energi,
240,Egedal,ctx_fjv_biomasse,,45.1,%,2024,Energistyrelsen EPT,context,energi,
223,Hørsholm,ctx_fjv_biomasse,,52.6,%,2024,Energistyrelsen EPT,context,energi,
350,Lejre,ctx_fjv_biomasse,,80.1,%,2024,Energistyrelsen EPT,context,energi,
173,Lyngby-Taarbæk,ctx_fjv_biomasse,,3.2,%,2024,Energistyrelsen EPT,context,energi,
183,Ishøj,ctx_fjv_biomasse,,100.0,%,2024,Energistyrelsen EPT,context,energi,
710,Favrskov,ctx_fjv_biomasse,,60.1,%,2024,Energistyrelsen EPT,context,energi,
530,Billund,ctx_fjv_biomasse,,57.8,%,2024,Energistyrelsen EPT,context,energi,
840,Rebild,ctx_fjv_biomasse,,48.4,%,2024,Energistyrelsen EPT,context,energi,
259,Køge,ctx_fjv_biomasse,,48.7,%,2024,Energistyrelsen EPT,context,energi,
159,Gladsaxe,ctx_fjv_biomasse,,0.0,%,2024,Energistyrelsen EPT,context,energi,
217,Helsingør,ctx_fjv_biomasse,,88.8,%,2024,Energistyrelsen EPT,context,energi,
250,Frederikssund,ctx_fjv_biomasse,,5.3,%,2024,Energistyrelsen EPT,context,energi,
661,Holstebro,ctx_fjv_biomasse,,44.7,%,2024,Energistyrelsen EPT,context,energi,
657,Herning,ctx_fjv_biomasse,,80.6,%,2024,Energistyrelsen EPT,context,energi,
260,Halsnæs,ctx_fjv_biomasse,,81.7,%,2024,Energistyrelsen EPT,context,energi,
773,Morsø,ctx_fjv_biomasse,,14.4,%,2024,Energistyrelsen EPT,context,energi,
219,Hillerød,ctx_fjv_biomasse,,59.7,%,2024,Energistyrelsen EPT,context,energi,
340,Sorø,ctx_fjv_biomasse,,75.4,%,2024,Energistyrelsen EPT,context,energi,
492,Ærø,ctx_fjv_biomasse,,57.8,%,2024,Energistyrelsen EPT,context,energi,
561,Esbjerg,ctx_fjv_biomasse,,9.4,%,2024,Energistyrelsen EPT,context,energi,
740,Silkeborg,ctx_fjv_biomasse,,14.7,%,2024,Energistyrelsen EPT,context,energi,
615,Horsens,ctx_fjv_biomasse,,38.8,%,2024,Energistyrelsen EPT,context,energi,
316,Holbæk,ctx_fjv_biomasse,,30.8,%,2024,Energistyrelsen EPT,context,energi,
766,Hedensted,ctx_fjv_biomasse,,33.4,%,2024,Energistyrelsen EPT,context,energi,
607,Fredericia,ctx_fjv_biomasse,,66.4,%,2024,Energistyrelsen EPT,context,energi,
410,Middelfart,ctx_fjv_biomasse,,85.2,%,2024,Energistyrelsen EPT,context,energi,
329,Ringsted,ctx_fjv_biomasse,,58.8,%,2024,Energistyrelsen EPT,context,energi,
370,Næstved,ctx_fjv_biomasse,,11.2,%,2024,Energistyrelsen EPT,context,energi,
851,Aalborg,ctx_fjv_biomasse,,7.4,%,2024,Energistyrelsen EPT,context,energi,
810,Brønderslev,ctx_fjv_biomasse,,47.1,%,2024,Energistyrelsen EPT,context,energi,
727,Odder,ctx_fjv_biomasse,,58.8,%,2024,Energistyrelsen EPT,context,energi,
751,Aarhus,ctx_fjv_biomasse,,67.2,%,2024,Energistyrelsen EPT,context,energi,
813,Frederikshavn,ctx_fjv_biomasse,,5.9,%,2024,Energistyrelsen EPT,context,energi,
161,Glostrup,ctx_fjv_biomasse,,0.0,%,2024,Energistyrelsen EPT,context,energi,
270,Gribskov,ctx_fjv_biomasse,,42.6,%,2024,Energistyrelsen EPT,context,energi,
860,Hjørring,ctx_fjv_biomasse,,52.4,%,2024,Energistyrelsen EPT,context,energi,
479,Svendborg,ctx_fjv_biomasse,,7.2,%,2024,Energistyrelsen EPT,context,energi,
791,Viborg,ctx_fjv_biomasse,,7.8,%,2024,Energistyrelsen EPT,context,energi,
480,Nordfyns,ctx_fjv_biomasse,,70.5,%,2024,Energistyrelsen EPT,context,energi,
706,Syddjurs,ctx_fjv_biomasse,,96.8,%,2024,Energistyrelsen EPT,context,energi,
630,Vejle,ctx_fjv_biomasse,,56.3,%,2024,Energistyrelsen EPT,context,energi,
101,København,ctx_fjv_biomasse,,65.8,%,2024,Energistyrelsen EPT,context,energi,
730,Randers,ctx_fjv_biomasse,,90.5,%,2024,Energistyrelsen EPT,context,energi,
760,Ringkøbing-Skjern,ctx_fjv_biomasse,,42.1,%,2024,Energistyrelsen EPT,context,energi,
430,Faaborg-Midtfyn,ctx_fjv_biomasse,,52.4,%,2024,Energistyrelsen EPT,context,energi,
320,Faxe,ctx_fjv_biomasse,,81.5,%,2024,Energistyrelsen EPT,context,energi,
169,Høje-Taastrup,ctx_fjv_biomasse,,0.0,%,2024,Energistyrelsen EPT,context,energi,
573,Varde,ctx_fjv_biomasse,,59.5,%,2024,Energistyrelsen EPT,context,energi,
621,Kolding,ctx_fjv_biomasse,,4.7,%,2024,Energistyrelsen EPT,context,energi,
420,Assens,ctx_fjv_biomasse,,57.1,%,2024,Energistyrelsen EPT,context,energi,
580,Aabenraa,ctx_fjv_biomasse,,88.7,%,2024,Energistyrelsen EPT,context,energi,
787,Thisted,ctx_fjv_biomasse,,42.1,%,2024,Energistyrelsen EPT,context,energi,
756,Ikast-Brande,ctx_fjv_biomasse,,26.1,%,2024,Energistyrelsen EPT,context,energi,
461,Odense,ctx_fjv_biomasse,,39.6,%,2024,Energistyrelsen EPT,context,energi,
779,Skive,ctx_fjv_biomasse,,65.6,%,2024,Energistyrelsen EPT,context,energi,
450,Nyborg,ctx_fjv_biomasse,,5.0,%,2024,Energistyrelsen EPT,context,energi,
846,Mariagerfjord,ctx_fjv_biomasse,,76.4,%,2024,Energistyrelsen EPT,context,energi,
820,Vesthimmerlands,ctx_fjv_biomasse,,58.8,%,2024,Energistyrelsen EPT,context,energi,
540,Sønderborg,ctx_fjv_biomasse,,55.4,%,2024,Energistyrelsen EPT,context,energi,
400,Bornholm,ctx_fjv_biomasse,,78.2,%,2024,Energistyrelsen EPT,context,energi,
510,Haderslev,ctx_fjv_biomasse,,52.7,%,2024,Energistyrelsen EPT,context,energi,
671,Struer,ctx_fjv_biomasse,,59.4,%,2024,Energistyrelsen EPT,context,energi,
665,Lemvig,ctx_fjv_biomasse,,87.9,%,2024,Energistyrelsen EPT,context,energi,
707,Norddjurs,ctx_fjv_biomasse,,82.7,%,2024,Energistyrelsen EPT,context,energi,
330,Slagelse,ctx_fjv_biomasse,,80.7,%,2024,Energistyrelsen EPT,context,energi,
306,Odsherred,ctx_fjv_biomasse,,13.1,%,2024,Energistyrelsen EPT,context,energi,
575,Vejen,ctx_fjv_biomasse,,79.5,%,2024,Energistyrelsen EPT,context,energi,
376,Guldborgsund,ctx_fjv_biomasse,,50.0,%,2024,Energistyrelsen EPT,context,energi,
849,Jammerbugt,ctx_fjv_biomasse,,62.1,%,2024,Energistyrelsen EPT,context,energi,
326,Kalundborg,ctx_fjv_biomasse,,86.0,%,2024,Energistyrelsen EPT,context,energi,
390,Vordingborg,ctx_fjv_biomasse,,81.6,%,2024,Energistyrelsen EPT,context,energi,
550,Tønder,ctx_fjv_biomasse,,40.6,%,2024,Energistyrelsen EPT,context,energi,
360,Lolland,ctx_fjv_biomasse,,99.1,%,2024,Energistyrelsen EPT,context,energi,
741,Samsø,ctx_fjv_biomasse,,97.0,%,2024,Energistyrelsen EPT,context,energi,
482,Langeland,ctx_fjv_biomasse,,87.0,%,2024,Energistyrelsen EPT,context,energi,
190,Furesø,ctx_fjv_affald,,0.0,%,2024,Energistyrelsen EPT,context,energi,
167,Hvidovre,ctx_fjv_affald,,0.0,%,2024,Energistyrelsen EPT,context,energi,
230,Rudersdal,ctx_fjv_affald,,0.0,%,2024,Energistyrelsen EPT,context,energi,
746,Skanderborg,ctx_fjv_affald,,30.3,%,2024,Energistyrelsen EPT,context,energi,
265,Roskilde,ctx_fjv_affald,,92.9,%,2024,Energistyrelsen EPT,context,energi,
240,Egedal,ctx_fjv_affald,,0.0,%,2024,Energistyrelsen EPT,context,energi,
223,Hørsholm,ctx_fjv_affald,,41.8,%,2024,Energistyrelsen EPT,context,energi,
350,Lejre,ctx_fjv_affald,,0.0,%,2024,Energistyrelsen EPT,context,energi,
173,Lyngby-Taarbæk,ctx_fjv_affald,,0.0,%,2024,Energistyrelsen EPT,context,energi,
183,Ishøj,ctx_fjv_affald,,0.0,%,2024,Energistyrelsen EPT,context,energi,
710,Favrskov,ctx_fjv_affald,,25.0,%,2024,Energistyrelsen EPT,context,energi,
530,Billund,ctx_fjv_affald,,0.0,%,2024,Energistyrelsen EPT,context,energi,
840,Rebild,ctx_fjv_affald,,0.0,%,2024,Energistyrelsen EPT,context,energi,
259,Køge,ctx_fjv_affald,,0.0,%,2024,Energistyrelsen EPT,context,energi,
159,Gladsaxe,ctx_fjv_affald,,0.0,%,2024,Energistyrelsen EPT,context,energi,
217,Helsingør,ctx_fjv_affald,,0.0,%,2024,Energistyrelsen EPT,context,energi,
250,Frederikssund,ctx_fjv_affald,,0.0,%,2024,Energistyrelsen EPT,context,energi,
661,Holstebro,ctx_fjv_affald,,48.1,%,2024,Energistyrelsen EPT,context,energi,
657,Herning,ctx_fjv_affald,,0.0,%,2024,Energistyrelsen EPT,context,energi,
260,Halsnæs,ctx_fjv_affald,,0.0,%,2024,Energistyrelsen EPT,context,energi,
773,Morsø,ctx_fjv_affald,,0.0,%,2024,Energistyrelsen EPT,context,energi,
219,Hillerød,ctx_fjv_affald,,0.0,%,2024,Energistyrelsen EPT,context,energi,
340,Sorø,ctx_fjv_affald,,0.0,%,2024,Energistyrelsen EPT,context,energi,
492,Ærø,ctx_fjv_affald,,0.0,%,2024,Energistyrelsen EPT,context,energi,
561,Esbjerg,ctx_fjv_affald,,41.8,%,2024,Energistyrelsen EPT,context,energi,
740,Silkeborg,ctx_fjv_affald,,0.0,%,2024,Energistyrelsen EPT,context,energi,
615,Horsens,ctx_fjv_affald,,37.0,%,2024,Energistyrelsen EPT,context,energi,
316,Holbæk,ctx_fjv_affald,,0.0,%,2024,Energistyrelsen EPT,context,energi,
766,Hedensted,ctx_fjv_affald,,0.0,%,2024,Energistyrelsen EPT,context,energi,
607,Fredericia,ctx_fjv_affald,,0.0,%,2024,Energistyrelsen EPT,context,energi,
410,Middelfart,ctx_fjv_affald,,0.0,%,2024,Energistyrelsen EPT,context,energi,
329,Ringsted,ctx_fjv_affald,,0.0,%,2024,Energistyrelsen EPT,context,energi,
370,Næstved,ctx_fjv_affald,,65.2,%,2024,Energistyrelsen EPT,context,energi,
851,Aalborg,ctx_fjv_affald,,19.6,%,2024,Energistyrelsen EPT,context,energi,
810,Brønderslev,ctx_fjv_affald,,0.0,%,2024,Energistyrelsen EPT,context,energi,
727,Odder,ctx_fjv_affald,,0.0,%,2024,Energistyrelsen EPT,context,energi,
751,Aarhus,ctx_fjv_affald,,18.2,%,2024,Energistyrelsen EPT,context,energi,
813,Frederikshavn,ctx_fjv_affald,,17.3,%,2024,Energistyrelsen EPT,context,energi,
161,Glostrup,ctx_fjv_affald,,96.5,%,2024,Energistyrelsen EPT,context,energi,
270,Gribskov,ctx_fjv_affald,,0.0,%,2024,Energistyrelsen EPT,context,energi,
860,Hjørring,ctx_fjv_affald,,33.8,%,2024,Energistyrelsen EPT,context,energi,
479,Svendborg,ctx_fjv_affald,,0.0,%,2024,Energistyrelsen EPT,context,energi,
791,Viborg,ctx_fjv_affald,,0.0,%,2024,Energistyrelsen EPT,context,energi,
480,Nordfyns,ctx_fjv_affald,,0.0,%,2024,Energistyrelsen EPT,context,energi,
706,Syddjurs,ctx_fjv_affald,,0.0,%,2024,Energistyrelsen EPT,context,energi,
630,Vejle,ctx_fjv_affald,,0.0,%,2024,Energistyrelsen EPT,context,energi,
101,København,ctx_fjv_affald,,24.4,%,2024,Energistyrelsen EPT,context,energi,
730,Randers,ctx_fjv_affald,,0.0,%,2024,Energistyrelsen EPT,context,energi,
760,Ringkøbing-Skjern,ctx_fjv_affald,,0.0,%,2024,Energistyrelsen EPT,context,energi,
430,Faaborg-Midtfyn,ctx_fjv_affald,,0.0,%,2024,Energistyrelsen EPT,context,energi,
320,Faxe,ctx_fjv_affald,,0.0,%,2024,Energistyrelsen EPT,context,energi,
169,Høje-Taastrup,ctx_fjv_affald,,0.0,%,2024,Energistyrelsen EPT,context,energi,
573,Varde,ctx_fjv_affald,,0.0,%,2024,Energistyrelsen EPT,context,energi,
621,Kolding,ctx_fjv_affald,,85.9,%,2024,Energistyrelsen EPT,context,energi,
420,Assens,ctx_fjv_affald,,0.0,%,2024,Energistyrelsen EPT,context,energi,
580,Aabenraa,ctx_fjv_affald,,0.0,%,2024,Energistyrelsen EPT,context,energi,
787,Thisted,ctx_fjv_affald,,35.3,%,2024,Energistyrelsen EPT,context,energi,
756,Ikast-Brande,ctx_fjv_affald,,0.0,%,2024,Energistyrelsen EPT,context,energi,
461,Odense,ctx_fjv_affald,,26.6,%,2024,Energistyrelsen EPT,context,energi,
779,Skive,ctx_fjv_affald,,0.0,%,2024,Energistyrelsen EPT,context,energi,
450,Nyborg,ctx_fjv_affald,,77.4,%,2024,Energistyrelsen EPT,context,energi,
846,Mariagerfjord,ctx_fjv_affald,,0.0,%,2024,Energistyrelsen EPT,context,energi,
820,Vesthimmerlands,ctx_fjv_affald,,26.3,%,2024,Energistyrelsen EPT,context,energi,
540,Sønderborg,ctx_fjv_affald,,27.6,%,2024,Energistyrelsen EPT,context,energi,
400,Bornholm,ctx_fjv_affald,,20.2,%,2024,Energistyrelsen EPT,context,energi,
510,Haderslev,ctx_fjv_affald,,0.0,%,2024,Energistyrelsen EPT,context,energi,
671,Struer,ctx_fjv_affald,,0.0,%,2024,Energistyrelsen EPT,context,energi,
665,Lemvig,ctx_fjv_affald,,0.0,%,2024,Energistyrelsen EPT,context,energi,
707,Norddjurs,ctx_fjv_affald,,0.0,%,2024,Energistyrelsen EPT,context,energi,
330,Slagelse,ctx_fjv_affald,,7.7,%,2024,Energistyrelsen EPT,context,energi,
306,Odsherred,ctx_fjv_affald,,0.0,%,2024,Energistyrelsen EPT,context,energi,
575,Vejen,ctx_fjv_affald,,0.0,%,2024,Energistyrelsen EPT,context,energi,
376,Guldborgsund,ctx_fjv_affald,,26.2,%,2024,Energistyrelsen EPT,context,energi,
849,Jammerbugt,ctx_fjv_affald,,0.0,%,2024,Energistyrelsen EPT,context,energi,
326,Kalundborg,ctx_fjv_affald,,0.0,%,2024,Energistyrelsen EPT,context,energi,
390,Vordingborg,ctx_fjv_affald,,0.0,%,2024,Energistyrelsen EPT,context,energi,
550,Tønder,ctx_fjv_affald,,0.0,%,2024,Energistyrelsen EPT,context,energi,
360,Lolland,ctx_fjv_affald,,0.0,%,2024,Energistyrelsen EPT,context,energi,
741,Samsø,ctx_fjv_affald,,0.0,%,2024,Energistyrelsen EPT,context,energi,
482,Langeland,ctx_fjv_affald,,0.0,%,2024,Energistyrelsen EPT,context,energi,
190,Furesø,ctx_fjv_fossil,,99.3,%,2024,Energistyrelsen EPT,context,energi,
167,Hvidovre,ctx_fjv_fossil,,3.3,%,2024,Energistyrelsen EPT,context,energi,
230,Rudersdal,ctx_fjv_fossil,,100.0,%,2024,Energistyrelsen EPT,context,energi,
746,Skanderborg,ctx_fjv_fossil,,2.2,%,2024,Energistyrelsen EPT,context,energi,
265,Roskilde,ctx_fjv_fossil,,2.7,%,2024,Energistyrelsen EPT,context,energi,
240,Egedal,ctx_fjv_fossil,,14.2,%,2024,Energistyrelsen EPT,context,energi,
223,Hørsholm,ctx_fjv_fossil,,5.6,%,2024,Energistyrelsen EPT,context,energi,
350,Lejre,ctx_fjv_fossil,,19.9,%,2024,Energistyrelsen EPT,context,energi,
173,Lyngby-Taarbæk,ctx_fjv_fossil,,41.7,%,2024,Energistyrelsen EPT,context,energi,
183,Ishøj,ctx_fjv_fossil,,0.0,%,2024,Energistyrelsen EPT,context,energi,
710,Favrskov,ctx_fjv_fossil,,7.2,%,2024,Energistyrelsen EPT,context,energi,
530,Billund,ctx_fjv_fossil,,4.7,%,2024,Energistyrelsen EPT,context,energi,
840,Rebild,ctx_fjv_fossil,,15.0,%,2024,Energistyrelsen EPT,context,energi,
259,Køge,ctx_fjv_fossil,,44.7,%,2024,Energistyrelsen EPT,context,energi,
159,Gladsaxe,ctx_fjv_fossil,,60.6,%,2024,Energistyrelsen EPT,context,energi,
217,Helsingør,ctx_fjv_fossil,,10.4,%,2024,Energistyrelsen EPT,context,energi,
250,Frederikssund,ctx_fjv_fossil,,40.5,%,2024,Energistyrelsen EPT,context,energi,
661,Holstebro,ctx_fjv_fossil,,5.8,%,2024,Energistyrelsen EPT,context,energi,
657,Herning,ctx_fjv_fossil,,7.5,%,2024,Energistyrelsen EPT,context,energi,
260,Halsnæs,ctx_fjv_fossil,,8.0,%,2024,Energistyrelsen EPT,context,energi,
773,Morsø,ctx_fjv_fossil,,41.1,%,2024,Energistyrelsen EPT,context,energi,
219,Hillerød,ctx_fjv_fossil,,37.0,%,2024,Energistyrelsen EPT,context,energi,
340,Sorø,ctx_fjv_fossil,,24.6,%,2024,Energistyrelsen EPT,context,energi,
492,Ærø,ctx_fjv_fossil,,0.2,%,2024,Energistyrelsen EPT,context,energi,
561,Esbjerg,ctx_fjv_fossil,,26.3,%,2024,Energistyrelsen EPT,context,energi,
740,Silkeborg,ctx_fjv_fossil,,45.0,%,2024,Energistyrelsen EPT,context,energi,
615,Horsens,ctx_fjv_fossil,,5.1,%,2024,Energistyrelsen EPT,context,energi,
316,Holbæk,ctx_fjv_fossil,,47.1,%,2024,Energistyrelsen EPT,context,energi,
766,Hedensted,ctx_fjv_fossil,,14.6,%,2024,Energistyrelsen EPT,context,energi,
607,Fredericia,ctx_fjv_fossil,,5.1,%,2024,Energistyrelsen EPT,context,energi,
410,Middelfart,ctx_fjv_fossil,,14.0,%,2024,Energistyrelsen EPT,context,energi,
329,Ringsted,ctx_fjv_fossil,,7.3,%,2024,Energistyrelsen EPT,context,energi,
370,Næstved,ctx_fjv_fossil,,13.7,%,2024,Energistyrelsen EPT,context,energi,
851,Aalborg,ctx_fjv_fossil,,51.3,%,2024,Energistyrelsen EPT,context,energi,
810,Brønderslev,ctx_fjv_fossil,,16.3,%,2024,Energistyrelsen EPT,context,energi,
727,Odder,ctx_fjv_fossil,,22.8,%,2024,Energistyrelsen EPT,context,energi,
751,Aarhus,ctx_fjv_fossil,,2.9,%,2024,Energistyrelsen EPT,context,energi,
813,Frederikshavn,ctx_fjv_fossil,,20.7,%,2024,Energistyrelsen EPT,context,energi,
161,Glostrup,ctx_fjv_fossil,,3.5,%,2024,Energistyrelsen EPT,context,energi,
270,Gribskov,ctx_fjv_fossil,,32.5,%,2024,Energistyrelsen EPT,context,energi,
860,Hjørring,ctx_fjv_fossil,,5.8,%,2024,Energistyrelsen EPT,context,energi,
479,Svendborg,ctx_fjv_fossil,,26.6,%,2024,Energistyrelsen EPT,context,energi,
791,Viborg,ctx_fjv_fossil,,32.8,%,2024,Energistyrelsen EPT,context,energi,
480,Nordfyns,ctx_fjv_fossil,,18.8,%,2024,Energistyrelsen EPT,context,energi,
706,Syddjurs,ctx_fjv_fossil,,0.2,%,2024,Energistyrelsen EPT,context,energi,
630,Vejle,ctx_fjv_fossil,,16.2,%,2024,Energistyrelsen EPT,context,energi,
101,København,ctx_fjv_fossil,,9.0,%,2024,Energistyrelsen EPT,context,energi,
730,Randers,ctx_fjv_fossil,,2.5,%,2024,Energistyrelsen EPT,context,energi,
760,Ringkøbing-Skjern,ctx_fjv_fossil,,12.8,%,2024,Energistyrelsen EPT,context,energi,
430,Faaborg-Midtfyn,ctx_fjv_fossil,,9.8,%,2024,Energistyrelsen EPT,context,energi,
320,Faxe,ctx_fjv_fossil,,12.2,%,2024,Energistyrelsen EPT,context,energi,
169,Høje-Taastrup,ctx_fjv_fossil,,30.8,%,2024,Energistyrelsen EPT,context,energi,
573,Varde,ctx_fjv_fossil,,16.7,%,2024,Energistyrelsen EPT,context,energi,
621,Kolding,ctx_fjv_fossil,,4.5,%,2024,Energistyrelsen EPT,context,energi,
420,Assens,ctx_fjv_fossil,,5.1,%,2024,Energistyrelsen EPT,context,energi,
580,Aabenraa,ctx_fjv_fossil,,0.2,%,2024,Energistyrelsen EPT,context,energi,
787,Thisted,ctx_fjv_fossil,,7.9,%,2024,Energistyrelsen EPT,context,energi,
756,Ikast-Brande,ctx_fjv_fossil,,19.1,%,2024,Energistyrelsen EPT,context,energi,
461,Odense,ctx_fjv_fossil,,17.0,%,2024,Energistyrelsen EPT,context,energi,
779,Skive,ctx_fjv_fossil,,7.4,%,2024,Energistyrelsen EPT,context,energi,
450,Nyborg,ctx_fjv_fossil,,7.5,%,2024,Energistyrelsen EPT,context,energi,
846,Mariagerfjord,ctx_fjv_fossil,,8.3,%,2024,Energistyrelsen EPT,context,energi,
820,Vesthimmerlands,ctx_fjv_fossil,,1.4,%,2024,Energistyrelsen EPT,context,energi,
540,Sønderborg,ctx_fjv_fossil,,8.0,%,2024,Energistyrelsen EPT,context,energi,
400,Bornholm,ctx_fjv_fossil,,1.6,%,2024,Energistyrelsen EPT,context,energi,
510,Haderslev,ctx_fjv_fossil,,21.6,%,2024,Energistyrelsen EPT,context,energi,
671,Struer,ctx_fjv_fossil,,30.5,%,2024,Energistyrelsen EPT,context,energi,
665,Lemvig,ctx_fjv_fossil,,2.8,%,2024,Energistyrelsen EPT,context,energi,
707,Norddjurs,ctx_fjv_fossil,,1.0,%,2024,Energistyrelsen EPT,context,energi,
330,Slagelse,ctx_fjv_fossil,,7.5,%,2024,Energistyrelsen EPT,context,energi,
306,Odsherred,ctx_fjv_fossil,,16.6,%,2024,Energistyrelsen EPT,context,energi,
575,Vejen,ctx_fjv_fossil,,5.7,%,2024,Energistyrelsen EPT,context,energi,
376,Guldborgsund,ctx_fjv_fossil,,18.2,%,2024,Energistyrelsen EPT,context,energi,
849,Jammerbugt,ctx_fjv_fossil,,12.7,%,2024,Energistyrelsen EPT,context,energi,
326,Kalundborg,ctx_fjv_fossil,,0.3,%,2024,Energistyrelsen EPT,context,energi,
390,Vordingborg,ctx_fjv_fossil,,3.7,%,2024,Energistyrelsen EPT,context,energi,
550,Tønder,ctx_fjv_fossil,,12.3,%,2024,Energistyrelsen EPT,context,energi,
360,Lolland,ctx_fjv_fossil,,0.0,%,2024,Energistyrelsen EPT,context,energi,
741,Samsø,ctx_fjv_fossil,,0.3,%,2024,Energistyrelsen EPT,context,energi,
482,Langeland,ctx_fjv_fossil,,0.3,%,2024,Energistyrelsen EPT,context,energi,
190,Furesø,ctx_fjv_ren,,0.0,%,2024,Energistyrelsen EPT,context,energi,
167,Hvidovre,ctx_fjv_ren,,0.0,%,2024,Energistyrelsen EPT,context,energi,
230,Rudersdal,ctx_fjv_ren,,0.0,%,2024,Energistyrelsen EPT,context,energi,
746,Skanderborg,ctx_fjv_ren,,20.1,%,2024,Energistyrelsen EPT,context,energi,
265,Roskilde,ctx_fjv_ren,,3.9,%,2024,Energistyrelsen EPT,context,energi,
240,Egedal,ctx_fjv_ren,,40.7,%,2024,Energistyrelsen EPT,context,energi,
223,Hørsholm,ctx_fjv_ren,,0.0,%,2024,Energistyrelsen EPT,context,energi,
350,Lejre,ctx_fjv_ren,,0.0,%,2024,Energistyrelsen EPT,context,energi,
173,Lyngby-Taarbæk,ctx_fjv_ren,,55.1,%,2024,Energistyrelsen EPT,context,energi,
183,Ishøj,ctx_fjv_ren,,0.0,%,2024,Energistyrelsen EPT,context,energi,
710,Favrskov,ctx_fjv_ren,,7.6,%,2024,Energistyrelsen EPT,context,energi,
530,Billund,ctx_fjv_ren,,37.5,%,2024,Energistyrelsen EPT,context,energi,
840,Rebild,ctx_fjv_ren,,36.6,%,2024,Energistyrelsen EPT,context,energi,
259,Køge,ctx_fjv_ren,,6.5,%,2024,Energistyrelsen EPT,context,energi,
159,Gladsaxe,ctx_fjv_ren,,39.4,%,2024,Energistyrelsen EPT,context,energi,
217,Helsingør,ctx_fjv_ren,,0.8,%,2024,Energistyrelsen EPT,context,energi,
250,Frederikssund,ctx_fjv_ren,,54.2,%,2024,Energistyrelsen EPT,context,energi,
661,Holstebro,ctx_fjv_ren,,1.4,%,2024,Energistyrelsen EPT,context,energi,
657,Herning,ctx_fjv_ren,,11.8,%,2024,Energistyrelsen EPT,context,energi,
260,Halsnæs,ctx_fjv_ren,,10.4,%,2024,Energistyrelsen EPT,context,energi,
773,Morsø,ctx_fjv_ren,,44.5,%,2024,Energistyrelsen EPT,context,energi,
219,Hillerød,ctx_fjv_ren,,3.3,%,2024,Energistyrelsen EPT,context,energi,
340,Sorø,ctx_fjv_ren,,0.0,%,2024,Energistyrelsen EPT,context,energi,
492,Ærø,ctx_fjv_ren,,42.0,%,2024,Energistyrelsen EPT,context,energi,
561,Esbjerg,ctx_fjv_ren,,22.5,%,2024,Energistyrelsen EPT,context,energi,
740,Silkeborg,ctx_fjv_ren,,40.2,%,2024,Energistyrelsen EPT,context,energi,
615,Horsens,ctx_fjv_ren,,19.1,%,2024,Energistyrelsen EPT,context,energi,
316,Holbæk,ctx_fjv_ren,,22.1,%,2024,Energistyrelsen EPT,context,energi,
766,Hedensted,ctx_fjv_ren,,52.0,%,2024,Energistyrelsen EPT,context,energi,
607,Fredericia,ctx_fjv_ren,,28.5,%,2024,Energistyrelsen EPT,context,energi,
410,Middelfart,ctx_fjv_ren,,0.7,%,2024,Energistyrelsen EPT,context,energi,
329,Ringsted,ctx_fjv_ren,,33.9,%,2024,Energistyrelsen EPT,context,energi,
370,Næstved,ctx_fjv_ren,,9.9,%,2024,Energistyrelsen EPT,context,energi,
851,Aalborg,ctx_fjv_ren,,21.8,%,2024,Energistyrelsen EPT,context,energi,
810,Brønderslev,ctx_fjv_ren,,36.6,%,2024,Energistyrelsen EPT,context,energi,
727,Odder,ctx_fjv_ren,,18.4,%,2024,Energistyrelsen EPT,context,energi,
751,Aarhus,ctx_fjv_ren,,11.7,%,2024,Energistyrelsen EPT,context,energi,
813,Frederikshavn,ctx_fjv_ren,,56.1,%,2024,Energistyrelsen EPT,context,energi,
161,Glostrup,ctx_fjv_ren,,0.0,%,2024,Energistyrelsen EPT,context,energi,
270,Gribskov,ctx_fjv_ren,,24.9,%,2024,Energistyrelsen EPT,context,energi,
860,Hjørring,ctx_fjv_ren,,8.0,%,2024,Energistyrelsen EPT,context,energi,
479,Svendborg,ctx_fjv_ren,,66.2,%,2024,Energistyrelsen EPT,context,energi,
791,Viborg,ctx_fjv_ren,,59.4,%,2024,Energistyrelsen EPT,context,energi,
480,Nordfyns,ctx_fjv_ren,,10.7,%,2024,Energistyrelsen EPT,context,energi,
706,Syddjurs,ctx_fjv_ren,,3.0,%,2024,Energistyrelsen EPT,context,energi,
630,Vejle,ctx_fjv_ren,,27.5,%,2024,Energistyrelsen EPT,context,energi,
101,København,ctx_fjv_ren,,0.9,%,2024,Energistyrelsen EPT,context,energi,
730,Randers,ctx_fjv_ren,,7.1,%,2024,Energistyrelsen EPT,context,energi,
760,Ringkøbing-Skjern,ctx_fjv_ren,,45.1,%,2024,Energistyrelsen EPT,context,energi,
430,Faaborg-Midtfyn,ctx_fjv_ren,,37.8,%,2024,Energistyrelsen EPT,context,energi,
320,Faxe,ctx_fjv_ren,,6.3,%,2024,Energistyrelsen EPT,context,energi,
169,Høje-Taastrup,ctx_fjv_ren,,69.2,%,2024,Energistyrelsen EPT,context,energi,
573,Varde,ctx_fjv_ren,,23.8,%,2024,Energistyrelsen EPT,context,energi,
621,Kolding,ctx_fjv_ren,,5.0,%,2024,Energistyrelsen EPT,context,energi,
420,Assens,ctx_fjv_ren,,37.8,%,2024,Energistyrelsen EPT,context,energi,
580,Aabenraa,ctx_fjv_ren,,11.1,%,2024,Energistyrelsen EPT,context,energi,
787,Thisted,ctx_fjv_ren,,14.7,%,2024,Energistyrelsen EPT,context,energi,
756,Ikast-Brande,ctx_fjv_ren,,54.7,%,2024,Energistyrelsen EPT,context,energi,
461,Odense,ctx_fjv_ren,,16.9,%,2024,Energistyrelsen EPT,context,energi,
779,Skive,ctx_fjv_ren,,26.9,%,2024,Energistyrelsen EPT,context,energi,
450,Nyborg,ctx_fjv_ren,,10.1,%,2024,Energistyrelsen EPT,context,energi,
846,Mariagerfjord,ctx_fjv_ren,,15.3,%,2024,Energistyrelsen EPT,context,energi,
820,Vesthimmerlands,ctx_fjv_ren,,13.5,%,2024,Energistyrelsen EPT,context,energi,
540,Sønderborg,ctx_fjv_ren,,9.0,%,2024,Energistyrelsen EPT,context,energi,
400,Bornholm,ctx_fjv_ren,,0.0,%,2024,Energistyrelsen EPT,context,energi,
510,Haderslev,ctx_fjv_ren,,25.7,%,2024,Energistyrelsen EPT,context,energi,
671,Struer,ctx_fjv_ren,,10.1,%,2024,Energistyrelsen EPT,context,energi,
665,Lemvig,ctx_fjv_ren,,9.2,%,2024,Energistyrelsen EPT,context,energi,
707,Norddjurs,ctx_fjv_ren,,16.4,%,2024,Energistyrelsen EPT,context,energi,
330,Slagelse,ctx_fjv_ren,,4.1,%,2024,Energistyrelsen EPT,context,energi,
306,Odsherred,ctx_fjv_ren,,70.3,%,2024,Energistyrelsen EPT,context,energi,
575,Vejen,ctx_fjv_ren,,14.8,%,2024,Energistyrelsen EPT,context,energi,
376,Guldborgsund,ctx_fjv_ren,,5.5,%,2024,Energistyrelsen EPT,context,energi,
849,Jammerbugt,ctx_fjv_ren,,25.3,%,2024,Energistyrelsen EPT,context,energi,
326,Kalundborg,ctx_fjv_ren,,13.7,%,2024,Energistyrelsen EPT,context,energi,
390,Vordingborg,ctx_fjv_ren,,14.7,%,2024,Energistyrelsen EPT,context,energi,
550,Tønder,ctx_fjv_ren,,47.1,%,2024,Energistyrelsen EPT,context,energi,
360,Lolland,ctx_fjv_ren,,0.8,%,2024,Energistyrelsen EPT,context,energi,
741,Samsø,ctx_fjv_ren,,2.8,%,2024,Energistyrelsen EPT,context,energi,
482,Langeland,ctx_fjv_ren,,12.7,%,2024,Energistyrelsen EPT,context,energi,
201,Allerød,ctx_fossil_direkte,,59.73,%,2026,DST BYGB40,context,energi,
153,Brøndby,ctx_fossil_direkte,,12.48,%,2026,DST BYGB40,context,energi,
175,Rødovre,ctx_fossil_direkte,,31.83,%,2026,DST BYGB40,context,energi,
155,Dragør,ctx_fossil_direkte,,75.88,%,2026,DST BYGB40,context,energi,
190,Furesø,ctx_fossil_direkte,,36.76,%,2026,DST BYGB40,context,energi,
167,Hvidovre,ctx_fossil_direkte,,30.11,%,2026,DST BYGB40,context,energi,
230,Rudersdal,ctx_fossil_direkte,,54.19,%,2026,DST BYGB40,context,energi,
746,Skanderborg,ctx_fossil_direkte,,9.61,%,2026,DST BYGB40,context,energi,
269,Solrød,ctx_fossil_direkte,,34.26,%,2026,DST BYGB40,context,energi,
265,Roskilde,ctx_fossil_direkte,,21.99,%,2026,DST BYGB40,context,energi,
240,Egedal,ctx_fossil_direkte,,38.94,%,2026,DST BYGB40,context,energi,
151,Ballerup,ctx_fossil_direkte,,39.01,%,2026,DST BYGB40,context,energi,
223,Hørsholm,ctx_fossil_direkte,,49.69,%,2026,DST BYGB40,context,energi,
185,Tårnby,ctx_fossil_direkte,,47.96,%,2026,DST BYGB40,context,energi,
157,Gentofte,ctx_fossil_direkte,,19.73,%,2026,DST BYGB40,context,energi,
350,Lejre,ctx_fossil_direkte,,34.89,%,2026,DST BYGB40,context,energi,
163,Herlev,ctx_fossil_direkte,,36.09,%,2026,DST BYGB40,context,energi,
173,Lyngby-Taarbæk,ctx_fossil_direkte,,54.26,%,2026,DST BYGB40,context,energi,
210,Fredensborg,ctx_fossil_direkte,,40.22,%,2026,DST BYGB40,context,energi,
183,Ishøj,ctx_fossil_direkte,,25.91,%,2026,DST BYGB40,context,energi,
710,Favrskov,ctx_fossil_direkte,,11.59,%,2026,DST BYGB40,context,energi,
530,Billund,ctx_fossil_direkte,,8.47,%,2026,DST BYGB40,context,energi,
840,Rebild,ctx_fossil_direkte,,9.58,%,2026,DST BYGB40,context,energi,
187,Vallensbæk,ctx_fossil_direkte,,30.57,%,2026,DST BYGB40,context,energi,
253,Greve,ctx_fossil_direkte,,47.96,%,2026,DST BYGB40,context,energi,
147,Frederiksberg,ctx_fossil_direkte,,0.22,%,2026,DST BYGB40,context,energi,
259,Køge,ctx_fossil_direkte,,50.01,%,2026,DST BYGB40,context,energi,
159,Gladsaxe,ctx_fossil_direkte,,32.12,%,2026,DST BYGB40,context,energi,
217,Helsingør,ctx_fossil_direkte,,37.36,%,2026,DST BYGB40,context,energi,
250,Frederikssund,ctx_fossil_direkte,,37.42,%,2026,DST BYGB40,context,energi,
661,Holstebro,ctx_fossil_direkte,,6.64,%,2026,DST BYGB40,context,energi,
825,Læsø,ctx_fossil_direkte,,25.81,%,2026,DST BYGB40,context,energi,
657,Herning,ctx_fossil_direkte,,4.83,%,2026,DST BYGB40,context,energi,
260,Halsnæs,ctx_fossil_direkte,,13.93,%,2026,DST BYGB40,context,energi,
773,Morsø,ctx_fossil_direkte,,36.47,%,2026,DST BYGB40,context,energi,
219,Hillerød,ctx_fossil_direkte,,14.32,%,2026,DST BYGB40,context,energi,
340,Sorø,ctx_fossil_direkte,,35.77,%,2026,DST BYGB40,context,energi,
492,Ærø,ctx_fossil_direkte,,12.58,%,2026,DST BYGB40,context,energi,
561,Esbjerg,ctx_fossil_direkte,,6.74,%,2026,DST BYGB40,context,energi,
740,Silkeborg,ctx_fossil_direkte,,19.25,%,2026,DST BYGB40,context,energi,
615,Horsens,ctx_fossil_direkte,,8.74,%,2026,DST BYGB40,context,energi,
563,Fanø,ctx_fossil_direkte,,2.97,%,2026,DST BYGB40,context,energi,
316,Holbæk,ctx_fossil_direkte,,53.02,%,2026,DST BYGB40,context,energi,
766,Hedensted,ctx_fossil_direkte,,28.39,%,2026,DST BYGB40,context,energi,
607,Fredericia,ctx_fossil_direkte,,1.81,%,2026,DST BYGB40,context,energi,
410,Middelfart,ctx_fossil_direkte,,23.41,%,2026,DST BYGB40,context,energi,
329,Ringsted,ctx_fossil_direkte,,23.19,%,2026,DST BYGB40,context,energi,
370,Næstved,ctx_fossil_direkte,,32.25,%,2026,DST BYGB40,context,energi,
851,Aalborg,ctx_fossil_direkte,,3.83,%,2026,DST BYGB40,context,energi,
810,Brønderslev,ctx_fossil_direkte,,11.47,%,2026,DST BYGB40,context,energi,
727,Odder,ctx_fossil_direkte,,7.57,%,2026,DST BYGB40,context,energi,
336,Stevns,ctx_fossil_direkte,,46.03,%,2026,DST BYGB40,context,energi,
751,Aarhus,ctx_fossil_direkte,,1.1,%,2026,DST BYGB40,context,energi,
813,Frederikshavn,ctx_fossil_direkte,,13.5,%,2026,DST BYGB40,context,energi,
161,Glostrup,ctx_fossil_direkte,,33.45,%,2026,DST BYGB40,context,energi,
270,Gribskov,ctx_fossil_direkte,,19.43,%,2026,DST BYGB40,context,energi,
860,Hjørring,ctx_fossil_direkte,,12.24,%,2026,DST BYGB40,context,energi,
165,Albertslund,ctx_fossil_direkte,,0.23,%,2026,DST BYGB40,context,energi,
479,Svendborg,ctx_fossil_direkte,,37.2,%,2026,DST BYGB40,context,energi,
791,Viborg,ctx_fossil_direkte,,20.72,%,2026,DST BYGB40,context,energi,
480,Nordfyns,ctx_fossil_direkte,,27.52,%,2026,DST BYGB40,context,energi,
706,Syddjurs,ctx_fossil_direkte,,8.98,%,2026,DST BYGB40,context,energi,
440,Kerteminde,ctx_fossil_direkte,,22.08,%,2026,DST BYGB40,context,energi,
630,Vejle,ctx_fossil_direkte,,15.41,%,2026,DST BYGB40,context,energi,
101,København,ctx_fossil_direkte,,0.41,%,2026,DST BYGB40,context,energi,
730,Randers,ctx_fossil_direkte,,17.54,%,2026,DST BYGB40,context,energi,
760,Ringkøbing-Skjern,ctx_fossil_direkte,,15.31,%,2026,DST BYGB40,context,energi,
430,Faaborg-Midtfyn,ctx_fossil_direkte,,30.64,%,2026,DST BYGB40,context,energi,
320,Faxe,ctx_fossil_direkte,,33.31,%,2026,DST BYGB40,context,energi,
169,Høje-Taastrup,ctx_fossil_direkte,,8.0,%,2026,DST BYGB40,context,energi,
573,Varde,ctx_fossil_direkte,,17.65,%,2026,DST BYGB40,context,energi,
621,Kolding,ctx_fossil_direkte,,11.7,%,2026,DST BYGB40,context,energi,
420,Assens,ctx_fossil_direkte,,21.4,%,2026,DST BYGB40,context,energi,
580,Aabenraa,ctx_fossil_direkte,,21.24,%,2026,DST BYGB40,context,energi,
787,Thisted,ctx_fossil_direkte,,14.76,%,2026,DST BYGB40,context,energi,
756,Ikast-Brande,ctx_fossil_direkte,,8.91,%,2026,DST BYGB40,context,energi,
461,Odense,ctx_fossil_direkte,,0.77,%,2026,DST BYGB40,context,energi,
779,Skive,ctx_fossil_direkte,,25.78,%,2026,DST BYGB40,context,energi,
450,Nyborg,ctx_fossil_direkte,,15.45,%,2026,DST BYGB40,context,energi,
846,Mariagerfjord,ctx_fossil_direkte,,20.47,%,2026,DST BYGB40,context,energi,
820,Vesthimmerlands,ctx_fossil_direkte,,11.68,%,2026,DST BYGB40,context,energi,
540,Sønderborg,ctx_fossil_direkte,,17.3,%,2026,DST BYGB40,context,energi,
400,Bornholm,ctx_fossil_direkte,,8.62,%,2026,DST BYGB40,context,energi,
510,Haderslev,ctx_fossil_direkte,,25.35,%,2026,DST BYGB40,context,energi,
671,Struer,ctx_fossil_direkte,,12.47,%,2026,DST BYGB40,context,energi,
665,Lemvig,ctx_fossil_direkte,,10.66,%,2026,DST BYGB40,context,energi,
707,Norddjurs,ctx_fossil_direkte,,10.05,%,2026,DST BYGB40,context,energi,
330,Slagelse,ctx_fossil_direkte,,29.36,%,2026,DST BYGB40,context,energi,
306,Odsherred,ctx_fossil_direkte,,26.12,%,2026,DST BYGB40,context,energi,
575,Vejen,ctx_fossil_direkte,,25.58,%,2026,DST BYGB40,context,energi,
376,Guldborgsund,ctx_fossil_direkte,,11.11,%,2026,DST BYGB40,context,energi,
849,Jammerbugt,ctx_fossil_direkte,,16.97,%,2026,DST BYGB40,context,energi,
326,Kalundborg,ctx_fossil_direkte,,11.51,%,2026,DST BYGB40,context,energi,
390,Vordingborg,ctx_fossil_direkte,,21.89,%,2026,DST BYGB40,context,energi,
550,Tønder,ctx_fossil_direkte,,20.18,%,2026,DST BYGB40,context,energi,
360,Lolland,ctx_fossil_direkte,,15.56,%,2026,DST BYGB40,context,energi,
741,Samsø,ctx_fossil_direkte,,10.95,%,2026,DST BYGB40,context,energi,
482,Langeland,ctx_fossil_direkte,,14.16,%,2026,DST BYGB40,context,energi,
201,Allerød,ctx_fossil_via_fjv,,2.02,%,2026,DST BYGB40 + EPT,context,energi,
153,Brøndby,ctx_fossil_via_fjv,,11.16,%,2026,DST BYGB40 + EPT,context,energi,
175,Rødovre,ctx_fossil_via_fjv,,8.01,%,2026,DST BYGB40 + EPT,context,energi,
155,Dragør,ctx_fossil_via_fjv,,0.65,%,2026,DST BYGB40 + EPT,context,energi,
190,Furesø,ctx_fossil_via_fjv,,46.37,%,2026,DST BYGB40 + EPT,context,energi,
167,Hvidovre,ctx_fossil_via_fjv,,1.98,%,2026,DST BYGB40 + EPT,context,energi,
230,Rudersdal,ctx_fossil_via_fjv,,26.8,%,2026,DST BYGB40 + EPT,context,energi,
746,Skanderborg,ctx_fossil_via_fjv,,1.5,%,2026,DST BYGB40 + EPT,context,energi,
269,Solrød,ctx_fossil_via_fjv,,6.62,%,2026,DST BYGB40 + EPT,context,energi,
265,Roskilde,ctx_fossil_via_fjv,,1.55,%,2026,DST BYGB40 + EPT,context,energi,
240,Egedal,ctx_fossil_via_fjv,,5.09,%,2026,DST BYGB40 + EPT,context,energi,
151,Ballerup,ctx_fossil_via_fjv,,6.91,%,2026,DST BYGB40 + EPT,context,energi,
223,Hørsholm,ctx_fossil_via_fjv,,1.87,%,2026,DST BYGB40 + EPT,context,energi,
185,Tårnby,ctx_fossil_via_fjv,,5.18,%,2026,DST BYGB40 + EPT,context,energi,
157,Gentofte,ctx_fossil_via_fjv,,10.14,%,2026,DST BYGB40 + EPT,context,energi,
350,Lejre,ctx_fossil_via_fjv,,2.5,%,2026,DST BYGB40 + EPT,context,energi,
163,Herlev,ctx_fossil_via_fjv,,7.17,%,2026,DST BYGB40 + EPT,context,energi,
173,Lyngby-Taarbæk,ctx_fossil_via_fjv,,15.42,%,2026,DST BYGB40 + EPT,context,energi,
210,Fredensborg,ctx_fossil_via_fjv,,4.88,%,2026,DST BYGB40 + EPT,context,energi,
183,Ishøj,ctx_fossil_via_fjv,,0.0,%,2026,DST BYGB40 + EPT,context,energi,
710,Favrskov,ctx_fossil_via_fjv,,4.7,%,2026,DST BYGB40 + EPT,context,energi,
530,Billund,ctx_fossil_via_fjv,,3.29,%,2026,DST BYGB40 + EPT,context,energi,
840,Rebild,ctx_fossil_via_fjv,,8.8,%,2026,DST BYGB40 + EPT,context,energi,
187,Vallensbæk,ctx_fossil_via_fjv,,8.02,%,2026,DST BYGB40 + EPT,context,energi,
253,Greve,ctx_fossil_via_fjv,,4.47,%,2026,DST BYGB40 + EPT,context,energi,
147,Frederiksberg,ctx_fossil_via_fjv,,13.27,%,2026,DST BYGB40 + EPT,context,energi,
259,Køge,ctx_fossil_via_fjv,,11.01,%,2026,DST BYGB40 + EPT,context,energi,
159,Gladsaxe,ctx_fossil_via_fjv,,36.74,%,2026,DST BYGB40 + EPT,context,energi,
217,Helsingør,ctx_fossil_via_fjv,,4.6,%,2026,DST BYGB40 + EPT,context,energi,
250,Frederikssund,ctx_fossil_via_fjv,,12.51,%,2026,DST BYGB40 + EPT,context,energi,
661,Holstebro,ctx_fossil_via_fjv,,4.5,%,2026,DST BYGB40 + EPT,context,energi,
825,Læsø,ctx_fossil_via_fjv,,1.79,%,2026,DST BYGB40 + EPT,context,energi,
657,Herning,ctx_fossil_via_fjv,,5.9,%,2026,DST BYGB40 + EPT,context,energi,
260,Halsnæs,ctx_fossil_via_fjv,,4.04,%,2026,DST BYGB40 + EPT,context,energi,
773,Morsø,ctx_fossil_via_fjv,,10.78,%,2026,DST BYGB40 + EPT,context,energi,
219,Hillerød,ctx_fossil_via_fjv,,24.64,%,2026,DST BYGB40 + EPT,context,energi,
340,Sorø,ctx_fossil_via_fjv,,5.77,%,2026,DST BYGB40 + EPT,context,energi,
492,Ærø,ctx_fossil_via_fjv,,0.1,%,2026,DST BYGB40 + EPT,context,energi,
561,Esbjerg,ctx_fossil_via_fjv,,21.54,%,2026,DST BYGB40 + EPT,context,energi,
740,Silkeborg,ctx_fossil_via_fjv,,25.94,%,2026,DST BYGB40 + EPT,context,energi,
615,Horsens,ctx_fossil_via_fjv,,3.83,%,2026,DST BYGB40 + EPT,context,energi,
563,Fanø,ctx_fossil_via_fjv,,8.54,%,2026,DST BYGB40 + EPT,context,energi,
316,Holbæk,ctx_fossil_via_fjv,,3.98,%,2026,DST BYGB40 + EPT,context,energi,
766,Hedensted,ctx_fossil_via_fjv,,4.79,%,2026,DST BYGB40 + EPT,context,energi,
607,Fredericia,ctx_fossil_via_fjv,,4.53,%,2026,DST BYGB40 + EPT,context,energi,
410,Middelfart,ctx_fossil_via_fjv,,7.28,%,2026,DST BYGB40 + EPT,context,energi,
329,Ringsted,ctx_fossil_via_fjv,,3.36,%,2026,DST BYGB40 + EPT,context,energi,
370,Næstved,ctx_fossil_via_fjv,,5.14,%,2026,DST BYGB40 + EPT,context,energi,
851,Aalborg,ctx_fossil_via_fjv,,45.73,%,2026,DST BYGB40 + EPT,context,energi,
810,Brønderslev,ctx_fossil_via_fjv,,10.32,%,2026,DST BYGB40 + EPT,context,energi,
727,Odder,ctx_fossil_via_fjv,,15.07,%,2026,DST BYGB40 + EPT,context,energi,
336,Stevns,ctx_fossil_via_fjv,,0.05,%,2026,DST BYGB40 + EPT,context,energi,
751,Aarhus,ctx_fossil_via_fjv,,2.76,%,2026,DST BYGB40 + EPT,context,energi,
813,Frederikshavn,ctx_fossil_via_fjv,,13.39,%,2026,DST BYGB40 + EPT,context,energi,
161,Glostrup,ctx_fossil_via_fjv,,2.09,%,2026,DST BYGB40 + EPT,context,energi,
270,Gribskov,ctx_fossil_via_fjv,,10.18,%,2026,DST BYGB40 + EPT,context,energi,
860,Hjørring,ctx_fossil_via_fjv,,3.59,%,2026,DST BYGB40 + EPT,context,energi,
165,Albertslund,ctx_fossil_via_fjv,,13.19,%,2026,DST BYGB40 + EPT,context,energi,
479,Svendborg,ctx_fossil_via_fjv,,7.67,%,2026,DST BYGB40 + EPT,context,energi,
791,Viborg,ctx_fossil_via_fjv,,18.73,%,2026,DST BYGB40 + EPT,context,energi,
480,Nordfyns,ctx_fossil_via_fjv,,7.33,%,2026,DST BYGB40 + EPT,context,energi,
706,Syddjurs,ctx_fossil_via_fjv,,0.1,%,2026,DST BYGB40 + EPT,context,energi,
440,Kerteminde,ctx_fossil_via_fjv,,7.55,%,2026,DST BYGB40 + EPT,context,energi,
630,Vejle,ctx_fossil_via_fjv,,9.72,%,2026,DST BYGB40 + EPT,context,energi,
101,København,ctx_fossil_via_fjv,,8.84,%,2026,DST BYGB40 + EPT,context,energi,
730,Randers,ctx_fossil_via_fjv,,1.59,%,2026,DST BYGB40 + EPT,context,energi,
760,Ringkøbing-Skjern,ctx_fossil_via_fjv,,7.25,%,2026,DST BYGB40 + EPT,context,energi,
430,Faaborg-Midtfyn,ctx_fossil_via_fjv,,3.18,%,2026,DST BYGB40 + EPT,context,energi,
320,Faxe,ctx_fossil_via_fjv,,2.98,%,2026,DST BYGB40 + EPT,context,energi,
169,Høje-Taastrup,ctx_fossil_via_fjv,,25.81,%,2026,DST BYGB40 + EPT,context,energi,
573,Varde,ctx_fossil_via_fjv,,8.9,%,2026,DST BYGB40 + EPT,context,energi,
621,Kolding,ctx_fossil_via_fjv,,3.3,%,2026,DST BYGB40 + EPT,context,energi,
420,Assens,ctx_fossil_via_fjv,,2.45,%,2026,DST BYGB40 + EPT,context,energi,
580,Aabenraa,ctx_fossil_via_fjv,,0.1,%,2026,DST BYGB40 + EPT,context,energi,
787,Thisted,ctx_fossil_via_fjv,,4.45,%,2026,DST BYGB40 + EPT,context,energi,
756,Ikast-Brande,ctx_fossil_via_fjv,,12.68,%,2026,DST BYGB40 + EPT,context,energi,
461,Odense,ctx_fossil_via_fjv,,16.42,%,2026,DST BYGB40 + EPT,context,energi,
779,Skive,ctx_fossil_via_fjv,,3.5,%,2026,DST BYGB40 + EPT,context,energi,
450,Nyborg,ctx_fossil_via_fjv,,4.7,%,2026,DST BYGB40 + EPT,context,energi,
846,Mariagerfjord,ctx_fossil_via_fjv,,4.43,%,2026,DST BYGB40 + EPT,context,energi,
820,Vesthimmerlands,ctx_fossil_via_fjv,,0.82,%,2026,DST BYGB40 + EPT,context,energi,
540,Sønderborg,ctx_fossil_via_fjv,,4.85,%,2026,DST BYGB40 + EPT,context,energi,
400,Bornholm,ctx_fossil_via_fjv,,0.9,%,2026,DST BYGB40 + EPT,context,energi,
510,Haderslev,ctx_fossil_via_fjv,,9.82,%,2026,DST BYGB40 + EPT,context,energi,
671,Struer,ctx_fossil_via_fjv,,20.32,%,2026,DST BYGB40 + EPT,context,energi,
665,Lemvig,ctx_fossil_via_fjv,,1.69,%,2026,DST BYGB40 + EPT,context,energi,
707,Norddjurs,ctx_fossil_via_fjv,,0.6,%,2026,DST BYGB40 + EPT,context,energi,
330,Slagelse,ctx_fossil_via_fjv,,3.15,%,2026,DST BYGB40 + EPT,context,energi,
306,Odsherred,ctx_fossil_via_fjv,,4.76,%,2026,DST BYGB40 + EPT,context,energi,
575,Vejen,ctx_fossil_via_fjv,,2.4,%,2026,DST BYGB40 + EPT,context,energi,
376,Guldborgsund,ctx_fossil_via_fjv,,10.41,%,2026,DST BYGB40 + EPT,context,energi,
849,Jammerbugt,ctx_fossil_via_fjv,,6.89,%,2026,DST BYGB40 + EPT,context,energi,
326,Kalundborg,ctx_fossil_via_fjv,,0.14,%,2026,DST BYGB40 + EPT,context,energi,
390,Vordingborg,ctx_fossil_via_fjv,,1.29,%,2026,DST BYGB40 + EPT,context,energi,
550,Tønder,ctx_fossil_via_fjv,,5.11,%,2026,DST BYGB40 + EPT,context,energi,
360,Lolland,ctx_fossil_via_fjv,,0.0,%,2026,DST BYGB40 + EPT,context,energi,
741,Samsø,ctx_fossil_via_fjv,,0.1,%,2026,DST BYGB40 + EPT,context,energi,
482,Langeland,ctx_fossil_via_fjv,,0.14,%,2026,DST BYGB40 + EPT,context,energi,
201,Allerød,ctx_fritid_fossil,,22.22,%,2026,DST BYGB40,context,energi,
153,Brøndby,ctx_fritid_fossil,,0.0,%,2026,DST BYGB40,context,energi,
175,Rødovre,ctx_fritid_fossil,,25.0,%,2026,DST BYGB40,context,energi,
155,Dragør,ctx_fritid_fossil,,10.0,%,2026,DST BYGB40,context,energi,
190,Furesø,ctx_fritid_fossil,,26.32,%,2026,DST BYGB40,context,energi,
167,Hvidovre,ctx_fritid_fossil,,9.09,%,2026,DST BYGB40,context,energi,
230,Rudersdal,ctx_fritid_fossil,,23.53,%,2026,DST BYGB40,context,energi,
746,Skanderborg,ctx_fritid_fossil,,13.95,%,2026,DST BYGB40,context,energi,
269,Solrød,ctx_fritid_fossil,,0.0,%,2026,DST BYGB40,context,energi,
265,Roskilde,ctx_fritid_fossil,,15.0,%,2026,DST BYGB40,context,energi,
240,Egedal,ctx_fritid_fossil,,18.06,%,2026,DST BYGB40,context,energi,
151,Ballerup,ctx_fritid_fossil,,20.9,%,2026,DST BYGB40,context,energi,
223,Hørsholm,ctx_fritid_fossil,,50.0,%,2026,DST BYGB40,context,energi,
185,Tårnby,ctx_fritid_fossil,,14.47,%,2026,DST BYGB40,context,energi,
157,Gentofte,ctx_fritid_fossil,,63.64,%,2026,DST BYGB40,context,energi,
350,Lejre,ctx_fritid_fossil,,3.98,%,2026,DST BYGB40,context,energi,
163,Herlev,ctx_fritid_fossil,,12.5,%,2026,DST BYGB40,context,energi,
173,Lyngby-Taarbæk,ctx_fritid_fossil,,44.44,%,2026,DST BYGB40,context,energi,
210,Fredensborg,ctx_fritid_fossil,,36.84,%,2026,DST BYGB40,context,energi,
183,Ishøj,ctx_fritid_fossil,,5.88,%,2026,DST BYGB40,context,energi,
710,Favrskov,ctx_fritid_fossil,,13.33,%,2026,DST BYGB40,context,energi,
530,Billund,ctx_fritid_fossil,,1.5,%,2026,DST BYGB40,context,energi,
840,Rebild,ctx_fritid_fossil,,7.69,%,2026,DST BYGB40,context,energi,
187,Vallensbæk,ctx_fritid_fossil,,50.0,%,2026,DST BYGB40,context,energi,
253,Greve,ctx_fritid_fossil,,7.69,%,2026,DST BYGB40,context,energi,
147,Frederiksberg,ctx_fritid_fossil,,0.0,%,2026,DST BYGB40,context,energi,
259,Køge,ctx_fritid_fossil,,12.0,%,2026,DST BYGB40,context,energi,
159,Gladsaxe,ctx_fritid_fossil,,9.09,%,2026,DST BYGB40,context,energi,
217,Helsingør,ctx_fritid_fossil,,6.92,%,2026,DST BYGB40,context,energi,
250,Frederikssund,ctx_fritid_fossil,,4.0,%,2026,DST BYGB40,context,energi,
661,Holstebro,ctx_fritid_fossil,,4.18,%,2026,DST BYGB40,context,energi,
825,Læsø,ctx_fritid_fossil,,4.55,%,2026,DST BYGB40,context,energi,
657,Herning,ctx_fritid_fossil,,6.45,%,2026,DST BYGB40,context,energi,
260,Halsnæs,ctx_fritid_fossil,,3.22,%,2026,DST BYGB40,context,energi,
773,Morsø,ctx_fritid_fossil,,6.35,%,2026,DST BYGB40,context,energi,
219,Hillerød,ctx_fritid_fossil,,11.43,%,2026,DST BYGB40,context,energi,
340,Sorø,ctx_fritid_fossil,,21.43,%,2026,DST BYGB40,context,energi,
492,Ærø,ctx_fritid_fossil,,19.23,%,2026,DST BYGB40,context,energi,
561,Esbjerg,ctx_fritid_fossil,,4.65,%,2026,DST BYGB40,context,energi,
740,Silkeborg,ctx_fritid_fossil,,11.51,%,2026,DST BYGB40,context,energi,
615,Horsens,ctx_fritid_fossil,,10.0,%,2026,DST BYGB40,context,energi,
563,Fanø,ctx_fritid_fossil,,2.5,%,2026,DST BYGB40,context,energi,
316,Holbæk,ctx_fritid_fossil,,6.79,%,2026,DST BYGB40,context,energi,
766,Hedensted,ctx_fritid_fossil,,2.46,%,2026,DST BYGB40,context,energi,
607,Fredericia,ctx_fritid_fossil,,6.38,%,2026,DST BYGB40,context,energi,
410,Middelfart,ctx_fritid_fossil,,5.04,%,2026,DST BYGB40,context,energi,
329,Ringsted,ctx_fritid_fossil,,7.69,%,2026,DST BYGB40,context,energi,
370,Næstved,ctx_fritid_fossil,,10.17,%,2026,DST BYGB40,context,energi,
851,Aalborg,ctx_fritid_fossil,,4.88,%,2026,DST BYGB40,context,energi,
810,Brønderslev,ctx_fritid_fossil,,9.38,%,2026,DST BYGB40,context,energi,
727,Odder,ctx_fritid_fossil,,2.46,%,2026,DST BYGB40,context,energi,
336,Stevns,ctx_fritid_fossil,,9.02,%,2026,DST BYGB40,context,energi,
751,Aarhus,ctx_fritid_fossil,,8.1,%,2026,DST BYGB40,context,energi,
813,Frederikshavn,ctx_fritid_fossil,,8.64,%,2026,DST BYGB40,context,energi,
161,Glostrup,ctx_fritid_fossil,,4.35,%,2026,DST BYGB40,context,energi,
270,Gribskov,ctx_fritid_fossil,,4.28,%,2026,DST BYGB40,context,energi,
860,Hjørring,ctx_fritid_fossil,,3.11,%,2026,DST BYGB40,context,energi,
165,Albertslund,ctx_fritid_fossil,,0.0,%,2026,DST BYGB40,context,energi,
479,Svendborg,ctx_fritid_fossil,,12.82,%,2026,DST BYGB40,context,energi,
791,Viborg,ctx_fritid_fossil,,22.12,%,2026,DST BYGB40,context,energi,
480,Nordfyns,ctx_fritid_fossil,,2.39,%,2026,DST BYGB40,context,energi,
706,Syddjurs,ctx_fritid_fossil,,2.47,%,2026,DST BYGB40,context,energi,
440,Kerteminde,ctx_fritid_fossil,,4.17,%,2026,DST BYGB40,context,energi,
630,Vejle,ctx_fritid_fossil,,11.46,%,2026,DST BYGB40,context,energi,
101,København,ctx_fritid_fossil,,27.22,%,2026,DST BYGB40,context,energi,
730,Randers,ctx_fritid_fossil,,11.9,%,2026,DST BYGB40,context,energi,
760,Ringkøbing-Skjern,ctx_fritid_fossil,,3.52,%,2026,DST BYGB40,context,energi,
430,Faaborg-Midtfyn,ctx_fritid_fossil,,8.09,%,2026,DST BYGB40,context,energi,
320,Faxe,ctx_fritid_fossil,,6.78,%,2026,DST BYGB40,context,energi,
169,Høje-Taastrup,ctx_fritid_fossil,,2.27,%,2026,DST BYGB40,context,energi,
573,Varde,ctx_fritid_fossil,,3.36,%,2026,DST BYGB40,context,energi,
621,Kolding,ctx_fritid_fossil,,8.28,%,2026,DST BYGB40,context,energi,
420,Assens,ctx_fritid_fossil,,7.79,%,2026,DST BYGB40,context,energi,
580,Aabenraa,ctx_fritid_fossil,,12.63,%,2026,DST BYGB40,context,energi,
787,Thisted,ctx_fritid_fossil,,4.8,%,2026,DST BYGB40,context,energi,
756,Ikast-Brande,ctx_fritid_fossil,,3.23,%,2026,DST BYGB40,context,energi,
461,Odense,ctx_fritid_fossil,,6.9,%,2026,DST BYGB40,context,energi,
779,Skive,ctx_fritid_fossil,,4.5,%,2026,DST BYGB40,context,energi,
450,Nyborg,ctx_fritid_fossil,,6.59,%,2026,DST BYGB40,context,energi,
846,Mariagerfjord,ctx_fritid_fossil,,5.0,%,2026,DST BYGB40,context,energi,
820,Vesthimmerlands,ctx_fritid_fossil,,7.35,%,2026,DST BYGB40,context,energi,
540,Sønderborg,ctx_fritid_fossil,,7.45,%,2026,DST BYGB40,context,energi,
400,Bornholm,ctx_fritid_fossil,,7.81,%,2026,DST BYGB40,context,energi,
510,Haderslev,ctx_fritid_fossil,,7.78,%,2026,DST BYGB40,context,energi,
671,Struer,ctx_fritid_fossil,,11.21,%,2026,DST BYGB40,context,energi,
665,Lemvig,ctx_fritid_fossil,,2.62,%,2026,DST BYGB40,context,energi,
707,Norddjurs,ctx_fritid_fossil,,2.71,%,2026,DST BYGB40,context,energi,
330,Slagelse,ctx_fritid_fossil,,6.35,%,2026,DST BYGB40,context,energi,
306,Odsherred,ctx_fritid_fossil,,2.44,%,2026,DST BYGB40,context,energi,
575,Vejen,ctx_fritid_fossil,,17.39,%,2026,DST BYGB40,context,energi,
376,Guldborgsund,ctx_fritid_fossil,,3.41,%,2026,DST BYGB40,context,energi,
849,Jammerbugt,ctx_fritid_fossil,,5.31,%,2026,DST BYGB40,context,energi,
326,Kalundborg,ctx_fritid_fossil,,1.84,%,2026,DST BYGB40,context,energi,
390,Vordingborg,ctx_fritid_fossil,,3.76,%,2026,DST BYGB40,context,energi,
550,Tønder,ctx_fritid_fossil,,4.0,%,2026,DST BYGB40,context,energi,
360,Lolland,ctx_fritid_fossil,,5.81,%,2026,DST BYGB40,context,energi,
741,Samsø,ctx_fritid_fossil,,4.55,%,2026,DST BYGB40,context,energi,
482,Langeland,ctx_fritid_fossil,,3.47,%,2026,DST BYGB40,context,energi,
201,Allerød,ctx_fritid_andel,,0.61,%,2026,DST BYGB40,context,energi,
153,Brøndby,ctx_fritid_andel,,0.34,%,2026,DST BYGB40,context,energi,
175,Rødovre,ctx_fritid_andel,,0.4,%,2026,DST BYGB40,context,energi,
155,Dragør,ctx_fritid_andel,,4.78,%,2026,DST BYGB40,context,energi,
190,Furesø,ctx_fritid_andel,,0.84,%,2026,DST BYGB40,context,energi,
167,Hvidovre,ctx_fritid_andel,,0.93,%,2026,DST BYGB40,context,energi,
230,Rudersdal,ctx_fritid_andel,,0.49,%,2026,DST BYGB40,context,energi,
746,Skanderborg,ctx_fritid_andel,,1.11,%,2026,DST BYGB40,context,energi,
269,Solrød,ctx_fritid_andel,,0.15,%,2026,DST BYGB40,context,energi,
265,Roskilde,ctx_fritid_andel,,1.23,%,2026,DST BYGB40,context,energi,
240,Egedal,ctx_fritid_andel,,2.97,%,2026,DST BYGB40,context,energi,
151,Ballerup,ctx_fritid_andel,,6.59,%,2026,DST BYGB40,context,energi,
223,Hørsholm,ctx_fritid_andel,,0.13,%,2026,DST BYGB40,context,energi,
185,Tårnby,ctx_fritid_andel,,3.68,%,2026,DST BYGB40,context,energi,
157,Gentofte,ctx_fritid_andel,,0.25,%,2026,DST BYGB40,context,energi,
350,Lejre,ctx_fritid_andel,,9.53,%,2026,DST BYGB40,context,energi,
163,Herlev,ctx_fritid_andel,,1.12,%,2026,DST BYGB40,context,energi,
173,Lyngby-Taarbæk,ctx_fritid_andel,,0.31,%,2026,DST BYGB40,context,energi,
210,Fredensborg,ctx_fritid_andel,,0.82,%,2026,DST BYGB40,context,energi,
183,Ishøj,ctx_fritid_andel,,1.6,%,2026,DST BYGB40,context,energi,
710,Favrskov,ctx_fritid_andel,,0.49,%,2026,DST BYGB40,context,energi,
530,Billund,ctx_fritid_andel,,6.98,%,2026,DST BYGB40,context,energi,
840,Rebild,ctx_fritid_andel,,0.61,%,2026,DST BYGB40,context,energi,
187,Vallensbæk,ctx_fritid_andel,,0.24,%,2026,DST BYGB40,context,energi,
253,Greve,ctx_fritid_andel,,0.46,%,2026,DST BYGB40,context,energi,
147,Frederiksberg,ctx_fritid_andel,,0.07,%,2026,DST BYGB40,context,energi,
259,Køge,ctx_fritid_andel,,0.74,%,2026,DST BYGB40,context,energi,
159,Gladsaxe,ctx_fritid_andel,,0.69,%,2026,DST BYGB40,context,energi,
217,Helsingør,ctx_fritid_andel,,7.79,%,2026,DST BYGB40,context,energi,
250,Frederikssund,ctx_fritid_andel,,15.82,%,2026,DST BYGB40,context,energi,
661,Holstebro,ctx_fritid_andel,,6.56,%,2026,DST BYGB40,context,energi,
825,Læsø,ctx_fritid_andel,,32.12,%,2026,DST BYGB40,context,energi,
657,Herning,ctx_fritid_andel,,1.06,%,2026,DST BYGB40,context,energi,
260,Halsnæs,ctx_fritid_andel,,31.6,%,2026,DST BYGB40,context,energi,
773,Morsø,ctx_fritid_andel,,4.1,%,2026,DST BYGB40,context,energi,
219,Hillerød,ctx_fritid_andel,,1.18,%,2026,DST BYGB40,context,energi,
340,Sorø,ctx_fritid_andel,,0.73,%,2026,DST BYGB40,context,energi,
492,Ærø,ctx_fritid_andel,,4.18,%,2026,DST BYGB40,context,energi,
561,Esbjerg,ctx_fritid_andel,,1.21,%,2026,DST BYGB40,context,energi,
740,Silkeborg,ctx_fritid_andel,,2.21,%,2026,DST BYGB40,context,energi,
615,Horsens,ctx_fritid_andel,,0.69,%,2026,DST BYGB40,context,energi,
563,Fanø,ctx_fritid_andel,,54.26,%,2026,DST BYGB40,context,energi,
316,Holbæk,ctx_fritid_andel,,4.87,%,2026,DST BYGB40,context,energi,
766,Hedensted,ctx_fritid_andel,,5.97,%,2026,DST BYGB40,context,energi,
607,Fredericia,ctx_fritid_andel,,1.49,%,2026,DST BYGB40,context,energi,
410,Middelfart,ctx_fritid_andel,,5.11,%,2026,DST BYGB40,context,energi,
329,Ringsted,ctx_fritid_andel,,0.64,%,2026,DST BYGB40,context,energi,
370,Næstved,ctx_fritid_andel,,3.44,%,2026,DST BYGB40,context,energi,
851,Aalborg,ctx_fritid_andel,,4.18,%,2026,DST BYGB40,context,energi,
810,Brønderslev,ctx_fritid_andel,,1.25,%,2026,DST BYGB40,context,energi,
727,Odder,ctx_fritid_andel,,11.98,%,2026,DST BYGB40,context,energi,
336,Stevns,ctx_fritid_andel,,8.28,%,2026,DST BYGB40,context,energi,
751,Aarhus,ctx_fritid_andel,,1.49,%,2026,DST BYGB40,context,energi,
813,Frederikshavn,ctx_fritid_andel,,10.38,%,2026,DST BYGB40,context,energi,
161,Glostrup,ctx_fritid_andel,,5.63,%,2026,DST BYGB40,context,energi,
270,Gribskov,ctx_fritid_andel,,37.52,%,2026,DST BYGB40,context,energi,
860,Hjørring,ctx_fritid_andel,,11.84,%,2026,DST BYGB40,context,energi,
165,Albertslund,ctx_fritid_andel,,0.76,%,2026,DST BYGB40,context,energi,
479,Svendborg,ctx_fritid_andel,,2.04,%,2026,DST BYGB40,context,energi,
791,Viborg,ctx_fritid_andel,,1.61,%,2026,DST BYGB40,context,energi,
480,Nordfyns,ctx_fritid_andel,,11.23,%,2026,DST BYGB40,context,energi,
706,Syddjurs,ctx_fritid_andel,,24.62,%,2026,DST BYGB40,context,energi,
440,Kerteminde,ctx_fritid_andel,,7.29,%,2026,DST BYGB40,context,energi,
630,Vejle,ctx_fritid_andel,,2.06,%,2026,DST BYGB40,context,energi,
101,København,ctx_fritid_andel,,0.55,%,2026,DST BYGB40,context,energi,
730,Randers,ctx_fritid_andel,,0.67,%,2026,DST BYGB40,context,energi,
760,Ringkøbing-Skjern,ctx_fritid_andel,,21.09,%,2026,DST BYGB40,context,energi,
430,Faaborg-Midtfyn,ctx_fritid_andel,,3.67,%,2026,DST BYGB40,context,energi,
320,Faxe,ctx_fritid_andel,,2.44,%,2026,DST BYGB40,context,energi,
169,Høje-Taastrup,ctx_fritid_andel,,1.62,%,2026,DST BYGB40,context,energi,
573,Varde,ctx_fritid_andel,,22.03,%,2026,DST BYGB40,context,energi,
621,Kolding,ctx_fritid_andel,,2.86,%,2026,DST BYGB40,context,energi,
420,Assens,ctx_fritid_andel,,2.7,%,2026,DST BYGB40,context,energi,
580,Aabenraa,ctx_fritid_andel,,2.35,%,2026,DST BYGB40,context,energi,
787,Thisted,ctx_fritid_andel,,10.14,%,2026,DST BYGB40,context,energi,
756,Ikast-Brande,ctx_fritid_andel,,1.14,%,2026,DST BYGB40,context,energi,
461,Odense,ctx_fritid_andel,,0.51,%,2026,DST BYGB40,context,energi,
779,Skive,ctx_fritid_andel,,9.09,%,2026,DST BYGB40,context,energi,
450,Nyborg,ctx_fritid_andel,,4.21,%,2026,DST BYGB40,context,energi,
846,Mariagerfjord,ctx_fritid_andel,,8.75,%,2026,DST BYGB40,context,energi,
820,Vesthimmerlands,ctx_fritid_andel,,8.5,%,2026,DST BYGB40,context,energi,
540,Sønderborg,ctx_fritid_andel,,4.97,%,2026,DST BYGB40,context,energi,
400,Bornholm,ctx_fritid_andel,,13.67,%,2026,DST BYGB40,context,energi,
510,Haderslev,ctx_fritid_andel,,4.68,%,2026,DST BYGB40,context,energi,
671,Struer,ctx_fritid_andel,,7.48,%,2026,DST BYGB40,context,energi,
665,Lemvig,ctx_fritid_andel,,13.24,%,2026,DST BYGB40,context,energi,
707,Norddjurs,ctx_fritid_andel,,15.75,%,2026,DST BYGB40,context,energi,
330,Slagelse,ctx_fritid_andel,,7.46,%,2026,DST BYGB40,context,energi,
306,Odsherred,ctx_fritid_andel,,49.47,%,2026,DST BYGB40,context,energi,
575,Vejen,ctx_fritid_andel,,0.79,%,2026,DST BYGB40,context,energi,
376,Guldborgsund,ctx_fritid_andel,,14.77,%,2026,DST BYGB40,context,energi,
849,Jammerbugt,ctx_fritid_andel,,23.54,%,2026,DST BYGB40,context,energi,
326,Kalundborg,ctx_fritid_andel,,16.24,%,2026,DST BYGB40,context,energi,
390,Vordingborg,ctx_fritid_andel,,10.85,%,2026,DST BYGB40,context,energi,
550,Tønder,ctx_fritid_andel,,8.97,%,2026,DST BYGB40,context,energi,
360,Lolland,ctx_fritid_andel,,9.38,%,2026,DST BYGB40,context,energi,
741,Samsø,ctx_fritid_andel,,17.96,%,2026,DST BYGB40,context,energi,
482,Langeland,ctx_fritid_andel,,15.01,%,2026,DST BYGB40,context,energi,
201,Allerød,ctx_klima_landbrug,,0.121,ton CO₂e/indb.,2023,Klimaregnskabet.dk,context,klimapaavirkning,
153,Brøndby,ctx_klima_landbrug,,-0.1264,ton CO₂e/indb.,2023,Klimaregnskabet.dk,context,klimapaavirkning,
175,Rødovre,ctx_klima_landbrug,,0.0091,ton CO₂e/indb.,2023,Klimaregnskabet.dk,context,klimapaavirkning,
155,Dragør,ctx_klima_landbrug,,-0.1099,ton CO₂e/indb.,2023,Klimaregnskabet.dk,context,klimapaavirkning,
190,Furesø,ctx_klima_landbrug,,0.0585,ton CO₂e/indb.,2023,Klimaregnskabet.dk,context,klimapaavirkning,
167,Hvidovre,ctx_klima_landbrug,,-0.0151,ton CO₂e/indb.,2023,Klimaregnskabet.dk,context,klimapaavirkning,
230,Rudersdal,ctx_klima_landbrug,,0.1944,ton CO₂e/indb.,2023,Klimaregnskabet.dk,context,klimapaavirkning,
746,Skanderborg,ctx_klima_landbrug,,0.7586,ton CO₂e/indb.,2023,Klimaregnskabet.dk,context,klimapaavirkning,
269,Solrød,ctx_klima_landbrug,,0.1071,ton CO₂e/indb.,2023,Klimaregnskabet.dk,context,klimapaavirkning,
265,Roskilde,ctx_klima_landbrug,,0.1368,ton CO₂e/indb.,2023,Klimaregnskabet.dk,context,klimapaavirkning,
240,Egedal,ctx_klima_landbrug,,0.3728,ton CO₂e/indb.,2023,Klimaregnskabet.dk,context,klimapaavirkning,
151,Ballerup,ctx_klima_landbrug,,0.011,ton CO₂e/indb.,2023,Klimaregnskabet.dk,context,klimapaavirkning,
223,Hørsholm,ctx_klima_landbrug,,0.0412,ton CO₂e/indb.,2023,Klimaregnskabet.dk,context,klimapaavirkning,
185,Tårnby,ctx_klima_landbrug,,0.1108,ton CO₂e/indb.,2023,Klimaregnskabet.dk,context,klimapaavirkning,
157,Gentofte,ctx_klima_landbrug,,-0.0115,ton CO₂e/indb.,2023,Klimaregnskabet.dk,context,klimapaavirkning,
350,Lejre,ctx_klima_landbrug,,1.0538,ton CO₂e/indb.,2023,Klimaregnskabet.dk,context,klimapaavirkning,
163,Herlev,ctx_klima_landbrug,,0.0048,ton CO₂e/indb.,2023,Klimaregnskabet.dk,context,klimapaavirkning,
173,Lyngby-Taarbæk,ctx_klima_landbrug,,0.0165,ton CO₂e/indb.,2023,Klimaregnskabet.dk,context,klimapaavirkning,
210,Fredensborg,ctx_klima_landbrug,,0.078,ton CO₂e/indb.,2023,Klimaregnskabet.dk,context,klimapaavirkning,
183,Ishøj,ctx_klima_landbrug,,-0.0016,ton CO₂e/indb.,2023,Klimaregnskabet.dk,context,klimapaavirkning,
710,Favrskov,ctx_klima_landbrug,,1.6951,ton CO₂e/indb.,2023,Klimaregnskabet.dk,context,klimapaavirkning,
530,Billund,ctx_klima_landbrug,,3.5171,ton CO₂e/indb.,2023,Klimaregnskabet.dk,context,klimapaavirkning,
840,Rebild,ctx_klima_landbrug,,11.0834,ton CO₂e/indb.,2023,Klimaregnskabet.dk,context,klimapaavirkning,
187,Vallensbæk,ctx_klima_landbrug,,0.0177,ton CO₂e/indb.,2023,Klimaregnskabet.dk,context,klimapaavirkning,
253,Greve,ctx_klima_landbrug,,0.0558,ton CO₂e/indb.,2023,Klimaregnskabet.dk,context,klimapaavirkning,
147,Frederiksberg,ctx_klima_landbrug,,0.0,ton CO₂e/indb.,2023,Klimaregnskabet.dk,context,klimapaavirkning,
259,Køge,ctx_klima_landbrug,,0.5217,ton CO₂e/indb.,2023,Klimaregnskabet.dk,context,klimapaavirkning,
159,Gladsaxe,ctx_klima_landbrug,,-0.0426,ton CO₂e/indb.,2023,Klimaregnskabet.dk,context,klimapaavirkning,
217,Helsingør,ctx_klima_landbrug,,-0.0431,ton CO₂e/indb.,2023,Klimaregnskabet.dk,context,klimapaavirkning,
250,Frederikssund,ctx_klima_landbrug,,0.4236,ton CO₂e/indb.,2023,Klimaregnskabet.dk,context,klimapaavirkning,
661,Holstebro,ctx_klima_landbrug,,4.0321,ton CO₂e/indb.,2023,Klimaregnskabet.dk,context,klimapaavirkning,
825,Læsø,ctx_klima_landbrug,,-9.9608,ton CO₂e/indb.,2023,Klimaregnskabet.dk,context,klimapaavirkning,
657,Herning,ctx_klima_landbrug,,3.6514,ton CO₂e/indb.,2023,Klimaregnskabet.dk,context,klimapaavirkning,
260,Halsnæs,ctx_klima_landbrug,,0.3194,ton CO₂e/indb.,2023,Klimaregnskabet.dk,context,klimapaavirkning,
773,Morsø,ctx_klima_landbrug,,6.2563,ton CO₂e/indb.,2023,Klimaregnskabet.dk,context,klimapaavirkning,
219,Hillerød,ctx_klima_landbrug,,0.023,ton CO₂e/indb.,2023,Klimaregnskabet.dk,context,klimapaavirkning,
340,Sorø,ctx_klima_landbrug,,2.331,ton CO₂e/indb.,2023,Klimaregnskabet.dk,context,klimapaavirkning,
492,Ærø,ctx_klima_landbrug,,3.054,ton CO₂e/indb.,2023,Klimaregnskabet.dk,context,klimapaavirkning,
561,Esbjerg,ctx_klima_landbrug,,3.1982,ton CO₂e/indb.,2023,Klimaregnskabet.dk,context,klimapaavirkning,
740,Silkeborg,ctx_klima_landbrug,,1.1081,ton CO₂e/indb.,2023,Klimaregnskabet.dk,context,klimapaavirkning,
615,Horsens,ctx_klima_landbrug,,1.1247,ton CO₂e/indb.,2023,Klimaregnskabet.dk,context,klimapaavirkning,
563,Fanø,ctx_klima_landbrug,,0.664,ton CO₂e/indb.,2023,Klimaregnskabet.dk,context,klimapaavirkning,
316,Holbæk,ctx_klima_landbrug,,1.3387,ton CO₂e/indb.,2023,Klimaregnskabet.dk,context,klimapaavirkning,
766,Hedensted,ctx_klima_landbrug,,2.2774,ton CO₂e/indb.,2023,Klimaregnskabet.dk,context,klimapaavirkning,
607,Fredericia,ctx_klima_landbrug,,0.1522,ton CO₂e/indb.,2023,Klimaregnskabet.dk,context,klimapaavirkning,
410,Middelfart,ctx_klima_landbrug,,2.1436,ton CO₂e/indb.,2023,Klimaregnskabet.dk,context,klimapaavirkning,
329,Ringsted,ctx_klima_landbrug,,0.6458,ton CO₂e/indb.,2023,Klimaregnskabet.dk,context,klimapaavirkning,
370,Næstved,ctx_klima_landbrug,,1.1882,ton CO₂e/indb.,2023,Klimaregnskabet.dk,context,klimapaavirkning,
851,Aalborg,ctx_klima_landbrug,,1.9451,ton CO₂e/indb.,2023,Klimaregnskabet.dk,context,klimapaavirkning,
810,Brønderslev,ctx_klima_landbrug,,7.4012,ton CO₂e/indb.,2023,Klimaregnskabet.dk,context,klimapaavirkning,
727,Odder,ctx_klima_landbrug,,2.3581,ton CO₂e/indb.,2023,Klimaregnskabet.dk,context,klimapaavirkning,
336,Stevns,ctx_klima_landbrug,,1.2396,ton CO₂e/indb.,2023,Klimaregnskabet.dk,context,klimapaavirkning,
751,Aarhus,ctx_klima_landbrug,,0.1062,ton CO₂e/indb.,2023,Klimaregnskabet.dk,context,klimapaavirkning,
813,Frederikshavn,ctx_klima_landbrug,,1.4987,ton CO₂e/indb.,2023,Klimaregnskabet.dk,context,klimapaavirkning,
161,Glostrup,ctx_klima_landbrug,,-0.0161,ton CO₂e/indb.,2023,Klimaregnskabet.dk,context,klimapaavirkning,
270,Gribskov,ctx_klima_landbrug,,1.2416,ton CO₂e/indb.,2023,Klimaregnskabet.dk,context,klimapaavirkning,
860,Hjørring,ctx_klima_landbrug,,5.9989,ton CO₂e/indb.,2023,Klimaregnskabet.dk,context,klimapaavirkning,
165,Albertslund,ctx_klima_landbrug,,0.0094,ton CO₂e/indb.,2023,Klimaregnskabet.dk,context,klimapaavirkning,
479,Svendborg,ctx_klima_landbrug,,1.014,ton CO₂e/indb.,2023,Klimaregnskabet.dk,context,klimapaavirkning,
791,Viborg,ctx_klima_landbrug,,5.1242,ton CO₂e/indb.,2023,Klimaregnskabet.dk,context,klimapaavirkning,
480,Nordfyns,ctx_klima_landbrug,,3.1619,ton CO₂e/indb.,2023,Klimaregnskabet.dk,context,klimapaavirkning,
706,Syddjurs,ctx_klima_landbrug,,3.0181,ton CO₂e/indb.,2023,Klimaregnskabet.dk,context,klimapaavirkning,
440,Kerteminde,ctx_klima_landbrug,,1.2789,ton CO₂e/indb.,2023,Klimaregnskabet.dk,context,klimapaavirkning,
630,Vejle,ctx_klima_landbrug,,1.5968,ton CO₂e/indb.,2023,Klimaregnskabet.dk,context,klimapaavirkning,
101,København,ctx_klima_landbrug,,-0.0016,ton CO₂e/indb.,2023,Klimaregnskabet.dk,context,klimapaavirkning,
730,Randers,ctx_klima_landbrug,,1.6321,ton CO₂e/indb.,2023,Klimaregnskabet.dk,context,klimapaavirkning,
760,Ringkøbing-Skjern,ctx_klima_landbrug,,9.5094,ton CO₂e/indb.,2023,Klimaregnskabet.dk,context,klimapaavirkning,
430,Faaborg-Midtfyn,ctx_klima_landbrug,,2.1631,ton CO₂e/indb.,2023,Klimaregnskabet.dk,context,klimapaavirkning,
320,Faxe,ctx_klima_landbrug,,0.9946,ton CO₂e/indb.,2023,Klimaregnskabet.dk,context,klimapaavirkning,
169,Høje-Taastrup,ctx_klima_landbrug,,-0.0579,ton CO₂e/indb.,2023,Klimaregnskabet.dk,context,klimapaavirkning,
573,Varde,ctx_klima_landbrug,,11.2271,ton CO₂e/indb.,2023,Klimaregnskabet.dk,context,klimapaavirkning,
621,Kolding,ctx_klima_landbrug,,1.0329,ton CO₂e/indb.,2023,Klimaregnskabet.dk,context,klimapaavirkning,
420,Assens,ctx_klima_landbrug,,2.844,ton CO₂e/indb.,2023,Klimaregnskabet.dk,context,klimapaavirkning,
580,Aabenraa,ctx_klima_landbrug,,7.1848,ton CO₂e/indb.,2023,Klimaregnskabet.dk,context,klimapaavirkning,
787,Thisted,ctx_klima_landbrug,,7.3345,ton CO₂e/indb.,2023,Klimaregnskabet.dk,context,klimapaavirkning,
756,Ikast-Brande,ctx_klima_landbrug,,2.5392,ton CO₂e/indb.,2023,Klimaregnskabet.dk,context,klimapaavirkning,
461,Odense,ctx_klima_landbrug,,0.0568,ton CO₂e/indb.,2023,Klimaregnskabet.dk,context,klimapaavirkning,
779,Skive,ctx_klima_landbrug,,5.3307,ton CO₂e/indb.,2023,Klimaregnskabet.dk,context,klimapaavirkning,
450,Nyborg,ctx_klima_landbrug,,2.2818,ton CO₂e/indb.,2023,Klimaregnskabet.dk,context,klimapaavirkning,
846,Mariagerfjord,ctx_klima_landbrug,,6.2025,ton CO₂e/indb.,2023,Klimaregnskabet.dk,context,klimapaavirkning,
820,Vesthimmerlands,ctx_klima_landbrug,,13.1242,ton CO₂e/indb.,2023,Klimaregnskabet.dk,context,klimapaavirkning,
540,Sønderborg,ctx_klima_landbrug,,1.4087,ton CO₂e/indb.,2023,Klimaregnskabet.dk,context,klimapaavirkning,
400,Bornholm,ctx_klima_landbrug,,2.2515,ton CO₂e/indb.,2023,Klimaregnskabet.dk,context,klimapaavirkning,
510,Haderslev,ctx_klima_landbrug,,4.2712,ton CO₂e/indb.,2023,Klimaregnskabet.dk,context,klimapaavirkning,
671,Struer,ctx_klima_landbrug,,3.0651,ton CO₂e/indb.,2023,Klimaregnskabet.dk,context,klimapaavirkning,
665,Lemvig,ctx_klima_landbrug,,9.6865,ton CO₂e/indb.,2023,Klimaregnskabet.dk,context,klimapaavirkning,
707,Norddjurs,ctx_klima_landbrug,,4.9228,ton CO₂e/indb.,2023,Klimaregnskabet.dk,context,klimapaavirkning,
330,Slagelse,ctx_klima_landbrug,,0.7162,ton CO₂e/indb.,2023,Klimaregnskabet.dk,context,klimapaavirkning,
306,Odsherred,ctx_klima_landbrug,,1.3064,ton CO₂e/indb.,2023,Klimaregnskabet.dk,context,klimapaavirkning,
575,Vejen,ctx_klima_landbrug,,6.732,ton CO₂e/indb.,2023,Klimaregnskabet.dk,context,klimapaavirkning,
376,Guldborgsund,ctx_klima_landbrug,,2.6705,ton CO₂e/indb.,2023,Klimaregnskabet.dk,context,klimapaavirkning,
849,Jammerbugt,ctx_klima_landbrug,,7.0536,ton CO₂e/indb.,2023,Klimaregnskabet.dk,context,klimapaavirkning,
326,Kalundborg,ctx_klima_landbrug,,1.3606,ton CO₂e/indb.,2023,Klimaregnskabet.dk,context,klimapaavirkning,
390,Vordingborg,ctx_klima_landbrug,,3.152,ton CO₂e/indb.,2023,Klimaregnskabet.dk,context,klimapaavirkning,
550,Tønder,ctx_klima_landbrug,,20.4731,ton CO₂e/indb.,2023,Klimaregnskabet.dk,context,klimapaavirkning,
360,Lolland,ctx_klima_landbrug,,3.0606,ton CO₂e/indb.,2023,Klimaregnskabet.dk,context,klimapaavirkning,
741,Samsø,ctx_klima_landbrug,,4.0899,ton CO₂e/indb.,2023,Klimaregnskabet.dk,context,klimapaavirkning,
482,Langeland,ctx_klima_landbrug,,6.3384,ton CO₂e/indb.,2023,Klimaregnskabet.dk,context,klimapaavirkning,
201,Allerød,ctx_klima_energi,,1.7296,ton CO₂e/indb.,2023,Klimaregnskabet.dk,context,klimapaavirkning,
153,Brøndby,ctx_klima_energi,,1.2709,ton CO₂e/indb.,2023,Klimaregnskabet.dk,context,klimapaavirkning,
175,Rødovre,ctx_klima_energi,,0.9439,ton CO₂e/indb.,2023,Klimaregnskabet.dk,context,klimapaavirkning,
155,Dragør,ctx_klima_energi,,1.3763,ton CO₂e/indb.,2023,Klimaregnskabet.dk,context,klimapaavirkning,
190,Furesø,ctx_klima_energi,,1.1595,ton CO₂e/indb.,2023,Klimaregnskabet.dk,context,klimapaavirkning,
167,Hvidovre,ctx_klima_energi,,1.4703,ton CO₂e/indb.,2023,Klimaregnskabet.dk,context,klimapaavirkning,
230,Rudersdal,ctx_klima_energi,,1.5498,ton CO₂e/indb.,2023,Klimaregnskabet.dk,context,klimapaavirkning,
746,Skanderborg,ctx_klima_energi,,1.5035,ton CO₂e/indb.,2023,Klimaregnskabet.dk,context,klimapaavirkning,
269,Solrød,ctx_klima_energi,,0.6163,ton CO₂e/indb.,2023,Klimaregnskabet.dk,context,klimapaavirkning,
265,Roskilde,ctx_klima_energi,,1.1931,ton CO₂e/indb.,2023,Klimaregnskabet.dk,context,klimapaavirkning,
240,Egedal,ctx_klima_energi,,1.0917,ton CO₂e/indb.,2023,Klimaregnskabet.dk,context,klimapaavirkning,
151,Ballerup,ctx_klima_energi,,1.7849,ton CO₂e/indb.,2023,Klimaregnskabet.dk,context,klimapaavirkning,
223,Hørsholm,ctx_klima_energi,,1.6551,ton CO₂e/indb.,2023,Klimaregnskabet.dk,context,klimapaavirkning,
185,Tårnby,ctx_klima_energi,,1.5594,ton CO₂e/indb.,2023,Klimaregnskabet.dk,context,klimapaavirkning,
157,Gentofte,ctx_klima_energi,,1.2782,ton CO₂e/indb.,2023,Klimaregnskabet.dk,context,klimapaavirkning,
350,Lejre,ctx_klima_energi,,1.2135,ton CO₂e/indb.,2023,Klimaregnskabet.dk,context,klimapaavirkning,
163,Herlev,ctx_klima_energi,,1.3429,ton CO₂e/indb.,2023,Klimaregnskabet.dk,context,klimapaavirkning,
173,Lyngby-Taarbæk,ctx_klima_energi,,1.3962,ton CO₂e/indb.,2023,Klimaregnskabet.dk,context,klimapaavirkning,
210,Fredensborg,ctx_klima_energi,,1.2944,ton CO₂e/indb.,2023,Klimaregnskabet.dk,context,klimapaavirkning,
183,Ishøj,ctx_klima_energi,,0.998,ton CO₂e/indb.,2023,Klimaregnskabet.dk,context,klimapaavirkning,
710,Favrskov,ctx_klima_energi,,1.6288,ton CO₂e/indb.,2023,Klimaregnskabet.dk,context,klimapaavirkning,
530,Billund,ctx_klima_energi,,1.6978,ton CO₂e/indb.,2023,Klimaregnskabet.dk,context,klimapaavirkning,
840,Rebild,ctx_klima_energi,,1.4718,ton CO₂e/indb.,2023,Klimaregnskabet.dk,context,klimapaavirkning,
187,Vallensbæk,ctx_klima_energi,,0.8198,ton CO₂e/indb.,2023,Klimaregnskabet.dk,context,klimapaavirkning,
253,Greve,ctx_klima_energi,,1.1924,ton CO₂e/indb.,2023,Klimaregnskabet.dk,context,klimapaavirkning,
147,Frederiksberg,ctx_klima_energi,,0.6632,ton CO₂e/indb.,2023,Klimaregnskabet.dk,context,klimapaavirkning,
259,Køge,ctx_klima_energi,,2.7088,ton CO₂e/indb.,2023,Klimaregnskabet.dk,context,klimapaavirkning,
159,Gladsaxe,ctx_klima_energi,,1.3299,ton CO₂e/indb.,2023,Klimaregnskabet.dk,context,klimapaavirkning,
217,Helsingør,ctx_klima_energi,,1.3675,ton CO₂e/indb.,2023,Klimaregnskabet.dk,context,klimapaavirkning,
250,Frederikssund,ctx_klima_energi,,2.2162,ton CO₂e/indb.,2023,Klimaregnskabet.dk,context,klimapaavirkning,
661,Holstebro,ctx_klima_energi,,2.0318,ton CO₂e/indb.,2023,Klimaregnskabet.dk,context,klimapaavirkning,
825,Læsø,ctx_klima_energi,,2.6533,ton CO₂e/indb.,2023,Klimaregnskabet.dk,context,klimapaavirkning,
657,Herning,ctx_klima_energi,,1.2491,ton CO₂e/indb.,2023,Klimaregnskabet.dk,context,klimapaavirkning,
260,Halsnæs,ctx_klima_energi,,3.9518,ton CO₂e/indb.,2023,Klimaregnskabet.dk,context,klimapaavirkning,
773,Morsø,ctx_klima_energi,,1.3105,ton CO₂e/indb.,2023,Klimaregnskabet.dk,context,klimapaavirkning,
219,Hillerød,ctx_klima_energi,,1.5377,ton CO₂e/indb.,2023,Klimaregnskabet.dk,context,klimapaavirkning,
340,Sorø,ctx_klima_energi,,1.3874,ton CO₂e/indb.,2023,Klimaregnskabet.dk,context,klimapaavirkning,
492,Ærø,ctx_klima_energi,,0.6099,ton CO₂e/indb.,2023,Klimaregnskabet.dk,context,klimapaavirkning,
561,Esbjerg,ctx_klima_energi,,2.8384,ton CO₂e/indb.,2023,Klimaregnskabet.dk,context,klimapaavirkning,
740,Silkeborg,ctx_klima_energi,,1.723,ton CO₂e/indb.,2023,Klimaregnskabet.dk,context,klimapaavirkning,
615,Horsens,ctx_klima_energi,,1.5326,ton CO₂e/indb.,2023,Klimaregnskabet.dk,context,klimapaavirkning,
563,Fanø,ctx_klima_energi,,2.5803,ton CO₂e/indb.,2023,Klimaregnskabet.dk,context,klimapaavirkning,
316,Holbæk,ctx_klima_energi,,1.349,ton CO₂e/indb.,2023,Klimaregnskabet.dk,context,klimapaavirkning,
766,Hedensted,ctx_klima_energi,,2.3384,ton CO₂e/indb.,2023,Klimaregnskabet.dk,context,klimapaavirkning,
607,Fredericia,ctx_klima_energi,,8.3951,ton CO₂e/indb.,2023,Klimaregnskabet.dk,context,klimapaavirkning,
410,Middelfart,ctx_klima_energi,,1.5689,ton CO₂e/indb.,2023,Klimaregnskabet.dk,context,klimapaavirkning,
329,Ringsted,ctx_klima_energi,,1.1742,ton CO₂e/indb.,2023,Klimaregnskabet.dk,context,klimapaavirkning,
370,Næstved,ctx_klima_energi,,2.229,ton CO₂e/indb.,2023,Klimaregnskabet.dk,context,klimapaavirkning,
851,Aalborg,ctx_klima_energi,,7.6755,ton CO₂e/indb.,2023,Klimaregnskabet.dk,context,klimapaavirkning,
810,Brønderslev,ctx_klima_energi,,1.117,ton CO₂e/indb.,2023,Klimaregnskabet.dk,context,klimapaavirkning,
727,Odder,ctx_klima_energi,,1.4919,ton CO₂e/indb.,2023,Klimaregnskabet.dk,context,klimapaavirkning,
336,Stevns,ctx_klima_energi,,1.4325,ton CO₂e/indb.,2023,Klimaregnskabet.dk,context,klimapaavirkning,
751,Aarhus,ctx_klima_energi,,1.8786,ton CO₂e/indb.,2023,Klimaregnskabet.dk,context,klimapaavirkning,
813,Frederikshavn,ctx_klima_energi,,5.4507,ton CO₂e/indb.,2023,Klimaregnskabet.dk,context,klimapaavirkning,
161,Glostrup,ctx_klima_energi,,1.6462,ton CO₂e/indb.,2023,Klimaregnskabet.dk,context,klimapaavirkning,
270,Gribskov,ctx_klima_energi,,1.358,ton CO₂e/indb.,2023,Klimaregnskabet.dk,context,klimapaavirkning,
860,Hjørring,ctx_klima_energi,,3.1145,ton CO₂e/indb.,2023,Klimaregnskabet.dk,context,klimapaavirkning,
165,Albertslund,ctx_klima_energi,,1.0211,ton CO₂e/indb.,2023,Klimaregnskabet.dk,context,klimapaavirkning,
479,Svendborg,ctx_klima_energi,,1.4211,ton CO₂e/indb.,2023,Klimaregnskabet.dk,context,klimapaavirkning,
791,Viborg,ctx_klima_energi,,1.9666,ton CO₂e/indb.,2023,Klimaregnskabet.dk,context,klimapaavirkning,
480,Nordfyns,ctx_klima_energi,,1.6411,ton CO₂e/indb.,2023,Klimaregnskabet.dk,context,klimapaavirkning,
706,Syddjurs,ctx_klima_energi,,1.3007,ton CO₂e/indb.,2023,Klimaregnskabet.dk,context,klimapaavirkning,
440,Kerteminde,ctx_klima_energi,,2.3267,ton CO₂e/indb.,2023,Klimaregnskabet.dk,context,klimapaavirkning,
630,Vejle,ctx_klima_energi,,1.522,ton CO₂e/indb.,2023,Klimaregnskabet.dk,context,klimapaavirkning,
101,København,ctx_klima_energi,,0.8298,ton CO₂e/indb.,2023,Klimaregnskabet.dk,context,klimapaavirkning,
730,Randers,ctx_klima_energi,,0.7904,ton CO₂e/indb.,2023,Klimaregnskabet.dk,context,klimapaavirkning,
760,Ringkøbing-Skjern,ctx_klima_energi,,1.7981,ton CO₂e/indb.,2023,Klimaregnskabet.dk,context,klimapaavirkning,
430,Faaborg-Midtfyn,ctx_klima_energi,,0.9563,ton CO₂e/indb.,2023,Klimaregnskabet.dk,context,klimapaavirkning,
320,Faxe,ctx_klima_energi,,1.5448,ton CO₂e/indb.,2023,Klimaregnskabet.dk,context,klimapaavirkning,
169,Høje-Taastrup,ctx_klima_energi,,1.2611,ton CO₂e/indb.,2023,Klimaregnskabet.dk,context,klimapaavirkning,
573,Varde,ctx_klima_energi,,2.0066,ton CO₂e/indb.,2023,Klimaregnskabet.dk,context,klimapaavirkning,
621,Kolding,ctx_klima_energi,,1.976,ton CO₂e/indb.,2023,Klimaregnskabet.dk,context,klimapaavirkning,
420,Assens,ctx_klima_energi,,1.6755,ton CO₂e/indb.,2023,Klimaregnskabet.dk,context,klimapaavirkning,
580,Aabenraa,ctx_klima_energi,,0.7158,ton CO₂e/indb.,2023,Klimaregnskabet.dk,context,klimapaavirkning,
787,Thisted,ctx_klima_energi,,2.3475,ton CO₂e/indb.,2023,Klimaregnskabet.dk,context,klimapaavirkning,
756,Ikast-Brande,ctx_klima_energi,,1.5804,ton CO₂e/indb.,2023,Klimaregnskabet.dk,context,klimapaavirkning,
461,Odense,ctx_klima_energi,,2.4466,ton CO₂e/indb.,2023,Klimaregnskabet.dk,context,klimapaavirkning,
779,Skive,ctx_klima_energi,,0.7266,ton CO₂e/indb.,2023,Klimaregnskabet.dk,context,klimapaavirkning,
450,Nyborg,ctx_klima_energi,,6.1708,ton CO₂e/indb.,2023,Klimaregnskabet.dk,context,klimapaavirkning,
846,Mariagerfjord,ctx_klima_energi,,3.0768,ton CO₂e/indb.,2023,Klimaregnskabet.dk,context,klimapaavirkning,
820,Vesthimmerlands,ctx_klima_energi,,1.909,ton CO₂e/indb.,2023,Klimaregnskabet.dk,context,klimapaavirkning,
540,Sønderborg,ctx_klima_energi,,1.2231,ton CO₂e/indb.,2023,Klimaregnskabet.dk,context,klimapaavirkning,
400,Bornholm,ctx_klima_energi,,1.3149,ton CO₂e/indb.,2023,Klimaregnskabet.dk,context,klimapaavirkning,
510,Haderslev,ctx_klima_energi,,0.9384,ton CO₂e/indb.,2023,Klimaregnskabet.dk,context,klimapaavirkning,
671,Struer,ctx_klima_energi,,1.5914,ton CO₂e/indb.,2023,Klimaregnskabet.dk,context,klimapaavirkning,
665,Lemvig,ctx_klima_energi,,5.6614,ton CO₂e/indb.,2023,Klimaregnskabet.dk,context,klimapaavirkning,
707,Norddjurs,ctx_klima_energi,,2.133,ton CO₂e/indb.,2023,Klimaregnskabet.dk,context,klimapaavirkning,
330,Slagelse,ctx_klima_energi,,1.3387,ton CO₂e/indb.,2023,Klimaregnskabet.dk,context,klimapaavirkning,
306,Odsherred,ctx_klima_energi,,1.765,ton CO₂e/indb.,2023,Klimaregnskabet.dk,context,klimapaavirkning,
575,Vejen,ctx_klima_energi,,1.182,ton CO₂e/indb.,2023,Klimaregnskabet.dk,context,klimapaavirkning,
376,Guldborgsund,ctx_klima_energi,,2.8746,ton CO₂e/indb.,2023,Klimaregnskabet.dk,context,klimapaavirkning,
849,Jammerbugt,ctx_klima_energi,,1.2319,ton CO₂e/indb.,2023,Klimaregnskabet.dk,context,klimapaavirkning,
326,Kalundborg,ctx_klima_energi,,11.914,ton CO₂e/indb.,2023,Klimaregnskabet.dk,context,klimapaavirkning,
390,Vordingborg,ctx_klima_energi,,0.7847,ton CO₂e/indb.,2023,Klimaregnskabet.dk,context,klimapaavirkning,
550,Tønder,ctx_klima_energi,,3.0092,ton CO₂e/indb.,2023,Klimaregnskabet.dk,context,klimapaavirkning,
360,Lolland,ctx_klima_energi,,2.6608,ton CO₂e/indb.,2023,Klimaregnskabet.dk,context,klimapaavirkning,
741,Samsø,ctx_klima_energi,,1.1388,ton CO₂e/indb.,2023,Klimaregnskabet.dk,context,klimapaavirkning,
482,Langeland,ctx_klima_energi,,1.0056,ton CO₂e/indb.,2023,Klimaregnskabet.dk,context,klimapaavirkning,
201,Allerød,ctx_klima_transport,,1.3788,ton CO₂e/indb.,2023,Klimaregnskabet.dk,context,klimapaavirkning,
153,Brøndby,ctx_klima_transport,,1.9301,ton CO₂e/indb.,2023,Klimaregnskabet.dk,context,klimapaavirkning,
175,Rødovre,ctx_klima_transport,,0.7831,ton CO₂e/indb.,2023,Klimaregnskabet.dk,context,klimapaavirkning,
155,Dragør,ctx_klima_transport,,0.2843,ton CO₂e/indb.,2023,Klimaregnskabet.dk,context,klimapaavirkning,
190,Furesø,ctx_klima_transport,,1.1242,ton CO₂e/indb.,2023,Klimaregnskabet.dk,context,klimapaavirkning,
167,Hvidovre,ctx_klima_transport,,0.6616,ton CO₂e/indb.,2023,Klimaregnskabet.dk,context,klimapaavirkning,
230,Rudersdal,ctx_klima_transport,,1.1508,ton CO₂e/indb.,2023,Klimaregnskabet.dk,context,klimapaavirkning,
746,Skanderborg,ctx_klima_transport,,2.3575,ton CO₂e/indb.,2023,Klimaregnskabet.dk,context,klimapaavirkning,
269,Solrød,ctx_klima_transport,,2.3256,ton CO₂e/indb.,2023,Klimaregnskabet.dk,context,klimapaavirkning,
265,Roskilde,ctx_klima_transport,,1.1007,ton CO₂e/indb.,2023,Klimaregnskabet.dk,context,klimapaavirkning,
240,Egedal,ctx_klima_transport,,0.7893,ton CO₂e/indb.,2023,Klimaregnskabet.dk,context,klimapaavirkning,
151,Ballerup,ctx_klima_transport,,0.8868,ton CO₂e/indb.,2023,Klimaregnskabet.dk,context,klimapaavirkning,
223,Hørsholm,ctx_klima_transport,,0.8428,ton CO₂e/indb.,2023,Klimaregnskabet.dk,context,klimapaavirkning,
185,Tårnby,ctx_klima_transport,,0.5473,ton CO₂e/indb.,2023,Klimaregnskabet.dk,context,klimapaavirkning,
157,Gentofte,ctx_klima_transport,,0.6841,ton CO₂e/indb.,2023,Klimaregnskabet.dk,context,klimapaavirkning,
350,Lejre,ctx_klima_transport,,2.671,ton CO₂e/indb.,2023,Klimaregnskabet.dk,context,klimapaavirkning,
163,Herlev,ctx_klima_transport,,0.6021,ton CO₂e/indb.,2023,Klimaregnskabet.dk,context,klimapaavirkning,
173,Lyngby-Taarbæk,ctx_klima_transport,,0.7412,ton CO₂e/indb.,2023,Klimaregnskabet.dk,context,klimapaavirkning,
210,Fredensborg,ctx_klima_transport,,1.1436,ton CO₂e/indb.,2023,Klimaregnskabet.dk,context,klimapaavirkning,
183,Ishøj,ctx_klima_transport,,1.5904,ton CO₂e/indb.,2023,Klimaregnskabet.dk,context,klimapaavirkning,
710,Favrskov,ctx_klima_transport,,2.9333,ton CO₂e/indb.,2023,Klimaregnskabet.dk,context,klimapaavirkning,
530,Billund,ctx_klima_transport,,1.6662,ton CO₂e/indb.,2023,Klimaregnskabet.dk,context,klimapaavirkning,
840,Rebild,ctx_klima_transport,,4.1398,ton CO₂e/indb.,2023,Klimaregnskabet.dk,context,klimapaavirkning,
187,Vallensbæk,ctx_klima_transport,,1.1604,ton CO₂e/indb.,2023,Klimaregnskabet.dk,context,klimapaavirkning,
253,Greve,ctx_klima_transport,,1.7897,ton CO₂e/indb.,2023,Klimaregnskabet.dk,context,klimapaavirkning,
147,Frederiksberg,ctx_klima_transport,,0.2124,ton CO₂e/indb.,2023,Klimaregnskabet.dk,context,klimapaavirkning,
259,Køge,ctx_klima_transport,,2.6153,ton CO₂e/indb.,2023,Klimaregnskabet.dk,context,klimapaavirkning,
159,Gladsaxe,ctx_klima_transport,,0.9812,ton CO₂e/indb.,2023,Klimaregnskabet.dk,context,klimapaavirkning,
217,Helsingør,ctx_klima_transport,,0.6796,ton CO₂e/indb.,2023,Klimaregnskabet.dk,context,klimapaavirkning,
250,Frederikssund,ctx_klima_transport,,1.0615,ton CO₂e/indb.,2023,Klimaregnskabet.dk,context,klimapaavirkning,
661,Holstebro,ctx_klima_transport,,1.8284,ton CO₂e/indb.,2023,Klimaregnskabet.dk,context,klimapaavirkning,
825,Læsø,ctx_klima_transport,,1.9087,ton CO₂e/indb.,2023,Klimaregnskabet.dk,context,klimapaavirkning,
657,Herning,ctx_klima_transport,,2.2541,ton CO₂e/indb.,2023,Klimaregnskabet.dk,context,klimapaavirkning,
260,Halsnæs,ctx_klima_transport,,1.1835,ton CO₂e/indb.,2023,Klimaregnskabet.dk,context,klimapaavirkning,
773,Morsø,ctx_klima_transport,,1.6793,ton CO₂e/indb.,2023,Klimaregnskabet.dk,context,klimapaavirkning,
219,Hillerød,ctx_klima_transport,,1.4197,ton CO₂e/indb.,2023,Klimaregnskabet.dk,context,klimapaavirkning,
340,Sorø,ctx_klima_transport,,2.4769,ton CO₂e/indb.,2023,Klimaregnskabet.dk,context,klimapaavirkning,
492,Ærø,ctx_klima_transport,,1.3517,ton CO₂e/indb.,2023,Klimaregnskabet.dk,context,klimapaavirkning,
561,Esbjerg,ctx_klima_transport,,1.2719,ton CO₂e/indb.,2023,Klimaregnskabet.dk,context,klimapaavirkning,
740,Silkeborg,ctx_klima_transport,,1.4771,ton CO₂e/indb.,2023,Klimaregnskabet.dk,context,klimapaavirkning,
615,Horsens,ctx_klima_transport,,1.4727,ton CO₂e/indb.,2023,Klimaregnskabet.dk,context,klimapaavirkning,
563,Fanø,ctx_klima_transport,,0.7783,ton CO₂e/indb.,2023,Klimaregnskabet.dk,context,klimapaavirkning,
316,Holbæk,ctx_klima_transport,,1.6853,ton CO₂e/indb.,2023,Klimaregnskabet.dk,context,klimapaavirkning,
766,Hedensted,ctx_klima_transport,,2.3761,ton CO₂e/indb.,2023,Klimaregnskabet.dk,context,klimapaavirkning,
607,Fredericia,ctx_klima_transport,,2.2661,ton CO₂e/indb.,2023,Klimaregnskabet.dk,context,klimapaavirkning,
410,Middelfart,ctx_klima_transport,,2.7209,ton CO₂e/indb.,2023,Klimaregnskabet.dk,context,klimapaavirkning,
329,Ringsted,ctx_klima_transport,,2.6932,ton CO₂e/indb.,2023,Klimaregnskabet.dk,context,klimapaavirkning,
370,Næstved,ctx_klima_transport,,1.5259,ton CO₂e/indb.,2023,Klimaregnskabet.dk,context,klimapaavirkning,
851,Aalborg,ctx_klima_transport,,1.4015,ton CO₂e/indb.,2023,Klimaregnskabet.dk,context,klimapaavirkning,
810,Brønderslev,ctx_klima_transport,,2.1251,ton CO₂e/indb.,2023,Klimaregnskabet.dk,context,klimapaavirkning,
727,Odder,ctx_klima_transport,,0.9978,ton CO₂e/indb.,2023,Klimaregnskabet.dk,context,klimapaavirkning,
336,Stevns,ctx_klima_transport,,0.6627,ton CO₂e/indb.,2023,Klimaregnskabet.dk,context,klimapaavirkning,
751,Aarhus,ctx_klima_transport,,1.0081,ton CO₂e/indb.,2023,Klimaregnskabet.dk,context,klimapaavirkning,
813,Frederikshavn,ctx_klima_transport,,1.0198,ton CO₂e/indb.,2023,Klimaregnskabet.dk,context,klimapaavirkning,
161,Glostrup,ctx_klima_transport,,1.3497,ton CO₂e/indb.,2023,Klimaregnskabet.dk,context,klimapaavirkning,
270,Gribskov,ctx_klima_transport,,1.1961,ton CO₂e/indb.,2023,Klimaregnskabet.dk,context,klimapaavirkning,
860,Hjørring,ctx_klima_transport,,1.2957,ton CO₂e/indb.,2023,Klimaregnskabet.dk,context,klimapaavirkning,
165,Albertslund,ctx_klima_transport,,1.3138,ton CO₂e/indb.,2023,Klimaregnskabet.dk,context,klimapaavirkning,
479,Svendborg,ctx_klima_transport,,1.1709,ton CO₂e/indb.,2023,Klimaregnskabet.dk,context,klimapaavirkning,
791,Viborg,ctx_klima_transport,,1.8877,ton CO₂e/indb.,2023,Klimaregnskabet.dk,context,klimapaavirkning,
480,Nordfyns,ctx_klima_transport,,0.905,ton CO₂e/indb.,2023,Klimaregnskabet.dk,context,klimapaavirkning,
706,Syddjurs,ctx_klima_transport,,1.7976,ton CO₂e/indb.,2023,Klimaregnskabet.dk,context,klimapaavirkning,
440,Kerteminde,ctx_klima_transport,,1.1694,ton CO₂e/indb.,2023,Klimaregnskabet.dk,context,klimapaavirkning,
630,Vejle,ctx_klima_transport,,2.1563,ton CO₂e/indb.,2023,Klimaregnskabet.dk,context,klimapaavirkning,
101,København,ctx_klima_transport,,0.3464,ton CO₂e/indb.,2023,Klimaregnskabet.dk,context,klimapaavirkning,
730,Randers,ctx_klima_transport,,1.5248,ton CO₂e/indb.,2023,Klimaregnskabet.dk,context,klimapaavirkning,
760,Ringkøbing-Skjern,ctx_klima_transport,,1.6997,ton CO₂e/indb.,2023,Klimaregnskabet.dk,context,klimapaavirkning,
430,Faaborg-Midtfyn,ctx_klima_transport,,1.5712,ton CO₂e/indb.,2023,Klimaregnskabet.dk,context,klimapaavirkning,
320,Faxe,ctx_klima_transport,,2.4013,ton CO₂e/indb.,2023,Klimaregnskabet.dk,context,klimapaavirkning,
169,Høje-Taastrup,ctx_klima_transport,,1.6767,ton CO₂e/indb.,2023,Klimaregnskabet.dk,context,klimapaavirkning,
573,Varde,ctx_klima_transport,,1.412,ton CO₂e/indb.,2023,Klimaregnskabet.dk,context,klimapaavirkning,
621,Kolding,ctx_klima_transport,,2.3534,ton CO₂e/indb.,2023,Klimaregnskabet.dk,context,klimapaavirkning,
420,Assens,ctx_klima_transport,,3.4065,ton CO₂e/indb.,2023,Klimaregnskabet.dk,context,klimapaavirkning,
580,Aabenraa,ctx_klima_transport,,1.8916,ton CO₂e/indb.,2023,Klimaregnskabet.dk,context,klimapaavirkning,
787,Thisted,ctx_klima_transport,,1.2371,ton CO₂e/indb.,2023,Klimaregnskabet.dk,context,klimapaavirkning,
756,Ikast-Brande,ctx_klima_transport,,2.3901,ton CO₂e/indb.,2023,Klimaregnskabet.dk,context,klimapaavirkning,
461,Odense,ctx_klima_transport,,1.2094,ton CO₂e/indb.,2023,Klimaregnskabet.dk,context,klimapaavirkning,
779,Skive,ctx_klima_transport,,1.5826,ton CO₂e/indb.,2023,Klimaregnskabet.dk,context,klimapaavirkning,
450,Nyborg,ctx_klima_transport,,3.3953,ton CO₂e/indb.,2023,Klimaregnskabet.dk,context,klimapaavirkning,
846,Mariagerfjord,ctx_klima_transport,,2.5386,ton CO₂e/indb.,2023,Klimaregnskabet.dk,context,klimapaavirkning,
820,Vesthimmerlands,ctx_klima_transport,,1.3995,ton CO₂e/indb.,2023,Klimaregnskabet.dk,context,klimapaavirkning,
540,Sønderborg,ctx_klima_transport,,0.9102,ton CO₂e/indb.,2023,Klimaregnskabet.dk,context,klimapaavirkning,
400,Bornholm,ctx_klima_transport,,1.4646,ton CO₂e/indb.,2023,Klimaregnskabet.dk,context,klimapaavirkning,
510,Haderslev,ctx_klima_transport,,1.7674,ton CO₂e/indb.,2023,Klimaregnskabet.dk,context,klimapaavirkning,
671,Struer,ctx_klima_transport,,1.5346,ton CO₂e/indb.,2023,Klimaregnskabet.dk,context,klimapaavirkning,
665,Lemvig,ctx_klima_transport,,1.6782,ton CO₂e/indb.,2023,Klimaregnskabet.dk,context,klimapaavirkning,
707,Norddjurs,ctx_klima_transport,,1.0851,ton CO₂e/indb.,2023,Klimaregnskabet.dk,context,klimapaavirkning,
330,Slagelse,ctx_klima_transport,,2.8448,ton CO₂e/indb.,2023,Klimaregnskabet.dk,context,klimapaavirkning,
306,Odsherred,ctx_klima_transport,,3.5999,ton CO₂e/indb.,2023,Klimaregnskabet.dk,context,klimapaavirkning,
575,Vejen,ctx_klima_transport,,2.8004,ton CO₂e/indb.,2023,Klimaregnskabet.dk,context,klimapaavirkning,
376,Guldborgsund,ctx_klima_transport,,1.4196,ton CO₂e/indb.,2023,Klimaregnskabet.dk,context,klimapaavirkning,
849,Jammerbugt,ctx_klima_transport,,1.7468,ton CO₂e/indb.,2023,Klimaregnskabet.dk,context,klimapaavirkning,
326,Kalundborg,ctx_klima_transport,,1.4542,ton CO₂e/indb.,2023,Klimaregnskabet.dk,context,klimapaavirkning,
390,Vordingborg,ctx_klima_transport,,2.1649,ton CO₂e/indb.,2023,Klimaregnskabet.dk,context,klimapaavirkning,
550,Tønder,ctx_klima_transport,,1.3651,ton CO₂e/indb.,2023,Klimaregnskabet.dk,context,klimapaavirkning,
360,Lolland,ctx_klima_transport,,1.2948,ton CO₂e/indb.,2023,Klimaregnskabet.dk,context,klimapaavirkning,
741,Samsø,ctx_klima_transport,,2.8095,ton CO₂e/indb.,2023,Klimaregnskabet.dk,context,klimapaavirkning,
482,Langeland,ctx_klima_transport,,1.957,ton CO₂e/indb.,2023,Klimaregnskabet.dk,context,klimapaavirkning,
201,Allerød,ctx_energiforbrug,,70.3166,GJ/indb.,2023,Klimaregnskabet.dk,context,klimapaavirkning,
153,Brøndby,ctx_energiforbrug,,77.4349,GJ/indb.,2023,Klimaregnskabet.dk,context,klimapaavirkning,
175,Rødovre,ctx_energiforbrug,,42.3881,GJ/indb.,2023,Klimaregnskabet.dk,context,klimapaavirkning,
155,Dragør,ctx_energiforbrug,,41.8171,GJ/indb.,2023,Klimaregnskabet.dk,context,klimapaavirkning,
190,Furesø,ctx_energiforbrug,,51.6217,GJ/indb.,2023,Klimaregnskabet.dk,context,klimapaavirkning,
167,Hvidovre,ctx_energiforbrug,,62.3303,GJ/indb.,2023,Klimaregnskabet.dk,context,klimapaavirkning,
230,Rudersdal,ctx_energiforbrug,,63.7104,GJ/indb.,2023,Klimaregnskabet.dk,context,klimapaavirkning,
746,Skanderborg,ctx_energiforbrug,,81.8564,GJ/indb.,2023,Klimaregnskabet.dk,context,klimapaavirkning,
269,Solrød,ctx_energiforbrug,,68.3682,GJ/indb.,2023,Klimaregnskabet.dk,context,klimapaavirkning,
265,Roskilde,ctx_energiforbrug,,58.4871,GJ/indb.,2023,Klimaregnskabet.dk,context,klimapaavirkning,
240,Egedal,ctx_energiforbrug,,46.2596,GJ/indb.,2023,Klimaregnskabet.dk,context,klimapaavirkning,
151,Ballerup,ctx_energiforbrug,,70.3122,GJ/indb.,2023,Klimaregnskabet.dk,context,klimapaavirkning,
223,Hørsholm,ctx_energiforbrug,,60.441,GJ/indb.,2023,Klimaregnskabet.dk,context,klimapaavirkning,
185,Tårnby,ctx_energiforbrug,,57.1753,GJ/indb.,2023,Klimaregnskabet.dk,context,klimapaavirkning,
157,Gentofte,ctx_energiforbrug,,53.7187,GJ/indb.,2023,Klimaregnskabet.dk,context,klimapaavirkning,
350,Lejre,ctx_energiforbrug,,79.6901,GJ/indb.,2023,Klimaregnskabet.dk,context,klimapaavirkning,
163,Herlev,ctx_energiforbrug,,52.4369,GJ/indb.,2023,Klimaregnskabet.dk,context,klimapaavirkning,
173,Lyngby-Taarbæk,ctx_energiforbrug,,53.1042,GJ/indb.,2023,Klimaregnskabet.dk,context,klimapaavirkning,
210,Fredensborg,ctx_energiforbrug,,55.2825,GJ/indb.,2023,Klimaregnskabet.dk,context,klimapaavirkning,
183,Ishøj,ctx_energiforbrug,,58.7395,GJ/indb.,2023,Klimaregnskabet.dk,context,klimapaavirkning,
710,Favrskov,ctx_energiforbrug,,111.641,GJ/indb.,2023,Klimaregnskabet.dk,context,klimapaavirkning,
530,Billund,ctx_energiforbrug,,125.9139,GJ/indb.,2023,Klimaregnskabet.dk,context,klimapaavirkning,
840,Rebild,ctx_energiforbrug,,119.9726,GJ/indb.,2023,Klimaregnskabet.dk,context,klimapaavirkning,
187,Vallensbæk,ctx_energiforbrug,,43.8546,GJ/indb.,2023,Klimaregnskabet.dk,context,klimapaavirkning,
253,Greve,ctx_energiforbrug,,64.2933,GJ/indb.,2023,Klimaregnskabet.dk,context,klimapaavirkning,
147,Frederiksberg,ctx_energiforbrug,,36.5568,GJ/indb.,2023,Klimaregnskabet.dk,context,klimapaavirkning,
259,Køge,ctx_energiforbrug,,107.384,GJ/indb.,2023,Klimaregnskabet.dk,context,klimapaavirkning,
159,Gladsaxe,ctx_energiforbrug,,59.4645,GJ/indb.,2023,Klimaregnskabet.dk,context,klimapaavirkning,
217,Helsingør,ctx_energiforbrug,,52.5328,GJ/indb.,2023,Klimaregnskabet.dk,context,klimapaavirkning,
250,Frederikssund,ctx_energiforbrug,,79.7801,GJ/indb.,2023,Klimaregnskabet.dk,context,klimapaavirkning,
661,Holstebro,ctx_energiforbrug,,114.2181,GJ/indb.,2023,Klimaregnskabet.dk,context,klimapaavirkning,
825,Læsø,ctx_energiforbrug,,133.4257,GJ/indb.,2023,Klimaregnskabet.dk,context,klimapaavirkning,
657,Herning,ctx_energiforbrug,,96.6374,GJ/indb.,2023,Klimaregnskabet.dk,context,klimapaavirkning,
260,Halsnæs,ctx_energiforbrug,,129.5946,GJ/indb.,2023,Klimaregnskabet.dk,context,klimapaavirkning,
773,Morsø,ctx_energiforbrug,,110.7037,GJ/indb.,2023,Klimaregnskabet.dk,context,klimapaavirkning,
219,Hillerød,ctx_energiforbrug,,68.9417,GJ/indb.,2023,Klimaregnskabet.dk,context,klimapaavirkning,
340,Sorø,ctx_energiforbrug,,84.1142,GJ/indb.,2023,Klimaregnskabet.dk,context,klimapaavirkning,
492,Ærø,ctx_energiforbrug,,81.6568,GJ/indb.,2023,Klimaregnskabet.dk,context,klimapaavirkning,
561,Esbjerg,ctx_energiforbrug,,84.3639,GJ/indb.,2023,Klimaregnskabet.dk,context,klimapaavirkning,
740,Silkeborg,ctx_energiforbrug,,72.3347,GJ/indb.,2023,Klimaregnskabet.dk,context,klimapaavirkning,
615,Horsens,ctx_energiforbrug,,76.7645,GJ/indb.,2023,Klimaregnskabet.dk,context,klimapaavirkning,
563,Fanø,ctx_energiforbrug,,80.1975,GJ/indb.,2023,Klimaregnskabet.dk,context,klimapaavirkning,
316,Holbæk,ctx_energiforbrug,,69.9447,GJ/indb.,2023,Klimaregnskabet.dk,context,klimapaavirkning,
766,Hedensted,ctx_energiforbrug,,107.8909,GJ/indb.,2023,Klimaregnskabet.dk,context,klimapaavirkning,
607,Fredericia,ctx_energiforbrug,,217.0582,GJ/indb.,2023,Klimaregnskabet.dk,context,klimapaavirkning,
410,Middelfart,ctx_energiforbrug,,95.7908,GJ/indb.,2023,Klimaregnskabet.dk,context,klimapaavirkning,
329,Ringsted,ctx_energiforbrug,,92.4146,GJ/indb.,2023,Klimaregnskabet.dk,context,klimapaavirkning,
370,Næstved,ctx_energiforbrug,,80.129,GJ/indb.,2023,Klimaregnskabet.dk,context,klimapaavirkning,
851,Aalborg,ctx_energiforbrug,,122.6813,GJ/indb.,2023,Klimaregnskabet.dk,context,klimapaavirkning,
810,Brønderslev,ctx_energiforbrug,,95.493,GJ/indb.,2023,Klimaregnskabet.dk,context,klimapaavirkning,
727,Odder,ctx_energiforbrug,,62.0511,GJ/indb.,2023,Klimaregnskabet.dk,context,klimapaavirkning,
336,Stevns,ctx_energiforbrug,,59.7077,GJ/indb.,2023,Klimaregnskabet.dk,context,klimapaavirkning,
751,Aarhus,ctx_energiforbrug,,55.4581,GJ/indb.,2023,Klimaregnskabet.dk,context,klimapaavirkning,
813,Frederikshavn,ctx_energiforbrug,,130.411,GJ/indb.,2023,Klimaregnskabet.dk,context,klimapaavirkning,
161,Glostrup,ctx_energiforbrug,,77.0294,GJ/indb.,2023,Klimaregnskabet.dk,context,klimapaavirkning,
270,Gribskov,ctx_energiforbrug,,69.0761,GJ/indb.,2023,Klimaregnskabet.dk,context,klimapaavirkning,
860,Hjørring,ctx_energiforbrug,,114.3744,GJ/indb.,2023,Klimaregnskabet.dk,context,klimapaavirkning,
165,Albertslund,ctx_energiforbrug,,60.0631,GJ/indb.,2023,Klimaregnskabet.dk,context,klimapaavirkning,
479,Svendborg,ctx_energiforbrug,,67.2604,GJ/indb.,2023,Klimaregnskabet.dk,context,klimapaavirkning,
791,Viborg,ctx_energiforbrug,,95.353,GJ/indb.,2023,Klimaregnskabet.dk,context,klimapaavirkning,
480,Nordfyns,ctx_energiforbrug,,82.3,GJ/indb.,2023,Klimaregnskabet.dk,context,klimapaavirkning,
706,Syddjurs,ctx_energiforbrug,,99.875,GJ/indb.,2023,Klimaregnskabet.dk,context,klimapaavirkning,
440,Kerteminde,ctx_energiforbrug,,88.2324,GJ/indb.,2023,Klimaregnskabet.dk,context,klimapaavirkning,
630,Vejle,ctx_energiforbrug,,89.9069,GJ/indb.,2023,Klimaregnskabet.dk,context,klimapaavirkning,
101,København,ctx_energiforbrug,,41.8807,GJ/indb.,2023,Klimaregnskabet.dk,context,klimapaavirkning,
730,Randers,ctx_energiforbrug,,73.3989,GJ/indb.,2023,Klimaregnskabet.dk,context,klimapaavirkning,
760,Ringkøbing-Skjern,ctx_energiforbrug,,168.411,GJ/indb.,2023,Klimaregnskabet.dk,context,klimapaavirkning,
430,Faaborg-Midtfyn,ctx_energiforbrug,,80.7912,GJ/indb.,2023,Klimaregnskabet.dk,context,klimapaavirkning,
320,Faxe,ctx_energiforbrug,,94.3669,GJ/indb.,2023,Klimaregnskabet.dk,context,klimapaavirkning,
169,Høje-Taastrup,ctx_energiforbrug,,69.8362,GJ/indb.,2023,Klimaregnskabet.dk,context,klimapaavirkning,
573,Varde,ctx_energiforbrug,,102.4507,GJ/indb.,2023,Klimaregnskabet.dk,context,klimapaavirkning,
621,Kolding,ctx_energiforbrug,,96.9878,GJ/indb.,2023,Klimaregnskabet.dk,context,klimapaavirkning,
420,Assens,ctx_energiforbrug,,117.8671,GJ/indb.,2023,Klimaregnskabet.dk,context,klimapaavirkning,
580,Aabenraa,ctx_energiforbrug,,102.3952,GJ/indb.,2023,Klimaregnskabet.dk,context,klimapaavirkning,
787,Thisted,ctx_energiforbrug,,104.7541,GJ/indb.,2023,Klimaregnskabet.dk,context,klimapaavirkning,
756,Ikast-Brande,ctx_energiforbrug,,120.1966,GJ/indb.,2023,Klimaregnskabet.dk,context,klimapaavirkning,
461,Odense,ctx_energiforbrug,,78.6064,GJ/indb.,2023,Klimaregnskabet.dk,context,klimapaavirkning,
779,Skive,ctx_energiforbrug,,110.4125,GJ/indb.,2023,Klimaregnskabet.dk,context,klimapaavirkning,
450,Nyborg,ctx_energiforbrug,,129.4917,GJ/indb.,2023,Klimaregnskabet.dk,context,klimapaavirkning,
846,Mariagerfjord,ctx_energiforbrug,,154.1087,GJ/indb.,2023,Klimaregnskabet.dk,context,klimapaavirkning,
820,Vesthimmerlands,ctx_energiforbrug,,116.9372,GJ/indb.,2023,Klimaregnskabet.dk,context,klimapaavirkning,
540,Sønderborg,ctx_energiforbrug,,79.7602,GJ/indb.,2023,Klimaregnskabet.dk,context,klimapaavirkning,
400,Bornholm,ctx_energiforbrug,,85.1244,GJ/indb.,2023,Klimaregnskabet.dk,context,klimapaavirkning,
510,Haderslev,ctx_energiforbrug,,90.7147,GJ/indb.,2023,Klimaregnskabet.dk,context,klimapaavirkning,
671,Struer,ctx_energiforbrug,,84.097,GJ/indb.,2023,Klimaregnskabet.dk,context,klimapaavirkning,
665,Lemvig,ctx_energiforbrug,,180.6512,GJ/indb.,2023,Klimaregnskabet.dk,context,klimapaavirkning,
707,Norddjurs,ctx_energiforbrug,,94.7624,GJ/indb.,2023,Klimaregnskabet.dk,context,klimapaavirkning,
330,Slagelse,ctx_energiforbrug,,91.3186,GJ/indb.,2023,Klimaregnskabet.dk,context,klimapaavirkning,
306,Odsherred,ctx_energiforbrug,,118.3128,GJ/indb.,2023,Klimaregnskabet.dk,context,klimapaavirkning,
575,Vejen,ctx_energiforbrug,,111.9743,GJ/indb.,2023,Klimaregnskabet.dk,context,klimapaavirkning,
376,Guldborgsund,ctx_energiforbrug,,92.5987,GJ/indb.,2023,Klimaregnskabet.dk,context,klimapaavirkning,
849,Jammerbugt,ctx_energiforbrug,,91.4705,GJ/indb.,2023,Klimaregnskabet.dk,context,klimapaavirkning,
326,Kalundborg,ctx_energiforbrug,,331.6622,GJ/indb.,2023,Klimaregnskabet.dk,context,klimapaavirkning,
390,Vordingborg,ctx_energiforbrug,,92.3497,GJ/indb.,2023,Klimaregnskabet.dk,context,klimapaavirkning,
550,Tønder,ctx_energiforbrug,,134.5877,GJ/indb.,2023,Klimaregnskabet.dk,context,klimapaavirkning,
360,Lolland,ctx_energiforbrug,,115.0438,GJ/indb.,2023,Klimaregnskabet.dk,context,klimapaavirkning,
741,Samsø,ctx_energiforbrug,,127.3428,GJ/indb.,2023,Klimaregnskabet.dk,context,klimapaavirkning,
482,Langeland,ctx_energiforbrug,,102.5088,GJ/indb.,2023,Klimaregnskabet.dk,context,klimapaavirkning,
201,Allerød,ctx_ve_selvforsyning,,4.3993,%,2023,Klimaregnskabet.dk,context,klimapaavirkning,
153,Brøndby,ctx_ve_selvforsyning,,1.4916,%,2023,Klimaregnskabet.dk,context,klimapaavirkning,
175,Rødovre,ctx_ve_selvforsyning,,2.1363,%,2023,Klimaregnskabet.dk,context,klimapaavirkning,
155,Dragør,ctx_ve_selvforsyning,,2.4569,%,2023,Klimaregnskabet.dk,context,klimapaavirkning,
190,Furesø,ctx_ve_selvforsyning,,2.5379,%,2023,Klimaregnskabet.dk,context,klimapaavirkning,
167,Hvidovre,ctx_ve_selvforsyning,,8.3893,%,2023,Klimaregnskabet.dk,context,klimapaavirkning,
230,Rudersdal,ctx_ve_selvforsyning,,2.4294,%,2023,Klimaregnskabet.dk,context,klimapaavirkning,
746,Skanderborg,ctx_ve_selvforsyning,,12.7179,%,2023,Klimaregnskabet.dk,context,klimapaavirkning,
269,Solrød,ctx_ve_selvforsyning,,4.1544,%,2023,Klimaregnskabet.dk,context,klimapaavirkning,
265,Roskilde,ctx_ve_selvforsyning,,5.358,%,2023,Klimaregnskabet.dk,context,klimapaavirkning,
240,Egedal,ctx_ve_selvforsyning,,4.0109,%,2023,Klimaregnskabet.dk,context,klimapaavirkning,
151,Ballerup,ctx_ve_selvforsyning,,1.515,%,2023,Klimaregnskabet.dk,context,klimapaavirkning,
223,Hørsholm,ctx_ve_selvforsyning,,1.8136,%,2023,Klimaregnskabet.dk,context,klimapaavirkning,
185,Tårnby,ctx_ve_selvforsyning,,1.3738,%,2023,Klimaregnskabet.dk,context,klimapaavirkning,
157,Gentofte,ctx_ve_selvforsyning,,1.0422,%,2023,Klimaregnskabet.dk,context,klimapaavirkning,
350,Lejre,ctx_ve_selvforsyning,,12.1715,%,2023,Klimaregnskabet.dk,context,klimapaavirkning,
163,Herlev,ctx_ve_selvforsyning,,2.1231,%,2023,Klimaregnskabet.dk,context,klimapaavirkning,
173,Lyngby-Taarbæk,ctx_ve_selvforsyning,,1.3257,%,2023,Klimaregnskabet.dk,context,klimapaavirkning,
210,Fredensborg,ctx_ve_selvforsyning,,2.7298,%,2023,Klimaregnskabet.dk,context,klimapaavirkning,
183,Ishøj,ctx_ve_selvforsyning,,2.902,%,2023,Klimaregnskabet.dk,context,klimapaavirkning,
710,Favrskov,ctx_ve_selvforsyning,,38.9885,%,2023,Klimaregnskabet.dk,context,klimapaavirkning,
530,Billund,ctx_ve_selvforsyning,,53.4543,%,2023,Klimaregnskabet.dk,context,klimapaavirkning,
840,Rebild,ctx_ve_selvforsyning,,70.474,%,2023,Klimaregnskabet.dk,context,klimapaavirkning,
187,Vallensbæk,ctx_ve_selvforsyning,,2.0053,%,2023,Klimaregnskabet.dk,context,klimapaavirkning,
253,Greve,ctx_ve_selvforsyning,,5.1477,%,2023,Klimaregnskabet.dk,context,klimapaavirkning,
147,Frederiksberg,ctx_ve_selvforsyning,,0.4505,%,2023,Klimaregnskabet.dk,context,klimapaavirkning,
259,Køge,ctx_ve_selvforsyning,,3.8481,%,2023,Klimaregnskabet.dk,context,klimapaavirkning,
159,Gladsaxe,ctx_ve_selvforsyning,,1.2099,%,2023,Klimaregnskabet.dk,context,klimapaavirkning,
217,Helsingør,ctx_ve_selvforsyning,,2.0325,%,2023,Klimaregnskabet.dk,context,klimapaavirkning,
250,Frederikssund,ctx_ve_selvforsyning,,3.6959,%,2023,Klimaregnskabet.dk,context,klimapaavirkning,
661,Holstebro,ctx_ve_selvforsyning,,103.5807,%,2023,Klimaregnskabet.dk,context,klimapaavirkning,
825,Læsø,ctx_ve_selvforsyning,,52.2611,%,2023,Klimaregnskabet.dk,context,klimapaavirkning,
657,Herning,ctx_ve_selvforsyning,,53.8787,%,2023,Klimaregnskabet.dk,context,klimapaavirkning,
260,Halsnæs,ctx_ve_selvforsyning,,5.344,%,2023,Klimaregnskabet.dk,context,klimapaavirkning,
773,Morsø,ctx_ve_selvforsyning,,129.8137,%,2023,Klimaregnskabet.dk,context,klimapaavirkning,
219,Hillerød,ctx_ve_selvforsyning,,4.3944,%,2023,Klimaregnskabet.dk,context,klimapaavirkning,
340,Sorø,ctx_ve_selvforsyning,,12.899,%,2023,Klimaregnskabet.dk,context,klimapaavirkning,
492,Ærø,ctx_ve_selvforsyning,,129.9545,%,2023,Klimaregnskabet.dk,context,klimapaavirkning,
561,Esbjerg,ctx_ve_selvforsyning,,25.0631,%,2023,Klimaregnskabet.dk,context,klimapaavirkning,
740,Silkeborg,ctx_ve_selvforsyning,,16.3442,%,2023,Klimaregnskabet.dk,context,klimapaavirkning,
615,Horsens,ctx_ve_selvforsyning,,4.42,%,2023,Klimaregnskabet.dk,context,klimapaavirkning,
563,Fanø,ctx_ve_selvforsyning,,21.481,%,2023,Klimaregnskabet.dk,context,klimapaavirkning,
316,Holbæk,ctx_ve_selvforsyning,,46.9377,%,2023,Klimaregnskabet.dk,context,klimapaavirkning,
766,Hedensted,ctx_ve_selvforsyning,,15.2114,%,2023,Klimaregnskabet.dk,context,klimapaavirkning,
607,Fredericia,ctx_ve_selvforsyning,,1.4819,%,2023,Klimaregnskabet.dk,context,klimapaavirkning,
410,Middelfart,ctx_ve_selvforsyning,,19.4771,%,2023,Klimaregnskabet.dk,context,klimapaavirkning,
329,Ringsted,ctx_ve_selvforsyning,,8.6075,%,2023,Klimaregnskabet.dk,context,klimapaavirkning,
370,Næstved,ctx_ve_selvforsyning,,41.4975,%,2023,Klimaregnskabet.dk,context,klimapaavirkning,
851,Aalborg,ctx_ve_selvforsyning,,22.8427,%,2023,Klimaregnskabet.dk,context,klimapaavirkning,
810,Brønderslev,ctx_ve_selvforsyning,,118.036,%,2023,Klimaregnskabet.dk,context,klimapaavirkning,
727,Odder,ctx_ve_selvforsyning,,37.3428,%,2023,Klimaregnskabet.dk,context,klimapaavirkning,
336,Stevns,ctx_ve_selvforsyning,,21.4643,%,2023,Klimaregnskabet.dk,context,klimapaavirkning,
751,Aarhus,ctx_ve_selvforsyning,,2.7257,%,2023,Klimaregnskabet.dk,context,klimapaavirkning,
813,Frederikshavn,ctx_ve_selvforsyning,,26.4109,%,2023,Klimaregnskabet.dk,context,klimapaavirkning,
161,Glostrup,ctx_ve_selvforsyning,,1.3329,%,2023,Klimaregnskabet.dk,context,klimapaavirkning,
270,Gribskov,ctx_ve_selvforsyning,,3.7852,%,2023,Klimaregnskabet.dk,context,klimapaavirkning,
860,Hjørring,ctx_ve_selvforsyning,,64.9087,%,2023,Klimaregnskabet.dk,context,klimapaavirkning,
165,Albertslund,ctx_ve_selvforsyning,,1.2731,%,2023,Klimaregnskabet.dk,context,klimapaavirkning,
479,Svendborg,ctx_ve_selvforsyning,,37.8624,%,2023,Klimaregnskabet.dk,context,klimapaavirkning,
791,Viborg,ctx_ve_selvforsyning,,38.1235,%,2023,Klimaregnskabet.dk,context,klimapaavirkning,
480,Nordfyns,ctx_ve_selvforsyning,,26.4685,%,2023,Klimaregnskabet.dk,context,klimapaavirkning,
706,Syddjurs,ctx_ve_selvforsyning,,15.9636,%,2023,Klimaregnskabet.dk,context,klimapaavirkning,
440,Kerteminde,ctx_ve_selvforsyning,,32.6147,%,2023,Klimaregnskabet.dk,context,klimapaavirkning,
630,Vejle,ctx_ve_selvforsyning,,38.9069,%,2023,Klimaregnskabet.dk,context,klimapaavirkning,
101,København,ctx_ve_selvforsyning,,2.9715,%,2023,Klimaregnskabet.dk,context,klimapaavirkning,
730,Randers,ctx_ve_selvforsyning,,138.4788,%,2023,Klimaregnskabet.dk,context,klimapaavirkning,
760,Ringkøbing-Skjern,ctx_ve_selvforsyning,,184.2459,%,2023,Klimaregnskabet.dk,context,klimapaavirkning,
430,Faaborg-Midtfyn,ctx_ve_selvforsyning,,13.5726,%,2023,Klimaregnskabet.dk,context,klimapaavirkning,
320,Faxe,ctx_ve_selvforsyning,,114.0127,%,2023,Klimaregnskabet.dk,context,klimapaavirkning,
169,Høje-Taastrup,ctx_ve_selvforsyning,,3.3671,%,2023,Klimaregnskabet.dk,context,klimapaavirkning,
573,Varde,ctx_ve_selvforsyning,,59.4069,%,2023,Klimaregnskabet.dk,context,klimapaavirkning,
621,Kolding,ctx_ve_selvforsyning,,10.6581,%,2023,Klimaregnskabet.dk,context,klimapaavirkning,
420,Assens,ctx_ve_selvforsyning,,41.6515,%,2023,Klimaregnskabet.dk,context,klimapaavirkning,
580,Aabenraa,ctx_ve_selvforsyning,,111.2577,%,2023,Klimaregnskabet.dk,context,klimapaavirkning,
787,Thisted,ctx_ve_selvforsyning,,171.0054,%,2023,Klimaregnskabet.dk,context,klimapaavirkning,
756,Ikast-Brande,ctx_ve_selvforsyning,,38.1217,%,2023,Klimaregnskabet.dk,context,klimapaavirkning,
461,Odense,ctx_ve_selvforsyning,,2.1181,%,2023,Klimaregnskabet.dk,context,klimapaavirkning,
779,Skive,ctx_ve_selvforsyning,,120.7756,%,2023,Klimaregnskabet.dk,context,klimapaavirkning,
450,Nyborg,ctx_ve_selvforsyning,,23.264,%,2023,Klimaregnskabet.dk,context,klimapaavirkning,
846,Mariagerfjord,ctx_ve_selvforsyning,,68.3601,%,2023,Klimaregnskabet.dk,context,klimapaavirkning,
820,Vesthimmerlands,ctx_ve_selvforsyning,,136.9366,%,2023,Klimaregnskabet.dk,context,klimapaavirkning,
540,Sønderborg,ctx_ve_selvforsyning,,25.3028,%,2023,Klimaregnskabet.dk,context,klimapaavirkning,
400,Bornholm,ctx_ve_selvforsyning,,54.7843,%,2023,Klimaregnskabet.dk,context,klimapaavirkning,
510,Haderslev,ctx_ve_selvforsyning,,22.2772,%,2023,Klimaregnskabet.dk,context,klimapaavirkning,
671,Struer,ctx_ve_selvforsyning,,134.7652,%,2023,Klimaregnskabet.dk,context,klimapaavirkning,
665,Lemvig,ctx_ve_selvforsyning,,299.4062,%,2023,Klimaregnskabet.dk,context,klimapaavirkning,
707,Norddjurs,ctx_ve_selvforsyning,,49.5439,%,2023,Klimaregnskabet.dk,context,klimapaavirkning,
330,Slagelse,ctx_ve_selvforsyning,,30.5686,%,2023,Klimaregnskabet.dk,context,klimapaavirkning,
306,Odsherred,ctx_ve_selvforsyning,,5.8532,%,2023,Klimaregnskabet.dk,context,klimapaavirkning,
575,Vejen,ctx_ve_selvforsyning,,28.8719,%,2023,Klimaregnskabet.dk,context,klimapaavirkning,
376,Guldborgsund,ctx_ve_selvforsyning,,57.2176,%,2023,Klimaregnskabet.dk,context,klimapaavirkning,
849,Jammerbugt,ctx_ve_selvforsyning,,209.0241,%,2023,Klimaregnskabet.dk,context,klimapaavirkning,
326,Kalundborg,ctx_ve_selvforsyning,,29.9182,%,2023,Klimaregnskabet.dk,context,klimapaavirkning,
390,Vordingborg,ctx_ve_selvforsyning,,51.8644,%,2023,Klimaregnskabet.dk,context,klimapaavirkning,
550,Tønder,ctx_ve_selvforsyning,,78.2937,%,2023,Klimaregnskabet.dk,context,klimapaavirkning,
360,Lolland,ctx_ve_selvforsyning,,345.2861,%,2023,Klimaregnskabet.dk,context,klimapaavirkning,
741,Samsø,ctx_ve_selvforsyning,,232.1606,%,2023,Klimaregnskabet.dk,context,klimapaavirkning,
482,Langeland,ctx_ve_selvforsyning,,145.7379,%,2023,Klimaregnskabet.dk,context,klimapaavirkning,
201,Allerød,_dim_klimapaavirkning,459.0,,,,,ecological_dimension,klimapaavirkning,
201,Allerød,_dim_luftkvalitet,135.8,,,,,ecological_dimension,luftkvalitet,
201,Allerød,_dim_forurening,99.18,,,,,ecological_dimension,forurening,
201,Allerød,_dim_naeringsstoffer,99.29,,,,,ecological_dimension,naeringsstoffer,
201,Allerød,_dim_biodiversitet,278.55,,,,,ecological_dimension,biodiversitet,
201,Allerød,_dim_vand,152.45,,,,,ecological_dimension,vand,
201,Allerød,_dim_arealanvendelse,202.82,,,,,ecological_dimension,arealanvendelse,
153,Brøndby,_dim_klimapaavirkning,330.33,,,,,ecological_dimension,klimapaavirkning,
153,Brøndby,_dim_luftkvalitet,138.8,,,,,ecological_dimension,luftkvalitet,
153,Brøndby,_dim_forurening,105.0,,,,,ecological_dimension,forurening,
153,Brøndby,_dim_naeringsstoffer,49.75,,,,,ecological_dimension,naeringsstoffer,
153,Brøndby,_dim_biodiversitet,300.0,,,,,ecological_dimension,biodiversitet,
153,Brøndby,_dim_vand,24.46,,,,,ecological_dimension,vand,
153,Brøndby,_dim_arealanvendelse,497.18,,,,,ecological_dimension,arealanvendelse,
175,Rødovre,_dim_klimapaavirkning,357.33,,,,,ecological_dimension,klimapaavirkning,
175,Rødovre,_dim_luftkvalitet,141.2,,,,,ecological_dimension,luftkvalitet,
175,Rødovre,_dim_forurening,63.97,,,,,ecological_dimension,forurening,
175,Rødovre,_dim_naeringsstoffer,300.0,,,,,ecological_dimension,naeringsstoffer,
175,Rødovre,_dim_biodiversitet,300.0,,,,,ecological_dimension,biodiversitet,
175,Rødovre,_dim_vand,18.48,,,,,ecological_dimension,vand,
175,Rødovre,_dim_arealanvendelse,619.72,,,,,ecological_dimension,arealanvendelse,
155,Dragør,_dim_klimapaavirkning,476.0,,,,,ecological_dimension,klimapaavirkning,
155,Dragør,_dim_luftkvalitet,135.6,,,,,ecological_dimension,luftkvalitet,
155,Dragør,_dim_forurening,200.69,,,,,ecological_dimension,forurening,
155,Dragør,_dim_naeringsstoffer,300.0,,,,,ecological_dimension,naeringsstoffer,
155,Dragør,_dim_biodiversitet,187.62,,,,,ecological_dimension,biodiversitet,
155,Dragør,_dim_arealanvendelse,319.72,,,,,ecological_dimension,arealanvendelse,
190,Furesø,_dim_klimapaavirkning,440.0,,,,,ecological_dimension,klimapaavirkning,
190,Furesø,_dim_luftkvalitet,137.4,,,,,ecological_dimension,luftkvalitet,
190,Furesø,_dim_forurening,50.65,,,,,ecological_dimension,forurening,
190,Furesø,_dim_naeringsstoffer,300.0,,,,,ecological_dimension,naeringsstoffer,
190,Furesø,_dim_biodiversitet,89.98,,,,,ecological_dimension,biodiversitet,
190,Furesø,_dim_vand,327.3,,,,,ecological_dimension,vand,
190,Furesø,_dim_arealanvendelse,259.15,,,,,ecological_dimension,arealanvendelse,
167,Hvidovre,_dim_klimapaavirkning,352.67,,,,,ecological_dimension,klimapaavirkning,
167,Hvidovre,_dim_luftkvalitet,138.6,,,,,ecological_dimension,luftkvalitet,
167,Hvidovre,_dim_forurening,342.16,,,,,ecological_dimension,forurening,
167,Hvidovre,_dim_naeringsstoffer,302.44,,,,,ecological_dimension,naeringsstoffer,
167,Hvidovre,_dim_biodiversitet,300.0,,,,,ecological_dimension,biodiversitet,
167,Hvidovre,_dim_arealanvendelse,560.56,,,,,ecological_dimension,arealanvendelse,
230,Rudersdal,_dim_klimapaavirkning,552.67,,,,,ecological_dimension,klimapaavirkning,
230,Rudersdal,_dim_luftkvalitet,136.4,,,,,ecological_dimension,luftkvalitet,
230,Rudersdal,_dim_forurening,42.95,,,,,ecological_dimension,forurening,
230,Rudersdal,_dim_naeringsstoffer,110.99,,,,,ecological_dimension,naeringsstoffer,
230,Rudersdal,_dim_biodiversitet,112.32,,,,,ecological_dimension,biodiversitet,
230,Rudersdal,_dim_vand,85.85,,,,,ecological_dimension,vand,
230,Rudersdal,_dim_arealanvendelse,309.15,,,,,ecological_dimension,arealanvendelse,
746,Skanderborg,_dim_klimapaavirkning,386.0,,,,,ecological_dimension,klimapaavirkning,
746,Skanderborg,_dim_luftkvalitet,136.4,,,,,ecological_dimension,luftkvalitet,
746,Skanderborg,_dim_forurening,98.68,,,,,ecological_dimension,forurening,
746,Skanderborg,_dim_naeringsstoffer,105.94,,,,,ecological_dimension,naeringsstoffer,
746,Skanderborg,_dim_biodiversitet,277.01,,,,,ecological_dimension,biodiversitet,
746,Skanderborg,_dim_vand,69.07,,,,,ecological_dimension,vand,
746,Skanderborg,_dim_arealanvendelse,115.49,,,,,ecological_dimension,arealanvendelse,
269,Solrød,_dim_klimapaavirkning,451.33,,,,,ecological_dimension,klimapaavirkning,
269,Solrød,_dim_luftkvalitet,141.4,,,,,ecological_dimension,luftkvalitet,
269,Solrød,_dim_forurening,53.88,,,,,ecological_dimension,forurening,
269,Solrød,_dim_naeringsstoffer,99.19,,,,,ecological_dimension,naeringsstoffer,
269,Solrød,_dim_biodiversitet,300.0,,,,,ecological_dimension,biodiversitet,
269,Solrød,_dim_vand,111.06,,,,,ecological_dimension,vand,
269,Solrød,_dim_arealanvendelse,222.54,,,,,ecological_dimension,arealanvendelse,
265,Roskilde,_dim_klimapaavirkning,426.67,,,,,ecological_dimension,klimapaavirkning,
265,Roskilde,_dim_luftkvalitet,141.0,,,,,ecological_dimension,luftkvalitet,
265,Roskilde,_dim_forurening,77.55,,,,,ecological_dimension,forurening,
265,Roskilde,_dim_naeringsstoffer,124.79,,,,,ecological_dimension,naeringsstoffer,
265,Roskilde,_dim_biodiversitet,300.0,,,,,ecological_dimension,biodiversitet,
265,Roskilde,_dim_vand,273.17,,,,,ecological_dimension,vand,
265,Roskilde,_dim_arealanvendelse,197.89,,,,,ecological_dimension,arealanvendelse,
240,Egedal,_dim_klimapaavirkning,410.67,,,,,ecological_dimension,klimapaavirkning,
240,Egedal,_dim_luftkvalitet,138.2,,,,,ecological_dimension,luftkvalitet,
240,Egedal,_dim_forurening,162.83,,,,,ecological_dimension,forurening,
240,Egedal,_dim_naeringsstoffer,250.57,,,,,ecological_dimension,naeringsstoffer,
240,Egedal,_dim_biodiversitet,300.0,,,,,ecological_dimension,biodiversitet,
240,Egedal,_dim_vand,182.84,,,,,ecological_dimension,vand,
240,Egedal,_dim_arealanvendelse,167.61,,,,,ecological_dimension,arealanvendelse,
151,Ballerup,_dim_klimapaavirkning,364.67,,,,,ecological_dimension,klimapaavirkning,
151,Ballerup,_dim_luftkvalitet,138.8,,,,,ecological_dimension,luftkvalitet,
151,Ballerup,_dim_forurening,164.78,,,,,ecological_dimension,forurening,
151,Ballerup,_dim_naeringsstoffer,300.0,,,,,ecological_dimension,naeringsstoffer,
151,Ballerup,_dim_biodiversitet,300.0,,,,,ecological_dimension,biodiversitet,
151,Ballerup,_dim_vand,66.59,,,,,ecological_dimension,vand,
151,Ballerup,_dim_arealanvendelse,464.79,,,,,ecological_dimension,arealanvendelse,
223,Hørsholm,_dim_klimapaavirkning,555.33,,,,,ecological_dimension,klimapaavirkning,
223,Hørsholm,_dim_luftkvalitet,133.4,,,,,ecological_dimension,luftkvalitet,
223,Hørsholm,_dim_forurening,33.34,,,,,ecological_dimension,forurening,
223,Hørsholm,_dim_naeringsstoffer,300.0,,,,,ecological_dimension,naeringsstoffer,
223,Hørsholm,_dim_biodiversitet,300.0,,,,,ecological_dimension,biodiversitet,
223,Hørsholm,_dim_vand,110.02,,,,,ecological_dimension,vand,
223,Hørsholm,_dim_arealanvendelse,297.89,,,,,ecological_dimension,arealanvendelse,
185,Tårnby,_dim_klimapaavirkning,376.33,,,,,ecological_dimension,klimapaavirkning,
185,Tårnby,_dim_luftkvalitet,134.6,,,,,ecological_dimension,luftkvalitet,
185,Tårnby,_dim_forurening,63.5,,,,,ecological_dimension,forurening,
185,Tårnby,_dim_naeringsstoffer,147.97,,,,,ecological_dimension,naeringsstoffer,
185,Tårnby,_dim_biodiversitet,60.98,,,,,ecological_dimension,biodiversitet,
185,Tårnby,_dim_arealanvendelse,290.14,,,,,ecological_dimension,arealanvendelse,
157,Gentofte,_dim_klimapaavirkning,576.33,,,,,ecological_dimension,klimapaavirkning,
157,Gentofte,_dim_luftkvalitet,137.6,,,,,ecological_dimension,luftkvalitet,
157,Gentofte,_dim_forurening,330.77,,,,,ecological_dimension,forurening,
157,Gentofte,_dim_naeringsstoffer,300.0,,,,,ecological_dimension,naeringsstoffer,
157,Gentofte,_dim_biodiversitet,300.0,,,,,ecological_dimension,biodiversitet,
157,Gentofte,_dim_vand,60.02,,,,,ecological_dimension,vand,
157,Gentofte,_dim_arealanvendelse,594.37,,,,,ecological_dimension,arealanvendelse,
350,Lejre,_dim_klimapaavirkning,428.67,,,,,ecological_dimension,klimapaavirkning,
350,Lejre,_dim_luftkvalitet,141.0,,,,,ecological_dimension,luftkvalitet,
350,Lejre,_dim_forurening,92.33,,,,,ecological_dimension,forurening,
350,Lejre,_dim_naeringsstoffer,300.0,,,,,ecological_dimension,naeringsstoffer,
350,Lejre,_dim_biodiversitet,300.0,,,,,ecological_dimension,biodiversitet,
350,Lejre,_dim_vand,260.43,,,,,ecological_dimension,vand,
350,Lejre,_dim_arealanvendelse,102.11,,,,,ecological_dimension,arealanvendelse,
163,Herlev,_dim_klimapaavirkning,367.33,,,,,ecological_dimension,klimapaavirkning,
163,Herlev,_dim_luftkvalitet,140.4,,,,,ecological_dimension,luftkvalitet,
163,Herlev,_dim_forurening,107.66,,,,,ecological_dimension,forurening,
163,Herlev,_dim_naeringsstoffer,300.0,,,,,ecological_dimension,naeringsstoffer,
163,Herlev,_dim_biodiversitet,300.0,,,,,ecological_dimension,biodiversitet,
163,Herlev,_dim_arealanvendelse,569.72,,,,,ecological_dimension,arealanvendelse,
173,Lyngby-Taarbæk,_dim_klimapaavirkning,463.67,,,,,ecological_dimension,klimapaavirkning,
173,Lyngby-Taarbæk,_dim_luftkvalitet,138.0,,,,,ecological_dimension,luftkvalitet,
173,Lyngby-Taarbæk,_dim_forurening,57.6,,,,,ecological_dimension,forurening,
173,Lyngby-Taarbæk,_dim_naeringsstoffer,300.0,,,,,ecological_dimension,naeringsstoffer,
173,Lyngby-Taarbæk,_dim_biodiversitet,68.04,,,,,ecological_dimension,biodiversitet,
173,Lyngby-Taarbæk,_dim_vand,41.97,,,,,ecological_dimension,vand,
173,Lyngby-Taarbæk,_dim_arealanvendelse,354.23,,,,,ecological_dimension,arealanvendelse,
210,Fredensborg,_dim_klimapaavirkning,422.33,,,,,ecological_dimension,klimapaavirkning,
210,Fredensborg,_dim_luftkvalitet,132.4,,,,,ecological_dimension,luftkvalitet,
210,Fredensborg,_dim_forurening,109.25,,,,,ecological_dimension,forurening,
210,Fredensborg,_dim_naeringsstoffer,128.31,,,,,ecological_dimension,naeringsstoffer,
210,Fredensborg,_dim_biodiversitet,300.0,,,,,ecological_dimension,biodiversitet,
210,Fredensborg,_dim_vand,103.96,,,,,ecological_dimension,vand,
210,Fredensborg,_dim_arealanvendelse,169.01,,,,,ecological_dimension,arealanvendelse,
183,Ishøj,_dim_klimapaavirkning,318.67,,,,,ecological_dimension,klimapaavirkning,
183,Ishøj,_dim_luftkvalitet,138.8,,,,,ecological_dimension,luftkvalitet,
183,Ishøj,_dim_forurening,73.1,,,,,ecological_dimension,forurening,
183,Ishøj,_dim_naeringsstoffer,70.8,,,,,ecological_dimension,naeringsstoffer,
183,Ishøj,_dim_biodiversitet,300.0,,,,,ecological_dimension,biodiversitet,
183,Ishøj,_dim_vand,323.0,,,,,ecological_dimension,vand,
183,Ishøj,_dim_arealanvendelse,250.0,,,,,ecological_dimension,arealanvendelse,
710,Favrskov,_dim_klimapaavirkning,369.67,,,,,ecological_dimension,klimapaavirkning,
710,Favrskov,_dim_luftkvalitet,133.2,,,,,ecological_dimension,luftkvalitet,
710,Favrskov,_dim_forurening,91.15,,,,,ecological_dimension,forurening,
710,Favrskov,_dim_naeringsstoffer,253.84,,,,,ecological_dimension,naeringsstoffer,
710,Favrskov,_dim_biodiversitet,300.0,,,,,ecological_dimension,biodiversitet,
710,Favrskov,_dim_vand,60.82,,,,,ecological_dimension,vand,
710,Favrskov,_dim_arealanvendelse,106.03,,,,,ecological_dimension,arealanvendelse,
530,Billund,_dim_klimapaavirkning,360.33,,,,,ecological_dimension,klimapaavirkning,
530,Billund,_dim_luftkvalitet,138.6,,,,,ecological_dimension,luftkvalitet,
530,Billund,_dim_forurening,49.95,,,,,ecological_dimension,forurening,
530,Billund,_dim_naeringsstoffer,300.0,,,,,ecological_dimension,naeringsstoffer,
530,Billund,_dim_biodiversitet,300.0,,,,,ecological_dimension,biodiversitet,
530,Billund,_dim_vand,130.84,,,,,ecological_dimension,vand,
530,Billund,_dim_arealanvendelse,92.14,,,,,ecological_dimension,arealanvendelse,
840,Rebild,_dim_klimapaavirkning,562.1,,,,,ecological_dimension,klimapaavirkning,
840,Rebild,_dim_luftkvalitet,128.6,,,,,ecological_dimension,luftkvalitet,
840,Rebild,_dim_forurening,110.1,,,,,ecological_dimension,forurening,
840,Rebild,_dim_naeringsstoffer,223.69,,,,,ecological_dimension,naeringsstoffer,
840,Rebild,_dim_biodiversitet,300.0,,,,,ecological_dimension,biodiversitet,
840,Rebild,_dim_vand,70.59,,,,,ecological_dimension,vand,
840,Rebild,_dim_arealanvendelse,108.41,,,,,ecological_dimension,arealanvendelse,
187,Vallensbæk,_dim_klimapaavirkning,385.33,,,,,ecological_dimension,klimapaavirkning,
187,Vallensbæk,_dim_luftkvalitet,138.8,,,,,ecological_dimension,luftkvalitet,
187,Vallensbæk,_dim_forurening,55.72,,,,,ecological_dimension,forurening,
187,Vallensbæk,_dim_naeringsstoffer,300.0,,,,,ecological_dimension,naeringsstoffer,
187,Vallensbæk,_dim_biodiversitet,300.0,,,,,ecological_dimension,biodiversitet,
187,Vallensbæk,_dim_vand,53.68,,,,,ecological_dimension,vand,
187,Vallensbæk,_dim_arealanvendelse,428.87,,,,,ecological_dimension,arealanvendelse,
253,Greve,_dim_klimapaavirkning,438.33,,,,,ecological_dimension,klimapaavirkning,
253,Greve,_dim_luftkvalitet,139.8,,,,,ecological_dimension,luftkvalitet,
253,Greve,_dim_forurening,93.5,,,,,ecological_dimension,forurening,
253,Greve,_dim_naeringsstoffer,100.52,,,,,ecological_dimension,naeringsstoffer,
253,Greve,_dim_biodiversitet,300.0,,,,,ecological_dimension,biodiversitet,
253,Greve,_dim_vand,75.88,,,,,ecological_dimension,vand,
253,Greve,_dim_arealanvendelse,316.2,,,,,ecological_dimension,arealanvendelse,
147,Frederiksberg,_dim_klimapaavirkning,385.0,,,,,ecological_dimension,klimapaavirkning,
147,Frederiksberg,_dim_luftkvalitet,141.6,,,,,ecological_dimension,luftkvalitet,
147,Frederiksberg,_dim_forurening,63.83,,,,,ecological_dimension,forurening,
147,Frederiksberg,_dim_naeringsstoffer,300.0,,,,,ecological_dimension,naeringsstoffer,
147,Frederiksberg,_dim_biodiversitet,300.0,,,,,ecological_dimension,biodiversitet,
147,Frederiksberg,_dim_vand,31.23,,,,,ecological_dimension,vand,
147,Frederiksberg,_dim_arealanvendelse,637.32,,,,,ecological_dimension,arealanvendelse,
259,Køge,_dim_klimapaavirkning,408.0,,,,,ecological_dimension,klimapaavirkning,
259,Køge,_dim_luftkvalitet,141.6,,,,,ecological_dimension,luftkvalitet,
259,Køge,_dim_forurening,113.38,,,,,ecological_dimension,forurening,
259,Køge,_dim_naeringsstoffer,300.0,,,,,ecological_dimension,naeringsstoffer,
259,Køge,_dim_biodiversitet,300.0,,,,,ecological_dimension,biodiversitet,
259,Køge,_dim_vand,264.94,,,,,ecological_dimension,vand,
259,Køge,_dim_arealanvendelse,135.92,,,,,ecological_dimension,arealanvendelse,
159,Gladsaxe,_dim_klimapaavirkning,380.67,,,,,ecological_dimension,klimapaavirkning,
159,Gladsaxe,_dim_luftkvalitet,141.2,,,,,ecological_dimension,luftkvalitet,
159,Gladsaxe,_dim_forurening,187.94,,,,,ecological_dimension,forurening,
159,Gladsaxe,_dim_naeringsstoffer,300.0,,,,,ecological_dimension,naeringsstoffer,
159,Gladsaxe,_dim_biodiversitet,269.06,,,,,ecological_dimension,biodiversitet,
159,Gladsaxe,_dim_vand,42.53,,,,,ecological_dimension,vand,
159,Gladsaxe,_dim_arealanvendelse,565.49,,,,,ecological_dimension,arealanvendelse,
217,Helsingør,_dim_klimapaavirkning,390.33,,,,,ecological_dimension,klimapaavirkning,
217,Helsingør,_dim_luftkvalitet,130.8,,,,,ecological_dimension,luftkvalitet,
217,Helsingør,_dim_forurening,100.19,,,,,ecological_dimension,forurening,
217,Helsingør,_dim_naeringsstoffer,300.0,,,,,ecological_dimension,naeringsstoffer,
217,Helsingør,_dim_biodiversitet,164.2,,,,,ecological_dimension,biodiversitet,
217,Helsingør,_dim_vand,74.83,,,,,ecological_dimension,vand,
217,Helsingør,_dim_arealanvendelse,219.72,,,,,ecological_dimension,arealanvendelse,
250,Frederikssund,_dim_klimapaavirkning,380.33,,,,,ecological_dimension,klimapaavirkning,
250,Frederikssund,_dim_luftkvalitet,137.4,,,,,ecological_dimension,luftkvalitet,
250,Frederikssund,_dim_forurening,164.67,,,,,ecological_dimension,forurening,
250,Frederikssund,_dim_naeringsstoffer,137.62,,,,,ecological_dimension,naeringsstoffer,
250,Frederikssund,_dim_biodiversitet,259.52,,,,,ecological_dimension,biodiversitet,
250,Frederikssund,_dim_vand,158.97,,,,,ecological_dimension,vand,
250,Frederikssund,_dim_arealanvendelse,141.55,,,,,ecological_dimension,arealanvendelse,
661,Holstebro,_dim_klimapaavirkning,360.0,,,,,ecological_dimension,klimapaavirkning,
661,Holstebro,_dim_luftkvalitet,131.6,,,,,ecological_dimension,luftkvalitet,
661,Holstebro,_dim_forurening,103.9,,,,,ecological_dimension,forurening,
661,Holstebro,_dim_naeringsstoffer,286.19,,,,,ecological_dimension,naeringsstoffer,
661,Holstebro,_dim_biodiversitet,300.0,,,,,ecological_dimension,biodiversitet,
661,Holstebro,_dim_vand,108.69,,,,,ecological_dimension,vand,
661,Holstebro,_dim_arealanvendelse,97.07,,,,,ecological_dimension,arealanvendelse,
825,Læsø,_dim_klimapaavirkning,438.67,,,,,ecological_dimension,klimapaavirkning,
825,Læsø,_dim_luftkvalitet,112.2,,,,,ecological_dimension,luftkvalitet,
825,Læsø,_dim_forurening,100.81,,,,,ecological_dimension,forurening,
825,Læsø,_dim_naeringsstoffer,462.6,,,,,ecological_dimension,naeringsstoffer,
825,Læsø,_dim_biodiversitet,53.95,,,,,ecological_dimension,biodiversitet,
825,Læsø,_dim_vand,155.18,,,,,ecological_dimension,vand,
825,Læsø,_dim_arealanvendelse,67.61,,,,,ecological_dimension,arealanvendelse,
657,Herning,_dim_klimapaavirkning,362.67,,,,,ecological_dimension,klimapaavirkning,
657,Herning,_dim_luftkvalitet,133.8,,,,,ecological_dimension,luftkvalitet,
657,Herning,_dim_forurening,59.73,,,,,ecological_dimension,forurening,
657,Herning,_dim_naeringsstoffer,176.14,,,,,ecological_dimension,naeringsstoffer,
657,Herning,_dim_biodiversitet,300.0,,,,,ecological_dimension,biodiversitet,
657,Herning,_dim_vand,97.22,,,,,ecological_dimension,vand,
657,Herning,_dim_arealanvendelse,98.72,,,,,ecological_dimension,arealanvendelse,
260,Halsnæs,_dim_klimapaavirkning,349.0,,,,,ecological_dimension,klimapaavirkning,
260,Halsnæs,_dim_luftkvalitet,133.0,,,,,ecological_dimension,luftkvalitet,
260,Halsnæs,_dim_forurening,219.12,,,,,ecological_dimension,forurening,
260,Halsnæs,_dim_naeringsstoffer,147.26,,,,,ecological_dimension,naeringsstoffer,
260,Halsnæs,_dim_biodiversitet,112.11,,,,,ecological_dimension,biodiversitet,
260,Halsnæs,_dim_vand,69.29,,,,,ecological_dimension,vand,
260,Halsnæs,_dim_arealanvendelse,219.72,,,,,ecological_dimension,arealanvendelse,
773,Morsø,_dim_klimapaavirkning,409.0,,,,,ecological_dimension,klimapaavirkning,
773,Morsø,_dim_luftkvalitet,127.8,,,,,ecological_dimension,luftkvalitet,
773,Morsø,_dim_forurening,130.18,,,,,ecological_dimension,forurening,
773,Morsø,_dim_naeringsstoffer,300.0,,,,,ecological_dimension,naeringsstoffer,
773,Morsø,_dim_biodiversitet,300.0,,,,,ecological_dimension,biodiversitet,
773,Morsø,_dim_vand,131.4,,,,,ecological_dimension,vand,
773,Morsø,_dim_arealanvendelse,127.97,,,,,ecological_dimension,arealanvendelse,
219,Hillerød,_dim_klimapaavirkning,387.67,,,,,ecological_dimension,klimapaavirkning,
219,Hillerød,_dim_luftkvalitet,134.6,,,,,ecological_dimension,luftkvalitet,
219,Hillerød,_dim_forurening,79.17,,,,,ecological_dimension,forurening,
219,Hillerød,_dim_naeringsstoffer,136.35,,,,,ecological_dimension,naeringsstoffer,
219,Hillerød,_dim_biodiversitet,107.26,,,,,ecological_dimension,biodiversitet,
219,Hillerød,_dim_vand,193.11,,,,,ecological_dimension,vand,
219,Hillerød,_dim_arealanvendelse,133.1,,,,,ecological_dimension,arealanvendelse,
340,Sorø,_dim_klimapaavirkning,400.0,,,,,ecological_dimension,klimapaavirkning,
340,Sorø,_dim_luftkvalitet,142.0,,,,,ecological_dimension,luftkvalitet,
340,Sorø,_dim_forurening,84.38,,,,,ecological_dimension,forurening,
340,Sorø,_dim_naeringsstoffer,98.17,,,,,ecological_dimension,naeringsstoffer,
340,Sorø,_dim_biodiversitet,300.0,,,,,ecological_dimension,biodiversitet,
340,Sorø,_dim_vand,35.83,,,,,ecological_dimension,vand,
340,Sorø,_dim_arealanvendelse,95.07,,,,,ecological_dimension,arealanvendelse,
492,Ærø,_dim_klimapaavirkning,354.0,,,,,ecological_dimension,klimapaavirkning,
492,Ærø,_dim_luftkvalitet,145.8,,,,,ecological_dimension,luftkvalitet,
492,Ærø,_dim_forurening,147.41,,,,,ecological_dimension,forurening,
492,Ærø,_dim_naeringsstoffer,300.0,,,,,ecological_dimension,naeringsstoffer,
492,Ærø,_dim_biodiversitet,300.0,,,,,ecological_dimension,biodiversitet,
492,Ærø,_dim_vand,45.8,,,,,ecological_dimension,vand,
492,Ærø,_dim_arealanvendelse,113.16,,,,,ecological_dimension,arealanvendelse,
561,Esbjerg,_dim_klimapaavirkning,356.67,,,,,ecological_dimension,klimapaavirkning,
561,Esbjerg,_dim_luftkvalitet,143.8,,,,,ecological_dimension,luftkvalitet,
561,Esbjerg,_dim_forurening,114.38,,,,,ecological_dimension,forurening,
561,Esbjerg,_dim_naeringsstoffer,300.0,,,,,ecological_dimension,naeringsstoffer,
561,Esbjerg,_dim_biodiversitet,300.0,,,,,ecological_dimension,biodiversitet,
561,Esbjerg,_dim_vand,67.39,,,,,ecological_dimension,vand,
561,Esbjerg,_dim_arealanvendelse,108.59,,,,,ecological_dimension,arealanvendelse,
740,Silkeborg,_dim_klimapaavirkning,368.0,,,,,ecological_dimension,klimapaavirkning,
740,Silkeborg,_dim_luftkvalitet,133.8,,,,,ecological_dimension,luftkvalitet,
740,Silkeborg,_dim_forurening,79.5,,,,,ecological_dimension,forurening,
740,Silkeborg,_dim_naeringsstoffer,112.41,,,,,ecological_dimension,naeringsstoffer,
740,Silkeborg,_dim_biodiversitet,300.0,,,,,ecological_dimension,biodiversitet,
740,Silkeborg,_dim_vand,71.8,,,,,ecological_dimension,vand,
740,Silkeborg,_dim_arealanvendelse,100.7,,,,,ecological_dimension,arealanvendelse,
615,Horsens,_dim_klimapaavirkning,365.33,,,,,ecological_dimension,klimapaavirkning,
615,Horsens,_dim_luftkvalitet,138.4,,,,,ecological_dimension,luftkvalitet,
615,Horsens,_dim_forurening,74.4,,,,,ecological_dimension,forurening,
615,Horsens,_dim_naeringsstoffer,107.49,,,,,ecological_dimension,naeringsstoffer,
615,Horsens,_dim_biodiversitet,300.0,,,,,ecological_dimension,biodiversitet,
615,Horsens,_dim_vand,93.89,,,,,ecological_dimension,vand,
615,Horsens,_dim_arealanvendelse,120.42,,,,,ecological_dimension,arealanvendelse,
563,Fanø,_dim_klimapaavirkning,404.33,,,,,ecological_dimension,klimapaavirkning,
563,Fanø,_dim_luftkvalitet,140.6,,,,,ecological_dimension,luftkvalitet,
563,Fanø,_dim_forurening,96.8,,,,,ecological_dimension,forurening,
563,Fanø,_dim_naeringsstoffer,100.17,,,,,ecological_dimension,naeringsstoffer,
563,Fanø,_dim_biodiversitet,53.78,,,,,ecological_dimension,biodiversitet,
563,Fanø,_dim_vand,121.97,,,,,ecological_dimension,vand,
563,Fanø,_dim_arealanvendelse,80.28,,,,,ecological_dimension,arealanvendelse,
316,Holbæk,_dim_klimapaavirkning,400.67,,,,,ecological_dimension,klimapaavirkning,
316,Holbæk,_dim_luftkvalitet,140.2,,,,,ecological_dimension,luftkvalitet,
316,Holbæk,_dim_forurening,67.85,,,,,ecological_dimension,forurening,
316,Holbæk,_dim_naeringsstoffer,286.19,,,,,ecological_dimension,naeringsstoffer,
316,Holbæk,_dim_biodiversitet,300.0,,,,,ecological_dimension,biodiversitet,
316,Holbæk,_dim_vand,99.43,,,,,ecological_dimension,vand,
316,Holbæk,_dim_arealanvendelse,105.3,,,,,ecological_dimension,arealanvendelse,
766,Hedensted,_dim_klimapaavirkning,371.33,,,,,ecological_dimension,klimapaavirkning,
766,Hedensted,_dim_luftkvalitet,139.8,,,,,ecological_dimension,luftkvalitet,
766,Hedensted,_dim_forurening,80.57,,,,,ecological_dimension,forurening,
766,Hedensted,_dim_naeringsstoffer,300.0,,,,,ecological_dimension,naeringsstoffer,
766,Hedensted,_dim_biodiversitet,300.0,,,,,ecological_dimension,biodiversitet,
766,Hedensted,_dim_vand,111.53,,,,,ecological_dimension,vand,
766,Hedensted,_dim_arealanvendelse,111.7,,,,,ecological_dimension,arealanvendelse,
607,Fredericia,_dim_klimapaavirkning,367.63,,,,,ecological_dimension,klimapaavirkning,
607,Fredericia,_dim_luftkvalitet,145.0,,,,,ecological_dimension,luftkvalitet,
607,Fredericia,_dim_forurening,49.18,,,,,ecological_dimension,forurening,
607,Fredericia,_dim_naeringsstoffer,300.0,,,,,ecological_dimension,naeringsstoffer,
607,Fredericia,_dim_biodiversitet,300.0,,,,,ecological_dimension,biodiversitet,
607,Fredericia,_dim_vand,96.22,,,,,ecological_dimension,vand,
607,Fredericia,_dim_arealanvendelse,223.94,,,,,ecological_dimension,arealanvendelse,
410,Middelfart,_dim_klimapaavirkning,375.67,,,,,ecological_dimension,klimapaavirkning,
410,Middelfart,_dim_luftkvalitet,144.4,,,,,ecological_dimension,luftkvalitet,
410,Middelfart,_dim_forurening,104.92,,,,,ecological_dimension,forurening,
410,Middelfart,_dim_naeringsstoffer,300.0,,,,,ecological_dimension,naeringsstoffer,
410,Middelfart,_dim_biodiversitet,300.0,,,,,ecological_dimension,biodiversitet,
410,Middelfart,_dim_vand,71.37,,,,,ecological_dimension,vand,
410,Middelfart,_dim_arealanvendelse,123.94,,,,,ecological_dimension,arealanvendelse,
329,Ringsted,_dim_klimapaavirkning,391.33,,,,,ecological_dimension,klimapaavirkning,
329,Ringsted,_dim_luftkvalitet,142.6,,,,,ecological_dimension,luftkvalitet,
329,Ringsted,_dim_forurening,77.66,,,,,ecological_dimension,forurening,
329,Ringsted,_dim_naeringsstoffer,300.0,,,,,ecological_dimension,naeringsstoffer,
329,Ringsted,_dim_biodiversitet,300.0,,,,,ecological_dimension,biodiversitet,
329,Ringsted,_dim_vand,311.59,,,,,ecological_dimension,vand,
329,Ringsted,_dim_arealanvendelse,103.29,,,,,ecological_dimension,arealanvendelse,
370,Næstved,_dim_klimapaavirkning,393.67,,,,,ecological_dimension,klimapaavirkning,
370,Næstved,_dim_luftkvalitet,142.6,,,,,ecological_dimension,luftkvalitet,
370,Næstved,_dim_forurening,66.03,,,,,ecological_dimension,forurening,
370,Næstved,_dim_naeringsstoffer,262.99,,,,,ecological_dimension,naeringsstoffer,
370,Næstved,_dim_biodiversitet,300.0,,,,,ecological_dimension,biodiversitet,
370,Næstved,_dim_vand,40.26,,,,,ecological_dimension,vand,
370,Næstved,_dim_arealanvendelse,109.14,,,,,ecological_dimension,arealanvendelse,
851,Aalborg,_dim_klimapaavirkning,521.23,,,,,ecological_dimension,klimapaavirkning,
851,Aalborg,_dim_luftkvalitet,125.0,,,,,ecological_dimension,luftkvalitet,
851,Aalborg,_dim_forurening,178.66,,,,,ecological_dimension,forurening,
851,Aalborg,_dim_naeringsstoffer,101.63,,,,,ecological_dimension,naeringsstoffer,
851,Aalborg,_dim_biodiversitet,300.0,,,,,ecological_dimension,biodiversitet,
851,Aalborg,_dim_vand,72.77,,,,,ecological_dimension,vand,
851,Aalborg,_dim_arealanvendelse,112.68,,,,,ecological_dimension,arealanvendelse,
810,Brønderslev,_dim_klimapaavirkning,395.0,,,,,ecological_dimension,klimapaavirkning,
810,Brønderslev,_dim_luftkvalitet,123.0,,,,,ecological_dimension,luftkvalitet,
810,Brønderslev,_dim_forurening,84.02,,,,,ecological_dimension,forurening,
810,Brønderslev,_dim_naeringsstoffer,300.0,,,,,ecological_dimension,naeringsstoffer,
810,Brønderslev,_dim_biodiversitet,300.0,,,,,ecological_dimension,biodiversitet,
810,Brønderslev,_dim_vand,93.19,,,,,ecological_dimension,vand,
810,Brønderslev,_dim_arealanvendelse,115.9,,,,,ecological_dimension,arealanvendelse,
727,Odder,_dim_klimapaavirkning,375.33,,,,,ecological_dimension,klimapaavirkning,
727,Odder,_dim_luftkvalitet,135.4,,,,,ecological_dimension,luftkvalitet,
727,Odder,_dim_forurening,95.52,,,,,ecological_dimension,forurening,
727,Odder,_dim_naeringsstoffer,300.0,,,,,ecological_dimension,naeringsstoffer,
727,Odder,_dim_biodiversitet,300.0,,,,,ecological_dimension,biodiversitet,
727,Odder,_dim_vand,79.96,,,,,ecological_dimension,vand,
727,Odder,_dim_arealanvendelse,117.73,,,,,ecological_dimension,arealanvendelse,
336,Stevns,_dim_klimapaavirkning,414.67,,,,,ecological_dimension,klimapaavirkning,
336,Stevns,_dim_luftkvalitet,140.0,,,,,ecological_dimension,luftkvalitet,
336,Stevns,_dim_forurening,113.56,,,,,ecological_dimension,forurening,
336,Stevns,_dim_naeringsstoffer,300.0,,,,,ecological_dimension,naeringsstoffer,
336,Stevns,_dim_biodiversitet,300.0,,,,,ecological_dimension,biodiversitet,
336,Stevns,_dim_vand,34.63,,,,,ecological_dimension,vand,
336,Stevns,_dim_arealanvendelse,126.51,,,,,ecological_dimension,arealanvendelse,
751,Aarhus,_dim_klimapaavirkning,356.67,,,,,ecological_dimension,klimapaavirkning,
751,Aarhus,_dim_luftkvalitet,134.6,,,,,ecological_dimension,luftkvalitet,
751,Aarhus,_dim_forurening,72.76,,,,,ecological_dimension,forurening,
751,Aarhus,_dim_naeringsstoffer,300.0,,,,,ecological_dimension,naeringsstoffer,
751,Aarhus,_dim_biodiversitet,300.0,,,,,ecological_dimension,biodiversitet,
751,Aarhus,_dim_vand,68.4,,,,,ecological_dimension,vand,
751,Aarhus,_dim_arealanvendelse,231.69,,,,,ecological_dimension,arealanvendelse,
813,Frederikshavn,_dim_klimapaavirkning,418.33,,,,,ecological_dimension,klimapaavirkning,
813,Frederikshavn,_dim_luftkvalitet,116.0,,,,,ecological_dimension,luftkvalitet,
813,Frederikshavn,_dim_forurening,166.24,,,,,ecological_dimension,forurening,
813,Frederikshavn,_dim_naeringsstoffer,264.23,,,,,ecological_dimension,naeringsstoffer,
813,Frederikshavn,_dim_biodiversitet,239.81,,,,,ecological_dimension,biodiversitet,
813,Frederikshavn,_dim_vand,65.46,,,,,ecological_dimension,vand,
813,Frederikshavn,_dim_arealanvendelse,98.59,,,,,ecological_dimension,arealanvendelse,
161,Glostrup,_dim_klimapaavirkning,372.33,,,,,ecological_dimension,klimapaavirkning,
161,Glostrup,_dim_luftkvalitet,138.8,,,,,ecological_dimension,luftkvalitet,
161,Glostrup,_dim_forurening,154.41,,,,,ecological_dimension,forurening,
161,Glostrup,_dim_naeringsstoffer,300.0,,,,,ecological_dimension,naeringsstoffer,
161,Glostrup,_dim_biodiversitet,300.0,,,,,ecological_dimension,biodiversitet,
161,Glostrup,_dim_vand,92.32,,,,,ecological_dimension,vand,
161,Glostrup,_dim_arealanvendelse,531.69,,,,,ecological_dimension,arealanvendelse,
270,Gribskov,_dim_klimapaavirkning,390.33,,,,,ecological_dimension,klimapaavirkning,
270,Gribskov,_dim_luftkvalitet,132.2,,,,,ecological_dimension,luftkvalitet,
270,Gribskov,_dim_forurening,100.55,,,,,ecological_dimension,forurening,
270,Gribskov,_dim_naeringsstoffer,147.26,,,,,ecological_dimension,naeringsstoffer,
270,Gribskov,_dim_biodiversitet,118.62,,,,,ecological_dimension,biodiversitet,
270,Gribskov,_dim_vand,78.14,,,,,ecological_dimension,vand,
270,Gribskov,_dim_arealanvendelse,165.49,,,,,ecological_dimension,arealanvendelse,
860,Hjørring,_dim_klimapaavirkning,407.33,,,,,ecological_dimension,klimapaavirkning,
860,Hjørring,_dim_luftkvalitet,119.6,,,,,ecological_dimension,luftkvalitet,
860,Hjørring,_dim_forurening,149.64,,,,,ecological_dimension,forurening,
860,Hjørring,_dim_naeringsstoffer,300.0,,,,,ecological_dimension,naeringsstoffer,
860,Hjørring,_dim_biodiversitet,300.0,,,,,ecological_dimension,biodiversitet,
860,Hjørring,_dim_vand,150.35,,,,,ecological_dimension,vand,
860,Hjørring,_dim_arealanvendelse,104.39,,,,,ecological_dimension,arealanvendelse,
165,Albertslund,_dim_klimapaavirkning,313.33,,,,,ecological_dimension,klimapaavirkning,
165,Albertslund,_dim_luftkvalitet,137.4,,,,,ecological_dimension,luftkvalitet,
165,Albertslund,_dim_forurening,194.39,,,,,ecological_dimension,forurening,
165,Albertslund,_dim_naeringsstoffer,300.0,,,,,ecological_dimension,naeringsstoffer,
165,Albertslund,_dim_biodiversitet,300.0,,,,,ecological_dimension,biodiversitet,
165,Albertslund,_dim_arealanvendelse,347.18,,,,,ecological_dimension,arealanvendelse,
479,Svendborg,_dim_klimapaavirkning,367.33,,,,,ecological_dimension,klimapaavirkning,
479,Svendborg,_dim_luftkvalitet,145.6,,,,,ecological_dimension,luftkvalitet,
479,Svendborg,_dim_forurening,164.89,,,,,ecological_dimension,forurening,
479,Svendborg,_dim_naeringsstoffer,229.85,,,,,ecological_dimension,naeringsstoffer,
479,Svendborg,_dim_biodiversitet,300.0,,,,,ecological_dimension,biodiversitet,
479,Svendborg,_dim_vand,73.13,,,,,ecological_dimension,vand,
479,Svendborg,_dim_arealanvendelse,106.34,,,,,ecological_dimension,arealanvendelse,
791,Viborg,_dim_klimapaavirkning,366.0,,,,,ecological_dimension,klimapaavirkning,
791,Viborg,_dim_luftkvalitet,131.6,,,,,ecological_dimension,luftkvalitet,
791,Viborg,_dim_forurening,91.09,,,,,ecological_dimension,forurening,
791,Viborg,_dim_naeringsstoffer,131.48,,,,,ecological_dimension,naeringsstoffer,
791,Viborg,_dim_biodiversitet,300.0,,,,,ecological_dimension,biodiversitet,
791,Viborg,_dim_vand,71.41,,,,,ecological_dimension,vand,
791,Viborg,_dim_arealanvendelse,93.05,,,,,ecological_dimension,arealanvendelse,
480,Nordfyns,_dim_klimapaavirkning,360.67,,,,,ecological_dimension,klimapaavirkning,
480,Nordfyns,_dim_luftkvalitet,142.2,,,,,ecological_dimension,luftkvalitet,
480,Nordfyns,_dim_forurening,74.74,,,,,ecological_dimension,forurening,
480,Nordfyns,_dim_naeringsstoffer,300.0,,,,,ecological_dimension,naeringsstoffer,
480,Nordfyns,_dim_biodiversitet,300.0,,,,,ecological_dimension,biodiversitet,
480,Nordfyns,_dim_vand,96.79,,,,,ecological_dimension,vand,
480,Nordfyns,_dim_arealanvendelse,122.67,,,,,ecological_dimension,arealanvendelse,
706,Syddjurs,_dim_klimapaavirkning,370.33,,,,,ecological_dimension,klimapaavirkning,
706,Syddjurs,_dim_luftkvalitet,128.4,,,,,ecological_dimension,luftkvalitet,
706,Syddjurs,_dim_forurening,66.35,,,,,ecological_dimension,forurening,
706,Syddjurs,_dim_naeringsstoffer,100.17,,,,,ecological_dimension,naeringsstoffer,
706,Syddjurs,_dim_biodiversitet,300.0,,,,,ecological_dimension,biodiversitet,
706,Syddjurs,_dim_vand,92.89,,,,,ecological_dimension,vand,
706,Syddjurs,_dim_arealanvendelse,93.66,,,,,ecological_dimension,arealanvendelse,
440,Kerteminde,_dim_klimapaavirkning,363.0,,,,,ecological_dimension,klimapaavirkning,
440,Kerteminde,_dim_luftkvalitet,141.6,,,,,ecological_dimension,luftkvalitet,
440,Kerteminde,_dim_forurening,82.34,,,,,ecological_dimension,forurening,
440,Kerteminde,_dim_naeringsstoffer,300.0,,,,,ecological_dimension,naeringsstoffer,
440,Kerteminde,_dim_biodiversitet,300.0,,,,,ecological_dimension,biodiversitet,
440,Kerteminde,_dim_vand,68.54,,,,,ecological_dimension,vand,
440,Kerteminde,_dim_arealanvendelse,117.37,,,,,ecological_dimension,arealanvendelse,
630,Vejle,_dim_klimapaavirkning,373.67,,,,,ecological_dimension,klimapaavirkning,
630,Vejle,_dim_luftkvalitet,140.4,,,,,ecological_dimension,luftkvalitet,
630,Vejle,_dim_forurening,78.36,,,,,ecological_dimension,forurening,
630,Vejle,_dim_naeringsstoffer,134.35,,,,,ecological_dimension,naeringsstoffer,
630,Vejle,_dim_biodiversitet,300.0,,,,,ecological_dimension,biodiversitet,
630,Vejle,_dim_vand,88.6,,,,,ecological_dimension,vand,
630,Vejle,_dim_arealanvendelse,97.18,,,,,ecological_dimension,arealanvendelse,
101,København,_dim_klimapaavirkning,324.67,,,,,ecological_dimension,klimapaavirkning,
101,København,_dim_luftkvalitet,140.0,,,,,ecological_dimension,luftkvalitet,
101,København,_dim_forurening,108.13,,,,,ecological_dimension,forurening,
101,København,_dim_naeringsstoffer,104.98,,,,,ecological_dimension,naeringsstoffer,
101,København,_dim_biodiversitet,300.0,,,,,ecological_dimension,biodiversitet,
101,København,_dim_arealanvendelse,546.48,,,,,ecological_dimension,arealanvendelse,
730,Randers,_dim_klimapaavirkning,352.33,,,,,ecological_dimension,klimapaavirkning,
730,Randers,_dim_luftkvalitet,131.0,,,,,ecological_dimension,luftkvalitet,
730,Randers,_dim_forurening,98.47,,,,,ecological_dimension,forurening,
730,Randers,_dim_naeringsstoffer,300.0,,,,,ecological_dimension,naeringsstoffer,
730,Randers,_dim_biodiversitet,300.0,,,,,ecological_dimension,biodiversitet,
730,Randers,_dim_vand,69.62,,,,,ecological_dimension,vand,
730,Randers,_dim_arealanvendelse,112.61,,,,,ecological_dimension,arealanvendelse,
760,Ringkøbing-Skjern,_dim_klimapaavirkning,464.23,,,,,ecological_dimension,klimapaavirkning,
760,Ringkøbing-Skjern,_dim_luftkvalitet,135.6,,,,,ecological_dimension,luftkvalitet,
760,Ringkøbing-Skjern,_dim_forurening,61.39,,,,,ecological_dimension,forurening,
760,Ringkøbing-Skjern,_dim_naeringsstoffer,265.91,,,,,ecological_dimension,naeringsstoffer,
760,Ringkøbing-Skjern,_dim_biodiversitet,300.0,,,,,ecological_dimension,biodiversitet,
760,Ringkøbing-Skjern,_dim_vand,148.1,,,,,ecological_dimension,vand,
760,Ringkøbing-Skjern,_dim_arealanvendelse,104.02,,,,,ecological_dimension,arealanvendelse,
430,Faaborg-Midtfyn,_dim_klimapaavirkning,364.67,,,,,ecological_dimension,klimapaavirkning,
430,Faaborg-Midtfyn,_dim_luftkvalitet,145.4,,,,,ecological_dimension,luftkvalitet,
430,Faaborg-Midtfyn,_dim_forurening,89.07,,,,,ecological_dimension,forurening,
430,Faaborg-Midtfyn,_dim_naeringsstoffer,163.54,,,,,ecological_dimension,naeringsstoffer,
430,Faaborg-Midtfyn,_dim_biodiversitet,300.0,,,,,ecological_dimension,biodiversitet,
430,Faaborg-Midtfyn,_dim_vand,88.74,,,,,ecological_dimension,vand,
430,Faaborg-Midtfyn,_dim_arealanvendelse,104.94,,,,,ecological_dimension,arealanvendelse,
320,Faxe,_dim_klimapaavirkning,391.0,,,,,ecological_dimension,klimapaavirkning,
320,Faxe,_dim_luftkvalitet,141.4,,,,,ecological_dimension,luftkvalitet,
320,Faxe,_dim_forurening,66.43,,,,,ecological_dimension,forurening,
320,Faxe,_dim_naeringsstoffer,107.32,,,,,ecological_dimension,naeringsstoffer,
320,Faxe,_dim_biodiversitet,300.0,,,,,ecological_dimension,biodiversitet,
320,Faxe,_dim_vand,162.69,,,,,ecological_dimension,vand,
320,Faxe,_dim_arealanvendelse,102.74,,,,,ecological_dimension,arealanvendelse,
169,Høje-Taastrup,_dim_klimapaavirkning,348.33,,,,,ecological_dimension,klimapaavirkning,
169,Høje-Taastrup,_dim_luftkvalitet,139.4,,,,,ecological_dimension,luftkvalitet,
169,Høje-Taastrup,_dim_forurening,124.17,,,,,ecological_dimension,forurening,
169,Høje-Taastrup,_dim_naeringsstoffer,105.94,,,,,ecological_dimension,naeringsstoffer,
169,Høje-Taastrup,_dim_biodiversitet,300.0,,,,,ecological_dimension,biodiversitet,
169,Høje-Taastrup,_dim_vand,33.21,,,,,ecological_dimension,vand,
169,Høje-Taastrup,_dim_arealanvendelse,262.68,,,,,ecological_dimension,arealanvendelse,
573,Varde,_dim_klimapaavirkning,502.53,,,,,ecological_dimension,klimapaavirkning,
573,Varde,_dim_luftkvalitet,139.0,,,,,ecological_dimension,luftkvalitet,
573,Varde,_dim_forurening,122.69,,,,,ecological_dimension,forurening,
573,Varde,_dim_naeringsstoffer,164.0,,,,,ecological_dimension,naeringsstoffer,
573,Varde,_dim_biodiversitet,239.23,,,,,ecological_dimension,biodiversitet,
573,Varde,_dim_vand,148.0,,,,,ecological_dimension,vand,
573,Varde,_dim_arealanvendelse,92.5,,,,,ecological_dimension,arealanvendelse,
621,Kolding,_dim_klimapaavirkning,364.67,,,,,ecological_dimension,klimapaavirkning,
621,Kolding,_dim_luftkvalitet,143.8,,,,,ecological_dimension,luftkvalitet,
621,Kolding,_dim_forurening,61.4,,,,,ecological_dimension,forurening,
621,Kolding,_dim_naeringsstoffer,203.42,,,,,ecological_dimension,naeringsstoffer,
621,Kolding,_dim_biodiversitet,300.0,,,,,ecological_dimension,biodiversitet,
621,Kolding,_dim_vand,79.08,,,,,ecological_dimension,vand,
621,Kolding,_dim_arealanvendelse,112.68,,,,,ecological_dimension,arealanvendelse,
420,Assens,_dim_klimapaavirkning,359.33,,,,,ecological_dimension,klimapaavirkning,
420,Assens,_dim_luftkvalitet,145.4,,,,,ecological_dimension,luftkvalitet,
420,Assens,_dim_forurening,130.83,,,,,ecological_dimension,forurening,
420,Assens,_dim_naeringsstoffer,300.0,,,,,ecological_dimension,naeringsstoffer,
420,Assens,_dim_biodiversitet,300.0,,,,,ecological_dimension,biodiversitet,
420,Assens,_dim_vand,120.88,,,,,ecological_dimension,vand,
420,Assens,_dim_arealanvendelse,109.51,,,,,ecological_dimension,arealanvendelse,
580,Aabenraa,_dim_klimapaavirkning,351.67,,,,,ecological_dimension,klimapaavirkning,
580,Aabenraa,_dim_luftkvalitet,150.6,,,,,ecological_dimension,luftkvalitet,
580,Aabenraa,_dim_forurening,63.85,,,,,ecological_dimension,forurening,
580,Aabenraa,_dim_naeringsstoffer,194.31,,,,,ecological_dimension,naeringsstoffer,
580,Aabenraa,_dim_biodiversitet,300.0,,,,,ecological_dimension,biodiversitet,
580,Aabenraa,_dim_vand,118.67,,,,,ecological_dimension,vand,
580,Aabenraa,_dim_arealanvendelse,112.8,,,,,ecological_dimension,arealanvendelse,
787,Thisted,_dim_klimapaavirkning,406.33,,,,,ecological_dimension,klimapaavirkning,
787,Thisted,_dim_luftkvalitet,123.4,,,,,ecological_dimension,luftkvalitet,
787,Thisted,_dim_forurening,121.22,,,,,ecological_dimension,forurening,
787,Thisted,_dim_naeringsstoffer,119.93,,,,,ecological_dimension,naeringsstoffer,
787,Thisted,_dim_biodiversitet,133.51,,,,,ecological_dimension,biodiversitet,
787,Thisted,_dim_vand,139.69,,,,,ecological_dimension,vand,
787,Thisted,_dim_arealanvendelse,85.92,,,,,ecological_dimension,arealanvendelse,
756,Ikast-Brande,_dim_klimapaavirkning,351.33,,,,,ecological_dimension,klimapaavirkning,
756,Ikast-Brande,_dim_luftkvalitet,135.2,,,,,ecological_dimension,luftkvalitet,
756,Ikast-Brande,_dim_forurening,71.33,,,,,ecological_dimension,forurening,
756,Ikast-Brande,_dim_naeringsstoffer,122.73,,,,,ecological_dimension,naeringsstoffer,
756,Ikast-Brande,_dim_biodiversitet,300.0,,,,,ecological_dimension,biodiversitet,
756,Ikast-Brande,_dim_vand,111.78,,,,,ecological_dimension,vand,
756,Ikast-Brande,_dim_arealanvendelse,89.4,,,,,ecological_dimension,arealanvendelse,
461,Odense,_dim_klimapaavirkning,336.67,,,,,ecological_dimension,klimapaavirkning,
461,Odense,_dim_luftkvalitet,144.2,,,,,ecological_dimension,luftkvalitet,
461,Odense,_dim_forurening,164.5,,,,,ecological_dimension,forurening,
461,Odense,_dim_naeringsstoffer,245.31,,,,,ecological_dimension,naeringsstoffer,
461,Odense,_dim_biodiversitet,300.0,,,,,ecological_dimension,biodiversitet,
461,Odense,_dim_vand,73.77,,,,,ecological_dimension,vand,
461,Odense,_dim_arealanvendelse,250.0,,,,,ecological_dimension,arealanvendelse,
779,Skive,_dim_klimapaavirkning,362.67,,,,,ecological_dimension,klimapaavirkning,
779,Skive,_dim_luftkvalitet,130.2,,,,,ecological_dimension,luftkvalitet,
779,Skive,_dim_forurening,93.81,,,,,ecological_dimension,forurening,
779,Skive,_dim_naeringsstoffer,119.72,,,,,ecological_dimension,naeringsstoffer,
779,Skive,_dim_biodiversitet,300.0,,,,,ecological_dimension,biodiversitet,
779,Skive,_dim_vand,106.77,,,,,ecological_dimension,vand,
779,Skive,_dim_arealanvendelse,113.71,,,,,ecological_dimension,arealanvendelse,
450,Nyborg,_dim_klimapaavirkning,400.23,,,,,ecological_dimension,klimapaavirkning,
450,Nyborg,_dim_luftkvalitet,143.8,,,,,ecological_dimension,luftkvalitet,
450,Nyborg,_dim_forurening,171.57,,,,,ecological_dimension,forurening,
450,Nyborg,_dim_naeringsstoffer,300.0,,,,,ecological_dimension,naeringsstoffer,
450,Nyborg,_dim_biodiversitet,300.0,,,,,ecological_dimension,biodiversitet,
450,Nyborg,_dim_vand,97.5,,,,,ecological_dimension,vand,
450,Nyborg,_dim_arealanvendelse,116.82,,,,,ecological_dimension,arealanvendelse,
846,Mariagerfjord,_dim_klimapaavirkning,414.0,,,,,ecological_dimension,klimapaavirkning,
846,Mariagerfjord,_dim_luftkvalitet,129.4,,,,,ecological_dimension,luftkvalitet,
846,Mariagerfjord,_dim_forurening,74.96,,,,,ecological_dimension,forurening,
846,Mariagerfjord,_dim_naeringsstoffer,91.46,,,,,ecological_dimension,naeringsstoffer,
846,Mariagerfjord,_dim_biodiversitet,300.0,,,,,ecological_dimension,biodiversitet,
846,Mariagerfjord,_dim_vand,65.36,,,,,ecological_dimension,vand,
846,Mariagerfjord,_dim_arealanvendelse,99.82,,,,,ecological_dimension,arealanvendelse,
820,Vesthimmerlands,_dim_klimapaavirkning,574.3,,,,,ecological_dimension,klimapaavirkning,
820,Vesthimmerlands,_dim_luftkvalitet,129.2,,,,,ecological_dimension,luftkvalitet,
820,Vesthimmerlands,_dim_forurening,100.78,,,,,ecological_dimension,forurening,
820,Vesthimmerlands,_dim_naeringsstoffer,191.42,,,,,ecological_dimension,naeringsstoffer,
820,Vesthimmerlands,_dim_biodiversitet,300.0,,,,,ecological_dimension,biodiversitet,
820,Vesthimmerlands,_dim_vand,132.65,,,,,ecological_dimension,vand,
820,Vesthimmerlands,_dim_arealanvendelse,114.63,,,,,ecological_dimension,arealanvendelse,
540,Sønderborg,_dim_klimapaavirkning,352.33,,,,,ecological_dimension,klimapaavirkning,
540,Sønderborg,_dim_luftkvalitet,149.6,,,,,ecological_dimension,luftkvalitet,
540,Sønderborg,_dim_forurening,70.61,,,,,ecological_dimension,forurening,
540,Sønderborg,_dim_naeringsstoffer,176.92,,,,,ecological_dimension,naeringsstoffer,
540,Sønderborg,_dim_biodiversitet,300.0,,,,,ecological_dimension,biodiversitet,
540,Sønderborg,_dim_vand,84.58,,,,,ecological_dimension,vand,
540,Sønderborg,_dim_arealanvendelse,115.49,,,,,ecological_dimension,arealanvendelse,
400,Bornholm,_dim_klimapaavirkning,341.0,,,,,ecological_dimension,klimapaavirkning,
400,Bornholm,_dim_luftkvalitet,135.2,,,,,ecological_dimension,luftkvalitet,
400,Bornholm,_dim_forurening,73.31,,,,,ecological_dimension,forurening,
400,Bornholm,_dim_naeringsstoffer,144.72,,,,,ecological_dimension,naeringsstoffer,
400,Bornholm,_dim_biodiversitet,223.71,,,,,ecological_dimension,biodiversitet,
400,Bornholm,_dim_vand,107.57,,,,,ecological_dimension,vand,
400,Bornholm,_dim_arealanvendelse,99.63,,,,,ecological_dimension,arealanvendelse,
510,Haderslev,_dim_klimapaavirkning,356.67,,,,,ecological_dimension,klimapaavirkning,
510,Haderslev,_dim_luftkvalitet,146.2,,,,,ecological_dimension,luftkvalitet,
510,Haderslev,_dim_forurening,93.44,,,,,ecological_dimension,forurening,
510,Haderslev,_dim_naeringsstoffer,179.72,,,,,ecological_dimension,naeringsstoffer,
510,Haderslev,_dim_biodiversitet,300.0,,,,,ecological_dimension,biodiversitet,
510,Haderslev,_dim_vand,76.32,,,,,ecological_dimension,vand,
510,Haderslev,_dim_arealanvendelse,117.0,,,,,ecological_dimension,arealanvendelse,
671,Struer,_dim_klimapaavirkning,355.33,,,,,ecological_dimension,klimapaavirkning,
671,Struer,_dim_luftkvalitet,130.8,,,,,ecological_dimension,luftkvalitet,
671,Struer,_dim_forurening,104.27,,,,,ecological_dimension,forurening,
671,Struer,_dim_naeringsstoffer,105.18,,,,,ecological_dimension,naeringsstoffer,
671,Struer,_dim_biodiversitet,300.0,,,,,ecological_dimension,biodiversitet,
671,Struer,_dim_vand,92.78,,,,,ecological_dimension,vand,
671,Struer,_dim_arealanvendelse,125.41,,,,,ecological_dimension,arealanvendelse,
665,Lemvig,_dim_klimapaavirkning,579.63,,,,,ecological_dimension,klimapaavirkning,
665,Lemvig,_dim_luftkvalitet,130.2,,,,,ecological_dimension,luftkvalitet,
665,Lemvig,_dim_forurening,54.1,,,,,ecological_dimension,forurening,
665,Lemvig,_dim_naeringsstoffer,340.65,,,,,ecological_dimension,naeringsstoffer,
665,Lemvig,_dim_biodiversitet,300.0,,,,,ecological_dimension,biodiversitet,
665,Lemvig,_dim_vand,178.55,,,,,ecological_dimension,vand,
665,Lemvig,_dim_arealanvendelse,106.58,,,,,ecological_dimension,arealanvendelse,
707,Norddjurs,_dim_klimapaavirkning,351.67,,,,,ecological_dimension,klimapaavirkning,
707,Norddjurs,_dim_luftkvalitet,126.8,,,,,ecological_dimension,luftkvalitet,
707,Norddjurs,_dim_forurening,128.25,,,,,ecological_dimension,forurening,
707,Norddjurs,_dim_naeringsstoffer,300.0,,,,,ecological_dimension,naeringsstoffer,
707,Norddjurs,_dim_biodiversitet,300.0,,,,,ecological_dimension,biodiversitet,
707,Norddjurs,_dim_vand,129.9,,,,,ecological_dimension,vand,
707,Norddjurs,_dim_arealanvendelse,102.01,,,,,ecological_dimension,arealanvendelse,
330,Slagelse,_dim_klimapaavirkning,386.0,,,,,ecological_dimension,klimapaavirkning,
330,Slagelse,_dim_luftkvalitet,142.6,,,,,ecological_dimension,luftkvalitet,
330,Slagelse,_dim_forurening,99.64,,,,,ecological_dimension,forurening,
330,Slagelse,_dim_naeringsstoffer,300.0,,,,,ecological_dimension,naeringsstoffer,
330,Slagelse,_dim_biodiversitet,300.0,,,,,ecological_dimension,biodiversitet,
330,Slagelse,_dim_vand,87.09,,,,,ecological_dimension,vand,
330,Slagelse,_dim_arealanvendelse,113.53,,,,,ecological_dimension,arealanvendelse,
306,Odsherred,_dim_klimapaavirkning,383.67,,,,,ecological_dimension,klimapaavirkning,
306,Odsherred,_dim_luftkvalitet,135.4,,,,,ecological_dimension,luftkvalitet,
306,Odsherred,_dim_forurening,91.85,,,,,ecological_dimension,forurening,
306,Odsherred,_dim_naeringsstoffer,198.58,,,,,ecological_dimension,naeringsstoffer,
306,Odsherred,_dim_biodiversitet,300.0,,,,,ecological_dimension,biodiversitet,
306,Odsherred,_dim_vand,100.46,,,,,ecological_dimension,vand,
306,Odsherred,_dim_arealanvendelse,167.61,,,,,ecological_dimension,arealanvendelse,
575,Vejen,_dim_klimapaavirkning,380.47,,,,,ecological_dimension,klimapaavirkning,
575,Vejen,_dim_luftkvalitet,144.0,,,,,ecological_dimension,luftkvalitet,
575,Vejen,_dim_forurening,50.02,,,,,ecological_dimension,forurening,
575,Vejen,_dim_naeringsstoffer,199.26,,,,,ecological_dimension,naeringsstoffer,
575,Vejen,_dim_biodiversitet,300.0,,,,,ecological_dimension,biodiversitet,
575,Vejen,_dim_vand,220.02,,,,,ecological_dimension,vand,
575,Vejen,_dim_arealanvendelse,116.64,,,,,ecological_dimension,arealanvendelse,
376,Guldborgsund,_dim_klimapaavirkning,363.67,,,,,ecological_dimension,klimapaavirkning,
376,Guldborgsund,_dim_luftkvalitet,144.4,,,,,ecological_dimension,luftkvalitet,
376,Guldborgsund,_dim_forurening,159.87,,,,,ecological_dimension,forurening,
376,Guldborgsund,_dim_naeringsstoffer,300.0,,,,,ecological_dimension,naeringsstoffer,
376,Guldborgsund,_dim_biodiversitet,300.0,,,,,ecological_dimension,biodiversitet,
376,Guldborgsund,_dim_vand,82.22,,,,,ecological_dimension,vand,
376,Guldborgsund,_dim_arealanvendelse,122.12,,,,,ecological_dimension,arealanvendelse,
849,Jammerbugt,_dim_klimapaavirkning,415.0,,,,,ecological_dimension,klimapaavirkning,
849,Jammerbugt,_dim_luftkvalitet,122.8,,,,,ecological_dimension,luftkvalitet,
849,Jammerbugt,_dim_forurening,124.24,,,,,ecological_dimension,forurening,
849,Jammerbugt,_dim_naeringsstoffer,91.46,,,,,ecological_dimension,naeringsstoffer,
849,Jammerbugt,_dim_biodiversitet,295.57,,,,,ecological_dimension,biodiversitet,
849,Jammerbugt,_dim_vand,121.37,,,,,ecological_dimension,vand,
849,Jammerbugt,_dim_arealanvendelse,96.53,,,,,ecological_dimension,arealanvendelse,
326,Kalundborg,_dim_klimapaavirkning,513.47,,,,,ecological_dimension,klimapaavirkning,
326,Kalundborg,_dim_luftkvalitet,140.0,,,,,ecological_dimension,luftkvalitet,
326,Kalundborg,_dim_forurening,97.55,,,,,ecological_dimension,forurening,
326,Kalundborg,_dim_naeringsstoffer,358.3,,,,,ecological_dimension,naeringsstoffer,
326,Kalundborg,_dim_biodiversitet,300.0,,,,,ecological_dimension,biodiversitet,
326,Kalundborg,_dim_vand,217.54,,,,,ecological_dimension,vand,
326,Kalundborg,_dim_arealanvendelse,106.76,,,,,ecological_dimension,arealanvendelse,
390,Vordingborg,_dim_klimapaavirkning,381.67,,,,,ecological_dimension,klimapaavirkning,
390,Vordingborg,_dim_luftkvalitet,141.2,,,,,ecological_dimension,luftkvalitet,
390,Vordingborg,_dim_forurening,97.51,,,,,ecological_dimension,forurening,
390,Vordingborg,_dim_naeringsstoffer,286.19,,,,,ecological_dimension,naeringsstoffer,
390,Vordingborg,_dim_biodiversitet,300.0,,,,,ecological_dimension,biodiversitet,
390,Vordingborg,_dim_vand,71.6,,,,,ecological_dimension,vand,
390,Vordingborg,_dim_arealanvendelse,110.05,,,,,ecological_dimension,arealanvendelse,
550,Tønder,_dim_klimapaavirkning,838.83,,,,,ecological_dimension,klimapaavirkning,
550,Tønder,_dim_luftkvalitet,149.0,,,,,ecological_dimension,luftkvalitet,
550,Tønder,_dim_forurening,120.95,,,,,ecological_dimension,forurening,
550,Tønder,_dim_naeringsstoffer,155.28,,,,,ecological_dimension,naeringsstoffer,
550,Tønder,_dim_biodiversitet,300.0,,,,,ecological_dimension,biodiversitet,
550,Tønder,_dim_vand,204.8,,,,,ecological_dimension,vand,
550,Tønder,_dim_arealanvendelse,120.11,,,,,ecological_dimension,arealanvendelse,
360,Lolland,_dim_klimapaavirkning,358.67,,,,,ecological_dimension,klimapaavirkning,
360,Lolland,_dim_luftkvalitet,145.0,,,,,ecological_dimension,luftkvalitet,
360,Lolland,_dim_forurening,108.63,,,,,ecological_dimension,forurening,
360,Lolland,_dim_naeringsstoffer,369.11,,,,,ecological_dimension,naeringsstoffer,
360,Lolland,_dim_biodiversitet,300.0,,,,,ecological_dimension,biodiversitet,
360,Lolland,_dim_vand,96.42,,,,,ecological_dimension,vand,
360,Lolland,_dim_arealanvendelse,135.65,,,,,ecological_dimension,arealanvendelse,
741,Samsø,_dim_klimapaavirkning,365.33,,,,,ecological_dimension,klimapaavirkning,
741,Samsø,_dim_luftkvalitet,133.0,,,,,ecological_dimension,luftkvalitet,
741,Samsø,_dim_forurening,134.63,,,,,ecological_dimension,forurening,
741,Samsø,_dim_naeringsstoffer,378.58,,,,,ecological_dimension,naeringsstoffer,
741,Samsø,_dim_biodiversitet,300.0,,,,,ecological_dimension,biodiversitet,
741,Samsø,_dim_vand,147.78,,,,,ecological_dimension,vand,
741,Samsø,_dim_arealanvendelse,114.08,,,,,ecological_dimension,arealanvendelse,
482,Langeland,_dim_klimapaavirkning,342.67,,,,,ecological_dimension,klimapaavirkning,
482,Langeland,_dim_luftkvalitet,144.4,,,,,ecological_dimension,luftkvalitet,
482,Langeland,_dim_forurening,93.33,,,,,ecological_dimension,forurening,
482,Langeland,_dim_naeringsstoffer,221.07,,,,,ecological_dimension,naeringsstoffer,
482,Langeland,_dim_biodiversitet,300.0,,,,,ecological_dimension,biodiversitet,
482,Langeland,_dim_vand,133.59,,,,,ecological_dimension,vand,
482,Langeland,_dim_arealanvendelse,117.55,,,,,ecological_dimension,arealanvendelse,
