kommune_kode,indicator_id,aar,raw_value
101,alkohol,2010,30.5
101,alkohol,2013,27.6
101,alkohol,2017,23.5
101,alkohol,2021,19.1
101,alkohol,2025,17.7
147,alkohol,2010,33.1
147,alkohol,2013,28.9
147,alkohol,2017,24.1
147,alkohol,2021,20.5
147,alkohol,2025,18.2
151,alkohol,2010,25.1
151,alkohol,2013,19.9
151,alkohol,2017,18.2
151,alkohol,2021,15.3
151,alkohol,2025,12.6
153,alkohol,2010,21.9
153,alkohol,2013,17.5
153,alkohol,2017,15.8
153,alkohol,2021,13.3
153,alkohol,2025,11.0
155,alkohol,2010,30.5
155,alkohol,2013,26.8
155,alkohol,2017,23.5
155,alkohol,2021,22.2
155,alkohol,2025,20.4
157,alkohol,2010,32.2
157,alkohol,2013,29.1
157,alkohol,2017,25.5
157,alkohol,2021,25.0
157,alkohol,2025,20.0
159,alkohol,2010,27.3
159,alkohol,2013,22.1
159,alkohol,2017,17.9
159,alkohol,2021,16.0
159,alkohol,2025,13.5
161,alkohol,2010,24.8
161,alkohol,2013,19.5
161,alkohol,2017,16.3
161,alkohol,2021,14.9
161,alkohol,2025,12.4
163,alkohol,2010,24.4
163,alkohol,2013,23.6
163,alkohol,2017,17.5
163,alkohol,2021,15.1
163,alkohol,2025,12.5
165,alkohol,2010,22.6
165,alkohol,2013,19.6
165,alkohol,2017,16.0
165,alkohol,2021,12.8
165,alkohol,2025,10.6
167,alkohol,2010,23.7
167,alkohol,2013,21.3
167,alkohol,2017,17.0
167,alkohol,2021,13.7
167,alkohol,2025,11.6
169,alkohol,2010,25.3
169,alkohol,2013,18.6
169,alkohol,2017,16.2
169,alkohol,2021,11.5
169,alkohol,2025,11.2
173,alkohol,2010,30.8
173,alkohol,2013,24.9
173,alkohol,2017,20.8
173,alkohol,2021,17.8
173,alkohol,2025,15.5
175,alkohol,2010,26.5
175,alkohol,2013,20.8
175,alkohol,2017,18.1
175,alkohol,2021,13.6
175,alkohol,2025,13.5
183,alkohol,2010,22.2
183,alkohol,2013,16.3
183,alkohol,2017,13.4
183,alkohol,2021,11.8
183,alkohol,2025,10.6
185,alkohol,2010,24.8
185,alkohol,2013,19.5
185,alkohol,2017,17.8
185,alkohol,2021,15.3
185,alkohol,2025,15.7
187,alkohol,2010,24.0
187,alkohol,2013,24.2
187,alkohol,2017,16.3
187,alkohol,2021,14.5
187,alkohol,2025,11.5
190,alkohol,2010,29.3
190,alkohol,2013,24.0
190,alkohol,2017,22.3
190,alkohol,2021,20.3
190,alkohol,2025,15.6
201,alkohol,2010,26.6
201,alkohol,2013,24.0
201,alkohol,2017,21.8
201,alkohol,2021,19.5
201,alkohol,2025,17.0
210,alkohol,2010,27.8
210,alkohol,2013,26.4
210,alkohol,2017,22.4
210,alkohol,2021,20.3
210,alkohol,2025,16.0
217,alkohol,2010,29.1
217,alkohol,2013,22.3
217,alkohol,2017,19.8
217,alkohol,2021,20.7
217,alkohol,2025,18.3
219,alkohol,2010,24.8
219,alkohol,2013,21.7
219,alkohol,2017,18.0
219,alkohol,2021,16.0
219,alkohol,2025,13.3
223,alkohol,2010,33.7
223,alkohol,2013,26.5
223,alkohol,2017,25.3
223,alkohol,2021,25.0
223,alkohol,2025,20.8
230,alkohol,2010,32.6
230,alkohol,2013,25.5
230,alkohol,2017,25.0
230,alkohol,2021,21.0
230,alkohol,2025,16.9
240,alkohol,2010,25.0
240,alkohol,2013,22.6
240,alkohol,2017,18.9
240,alkohol,2021,16.2
240,alkohol,2025,13.2
250,alkohol,2010,25.4
250,alkohol,2013,20.1
250,alkohol,2017,20.2
250,alkohol,2021,17.2
250,alkohol,2025,17.1
253,alkohol,2010,27.2
253,alkohol,2013,22.0
253,alkohol,2017,19.6
253,alkohol,2021,18.7
253,alkohol,2025,13.7
259,alkohol,2010,23.5
259,alkohol,2013,19.4
259,alkohol,2017,18.0
259,alkohol,2021,13.7
259,alkohol,2025,13.1
260,alkohol,2010,25.6
260,alkohol,2013,23.0
260,alkohol,2017,20.6
260,alkohol,2021,18.2
260,alkohol,2025,17.8
265,alkohol,2010,26.8
265,alkohol,2013,22.0
265,alkohol,2017,21.2
265,alkohol,2021,17.6
265,alkohol,2025,15.0
269,alkohol,2010,25.0
269,alkohol,2013,20.7
269,alkohol,2017,20.0
269,alkohol,2021,17.7
269,alkohol,2025,16.4
270,alkohol,2010,28.5
270,alkohol,2013,24.4
270,alkohol,2017,22.9
270,alkohol,2021,21.5
270,alkohol,2025,15.8
306,alkohol,2010,24.6
306,alkohol,2013,19.5
306,alkohol,2017,19.9
306,alkohol,2021,16.6
306,alkohol,2025,15.3
316,alkohol,2010,24.4
316,alkohol,2013,18.1
316,alkohol,2017,18.5
316,alkohol,2021,13.5
316,alkohol,2025,13.9
320,alkohol,2010,22.9
320,alkohol,2013,18.0
320,alkohol,2017,16.2
320,alkohol,2021,14.9
320,alkohol,2025,15.7
326,alkohol,2010,25.1
326,alkohol,2013,21.3
326,alkohol,2017,19.6
326,alkohol,2021,14.9
326,alkohol,2025,12.0
329,alkohol,2010,23.8
329,alkohol,2013,17.6
329,alkohol,2017,15.0
329,alkohol,2021,13.2
329,alkohol,2025,13.0
330,alkohol,2010,24.2
330,alkohol,2013,20.4
330,alkohol,2017,16.5
330,alkohol,2021,15.0
330,alkohol,2025,11.5
336,alkohol,2010,26.7
336,alkohol,2013,22.6
336,alkohol,2017,19.7
336,alkohol,2021,16.1
336,alkohol,2025,16.3
340,alkohol,2010,21.5
340,alkohol,2013,14.7
340,alkohol,2017,16.4
340,alkohol,2021,13.4
340,alkohol,2025,13.8
350,alkohol,2010,24.4
350,alkohol,2013,22.1
350,alkohol,2017,17.6
350,alkohol,2021,16.2
350,alkohol,2025,15.3
360,alkohol,2010,21.0
360,alkohol,2013,18.8
360,alkohol,2017,17.6
360,alkohol,2021,14.9
360,alkohol,2025,15.9
370,alkohol,2010,21.5
370,alkohol,2013,18.2
370,alkohol,2017,16.2
370,alkohol,2021,16.0
370,alkohol,2025,11.2
376,alkohol,2010,25.8
376,alkohol,2013,18.3
376,alkohol,2017,16.4
376,alkohol,2021,15.5
376,alkohol,2025,13.0
390,alkohol,2010,24.1
390,alkohol,2013,21.2
390,alkohol,2017,18.7
390,alkohol,2021,16.9
390,alkohol,2025,14.3
400,alkohol,2010,20.8
400,alkohol,2013,17.8
400,alkohol,2017,17.2
400,alkohol,2021,14.6
400,alkohol,2025,14.4
410,alkohol,2010,21.4
410,alkohol,2013,19.2
410,alkohol,2017,18.0
410,alkohol,2021,13.6
410,alkohol,2025,16.7
420,alkohol,2010,21.5
420,alkohol,2013,19.7
420,alkohol,2017,16.7
420,alkohol,2021,15.3
420,alkohol,2025,15.0
430,alkohol,2010,22.6
430,alkohol,2013,21.1
430,alkohol,2017,17.3
430,alkohol,2021,13.9
430,alkohol,2025,17.3
440,alkohol,2010,24.1
440,alkohol,2013,22.0
440,alkohol,2017,18.8
440,alkohol,2021,15.3
440,alkohol,2025,15.7
450,alkohol,2010,22.8
450,alkohol,2013,19.4
450,alkohol,2017,16.8
450,alkohol,2021,16.1
450,alkohol,2025,15.2
461,alkohol,2010,23.3
461,alkohol,2013,22.8
461,alkohol,2017,17.9
461,alkohol,2021,14.5
461,alkohol,2025,15.1
479,alkohol,2010,25.8
479,alkohol,2013,23.3
479,alkohol,2017,19.7
479,alkohol,2021,17.9
479,alkohol,2025,17.3
480,alkohol,2010,23.2
480,alkohol,2013,21.5
480,alkohol,2017,16.8
480,alkohol,2021,15.8
480,alkohol,2025,14.0
482,alkohol,2010,22.9
482,alkohol,2013,22.2
482,alkohol,2017,17.8
482,alkohol,2021,18.0
482,alkohol,2025,19.3
492,alkohol,2010,27.9
492,alkohol,2013,26.1
492,alkohol,2017,25.5
492,alkohol,2021,24.2
492,alkohol,2025,20.4
510,alkohol,2010,20.4
510,alkohol,2013,18.6
510,alkohol,2017,15.2
510,alkohol,2021,13.5
510,alkohol,2025,11.6
530,alkohol,2010,17.3
530,alkohol,2013,17.0
530,alkohol,2017,13.7
530,alkohol,2021,12.5
530,alkohol,2025,14.4
540,alkohol,2010,18.7
540,alkohol,2013,16.8
540,alkohol,2017,15.8
540,alkohol,2021,13.4
540,alkohol,2025,11.1
550,alkohol,2010,19.5
550,alkohol,2013,15.7
550,alkohol,2017,13.7
550,alkohol,2021,11.3
550,alkohol,2025,13.3
561,alkohol,2010,21.8
561,alkohol,2013,19.4
561,alkohol,2017,16.7
561,alkohol,2021,14.0
561,alkohol,2025,16.4
563,alkohol,2010,33.1
563,alkohol,2013,30.5
563,alkohol,2017,26.5
563,alkohol,2021,21.5
563,alkohol,2025,25.5
573,alkohol,2010,18.5
573,alkohol,2013,17.7
573,alkohol,2017,13.5
573,alkohol,2021,12.2
573,alkohol,2025,13.3
575,alkohol,2010,16.3
575,alkohol,2013,15.4
575,alkohol,2017,13.0
575,alkohol,2021,10.3
575,alkohol,2025,9.8
580,alkohol,2010,17.4
580,alkohol,2013,17.6
580,alkohol,2017,14.0
580,alkohol,2021,11.9
580,alkohol,2025,13.4
607,alkohol,2010,22.0
607,alkohol,2013,21.6
607,alkohol,2017,14.2
607,alkohol,2021,13.7
607,alkohol,2025,12.3
615,alkohol,2010,23.1
615,alkohol,2013,19.3
615,alkohol,2017,15.1
615,alkohol,2021,14.8
615,alkohol,2025,12.0
621,alkohol,2010,19.9
621,alkohol,2013,19.5
621,alkohol,2017,17.6
621,alkohol,2021,14.8
621,alkohol,2025,12.7
630,alkohol,2010,21.8
630,alkohol,2013,20.1
630,alkohol,2017,16.5
630,alkohol,2021,14.5
630,alkohol,2025,14.6
657,alkohol,2010,23.3
657,alkohol,2013,17.5
657,alkohol,2017,15.9
657,alkohol,2021,16.1
657,alkohol,2025,12.7
661,alkohol,2010,21.9
661,alkohol,2013,16.6
661,alkohol,2017,13.1
661,alkohol,2021,14.4
661,alkohol,2025,14.0
665,alkohol,2010,23.9
665,alkohol,2013,19.0
665,alkohol,2017,15.8
665,alkohol,2021,16.3
665,alkohol,2025,14.3
671,alkohol,2010,23.1
671,alkohol,2013,16.3
671,alkohol,2017,16.7
671,alkohol,2021,16.0
671,alkohol,2025,12.2
706,alkohol,2010,25.0
706,alkohol,2013,20.8
706,alkohol,2017,18.0
706,alkohol,2021,17.4
706,alkohol,2025,17.3
707,alkohol,2010,23.9
707,alkohol,2013,19.0
707,alkohol,2017,16.1
707,alkohol,2021,15.3
707,alkohol,2025,13.5
710,alkohol,2010,21.2
710,alkohol,2013,17.8
710,alkohol,2017,15.5
710,alkohol,2021,14.7
710,alkohol,2025,13.1
727,alkohol,2010,28.0
727,alkohol,2013,19.0
727,alkohol,2017,18.2
727,alkohol,2021,17.3
727,alkohol,2025,14.4
730,alkohol,2010,22.2
730,alkohol,2013,20.0
730,alkohol,2017,15.5
730,alkohol,2021,13.2
730,alkohol,2025,13.0
740,alkohol,2010,23.6
740,alkohol,2013,17.1
740,alkohol,2017,14.5
740,alkohol,2021,13.7
740,alkohol,2025,12.4
741,alkohol,2010,28.7
741,alkohol,2013,24.1
741,alkohol,2017,22.2
741,alkohol,2021,20.8
741,alkohol,2025,17.4
746,alkohol,2010,24.0
746,alkohol,2013,19.8
746,alkohol,2017,16.3
746,alkohol,2021,16.8
746,alkohol,2025,13.1
751,alkohol,2010,29.5
751,alkohol,2013,24.4
751,alkohol,2017,19.0
751,alkohol,2021,16.3
751,alkohol,2025,14.6
756,alkohol,2010,20.5
756,alkohol,2013,17.2
756,alkohol,2017,15.1
756,alkohol,2021,14.0
756,alkohol,2025,12.3
760,alkohol,2010,22.5
760,alkohol,2013,17.2
760,alkohol,2017,14.4
760,alkohol,2021,14.9
760,alkohol,2025,14.6
766,alkohol,2010,21.1
766,alkohol,2013,18.3
766,alkohol,2017,14.1
766,alkohol,2021,15.1
766,alkohol,2025,14.2
773,alkohol,2010,18.2
773,alkohol,2013,16.1
773,alkohol,2017,12.3
773,alkohol,2021,12.0
773,alkohol,2025,11.3
779,alkohol,2010,21.9
779,alkohol,2013,19.2
779,alkohol,2017,15.0
779,alkohol,2021,13.8
779,alkohol,2025,14.2
787,alkohol,2010,19.2
787,alkohol,2013,16.1
787,alkohol,2017,13.7
787,alkohol,2021,13.0
787,alkohol,2025,10.6
791,alkohol,2010,21.6
791,alkohol,2013,16.2
791,alkohol,2017,13.5
791,alkohol,2021,12.1
791,alkohol,2025,11.8
810,alkohol,2010,18.8
810,alkohol,2013,15.4
810,alkohol,2017,12.2
810,alkohol,2021,11.7
810,alkohol,2025,9.2
813,alkohol,2010,20.9
813,alkohol,2013,17.9
813,alkohol,2017,14.3
813,alkohol,2021,13.8
813,alkohol,2025,12.5
820,alkohol,2010,18.8
820,alkohol,2013,17.0
820,alkohol,2017,13.3
820,alkohol,2021,13.4
820,alkohol,2025,11.1
825,alkohol,2010,21.6
825,alkohol,2013,20.2
825,alkohol,2017,21.7
825,alkohol,2021,19.8
825,alkohol,2025,19.8
840,alkohol,2010,17.5
840,alkohol,2013,16.7
840,alkohol,2017,14.6
840,alkohol,2021,12.9
840,alkohol,2025,10.6
846,alkohol,2010,20.2
846,alkohol,2013,17.9
846,alkohol,2017,13.3
846,alkohol,2021,13.3
846,alkohol,2025,11.6
849,alkohol,2010,19.7
849,alkohol,2013,16.2
849,alkohol,2017,13.8
849,alkohol,2021,13.2
849,alkohol,2025,11.0
851,alkohol,2010,24.1
851,alkohol,2013,19.4
851,alkohol,2017,16.2
851,alkohol,2021,12.6
851,alkohol,2025,12.7
860,alkohol,2010,20.8
860,alkohol,2013,17.5
860,alkohol,2017,14.3
860,alkohol,2021,12.5
860,alkohol,2025,11.0
101,ensomhed,2021,14.3
101,ensomhed,2025,12.9
147,ensomhed,2021,13.0
147,ensomhed,2025,10.3
151,ensomhed,2021,12.7
151,ensomhed,2025,11.8
153,ensomhed,2021,13.5
153,ensomhed,2025,13.7
155,ensomhed,2021,9.5
155,ensomhed,2025,7.7
157,ensomhed,2021,9.6
157,ensomhed,2025,8.7
159,ensomhed,2021,13.7
159,ensomhed,2025,11.3
161,ensomhed,2021,14.4
161,ensomhed,2025,12.1
163,ensomhed,2021,12.9
163,ensomhed,2025,10.8
165,ensomhed,2021,15.1
165,ensomhed,2025,15.1
167,ensomhed,2021,12.3
167,ensomhed,2025,11.6
169,ensomhed,2021,14.1
169,ensomhed,2025,14.5
173,ensomhed,2021,12.5
173,ensomhed,2025,9.2
175,ensomhed,2021,12.1
175,ensomhed,2025,9.4
183,ensomhed,2021,12.8
183,ensomhed,2025,14.0
185,ensomhed,2021,12.4
185,ensomhed,2025,9.5
187,ensomhed,2021,10.6
187,ensomhed,2025,9.9
190,ensomhed,2021,9.6
190,ensomhed,2025,9.7
201,ensomhed,2021,9.9
201,ensomhed,2025,7.4
210,ensomhed,2021,11.9
210,ensomhed,2025,8.6
217,ensomhed,2021,11.2
217,ensomhed,2025,8.8
219,ensomhed,2021,12.0
219,ensomhed,2025,11.7
223,ensomhed,2021,8.3
223,ensomhed,2025,7.8
230,ensomhed,2021,9.5
230,ensomhed,2025,7.1
240,ensomhed,2021,9.1
240,ensomhed,2025,8.0
250,ensomhed,2021,10.9
250,ensomhed,2025,10.8
253,ensomhed,2021,10.3
253,ensomhed,2025,11.0
259,ensomhed,2021,13.3
259,ensomhed,2025,9.5
260,ensomhed,2021,10.9
260,ensomhed,2025,11.1
265,ensomhed,2021,11.4
265,ensomhed,2025,11.6
269,ensomhed,2021,10.2
269,ensomhed,2025,8.6
270,ensomhed,2021,12.2
270,ensomhed,2025,9.6
306,ensomhed,2021,12.7
306,ensomhed,2025,10.8
316,ensomhed,2021,12.8
316,ensomhed,2025,12.5
320,ensomhed,2021,12.2
320,ensomhed,2025,12.3
326,ensomhed,2021,15.9
326,ensomhed,2025,14.1
329,ensomhed,2021,13.2
329,ensomhed,2025,11.6
330,ensomhed,2021,13.7
330,ensomhed,2025,10.9
336,ensomhed,2021,12.9
336,ensomhed,2025,9.3
340,ensomhed,2021,11.6
340,ensomhed,2025,10.2
350,ensomhed,2021,11.9
350,ensomhed,2025,10.6
360,ensomhed,2021,12.6
360,ensomhed,2025,13.3
370,ensomhed,2021,14.2
370,ensomhed,2025,9.9
376,ensomhed,2021,11.5
376,ensomhed,2025,11.7
390,ensomhed,2021,12.5
390,ensomhed,2025,12.6
400,ensomhed,2021,10.9
400,ensomhed,2025,10.6
410,ensomhed,2021,9.6
410,ensomhed,2025,7.9
420,ensomhed,2021,9.3
420,ensomhed,2025,8.6
430,ensomhed,2021,10.6
430,ensomhed,2025,9.3
440,ensomhed,2021,9.6
440,ensomhed,2025,8.7
450,ensomhed,2021,13.0
450,ensomhed,2025,9.5
461,ensomhed,2021,13.3
461,ensomhed,2025,11.3
479,ensomhed,2021,10.0
479,ensomhed,2025,9.2
480,ensomhed,2021,10.2
480,ensomhed,2025,9.8
482,ensomhed,2021,9.3
482,ensomhed,2025,10.4
492,ensomhed,2021,9.6
492,ensomhed,2025,7.5
510,ensomhed,2021,9.8
510,ensomhed,2025,9.4
530,ensomhed,2021,11.6
530,ensomhed,2025,9.4
540,ensomhed,2021,10.7
540,ensomhed,2025,9.5
550,ensomhed,2021,8.6
550,ensomhed,2025,9.0
561,ensomhed,2021,12.0
561,ensomhed,2025,9.0
563,ensomhed,2021,8.3
563,ensomhed,2025,7.0
573,ensomhed,2021,9.1
573,ensomhed,2025,7.9
575,ensomhed,2021,10.0
575,ensomhed,2025,9.5
580,ensomhed,2021,10.0
580,ensomhed,2025,9.0
607,ensomhed,2021,11.4
607,ensomhed,2025,11.9
615,ensomhed,2021,14.8
615,ensomhed,2025,12.0
621,ensomhed,2021,10.7
621,ensomhed,2025,12.6
630,ensomhed,2021,11.2
630,ensomhed,2025,9.6
657,ensomhed,2021,11.2
657,ensomhed,2025,12.2
661,ensomhed,2021,12.3
661,ensomhed,2025,11.8
665,ensomhed,2021,10.7
665,ensomhed,2025,8.6
671,ensomhed,2021,12.5
671,ensomhed,2025,12.0
706,ensomhed,2021,11.9
706,ensomhed,2025,8.6
707,ensomhed,2021,13.5
707,ensomhed,2025,9.6
710,ensomhed,2021,12.0
710,ensomhed,2025,9.0
727,ensomhed,2021,11.7
727,ensomhed,2025,9.8
730,ensomhed,2021,13.9
730,ensomhed,2025,10.5
740,ensomhed,2021,13.2
740,ensomhed,2025,8.4
741,ensomhed,2021,13.9
741,ensomhed,2025,8.5
746,ensomhed,2021,14.5
746,ensomhed,2025,9.2
751,ensomhed,2021,14.9
751,ensomhed,2025,11.1
756,ensomhed,2021,11.8
756,ensomhed,2025,9.1
760,ensomhed,2021,11.8
760,ensomhed,2025,9.0
766,ensomhed,2021,13.5
766,ensomhed,2025,8.1
773,ensomhed,2021,11.1
773,ensomhed,2025,11.6
779,ensomhed,2021,11.8
779,ensomhed,2025,12.1
787,ensomhed,2021,12.1
787,ensomhed,2025,11.5
791,ensomhed,2021,13.7
791,ensomhed,2025,10.8
810,ensomhed,2021,11.4
810,ensomhed,2025,11.3
813,ensomhed,2021,12.9
813,ensomhed,2025,10.8
820,ensomhed,2021,11.6
820,ensomhed,2025,10.6
825,ensomhed,2021,9.2
825,ensomhed,2025,10.4
840,ensomhed,2021,11.3
840,ensomhed,2025,9.8
846,ensomhed,2021,8.4
846,ensomhed,2025,12.5
849,ensomhed,2021,10.2
849,ensomhed,2025,10.4
851,ensomhed,2021,13.6
851,ensomhed,2025,11.7
860,ensomhed,2021,11.4
860,ensomhed,2025,10.6
101,fysisk_aktivitet,2021,50.3
101,fysisk_aktivitet,2025,41.0
147,fysisk_aktivitet,2021,48.5
147,fysisk_aktivitet,2025,42.8
151,fysisk_aktivitet,2021,57.2
151,fysisk_aktivitet,2025,52.2
153,fysisk_aktivitet,2021,63.4
153,fysisk_aktivitet,2025,58.2
155,fysisk_aktivitet,2021,52.9
155,fysisk_aktivitet,2025,47.9
157,fysisk_aktivitet,2021,50.4
157,fysisk_aktivitet,2025,42.4
159,fysisk_aktivitet,2021,56.9
159,fysisk_aktivitet,2025,48.5
161,fysisk_aktivitet,2021,61.8
161,fysisk_aktivitet,2025,56.4
163,fysisk_aktivitet,2021,58.5
163,fysisk_aktivitet,2025,54.4
165,fysisk_aktivitet,2021,60.6
165,fysisk_aktivitet,2025,53.3
167,fysisk_aktivitet,2021,59.6
167,fysisk_aktivitet,2025,54.2
169,fysisk_aktivitet,2021,62.0
169,fysisk_aktivitet,2025,53.3
173,fysisk_aktivitet,2021,52.2
173,fysisk_aktivitet,2025,43.8
175,fysisk_aktivitet,2021,59.7
175,fysisk_aktivitet,2025,49.9
183,fysisk_aktivitet,2021,63.6
183,fysisk_aktivitet,2025,56.8
185,fysisk_aktivitet,2021,57.3
185,fysisk_aktivitet,2025,50.8
187,fysisk_aktivitet,2021,59.0
187,fysisk_aktivitet,2025,49.1
190,fysisk_aktivitet,2021,50.5
190,fysisk_aktivitet,2025,44.7
201,fysisk_aktivitet,2021,51.4
201,fysisk_aktivitet,2025,46.0
210,fysisk_aktivitet,2021,56.7
210,fysisk_aktivitet,2025,50.8
217,fysisk_aktivitet,2021,58.4
217,fysisk_aktivitet,2025,48.5
219,fysisk_aktivitet,2021,56.8
219,fysisk_aktivitet,2025,51.2
223,fysisk_aktivitet,2021,51.8
223,fysisk_aktivitet,2025,47.9
230,fysisk_aktivitet,2021,53.0
230,fysisk_aktivitet,2025,45.3
240,fysisk_aktivitet,2021,55.8
240,fysisk_aktivitet,2025,51.1
250,fysisk_aktivitet,2021,58.4
250,fysisk_aktivitet,2025,56.3
253,fysisk_aktivitet,2021,56.8
253,fysisk_aktivitet,2025,54.7
259,fysisk_aktivitet,2021,56.5
259,fysisk_aktivitet,2025,53.8
260,fysisk_aktivitet,2021,61.7
260,fysisk_aktivitet,2025,58.5
265,fysisk_aktivitet,2021,53.8
265,fysisk_aktivitet,2025,49.9
269,fysisk_aktivitet,2021,52.3
269,fysisk_aktivitet,2025,49.7
270,fysisk_aktivitet,2021,62.3
270,fysisk_aktivitet,2025,52.8
306,fysisk_aktivitet,2021,62.4
306,fysisk_aktivitet,2025,61.9
316,fysisk_aktivitet,2021,58.0
316,fysisk_aktivitet,2025,56.5
320,fysisk_aktivitet,2021,61.3
320,fysisk_aktivitet,2025,62.3
326,fysisk_aktivitet,2021,58.8
326,fysisk_aktivitet,2025,60.6
329,fysisk_aktivitet,2021,59.9
329,fysisk_aktivitet,2025,59.7
330,fysisk_aktivitet,2021,62.6
330,fysisk_aktivitet,2025,55.6
336,fysisk_aktivitet,2021,60.4
336,fysisk_aktivitet,2025,57.3
340,fysisk_aktivitet,2021,58.0
340,fysisk_aktivitet,2025,56.2
350,fysisk_aktivitet,2021,56.4
350,fysisk_aktivitet,2025,53.4
360,fysisk_aktivitet,2021,64.5
360,fysisk_aktivitet,2025,60.6
370,fysisk_aktivitet,2021,63.1
370,fysisk_aktivitet,2025,55.0
376,fysisk_aktivitet,2021,62.2
376,fysisk_aktivitet,2025,61.0
390,fysisk_aktivitet,2021,59.1
390,fysisk_aktivitet,2025,60.4
400,fysisk_aktivitet,2021,58.0
400,fysisk_aktivitet,2025,54.8
410,fysisk_aktivitet,2021,59.3
410,fysisk_aktivitet,2025,53.1
420,fysisk_aktivitet,2021,62.0
420,fysisk_aktivitet,2025,57.2
430,fysisk_aktivitet,2021,62.8
430,fysisk_aktivitet,2025,56.0
440,fysisk_aktivitet,2021,58.5
440,fysisk_aktivitet,2025,58.2
450,fysisk_aktivitet,2021,62.3
450,fysisk_aktivitet,2025,52.4
461,fysisk_aktivitet,2021,57.2
461,fysisk_aktivitet,2025,49.1
479,fysisk_aktivitet,2021,60.2
479,fysisk_aktivitet,2025,53.2
480,fysisk_aktivitet,2021,62.8
480,fysisk_aktivitet,2025,55.1
482,fysisk_aktivitet,2021,65.2
482,fysisk_aktivitet,2025,59.1
492,fysisk_aktivitet,2021,67.2
492,fysisk_aktivitet,2025,58.4
510,fysisk_aktivitet,2021,61.7
510,fysisk_aktivitet,2025,54.0
530,fysisk_aktivitet,2021,65.5
530,fysisk_aktivitet,2025,52.8
540,fysisk_aktivitet,2021,62.9
540,fysisk_aktivitet,2025,55.3
550,fysisk_aktivitet,2021,60.6
550,fysisk_aktivitet,2025,56.4
561,fysisk_aktivitet,2021,59.1
561,fysisk_aktivitet,2025,53.6
563,fysisk_aktivitet,2021,56.9
563,fysisk_aktivitet,2025,50.3
573,fysisk_aktivitet,2021,61.5
573,fysisk_aktivitet,2025,55.7
575,fysisk_aktivitet,2021,63.9
575,fysisk_aktivitet,2025,58.6
580,fysisk_aktivitet,2021,61.3
580,fysisk_aktivitet,2025,55.1
607,fysisk_aktivitet,2021,60.9
607,fysisk_aktivitet,2025,53.9
615,fysisk_aktivitet,2021,63.5
615,fysisk_aktivitet,2025,53.9
621,fysisk_aktivitet,2021,60.7
621,fysisk_aktivitet,2025,56.4
630,fysisk_aktivitet,2021,59.0
630,fysisk_aktivitet,2025,53.0
657,fysisk_aktivitet,2021,62.2
657,fysisk_aktivitet,2025,53.1
661,fysisk_aktivitet,2021,63.1
661,fysisk_aktivitet,2025,52.4
665,fysisk_aktivitet,2021,66.5
665,fysisk_aktivitet,2025,56.7
671,fysisk_aktivitet,2021,65.3
671,fysisk_aktivitet,2025,56.7
706,fysisk_aktivitet,2021,60.2
706,fysisk_aktivitet,2025,51.7
707,fysisk_aktivitet,2021,64.5
707,fysisk_aktivitet,2025,61.2
710,fysisk_aktivitet,2021,58.3
710,fysisk_aktivitet,2025,52.7
727,fysisk_aktivitet,2021,59.7
727,fysisk_aktivitet,2025,52.2
730,fysisk_aktivitet,2021,62.9
730,fysisk_aktivitet,2025,56.0
740,fysisk_aktivitet,2021,58.7
740,fysisk_aktivitet,2025,49.3
741,fysisk_aktivitet,2021,65.1
741,fysisk_aktivitet,2025,59.1
746,fysisk_aktivitet,2021,58.2
746,fysisk_aktivitet,2025,49.3
751,fysisk_aktivitet,2021,53.9
751,fysisk_aktivitet,2025,43.4
756,fysisk_aktivitet,2021,59.5
756,fysisk_aktivitet,2025,54.8
760,fysisk_aktivitet,2021,62.6
760,fysisk_aktivitet,2025,56.8
766,fysisk_aktivitet,2021,64.5
766,fysisk_aktivitet,2025,56.4
773,fysisk_aktivitet,2021,63.4
773,fysisk_aktivitet,2025,63.6
779,fysisk_aktivitet,2021,65.8
779,fysisk_aktivitet,2025,53.8
787,fysisk_aktivitet,2021,63.2
787,fysisk_aktivitet,2025,59.8
791,fysisk_aktivitet,2021,58.0
791,fysisk_aktivitet,2025,52.5
810,fysisk_aktivitet,2021,61.8
810,fysisk_aktivitet,2025,59.4
813,fysisk_aktivitet,2021,62.1
813,fysisk_aktivitet,2025,55.8
820,fysisk_aktivitet,2021,61.7
820,fysisk_aktivitet,2025,62.1
825,fysisk_aktivitet,2021,61.7
825,fysisk_aktivitet,2025,58.1
840,fysisk_aktivitet,2021,60.0
840,fysisk_aktivitet,2025,52.5
846,fysisk_aktivitet,2021,60.6
846,fysisk_aktivitet,2025,57.0
849,fysisk_aktivitet,2021,62.8
849,fysisk_aktivitet,2025,60.0
851,fysisk_aktivitet,2021,57.9
851,fysisk_aktivitet,2025,51.3
860,fysisk_aktivitet,2021,61.3
860,fysisk_aktivitet,2025,58.3
101,kost,2010,8.3
101,kost,2013,9.3
101,kost,2017,10.4
101,kost,2021,12.5
101,kost,2025,11.8
147,kost,2010,7.5
147,kost,2013,5.8
147,kost,2017,8.5
147,kost,2021,11.9
147,kost,2025,11.8
151,kost,2010,11.7
151,kost,2013,11.6
151,kost,2017,16.6
151,kost,2021,16.4
151,kost,2025,18.2
153,kost,2010,16.3
153,kost,2013,15.5
153,kost,2017,19.5
153,kost,2021,22.3
153,kost,2025,22.6
155,kost,2010,9.1
155,kost,2013,9.2
155,kost,2017,9.7
155,kost,2021,13.1
155,kost,2025,13.3
157,kost,2010,6.9
157,kost,2013,6.1
157,kost,2017,8.6
157,kost,2021,9.1
157,kost,2025,9.6
159,kost,2010,10.1
159,kost,2013,9.4
159,kost,2017,11.0
159,kost,2021,12.9
159,kost,2025,13.5
161,kost,2010,15.2
161,kost,2013,14.9
161,kost,2017,19.0
161,kost,2021,18.9
161,kost,2025,20.4
163,kost,2010,11.5
163,kost,2013,12.6
163,kost,2017,15.5
163,kost,2021,18.7
163,kost,2025,17.9
165,kost,2010,14.1
165,kost,2013,14.8
165,kost,2017,16.4
165,kost,2021,19.7
165,kost,2025,20.0
167,kost,2010,13.6
167,kost,2013,14.3
167,kost,2017,15.3
167,kost,2021,17.9
167,kost,2025,18.7
169,kost,2010,13.3
169,kost,2013,13.5
169,kost,2017,17.1
169,kost,2021,19.5
169,kost,2025,17.8
173,kost,2010,8.9
173,kost,2013,8.6
173,kost,2017,9.7
173,kost,2021,11.8
173,kost,2025,9.1
175,kost,2010,12.2
175,kost,2013,11.9
175,kost,2017,15.9
175,kost,2021,16.6
175,kost,2025,15.6
183,kost,2010,16.2
183,kost,2013,15.6
183,kost,2017,18.8
183,kost,2021,19.5
183,kost,2025,20.5
185,kost,2010,12.3
185,kost,2013,13.3
185,kost,2017,18.2
185,kost,2021,18.6
185,kost,2025,21.0
187,kost,2010,11.1
187,kost,2013,10.7
187,kost,2017,12.7
187,kost,2021,17.3
187,kost,2025,16.3
190,kost,2010,6.9
190,kost,2013,7.2
190,kost,2017,9.6
190,kost,2021,12.0
190,kost,2025,10.0
201,kost,2010,6.8
201,kost,2013,8.2
201,kost,2017,10.3
201,kost,2021,11.0
201,kost,2025,11.7
210,kost,2010,7.2
210,kost,2013,9.3
210,kost,2017,12.7
210,kost,2021,13.6
210,kost,2025,12.3
217,kost,2010,10.3
217,kost,2013,10.7
217,kost,2017,12.7
217,kost,2021,15.0
217,kost,2025,14.0
219,kost,2010,9.9
219,kost,2013,9.8
219,kost,2017,12.1
219,kost,2021,14.7
219,kost,2025,15.1
223,kost,2010,7.6
223,kost,2013,6.2
223,kost,2017,9.5
223,kost,2021,11.8
223,kost,2025,10.8
230,kost,2010,7.7
230,kost,2013,6.9
230,kost,2017,8.9
230,kost,2021,11.1
230,kost,2025,8.8
240,kost,2010,11.1
240,kost,2013,10.0
240,kost,2017,13.1
240,kost,2021,14.9
240,kost,2025,17.6
250,kost,2010,11.4
250,kost,2013,12.1
250,kost,2017,14.7
250,kost,2021,19.1
250,kost,2025,19.1
253,kost,2010,11.9
253,kost,2013,10.9
253,kost,2017,15.4
253,kost,2021,17.8
253,kost,2025,19.2
259,kost,2010,14.0
259,kost,2013,12.6
259,kost,2017,15.0
259,kost,2021,17.4
259,kost,2025,18.8
260,kost,2010,12.5
260,kost,2013,13.1
260,kost,2017,17.1
260,kost,2021,20.1
260,kost,2025,21.6
265,kost,2010,12.4
265,kost,2013,11.1
265,kost,2017,11.6
265,kost,2021,13.6
265,kost,2025,14.8
269,kost,2010,10.3
269,kost,2013,11.0
269,kost,2017,13.1
269,kost,2021,15.6
269,kost,2025,18.5
270,kost,2010,10.4
270,kost,2013,11.0
270,kost,2017,15.9
270,kost,2021,17.3
270,kost,2025,18.7
306,kost,2010,15.3
306,kost,2013,12.2
306,kost,2017,19.2
306,kost,2021,16.8
306,kost,2025,24.4
316,kost,2010,12.0
316,kost,2013,14.5
316,kost,2017,16.8
316,kost,2021,19.8
316,kost,2025,20.5
320,kost,2010,14.8
320,kost,2013,15.8
320,kost,2017,16.1
320,kost,2021,19.4
320,kost,2025,21.9
326,kost,2010,15.6
326,kost,2013,15.3
326,kost,2017,20.4
326,kost,2021,23.1
326,kost,2025,21.7
329,kost,2010,14.1
329,kost,2013,14.5
329,kost,2017,15.0
329,kost,2021,19.0
329,kost,2025,22.6
330,kost,2010,13.8
330,kost,2013,14.4
330,kost,2017,19.6
330,kost,2021,21.2
330,kost,2025,20.7
336,kost,2010,11.3
336,kost,2013,13.0
336,kost,2017,14.5
336,kost,2021,17.2
336,kost,2025,20.0
340,kost,2010,11.9
340,kost,2013,11.7
340,kost,2017,14.1
340,kost,2021,18.2
340,kost,2025,15.6
350,kost,2010,10.2
350,kost,2013,13.0
350,kost,2017,12.6
350,kost,2021,15.6
350,kost,2025,16.7
360,kost,2010,16.5
360,kost,2013,17.1
360,kost,2017,21.8
360,kost,2021,21.9
360,kost,2025,26.0
370,kost,2010,12.7
370,kost,2013,15.1
370,kost,2017,16.5
370,kost,2021,19.3
370,kost,2025,20.7
376,kost,2010,14.7
376,kost,2013,13.7
376,kost,2017,17.8
376,kost,2021,23.2
376,kost,2025,19.7
390,kost,2010,14.3
390,kost,2013,13.6
390,kost,2017,15.7
390,kost,2021,20.0
390,kost,2025,20.5
400,kost,2010,13.4
400,kost,2013,15.7
400,kost,2017,17.2
400,kost,2021,15.3
400,kost,2025,19.0
410,kost,2010,14.2
410,kost,2013,18.0
410,kost,2017,17.8
410,kost,2021,18.9
410,kost,2025,19.7
420,kost,2010,14.3
420,kost,2013,18.9
420,kost,2017,19.3
420,kost,2021,21.1
420,kost,2025,22.4
430,kost,2010,14.1
430,kost,2013,16.2
430,kost,2017,17.9
430,kost,2021,19.9
430,kost,2025,19.1
440,kost,2010,14.0
440,kost,2013,16.6
440,kost,2017,18.1
440,kost,2021,18.1
440,kost,2025,21.7
450,kost,2010,14.6
450,kost,2013,17.3
450,kost,2017,16.1
450,kost,2021,21.4
450,kost,2025,23.1
461,kost,2010,14.3
461,kost,2013,14.8
461,kost,2017,17.0
461,kost,2021,18.8
461,kost,2025,18.1
479,kost,2010,14.2
479,kost,2013,15.7
479,kost,2017,14.8
479,kost,2021,18.1
479,kost,2025,16.6
480,kost,2010,16.2
480,kost,2013,17.6
480,kost,2017,20.8
480,kost,2021,22.6
480,kost,2025,24.5
482,kost,2010,16.8
482,kost,2013,18.4
482,kost,2017,22.5
482,kost,2021,24.2
482,kost,2025,20.1
492,kost,2010,15.1
492,kost,2013,16.3
492,kost,2017,18.3
492,kost,2021,19.9
492,kost,2025,18.3
510,kost,2010,14.4
510,kost,2013,18.2
510,kost,2017,17.7
510,kost,2021,20.5
510,kost,2025,25.0
530,kost,2010,15.2
530,kost,2013,18.2
530,kost,2017,18.1
530,kost,2021,20.3
530,kost,2025,19.4
540,kost,2010,13.8
540,kost,2013,16.4
540,kost,2017,18.2
540,kost,2021,20.8
540,kost,2025,21.7
550,kost,2010,16.3
550,kost,2013,19.0
550,kost,2017,22.5
550,kost,2021,22.3
550,kost,2025,24.2
561,kost,2010,16.1
561,kost,2013,18.4
561,kost,2017,19.6
561,kost,2021,20.4
561,kost,2025,22.9
563,kost,2010,9.1
563,kost,2013,12.9
563,kost,2017,13.4
563,kost,2021,13.2
563,kost,2025,16.5
573,kost,2010,15.4
573,kost,2013,18.8
573,kost,2017,18.4
573,kost,2021,20.6
573,kost,2025,21.1
575,kost,2010,13.7
575,kost,2013,18.2
575,kost,2017,21.8
575,kost,2021,23.1
575,kost,2025,23.7
580,kost,2010,15.8
580,kost,2013,18.0
580,kost,2017,19.3
580,kost,2021,21.4
580,kost,2025,19.9
607,kost,2010,17.3
607,kost,2013,18.1
607,kost,2017,19.7
607,kost,2021,22.1
607,kost,2025,22.5
615,kost,2010,15.0
615,kost,2013,16.8
615,kost,2017,20.0
615,kost,2021,18.7
615,kost,2025,21.9
621,kost,2010,14.2
621,kost,2013,16.4
621,kost,2017,15.7
621,kost,2021,19.5
621,kost,2025,19.1
630,kost,2010,12.2
630,kost,2013,15.5
630,kost,2017,15.8
630,kost,2021,18.1
630,kost,2025,18.5
657,kost,2010,16.3
657,kost,2013,18.3
657,kost,2017,19.6
657,kost,2021,19.4
657,kost,2025,23.0
661,kost,2010,15.8
661,kost,2013,17.3
661,kost,2017,20.6
661,kost,2021,20.5
661,kost,2025,23.8
665,kost,2010,17.6
665,kost,2013,17.7
665,kost,2017,20.1
665,kost,2021,21.9
665,kost,2025,22.2
671,kost,2010,21.1
671,kost,2013,18.7
671,kost,2017,22.4
671,kost,2021,24.8
671,kost,2025,25.3
706,kost,2010,12.8
706,kost,2013,15.1
706,kost,2017,17.9
706,kost,2021,15.3
706,kost,2025,16.2
707,kost,2010,19.3
707,kost,2013,19.0
707,kost,2017,21.1
707,kost,2021,24.0
707,kost,2025,24.8
710,kost,2010,12.1
710,kost,2013,12.9
710,kost,2017,14.2
710,kost,2021,15.9
710,kost,2025,18.9
727,kost,2010,11.9
727,kost,2013,11.3
727,kost,2017,16.4
727,kost,2021,13.8
727,kost,2025,16.3
730,kost,2010,17.6
730,kost,2013,17.2
730,kost,2017,20.1
730,kost,2021,21.7
730,kost,2025,23.8
740,kost,2010,13.2
740,kost,2013,12.6
740,kost,2017,18.6
740,kost,2021,17.8
740,kost,2025,18.0
741,kost,2010,11.6
741,kost,2013,13.2
741,kost,2017,13.8
741,kost,2021,16.8
741,kost,2025,14.3
746,kost,2010,12.8
746,kost,2013,14.2
746,kost,2017,13.8
746,kost,2021,14.8
746,kost,2025,15.6
751,kost,2010,9.9
751,kost,2013,10.6
751,kost,2017,12.6
751,kost,2021,14.0
751,kost,2025,15.2
756,kost,2010,18.2
756,kost,2013,16.5
756,kost,2017,19.5
756,kost,2021,24.2
756,kost,2025,22.5
760,kost,2010,16.7
760,kost,2013,15.2
760,kost,2017,21.1
760,kost,2021,21.0
760,kost,2025,22.4
766,kost,2010,16.3
766,kost,2013,18.8
766,kost,2017,19.3
766,kost,2021,20.4
766,kost,2025,22.7
773,kost,2010,22.8
773,kost,2013,20.0
773,kost,2017,22.9
773,kost,2021,22.7
773,kost,2025,29.1
779,kost,2010,19.9
779,kost,2013,21.2
779,kost,2017,22.1
779,kost,2021,23.0
779,kost,2025,25.2
787,kost,2010,19.7
787,kost,2013,18.0
787,kost,2017,20.4
787,kost,2021,23.3
787,kost,2025,24.9
791,kost,2010,16.0
791,kost,2013,16.8
791,kost,2017,20.2
791,kost,2021,19.3
791,kost,2025,24.2
810,kost,2010,19.0
810,kost,2013,17.7
810,kost,2017,22.3
810,kost,2021,21.4
810,kost,2025,24.9
813,kost,2010,16.9
813,kost,2013,18.5
813,kost,2017,20.3
813,kost,2021,20.8
813,kost,2025,22.9
820,kost,2010,19.7
820,kost,2013,16.3
820,kost,2017,21.2
820,kost,2021,20.9
820,kost,2025,25.4
825,kost,2010,18.3
825,kost,2013,15.7
825,kost,2017,20.1
825,kost,2021,17.8
825,kost,2025,20.4
840,kost,2010,16.8
840,kost,2013,16.1
840,kost,2017,16.2
840,kost,2021,19.4
840,kost,2025,20.3
846,kost,2010,19.1
846,kost,2013,18.1
846,kost,2017,20.0
846,kost,2021,23.0
846,kost,2025,21.7
849,kost,2010,18.6
849,kost,2013,20.3
849,kost,2017,21.2
849,kost,2021,22.1
849,kost,2025,23.6
851,kost,2010,16.8
851,kost,2013,17.4
851,kost,2017,17.1
851,kost,2021,19.7
851,kost,2025,20.9
860,kost,2010,20.0
860,kost,2013,17.5
860,kost,2017,19.1
860,kost,2021,21.5
860,kost,2025,22.3
101,mentalt_helbred,2010,13.0
101,mentalt_helbred,2013,12.8
101,mentalt_helbred,2017,15.5
101,mentalt_helbred,2021,21.5
101,mentalt_helbred,2025,18.8
147,mentalt_helbred,2010,10.7
147,mentalt_helbred,2013,11.4
147,mentalt_helbred,2017,13.6
147,mentalt_helbred,2021,19.9
147,mentalt_helbred,2025,15.3
151,mentalt_helbred,2010,9.4
151,mentalt_helbred,2013,10.1
151,mentalt_helbred,2017,14.1
151,mentalt_helbred,2021,16.4
151,mentalt_helbred,2025,18.5
153,mentalt_helbred,2010,13.1
153,mentalt_helbred,2013,13.4
153,mentalt_helbred,2017,16.0
153,mentalt_helbred,2021,19.0
153,mentalt_helbred,2025,21.3
155,mentalt_helbred,2010,8.7
155,mentalt_helbred,2013,8.5
155,mentalt_helbred,2017,10.1
155,mentalt_helbred,2021,16.1
155,mentalt_helbred,2025,14.4
157,mentalt_helbred,2010,9.4
157,mentalt_helbred,2013,9.6
157,mentalt_helbred,2017,10.6
157,mentalt_helbred,2021,15.1
157,mentalt_helbred,2025,12.0
159,mentalt_helbred,2010,9.6
159,mentalt_helbred,2013,11.1
159,mentalt_helbred,2017,13.4
159,mentalt_helbred,2021,16.6
159,mentalt_helbred,2025,17.0
161,mentalt_helbred,2010,10.4
161,mentalt_helbred,2013,12.1
161,mentalt_helbred,2017,11.3
161,mentalt_helbred,2021,17.2
161,mentalt_helbred,2025,17.1
163,mentalt_helbred,2010,9.9
163,mentalt_helbred,2013,9.8
163,mentalt_helbred,2017,15.4
163,mentalt_helbred,2021,17.9
163,mentalt_helbred,2025,16.1
165,mentalt_helbred,2010,12.9
165,mentalt_helbred,2013,10.8
165,mentalt_helbred,2017,14.0
165,mentalt_helbred,2021,21.1
165,mentalt_helbred,2025,20.6
167,mentalt_helbred,2010,11.3
167,mentalt_helbred,2013,13.2
167,mentalt_helbred,2017,15.6
167,mentalt_helbred,2021,18.3
167,mentalt_helbred,2025,16.7
169,mentalt_helbred,2010,10.7
169,mentalt_helbred,2013,11.0
169,mentalt_helbred,2017,14.0
169,mentalt_helbred,2021,19.5
169,mentalt_helbred,2025,16.8
173,mentalt_helbred,2010,9.3
173,mentalt_helbred,2013,11.2
173,mentalt_helbred,2017,12.1
173,mentalt_helbred,2021,16.9
173,mentalt_helbred,2025,12.9
175,mentalt_helbred,2010,9.6
175,mentalt_helbred,2013,10.6
175,mentalt_helbred,2017,13.3
175,mentalt_helbred,2021,18.3
175,mentalt_helbred,2025,14.5
183,mentalt_helbred,2010,11.8
183,mentalt_helbred,2013,14.8
183,mentalt_helbred,2017,14.4
183,mentalt_helbred,2021,19.8
183,mentalt_helbred,2025,18.9
185,mentalt_helbred,2010,12.5
185,mentalt_helbred,2013,9.1
185,mentalt_helbred,2017,14.0
185,mentalt_helbred,2021,18.0
185,mentalt_helbred,2025,15.4
187,mentalt_helbred,2010,6.8
187,mentalt_helbred,2013,8.7
187,mentalt_helbred,2017,10.8
187,mentalt_helbred,2021,16.9
187,mentalt_helbred,2025,13.9
190,mentalt_helbred,2010,6.2
190,mentalt_helbred,2013,8.4
190,mentalt_helbred,2017,10.5
190,mentalt_helbred,2021,14.5
190,mentalt_helbred,2025,13.7
201,mentalt_helbred,2010,7.7
201,mentalt_helbred,2013,7.7
201,mentalt_helbred,2017,10.5
201,mentalt_helbred,2021,13.0
201,mentalt_helbred,2025,11.1
210,mentalt_helbred,2010,10.0
210,mentalt_helbred,2013,9.5
210,mentalt_helbred,2017,11.4
210,mentalt_helbred,2021,15.9
210,mentalt_helbred,2025,14.8
217,mentalt_helbred,2010,8.2
217,mentalt_helbred,2013,11.8
217,mentalt_helbred,2017,14.5
217,mentalt_helbred,2021,16.7
217,mentalt_helbred,2025,15.0
219,mentalt_helbred,2010,9.5
219,mentalt_helbred,2013,8.7
219,mentalt_helbred,2017,10.4
219,mentalt_helbred,2021,17.8
219,mentalt_helbred,2025,17.0
223,mentalt_helbred,2010,8.4
223,mentalt_helbred,2013,7.0
223,mentalt_helbred,2017,9.4
223,mentalt_helbred,2021,14.7
223,mentalt_helbred,2025,10.3
230,mentalt_helbred,2010,7.6
230,mentalt_helbred,2013,9.1
230,mentalt_helbred,2017,11.3
230,mentalt_helbred,2021,14.9
230,mentalt_helbred,2025,12.5
240,mentalt_helbred,2010,7.9
240,mentalt_helbred,2013,6.9
240,mentalt_helbred,2017,10.0
240,mentalt_helbred,2021,16.3
240,mentalt_helbred,2025,13.8
250,mentalt_helbred,2010,10.0
250,mentalt_helbred,2013,10.3
250,mentalt_helbred,2017,11.7
250,mentalt_helbred,2021,15.6
250,mentalt_helbred,2025,15.2
253,mentalt_helbred,2010,9.0
253,mentalt_helbred,2013,9.3
253,mentalt_helbred,2017,11.7
253,mentalt_helbred,2021,14.0
253,mentalt_helbred,2025,16.5
259,mentalt_helbred,2010,12.4
259,mentalt_helbred,2013,9.4
259,mentalt_helbred,2017,12.5
259,mentalt_helbred,2021,16.2
259,mentalt_helbred,2025,15.3
260,mentalt_helbred,2010,9.0
260,mentalt_helbred,2013,11.7
260,mentalt_helbred,2017,13.4
260,mentalt_helbred,2021,17.9
260,mentalt_helbred,2025,15.9
265,mentalt_helbred,2010,8.4
265,mentalt_helbred,2013,10.4
265,mentalt_helbred,2017,12.2
265,mentalt_helbred,2021,15.5
265,mentalt_helbred,2025,17.3
269,mentalt_helbred,2010,7.7
269,mentalt_helbred,2013,10.1
269,mentalt_helbred,2017,10.1
269,mentalt_helbred,2021,14.2
269,mentalt_helbred,2025,14.1
270,mentalt_helbred,2010,10.7
270,mentalt_helbred,2013,9.2
270,mentalt_helbred,2017,11.5
270,mentalt_helbred,2021,15.2
270,mentalt_helbred,2025,14.6
306,mentalt_helbred,2010,10.5
306,mentalt_helbred,2013,10.6
306,mentalt_helbred,2017,15.5
306,mentalt_helbred,2021,16.9
306,mentalt_helbred,2025,13.1
316,mentalt_helbred,2010,9.8
316,mentalt_helbred,2013,10.9
316,mentalt_helbred,2017,14.0
316,mentalt_helbred,2021,15.1
316,mentalt_helbred,2025,16.4
320,mentalt_helbred,2010,9.0
320,mentalt_helbred,2013,9.1
320,mentalt_helbred,2017,12.6
320,mentalt_helbred,2021,17.3
320,mentalt_helbred,2025,17.1
326,mentalt_helbred,2010,9.1
326,mentalt_helbred,2013,8.7
326,mentalt_helbred,2017,13.7
326,mentalt_helbred,2021,18.1
326,mentalt_helbred,2025,17.8
329,mentalt_helbred,2010,10.6
329,mentalt_helbred,2013,10.6
329,mentalt_helbred,2017,13.6
329,mentalt_helbred,2021,18.7
329,mentalt_helbred,2025,14.4
330,mentalt_helbred,2010,11.5
330,mentalt_helbred,2013,12.0
330,mentalt_helbred,2017,15.9
330,mentalt_helbred,2021,17.9
330,mentalt_helbred,2025,18.3
336,mentalt_helbred,2010,8.4
336,mentalt_helbred,2013,10.4
336,mentalt_helbred,2017,12.2
336,mentalt_helbred,2021,17.8
336,mentalt_helbred,2025,15.6
340,mentalt_helbred,2010,9.6
340,mentalt_helbred,2013,10.0
340,mentalt_helbred,2017,11.8
340,mentalt_helbred,2021,17.1
340,mentalt_helbred,2025,14.5
350,mentalt_helbred,2010,7.0
350,mentalt_helbred,2013,9.5
350,mentalt_helbred,2017,9.2
350,mentalt_helbred,2021,12.6
350,mentalt_helbred,2025,14.0
360,mentalt_helbred,2010,10.4
360,mentalt_helbred,2013,11.7
360,mentalt_helbred,2017,12.6
360,mentalt_helbred,2021,18.8
360,mentalt_helbred,2025,17.4
370,mentalt_helbred,2010,10.0
370,mentalt_helbred,2013,12.7
370,mentalt_helbred,2017,13.3
370,mentalt_helbred,2021,19.3
370,mentalt_helbred,2025,18.2
376,mentalt_helbred,2010,11.5
376,mentalt_helbred,2013,12.0
376,mentalt_helbred,2017,14.2
376,mentalt_helbred,2021,17.9
376,mentalt_helbred,2025,16.2
390,mentalt_helbred,2010,10.4
390,mentalt_helbred,2013,9.2
390,mentalt_helbred,2017,14.3
390,mentalt_helbred,2021,16.7
390,mentalt_helbred,2025,18.3
400,mentalt_helbred,2010,8.2
400,mentalt_helbred,2013,10.6
400,mentalt_helbred,2017,14.0
400,mentalt_helbred,2021,13.9
400,mentalt_helbred,2025,13.9
410,mentalt_helbred,2010,10.0
410,mentalt_helbred,2013,10.7
410,mentalt_helbred,2017,11.7
410,mentalt_helbred,2021,14.9
410,mentalt_helbred,2025,13.5
420,mentalt_helbred,2010,9.3
420,mentalt_helbred,2013,10.1
420,mentalt_helbred,2017,13.4
420,mentalt_helbred,2021,15.1
420,mentalt_helbred,2025,13.8
430,mentalt_helbred,2010,11.0
430,mentalt_helbred,2013,13.2
430,mentalt_helbred,2017,12.6
430,mentalt_helbred,2021,15.5
430,mentalt_helbred,2025,15.1
440,mentalt_helbred,2010,10.3
440,mentalt_helbred,2013,11.1
440,mentalt_helbred,2017,13.0
440,mentalt_helbred,2021,14.2
440,mentalt_helbred,2025,15.7
450,mentalt_helbred,2010,9.1
450,mentalt_helbred,2013,13.0
450,mentalt_helbred,2017,14.9
450,mentalt_helbred,2021,17.7
450,mentalt_helbred,2025,13.8
461,mentalt_helbred,2010,12.8
461,mentalt_helbred,2013,11.7
461,mentalt_helbred,2017,15.4
461,mentalt_helbred,2021,21.1
461,mentalt_helbred,2025,17.0
479,mentalt_helbred,2010,9.6
479,mentalt_helbred,2013,11.1
479,mentalt_helbred,2017,13.2
479,mentalt_helbred,2021,16.0
479,mentalt_helbred,2025,13.5
480,mentalt_helbred,2010,10.2
480,mentalt_helbred,2013,10.5
480,mentalt_helbred,2017,13.1
480,mentalt_helbred,2021,15.9
480,mentalt_helbred,2025,15.2
482,mentalt_helbred,2010,10.9
482,mentalt_helbred,2013,11.2
482,mentalt_helbred,2017,13.4
482,mentalt_helbred,2021,14.3
482,mentalt_helbred,2025,14.9
492,mentalt_helbred,2010,9.1
492,mentalt_helbred,2013,11.0
492,mentalt_helbred,2017,13.9
492,mentalt_helbred,2021,14.7
492,mentalt_helbred,2025,12.3
510,mentalt_helbred,2010,10.2
510,mentalt_helbred,2013,10.7
510,mentalt_helbred,2017,13.6
510,mentalt_helbred,2021,15.1
510,mentalt_helbred,2025,15.4
530,mentalt_helbred,2010,8.7
530,mentalt_helbred,2013,9.2
530,mentalt_helbred,2017,11.4
530,mentalt_helbred,2021,14.4
530,mentalt_helbred,2025,14.9
540,mentalt_helbred,2010,13.4
540,mentalt_helbred,2013,9.3
540,mentalt_helbred,2017,13.2
540,mentalt_helbred,2021,16.7
540,mentalt_helbred,2025,14.1
550,mentalt_helbred,2010,9.7
550,mentalt_helbred,2013,8.7
550,mentalt_helbred,2017,10.8
550,mentalt_helbred,2021,13.9
550,mentalt_helbred,2025,13.5
561,mentalt_helbred,2010,10.2
561,mentalt_helbred,2013,10.8
561,mentalt_helbred,2017,13.8
561,mentalt_helbred,2021,16.5
561,mentalt_helbred,2025,18.6
563,mentalt_helbred,2010,10.9
563,mentalt_helbred,2013,8.3
563,mentalt_helbred,2017,15.1
563,mentalt_helbred,2021,14.2
563,mentalt_helbred,2025,10.7
573,mentalt_helbred,2010,7.2
573,mentalt_helbred,2013,6.4
573,mentalt_helbred,2017,11.0
573,mentalt_helbred,2021,11.5
573,mentalt_helbred,2025,12.0
575,mentalt_helbred,2010,10.5
575,mentalt_helbred,2013,10.5
575,mentalt_helbred,2017,12.7
575,mentalt_helbred,2021,13.2
575,mentalt_helbred,2025,15.5
580,mentalt_helbred,2010,10.7
580,mentalt_helbred,2013,11.2
580,mentalt_helbred,2017,14.2
580,mentalt_helbred,2021,14.2
580,mentalt_helbred,2025,14.3
607,mentalt_helbred,2010,9.7
607,mentalt_helbred,2013,14.2
607,mentalt_helbred,2017,16.9
607,mentalt_helbred,2021,18.6
607,mentalt_helbred,2025,17.8
615,mentalt_helbred,2010,9.3
615,mentalt_helbred,2013,11.9
615,mentalt_helbred,2017,14.3
615,mentalt_helbred,2021,18.6
615,mentalt_helbred,2025,15.2
621,mentalt_helbred,2010,11.0
621,mentalt_helbred,2013,13.0
621,mentalt_helbred,2017,12.7
621,mentalt_helbred,2021,17.9
621,mentalt_helbred,2025,15.7
630,mentalt_helbred,2010,9.6
630,mentalt_helbred,2013,11.1
630,mentalt_helbred,2017,12.8
630,mentalt_helbred,2021,17.3
630,mentalt_helbred,2025,15.2
657,mentalt_helbred,2010,7.9
657,mentalt_helbred,2013,10.6
657,mentalt_helbred,2017,12.7
657,mentalt_helbred,2021,15.7
657,mentalt_helbred,2025,14.9
661,mentalt_helbred,2010,6.9
661,mentalt_helbred,2013,7.8
661,mentalt_helbred,2017,10.2
661,mentalt_helbred,2021,14.5
661,mentalt_helbred,2025,13.6
665,mentalt_helbred,2010,7.9
665,mentalt_helbred,2013,6.5
665,mentalt_helbred,2017,11.3
665,mentalt_helbred,2021,12.6
665,mentalt_helbred,2025,12.9
671,mentalt_helbred,2010,8.9
671,mentalt_helbred,2013,8.5
671,mentalt_helbred,2017,10.1
671,mentalt_helbred,2021,14.4
671,mentalt_helbred,2025,14.7
706,mentalt_helbred,2010,8.2
706,mentalt_helbred,2013,9.9
706,mentalt_helbred,2017,12.3
706,mentalt_helbred,2021,14.7
706,mentalt_helbred,2025,14.9
707,mentalt_helbred,2010,7.2
707,mentalt_helbred,2013,10.4
707,mentalt_helbred,2017,11.9
707,mentalt_helbred,2021,15.6
707,mentalt_helbred,2025,14.8
710,mentalt_helbred,2010,7.2
710,mentalt_helbred,2013,7.8
710,mentalt_helbred,2017,10.7
710,mentalt_helbred,2021,14.7
710,mentalt_helbred,2025,13.7
727,mentalt_helbred,2010,7.7
727,mentalt_helbred,2013,8.5
727,mentalt_helbred,2017,11.8
727,mentalt_helbred,2021,14.2
727,mentalt_helbred,2025,15.6
730,mentalt_helbred,2010,9.7
730,mentalt_helbred,2013,9.8
730,mentalt_helbred,2017,12.3
730,mentalt_helbred,2021,16.4
730,mentalt_helbred,2025,17.3
740,mentalt_helbred,2010,9.7
740,mentalt_helbred,2013,8.0
740,mentalt_helbred,2017,11.6
740,mentalt_helbred,2021,16.2
740,mentalt_helbred,2025,13.1
741,mentalt_helbred,2010,7.4
741,mentalt_helbred,2013,8.9
741,mentalt_helbred,2017,9.5
741,mentalt_helbred,2021,15.0
741,mentalt_helbred,2025,13.0
746,mentalt_helbred,2010,8.3
746,mentalt_helbred,2013,9.1
746,mentalt_helbred,2017,12.4
746,mentalt_helbred,2021,15.4
746,mentalt_helbred,2025,11.9
751,mentalt_helbred,2010,10.8
751,mentalt_helbred,2013,11.7
751,mentalt_helbred,2017,13.8
751,mentalt_helbred,2021,20.5
751,mentalt_helbred,2025,18.2
756,mentalt_helbred,2010,8.1
756,mentalt_helbred,2013,8.1
756,mentalt_helbred,2017,11.6
756,mentalt_helbred,2021,16.4
756,mentalt_helbred,2025,13.7
760,mentalt_helbred,2010,6.9
760,mentalt_helbred,2013,7.3
760,mentalt_helbred,2017,11.7
760,mentalt_helbred,2021,12.7
760,mentalt_helbred,2025,11.2
766,mentalt_helbred,2010,6.5
766,mentalt_helbred,2013,9.4
766,mentalt_helbred,2017,10.4
766,mentalt_helbred,2021,15.0
766,mentalt_helbred,2025,13.5
773,mentalt_helbred,2010,8.4
773,mentalt_helbred,2013,8.8
773,mentalt_helbred,2017,10.4
773,mentalt_helbred,2021,14.2
773,mentalt_helbred,2025,12.0
779,mentalt_helbred,2010,7.0
779,mentalt_helbred,2013,10.0
779,mentalt_helbred,2017,13.3
779,mentalt_helbred,2021,14.7
779,mentalt_helbred,2025,15.5
787,mentalt_helbred,2010,8.6
787,mentalt_helbred,2013,8.8
787,mentalt_helbred,2017,11.0
787,mentalt_helbred,2021,15.8
787,mentalt_helbred,2025,12.0
791,mentalt_helbred,2010,7.6
791,mentalt_helbred,2013,9.6
791,mentalt_helbred,2017,12.6
791,mentalt_helbred,2021,16.1
791,mentalt_helbred,2025,14.2
810,mentalt_helbred,2010,7.7
810,mentalt_helbred,2013,9.9
810,mentalt_helbred,2017,11.9
810,mentalt_helbred,2021,15.5
810,mentalt_helbred,2025,14.7
813,mentalt_helbred,2010,8.9
813,mentalt_helbred,2013,9.8
813,mentalt_helbred,2017,12.3
813,mentalt_helbred,2021,16.4
813,mentalt_helbred,2025,14.7
820,mentalt_helbred,2010,7.8
820,mentalt_helbred,2013,8.7
820,mentalt_helbred,2017,10.6
820,mentalt_helbred,2021,15.9
820,mentalt_helbred,2025,15.6
825,mentalt_helbred,2010,5.2
825,mentalt_helbred,2013,7.8
825,mentalt_helbred,2017,13.6
825,mentalt_helbred,2021,12.3
825,mentalt_helbred,2025,11.4
840,mentalt_helbred,2010,7.0
840,mentalt_helbred,2013,7.7
840,mentalt_helbred,2017,11.9
840,mentalt_helbred,2021,14.4
840,mentalt_helbred,2025,12.1
846,mentalt_helbred,2010,8.5
846,mentalt_helbred,2013,10.8
846,mentalt_helbred,2017,10.4
846,mentalt_helbred,2021,13.4
846,mentalt_helbred,2025,14.2
849,mentalt_helbred,2010,8.9
849,mentalt_helbred,2013,9.6
849,mentalt_helbred,2017,12.3
849,mentalt_helbred,2021,15.5
849,mentalt_helbred,2025,15.1
851,mentalt_helbred,2010,10.6
851,mentalt_helbred,2013,11.6
851,mentalt_helbred,2017,14.3
851,mentalt_helbred,2021,19.5
851,mentalt_helbred,2025,17.2
860,mentalt_helbred,2010,7.8
860,mentalt_helbred,2013,10.7
860,mentalt_helbred,2017,13.1
860,mentalt_helbred,2021,16.1
860,mentalt_helbred,2025,14.8
101,rygning,2010,20.0
101,rygning,2013,16.3
101,rygning,2017,17.3
101,rygning,2021,13.8
101,rygning,2025,10.6
147,rygning,2010,15.2
147,rygning,2013,12.4
147,rygning,2017,12.6
147,rygning,2021,10.2
147,rygning,2025,9.0
151,rygning,2010,21.1
151,rygning,2013,16.7
151,rygning,2017,17.3
151,rygning,2021,12.4
151,rygning,2025,8.5
153,rygning,2010,26.0
153,rygning,2013,19.4
153,rygning,2017,18.5
153,rygning,2021,16.5
153,rygning,2025,15.7
155,rygning,2010,16.4
155,rygning,2013,12.9
155,rygning,2017,12.2
155,rygning,2021,9.9
155,rygning,2025,8.1
157,rygning,2010,16.2
157,rygning,2013,10.1
157,rygning,2017,11.1
157,rygning,2021,7.7
157,rygning,2025,6.1
159,rygning,2010,18.7
159,rygning,2013,16.2
159,rygning,2017,16.1
159,rygning,2021,13.0
159,rygning,2025,9.4
161,rygning,2010,20.3
161,rygning,2013,14.5
161,rygning,2017,17.3
161,rygning,2021,14.6
161,rygning,2025,11.4
163,rygning,2010,19.6
163,rygning,2013,16.5
163,rygning,2017,15.8
163,rygning,2021,14.0
163,rygning,2025,11.1
165,rygning,2010,21.8
165,rygning,2013,16.5
165,rygning,2017,19.2
165,rygning,2021,15.8
165,rygning,2025,13.4
167,rygning,2010,21.0
167,rygning,2013,17.0
167,rygning,2017,16.4
167,rygning,2021,15.1
167,rygning,2025,11.4
169,rygning,2010,22.2
169,rygning,2013,18.6
169,rygning,2017,18.2
169,rygning,2021,14.1
169,rygning,2025,12.1
173,rygning,2010,14.1
173,rygning,2013,9.5
173,rygning,2017,12.3
173,rygning,2021,9.0
173,rygning,2025,5.1
175,rygning,2010,18.8
175,rygning,2013,17.1
175,rygning,2017,17.1
175,rygning,2021,14.4
175,rygning,2025,9.4
183,rygning,2010,23.7
183,rygning,2013,18.8
183,rygning,2017,19.7
183,rygning,2021,18.9
183,rygning,2025,17.4
185,rygning,2010,22.0
185,rygning,2013,16.7
185,rygning,2017,17.0
185,rygning,2021,16.3
185,rygning,2025,10.7
187,rygning,2010,18.9
187,rygning,2013,13.7
187,rygning,2017,12.2
187,rygning,2021,11.2
187,rygning,2025,9.3
190,rygning,2010,13.4
190,rygning,2013,10.6
190,rygning,2017,13.1
190,rygning,2021,8.8
190,rygning,2025,7.0
201,rygning,2010,13.5
201,rygning,2013,9.7
201,rygning,2017,9.1
201,rygning,2021,7.6
201,rygning,2025,5.1
210,rygning,2010,19.5
210,rygning,2013,13.8
210,rygning,2017,13.5
210,rygning,2021,14.4
210,rygning,2025,8.0
217,rygning,2010,22.1
217,rygning,2013,16.6
217,rygning,2017,19.7
217,rygning,2021,14.1
217,rygning,2025,10.6
219,rygning,2010,17.3
219,rygning,2013,13.2
219,rygning,2017,13.9
219,rygning,2021,11.9
219,rygning,2025,7.7
223,rygning,2010,13.8
223,rygning,2013,10.4
223,rygning,2017,9.6
223,rygning,2021,8.6
223,rygning,2025,6.8
230,rygning,2010,14.2
230,rygning,2013,8.5
230,rygning,2017,11.2
230,rygning,2021,7.8
230,rygning,2025,5.3
240,rygning,2010,17.8
240,rygning,2013,12.8
240,rygning,2017,12.1
240,rygning,2021,10.8
240,rygning,2025,7.4
250,rygning,2010,20.9
250,rygning,2013,14.2
250,rygning,2017,17.4
250,rygning,2021,13.3
250,rygning,2025,11.2
253,rygning,2010,19.6
253,rygning,2013,16.4
253,rygning,2017,14.8
253,rygning,2021,10.3
253,rygning,2025,9.9
259,rygning,2010,21.4
259,rygning,2013,17.3
259,rygning,2017,15.0
259,rygning,2021,13.7
259,rygning,2025,10.7
260,rygning,2010,24.7
260,rygning,2013,18.1
260,rygning,2017,20.0
260,rygning,2021,15.7
260,rygning,2025,14.0
265,rygning,2010,18.1
265,rygning,2013,15.0
265,rygning,2017,15.3
265,rygning,2021,12.9
265,rygning,2025,8.1
269,rygning,2010,17.6
269,rygning,2013,14.0
269,rygning,2017,13.2
269,rygning,2021,11.8
269,rygning,2025,8.8
270,rygning,2010,21.4
270,rygning,2013,17.5
270,rygning,2017,17.3
270,rygning,2021,14.6
270,rygning,2025,9.9
306,rygning,2010,26.2
306,rygning,2013,20.1
306,rygning,2017,22.5
306,rygning,2021,16.4
306,rygning,2025,14.3
316,rygning,2010,23.2
316,rygning,2013,18.6
316,rygning,2017,18.6
316,rygning,2021,16.9
316,rygning,2025,12.9
320,rygning,2010,24.2
320,rygning,2013,17.4
320,rygning,2017,18.2
320,rygning,2021,14.8
320,rygning,2025,12.2
326,rygning,2010,25.4
326,rygning,2013,18.8
326,rygning,2017,21.6
326,rygning,2021,18.6
326,rygning,2025,14.2
329,rygning,2010,23.8
329,rygning,2013,17.5
329,rygning,2017,18.5
329,rygning,2021,17.3
329,rygning,2025,12.1
330,rygning,2010,23.6
330,rygning,2013,20.5
330,rygning,2017,20.8
330,rygning,2021,17.4
330,rygning,2025,13.4
336,rygning,2010,23.9
336,rygning,2013,18.8
336,rygning,2017,20.3
336,rygning,2021,17.5
336,rygning,2025,12.8
340,rygning,2010,22.1
340,rygning,2013,16.5
340,rygning,2017,17.7
340,rygning,2021,15.7
340,rygning,2025,13.0
350,rygning,2010,18.9
350,rygning,2013,17.6
350,rygning,2017,13.5
350,rygning,2021,12.5
350,rygning,2025,10.1
360,rygning,2010,30.1
360,rygning,2013,23.0
360,rygning,2017,22.8
360,rygning,2021,21.7
360,rygning,2025,18.3
370,rygning,2010,21.3
370,rygning,2013,16.8
370,rygning,2017,16.5
370,rygning,2021,16.8
370,rygning,2025,11.7
376,rygning,2010,23.5
376,rygning,2013,18.6
376,rygning,2017,21.0
376,rygning,2021,19.2
376,rygning,2025,13.6
390,rygning,2010,25.5
390,rygning,2013,20.5
390,rygning,2017,20.7
390,rygning,2021,19.3
390,rygning,2025,14.8
400,rygning,2010,22.5
400,rygning,2013,15.8
400,rygning,2017,20.2
400,rygning,2021,15.5
400,rygning,2025,15.2
410,rygning,2010,21.6
410,rygning,2013,19.8
410,rygning,2017,18.5
410,rygning,2021,13.8
410,rygning,2025,10.0
420,rygning,2010,23.2
420,rygning,2013,21.0
420,rygning,2017,20.5
420,rygning,2021,16.2
420,rygning,2025,12.1
430,rygning,2010,23.6
430,rygning,2013,19.2
430,rygning,2017,18.0
430,rygning,2021,15.6
430,rygning,2025,13.1
440,rygning,2010,21.4
440,rygning,2013,19.8
440,rygning,2017,20.6
440,rygning,2021,14.8
440,rygning,2025,10.4
450,rygning,2010,22.6
450,rygning,2013,21.4
450,rygning,2017,20.2
450,rygning,2021,15.8
450,rygning,2025,12.1
461,rygning,2010,21.5
461,rygning,2013,17.5
461,rygning,2017,16.7
461,rygning,2021,12.6
461,rygning,2025,8.3
479,rygning,2010,21.6
479,rygning,2013,20.8
479,rygning,2017,18.5
479,rygning,2021,17.0
479,rygning,2025,11.2
480,rygning,2010,21.6
480,rygning,2013,20.2
480,rygning,2017,20.0
480,rygning,2021,17.1
480,rygning,2025,12.9
482,rygning,2010,26.9
482,rygning,2013,24.8
482,rygning,2017,23.8
482,rygning,2021,18.2
482,rygning,2025,14.6
492,rygning,2010,26.0
492,rygning,2013,22.9
492,rygning,2017,23.7
492,rygning,2021,18.5
492,rygning,2025,12.5
510,rygning,2010,23.1
510,rygning,2013,18.4
510,rygning,2017,21.8
510,rygning,2021,14.9
510,rygning,2025,9.3
530,rygning,2010,22.4
530,rygning,2013,17.1
530,rygning,2017,18.0
530,rygning,2021,14.1
530,rygning,2025,10.4
540,rygning,2010,22.4
540,rygning,2013,17.2
540,rygning,2017,18.5
540,rygning,2021,14.5
540,rygning,2025,10.4
550,rygning,2010,24.9
550,rygning,2013,20.0
550,rygning,2017,20.1
550,rygning,2021,18.3
550,rygning,2025,14.4
561,rygning,2010,23.7
561,rygning,2013,19.8
561,rygning,2017,19.0
561,rygning,2021,15.2
561,rygning,2025,13.2
563,rygning,2010,23.1
563,rygning,2013,19.9
563,rygning,2017,17.0
563,rygning,2021,13.8
563,rygning,2025,11.2
573,rygning,2010,20.7
573,rygning,2013,16.1
573,rygning,2017,18.5
573,rygning,2021,13.9
573,rygning,2025,12.2
575,rygning,2010,22.3
575,rygning,2013,19.0
575,rygning,2017,20.7
575,rygning,2021,15.8
575,rygning,2025,12.8
580,rygning,2010,21.6
580,rygning,2013,20.2
580,rygning,2017,19.3
580,rygning,2021,16.1
580,rygning,2025,11.3
607,rygning,2010,24.1
607,rygning,2013,21.8
607,rygning,2017,20.1
607,rygning,2021,16.4
607,rygning,2025,12.5
615,rygning,2010,22.2
615,rygning,2013,20.7
615,rygning,2017,19.6
615,rygning,2021,13.3
615,rygning,2025,10.8
621,rygning,2010,21.6
621,rygning,2013,19.6
621,rygning,2017,18.0
621,rygning,2021,14.3
621,rygning,2025,9.3
630,rygning,2010,19.8
630,rygning,2013,19.3
630,rygning,2017,16.5
630,rygning,2021,13.3
630,rygning,2025,9.2
657,rygning,2010,19.3
657,rygning,2013,16.3
657,rygning,2017,15.7
657,rygning,2021,12.8
657,rygning,2025,8.9
661,rygning,2010,20.8
661,rygning,2013,18.5
661,rygning,2017,14.8
661,rygning,2021,13.4
661,rygning,2025,9.8
665,rygning,2010,23.0
665,rygning,2013,20.7
665,rygning,2017,18.0
665,rygning,2021,16.1
665,rygning,2025,12.5
671,rygning,2010,22.0
671,rygning,2013,17.8
671,rygning,2017,16.7
671,rygning,2021,17.0
671,rygning,2025,14.2
706,rygning,2010,22.9
706,rygning,2013,18.3
706,rygning,2017,17.8
706,rygning,2021,13.4
706,rygning,2025,11.7
707,rygning,2010,25.0
707,rygning,2013,19.4
707,rygning,2017,19.7
707,rygning,2021,16.6
707,rygning,2025,14.7
710,rygning,2010,20.1
710,rygning,2013,17.8
710,rygning,2017,14.5
710,rygning,2021,11.0
710,rygning,2025,9.2
727,rygning,2010,22.5
727,rygning,2013,16.8
727,rygning,2017,16.0
727,rygning,2021,12.6
727,rygning,2025,11.2
730,rygning,2010,23.0
730,rygning,2013,18.9
730,rygning,2017,17.8
730,rygning,2021,15.6
730,rygning,2025,10.9
740,rygning,2010,19.2
740,rygning,2013,14.0
740,rygning,2017,15.5
740,rygning,2021,11.5
740,rygning,2025,8.8
741,rygning,2010,24.0
741,rygning,2013,22.6
741,rygning,2017,18.1
741,rygning,2021,15.5
741,rygning,2025,10.4
746,rygning,2010,18.7
746,rygning,2013,16.0
746,rygning,2017,13.3
746,rygning,2021,10.8
746,rygning,2025,8.7
751,rygning,2010,17.2
751,rygning,2013,14.7
751,rygning,2017,12.8
751,rygning,2021,11.1
751,rygning,2025,8.3
756,rygning,2010,20.3
756,rygning,2013,19.5
756,rygning,2017,17.2
756,rygning,2021,15.2
756,rygning,2025,10.5
760,rygning,2010,22.1
760,rygning,2013,18.2
760,rygning,2017,17.1
760,rygning,2021,14.0
760,rygning,2025,12.3
766,rygning,2010,20.9
766,rygning,2013,17.6
766,rygning,2017,17.6
766,rygning,2021,15.0
766,rygning,2025,10.5
773,rygning,2010,25.5
773,rygning,2013,20.9
773,rygning,2017,19.1
773,rygning,2021,16.9
773,rygning,2025,13.2
779,rygning,2010,22.8
779,rygning,2013,17.7
779,rygning,2017,17.6
779,rygning,2021,15.6
779,rygning,2025,10.7
787,rygning,2010,22.9
787,rygning,2013,17.9
787,rygning,2017,17.1
787,rygning,2021,15.5
787,rygning,2025,11.9
791,rygning,2010,22.0
791,rygning,2013,17.3
791,rygning,2017,16.6
791,rygning,2021,12.5
791,rygning,2025,10.8
810,rygning,2010,21.4
810,rygning,2013,16.8
810,rygning,2017,17.6
810,rygning,2021,13.7
810,rygning,2025,9.1
813,rygning,2010,25.0
813,rygning,2013,19.4
813,rygning,2017,19.4
813,rygning,2021,15.0
813,rygning,2025,12.5
820,rygning,2010,22.4
820,rygning,2013,18.1
820,rygning,2017,17.3
820,rygning,2021,15.5
820,rygning,2025,12.1
825,rygning,2010,23.2
825,rygning,2013,17.9
825,rygning,2017,20.4
825,rygning,2021,16.4
825,rygning,2025,8.6
840,rygning,2010,20.5
840,rygning,2013,13.7
840,rygning,2017,14.7
840,rygning,2021,13.4
840,rygning,2025,8.0
846,rygning,2010,22.0
846,rygning,2013,19.0
846,rygning,2017,17.6
846,rygning,2021,12.7
846,rygning,2025,10.4
849,rygning,2010,21.9
849,rygning,2013,18.2
849,rygning,2017,18.4
849,rygning,2021,16.0
849,rygning,2025,12.0
851,rygning,2010,20.0
851,rygning,2013,14.9
851,rygning,2017,15.6
851,rygning,2021,13.1
851,rygning,2025,9.0
860,rygning,2010,22.9
860,rygning,2013,18.2
860,rygning,2017,17.1
860,rygning,2021,14.9
860,rygning,2025,10.6
101,selvvurderet_helbred,2010,86.5
101,selvvurderet_helbred,2013,88.1
101,selvvurderet_helbred,2017,87.2
101,selvvurderet_helbred,2021,85.7
101,selvvurderet_helbred,2025,85.4
147,selvvurderet_helbred,2010,88.4
147,selvvurderet_helbred,2013,89.1
147,selvvurderet_helbred,2017,87.4
147,selvvurderet_helbred,2021,85.7
147,selvvurderet_helbred,2025,85.7
151,selvvurderet_helbred,2010,84.0
151,selvvurderet_helbred,2013,84.1
151,selvvurderet_helbred,2017,83.0
151,selvvurderet_helbred,2021,83.0
151,selvvurderet_helbred,2025,80.0
153,selvvurderet_helbred,2010,79.6
153,selvvurderet_helbred,2013,80.3
153,selvvurderet_helbred,2017,79.7
153,selvvurderet_helbred,2021,82.1
153,selvvurderet_helbred,2025,75.5
155,selvvurderet_helbred,2010,88.0
155,selvvurderet_helbred,2013,88.0
155,selvvurderet_helbred,2017,88.5
155,selvvurderet_helbred,2021,85.0
155,selvvurderet_helbred,2025,84.1
157,selvvurderet_helbred,2010,87.9
157,selvvurderet_helbred,2013,91.7
157,selvvurderet_helbred,2017,88.3
157,selvvurderet_helbred,2021,87.8
157,selvvurderet_helbred,2025,86.8
159,selvvurderet_helbred,2010,86.4
159,selvvurderet_helbred,2013,86.6
159,selvvurderet_helbred,2017,83.2
159,selvvurderet_helbred,2021,84.8
159,selvvurderet_helbred,2025,82.6
161,selvvurderet_helbred,2010,84.8
161,selvvurderet_helbred,2013,83.3
161,selvvurderet_helbred,2017,81.4
161,selvvurderet_helbred,2021,81.6
161,selvvurderet_helbred,2025,80.8
163,selvvurderet_helbred,2010,84.6
163,selvvurderet_helbred,2013,84.5
163,selvvurderet_helbred,2017,80.8
163,selvvurderet_helbred,2021,82.0
163,selvvurderet_helbred,2025,81.6
165,selvvurderet_helbred,2010,84.4
165,selvvurderet_helbred,2013,85.4
165,selvvurderet_helbred,2017,80.6
165,selvvurderet_helbred,2021,80.5
165,selvvurderet_helbred,2025,77.2
167,selvvurderet_helbred,2010,86.3
167,selvvurderet_helbred,2013,83.2
167,selvvurderet_helbred,2017,83.8
167,selvvurderet_helbred,2021,82.3
167,selvvurderet_helbred,2025,81.1
169,selvvurderet_helbred,2010,83.0
169,selvvurderet_helbred,2013,82.9
169,selvvurderet_helbred,2017,81.6
169,selvvurderet_helbred,2021,81.0
169,selvvurderet_helbred,2025,82.5
173,selvvurderet_helbred,2010,88.8
173,selvvurderet_helbred,2013,87.9
173,selvvurderet_helbred,2017,86.7
173,selvvurderet_helbred,2021,85.2
173,selvvurderet_helbred,2025,86.5
175,selvvurderet_helbred,2010,85.9
175,selvvurderet_helbred,2013,86.7
175,selvvurderet_helbred,2017,83.7
175,selvvurderet_helbred,2021,83.0
175,selvvurderet_helbred,2025,83.6
183,selvvurderet_helbred,2010,80.9
183,selvvurderet_helbred,2013,80.6
183,selvvurderet_helbred,2017,79.3
183,selvvurderet_helbred,2021,80.7
183,selvvurderet_helbred,2025,78.1
185,selvvurderet_helbred,2010,84.0
185,selvvurderet_helbred,2013,85.3
185,selvvurderet_helbred,2017,81.3
185,selvvurderet_helbred,2021,82.7
185,selvvurderet_helbred,2025,80.7
187,selvvurderet_helbred,2010,88.5
187,selvvurderet_helbred,2013,88.7
187,selvvurderet_helbred,2017,85.9
187,selvvurderet_helbred,2021,87.5
187,selvvurderet_helbred,2025,86.9
190,selvvurderet_helbred,2010,89.6
190,selvvurderet_helbred,2013,89.2
190,selvvurderet_helbred,2017,86.9
190,selvvurderet_helbred,2021,86.7
190,selvvurderet_helbred,2025,85.7
201,selvvurderet_helbred,2010,89.6
201,selvvurderet_helbred,2013,88.6
201,selvvurderet_helbred,2017,87.4
201,selvvurderet_helbred,2021,88.3
201,selvvurderet_helbred,2025,85.5
210,selvvurderet_helbred,2010,82.2
210,selvvurderet_helbred,2013,85.5
210,selvvurderet_helbred,2017,83.6
210,selvvurderet_helbred,2021,84.4
210,selvvurderet_helbred,2025,82.6
217,selvvurderet_helbred,2010,82.6
217,selvvurderet_helbred,2013,82.9
217,selvvurderet_helbred,2017,82.6
217,selvvurderet_helbred,2021,81.2
217,selvvurderet_helbred,2025,81.3
219,selvvurderet_helbred,2010,85.5
219,selvvurderet_helbred,2013,86.9
219,selvvurderet_helbred,2017,85.4
219,selvvurderet_helbred,2021,84.9
219,selvvurderet_helbred,2025,83.1
223,selvvurderet_helbred,2010,87.7
223,selvvurderet_helbred,2013,88.5
223,selvvurderet_helbred,2017,87.9
223,selvvurderet_helbred,2021,84.5
223,selvvurderet_helbred,2025,85.1
230,selvvurderet_helbred,2010,89.5
230,selvvurderet_helbred,2013,87.8
230,selvvurderet_helbred,2017,87.8
230,selvvurderet_helbred,2021,85.1
230,selvvurderet_helbred,2025,87.5
240,selvvurderet_helbred,2010,88.0
240,selvvurderet_helbred,2013,89.5
240,selvvurderet_helbred,2017,86.2
240,selvvurderet_helbred,2021,85.5
240,selvvurderet_helbred,2025,85.4
250,selvvurderet_helbred,2010,84.1
250,selvvurderet_helbred,2013,85.2
250,selvvurderet_helbred,2017,83.6
250,selvvurderet_helbred,2021,81.9
250,selvvurderet_helbred,2025,78.9
253,selvvurderet_helbred,2010,86.2
253,selvvurderet_helbred,2013,85.9
253,selvvurderet_helbred,2017,84.7
253,selvvurderet_helbred,2021,84.9
253,selvvurderet_helbred,2025,81.9
259,selvvurderet_helbred,2010,82.6
259,selvvurderet_helbred,2013,84.7
259,selvvurderet_helbred,2017,82.7
259,selvvurderet_helbred,2021,81.5
259,selvvurderet_helbred,2025,80.2
260,selvvurderet_helbred,2010,84.3
260,selvvurderet_helbred,2013,84.5
260,selvvurderet_helbred,2017,78.8
260,selvvurderet_helbred,2021,80.2
260,selvvurderet_helbred,2025,76.2
265,selvvurderet_helbred,2010,85.3
265,selvvurderet_helbred,2013,85.6
265,selvvurderet_helbred,2017,84.2
265,selvvurderet_helbred,2021,86.6
265,selvvurderet_helbred,2025,82.9
269,selvvurderet_helbred,2010,85.3
269,selvvurderet_helbred,2013,86.8
269,selvvurderet_helbred,2017,85.3
269,selvvurderet_helbred,2021,86.8
269,selvvurderet_helbred,2025,82.3
270,selvvurderet_helbred,2010,83.4
270,selvvurderet_helbred,2013,85.6
270,selvvurderet_helbred,2017,83.6
270,selvvurderet_helbred,2021,80.2
270,selvvurderet_helbred,2025,81.0
306,selvvurderet_helbred,2010,77.6
306,selvvurderet_helbred,2013,82.3
306,selvvurderet_helbred,2017,75.2
306,selvvurderet_helbred,2021,76.7
306,selvvurderet_helbred,2025,77.7
316,selvvurderet_helbred,2010,84.7
316,selvvurderet_helbred,2013,85.6
316,selvvurderet_helbred,2017,80.4
316,selvvurderet_helbred,2021,81.2
316,selvvurderet_helbred,2025,80.6
320,selvvurderet_helbred,2010,81.8
320,selvvurderet_helbred,2013,84.6
320,selvvurderet_helbred,2017,82.0
320,selvvurderet_helbred,2021,79.4
320,selvvurderet_helbred,2025,77.9
326,selvvurderet_helbred,2010,82.3
326,selvvurderet_helbred,2013,81.7
326,selvvurderet_helbred,2017,78.3
326,selvvurderet_helbred,2021,79.7
326,selvvurderet_helbred,2025,76.5
329,selvvurderet_helbred,2010,83.2
329,selvvurderet_helbred,2013,84.0
329,selvvurderet_helbred,2017,81.9
329,selvvurderet_helbred,2021,83.1
329,selvvurderet_helbred,2025,80.0
330,selvvurderet_helbred,2010,84.2
330,selvvurderet_helbred,2013,81.4
330,selvvurderet_helbred,2017,78.8
330,selvvurderet_helbred,2021,79.0
330,selvvurderet_helbred,2025,78.7
336,selvvurderet_helbred,2010,82.4
336,selvvurderet_helbred,2013,84.9
336,selvvurderet_helbred,2017,81.9
336,selvvurderet_helbred,2021,79.5
336,selvvurderet_helbred,2025,83.2
340,selvvurderet_helbred,2010,83.5
340,selvvurderet_helbred,2013,83.6
340,selvvurderet_helbred,2017,81.6
340,selvvurderet_helbred,2021,82.9
340,selvvurderet_helbred,2025,80.0
350,selvvurderet_helbred,2010,87.9
350,selvvurderet_helbred,2013,86.9
350,selvvurderet_helbred,2017,84.8
350,selvvurderet_helbred,2021,83.7
350,selvvurderet_helbred,2025,83.0
360,selvvurderet_helbred,2010,78.4
360,selvvurderet_helbred,2013,78.9
360,selvvurderet_helbred,2017,76.7
360,selvvurderet_helbred,2021,76.2
360,selvvurderet_helbred,2025,77.1
370,selvvurderet_helbred,2010,84.0
370,selvvurderet_helbred,2013,84.0
370,selvvurderet_helbred,2017,84.2
370,selvvurderet_helbred,2021,80.6
370,selvvurderet_helbred,2025,80.3
376,selvvurderet_helbred,2010,81.4
376,selvvurderet_helbred,2013,81.6
376,selvvurderet_helbred,2017,80.0
376,selvvurderet_helbred,2021,78.6
376,selvvurderet_helbred,2025,77.4
390,selvvurderet_helbred,2010,81.5
390,selvvurderet_helbred,2013,82.8
390,selvvurderet_helbred,2017,80.8
390,selvvurderet_helbred,2021,79.5
390,selvvurderet_helbred,2025,74.3
400,selvvurderet_helbred,2010,82.8
400,selvvurderet_helbred,2013,84.6
400,selvvurderet_helbred,2017,77.3
400,selvvurderet_helbred,2021,80.1
400,selvvurderet_helbred,2025,78.7
410,selvvurderet_helbred,2010,83.6
410,selvvurderet_helbred,2013,82.6
410,selvvurderet_helbred,2017,81.9
410,selvvurderet_helbred,2021,82.4
410,selvvurderet_helbred,2025,84.7
420,selvvurderet_helbred,2010,83.3
420,selvvurderet_helbred,2013,81.5
420,selvvurderet_helbred,2017,80.2
420,selvvurderet_helbred,2021,80.1
420,selvvurderet_helbred,2025,79.9
430,selvvurderet_helbred,2010,83.0
430,selvvurderet_helbred,2013,81.7
430,selvvurderet_helbred,2017,81.2
430,selvvurderet_helbred,2021,82.0
430,selvvurderet_helbred,2025,81.1
440,selvvurderet_helbred,2010,81.8
440,selvvurderet_helbred,2013,81.4
440,selvvurderet_helbred,2017,79.5
440,selvvurderet_helbred,2021,80.9
440,selvvurderet_helbred,2025,79.1
450,selvvurderet_helbred,2010,82.6
450,selvvurderet_helbred,2013,81.5
450,selvvurderet_helbred,2017,79.1
450,selvvurderet_helbred,2021,81.4
450,selvvurderet_helbred,2025,81.1
461,selvvurderet_helbred,2010,82.3
461,selvvurderet_helbred,2013,85.3
461,selvvurderet_helbred,2017,81.6
461,selvvurderet_helbred,2021,82.4
461,selvvurderet_helbred,2025,82.7
479,selvvurderet_helbred,2010,83.7
479,selvvurderet_helbred,2013,83.4
479,selvvurderet_helbred,2017,83.6
479,selvvurderet_helbred,2021,81.8
479,selvvurderet_helbred,2025,83.3
480,selvvurderet_helbred,2010,83.1
480,selvvurderet_helbred,2013,82.3
480,selvvurderet_helbred,2017,80.1
480,selvvurderet_helbred,2021,82.2
480,selvvurderet_helbred,2025,81.0
482,selvvurderet_helbred,2010,77.1
482,selvvurderet_helbred,2013,80.6
482,selvvurderet_helbred,2017,76.5
482,selvvurderet_helbred,2021,77.5
482,selvvurderet_helbred,2025,74.5
492,selvvurderet_helbred,2010,81.3
492,selvvurderet_helbred,2013,82.8
492,selvvurderet_helbred,2017,79.1
492,selvvurderet_helbred,2021,79.5
492,selvvurderet_helbred,2025,81.5
510,selvvurderet_helbred,2010,83.1
510,selvvurderet_helbred,2013,82.7
510,selvvurderet_helbred,2017,81.2
510,selvvurderet_helbred,2021,84.0
510,selvvurderet_helbred,2025,81.2
530,selvvurderet_helbred,2010,83.1
530,selvvurderet_helbred,2013,84.2
530,selvvurderet_helbred,2017,82.3
530,selvvurderet_helbred,2021,84.0
530,selvvurderet_helbred,2025,80.8
540,selvvurderet_helbred,2010,82.5
540,selvvurderet_helbred,2013,83.9
540,selvvurderet_helbred,2017,80.9
540,selvvurderet_helbred,2021,83.1
540,selvvurderet_helbred,2025,81.9
550,selvvurderet_helbred,2010,81.6
550,selvvurderet_helbred,2013,84.5
550,selvvurderet_helbred,2017,81.7
550,selvvurderet_helbred,2021,81.6
550,selvvurderet_helbred,2025,79.6
561,selvvurderet_helbred,2010,82.7
561,selvvurderet_helbred,2013,83.0
561,selvvurderet_helbred,2017,78.3
561,selvvurderet_helbred,2021,83.4
561,selvvurderet_helbred,2025,79.2
563,selvvurderet_helbred,2010,83.4
563,selvvurderet_helbred,2013,87.7
563,selvvurderet_helbred,2017,80.7
563,selvvurderet_helbred,2021,83.3
563,selvvurderet_helbred,2025,84.0
573,selvvurderet_helbred,2010,85.5
573,selvvurderet_helbred,2013,85.6
573,selvvurderet_helbred,2017,81.7
573,selvvurderet_helbred,2021,85.0
573,selvvurderet_helbred,2025,82.2
575,selvvurderet_helbred,2010,83.0
575,selvvurderet_helbred,2013,83.7
575,selvvurderet_helbred,2017,81.0
575,selvvurderet_helbred,2021,83.0
575,selvvurderet_helbred,2025,80.5
580,selvvurderet_helbred,2010,82.6
580,selvvurderet_helbred,2013,82.0
580,selvvurderet_helbred,2017,79.7
580,selvvurderet_helbred,2021,81.6
580,selvvurderet_helbred,2025,81.1
607,selvvurderet_helbred,2010,82.5
607,selvvurderet_helbred,2013,80.8
607,selvvurderet_helbred,2017,80.8
607,selvvurderet_helbred,2021,81.0
607,selvvurderet_helbred,2025,79.7
615,selvvurderet_helbred,2010,84.2
615,selvvurderet_helbred,2013,84.6
615,selvvurderet_helbred,2017,83.5
615,selvvurderet_helbred,2021,82.7
615,selvvurderet_helbred,2025,82.7
621,selvvurderet_helbred,2010,83.0
621,selvvurderet_helbred,2013,83.1
621,selvvurderet_helbred,2017,81.1
621,selvvurderet_helbred,2021,82.8
621,selvvurderet_helbred,2025,80.3
630,selvvurderet_helbred,2010,85.4
630,selvvurderet_helbred,2013,84.3
630,selvvurderet_helbred,2017,80.9
630,selvvurderet_helbred,2021,84.0
630,selvvurderet_helbred,2025,81.5
657,selvvurderet_helbred,2010,86.2
657,selvvurderet_helbred,2013,86.4
657,selvvurderet_helbred,2017,82.9
657,selvvurderet_helbred,2021,84.0
657,selvvurderet_helbred,2025,82.7
661,selvvurderet_helbred,2010,87.4
661,selvvurderet_helbred,2013,86.1
661,selvvurderet_helbred,2017,85.9
661,selvvurderet_helbred,2021,83.8
661,selvvurderet_helbred,2025,82.7
665,selvvurderet_helbred,2010,86.0
665,selvvurderet_helbred,2013,86.6
665,selvvurderet_helbred,2017,85.0
665,selvvurderet_helbred,2021,81.1
665,selvvurderet_helbred,2025,82.1
671,selvvurderet_helbred,2010,85.5
671,selvvurderet_helbred,2013,84.2
671,selvvurderet_helbred,2017,82.6
671,selvvurderet_helbred,2021,81.2
671,selvvurderet_helbred,2025,78.6
706,selvvurderet_helbred,2010,84.7
706,selvvurderet_helbred,2013,84.0
706,selvvurderet_helbred,2017,81.7
706,selvvurderet_helbred,2021,81.9
706,selvvurderet_helbred,2025,83.3
707,selvvurderet_helbred,2010,84.8
707,selvvurderet_helbred,2013,84.4
707,selvvurderet_helbred,2017,83.8
707,selvvurderet_helbred,2021,81.6
707,selvvurderet_helbred,2025,77.8
710,selvvurderet_helbred,2010,87.9
710,selvvurderet_helbred,2013,87.8
710,selvvurderet_helbred,2017,86.7
710,selvvurderet_helbred,2021,85.4
710,selvvurderet_helbred,2025,84.1
727,selvvurderet_helbred,2010,87.4
727,selvvurderet_helbred,2013,86.6
727,selvvurderet_helbred,2017,85.4
727,selvvurderet_helbred,2021,85.3
727,selvvurderet_helbred,2025,81.5
730,selvvurderet_helbred,2010,84.7
730,selvvurderet_helbred,2013,84.4
730,selvvurderet_helbred,2017,83.2
730,selvvurderet_helbred,2021,81.7
730,selvvurderet_helbred,2025,81.0
740,selvvurderet_helbred,2010,87.0
740,selvvurderet_helbred,2013,87.2
740,selvvurderet_helbred,2017,85.1
740,selvvurderet_helbred,2021,85.0
740,selvvurderet_helbred,2025,81.8
741,selvvurderet_helbred,2010,82.4
741,selvvurderet_helbred,2013,82.1
741,selvvurderet_helbred,2017,82.9
741,selvvurderet_helbred,2021,80.6
741,selvvurderet_helbred,2025,81.5
746,selvvurderet_helbred,2010,87.5
746,selvvurderet_helbred,2013,87.9
746,selvvurderet_helbred,2017,86.6
746,selvvurderet_helbred,2021,85.8
746,selvvurderet_helbred,2025,84.3
751,selvvurderet_helbred,2010,87.5
751,selvvurderet_helbred,2013,87.4
751,selvvurderet_helbred,2017,86.7
751,selvvurderet_helbred,2021,85.2
751,selvvurderet_helbred,2025,84.0
756,selvvurderet_helbred,2010,86.7
756,selvvurderet_helbred,2013,83.0
756,selvvurderet_helbred,2017,83.4
756,selvvurderet_helbred,2021,82.9
756,selvvurderet_helbred,2025,81.5
760,selvvurderet_helbred,2010,87.6
760,selvvurderet_helbred,2013,83.4
760,selvvurderet_helbred,2017,82.6
760,selvvurderet_helbred,2021,84.2
760,selvvurderet_helbred,2025,81.7
766,selvvurderet_helbred,2010,87.3
766,selvvurderet_helbred,2013,84.8
766,selvvurderet_helbred,2017,83.0
766,selvvurderet_helbred,2021,83.0
766,selvvurderet_helbred,2025,82.2
773,selvvurderet_helbred,2010,81.9
773,selvvurderet_helbred,2013,83.4
773,selvvurderet_helbred,2017,80.6
773,selvvurderet_helbred,2021,81.6
773,selvvurderet_helbred,2025,80.2
779,selvvurderet_helbred,2010,85.3
779,selvvurderet_helbred,2013,82.1
779,selvvurderet_helbred,2017,82.0
779,selvvurderet_helbred,2021,82.8
779,selvvurderet_helbred,2025,80.2
787,selvvurderet_helbred,2010,83.5
787,selvvurderet_helbred,2013,84.5
787,selvvurderet_helbred,2017,80.6
787,selvvurderet_helbred,2021,83.7
787,selvvurderet_helbred,2025,79.8
791,selvvurderet_helbred,2010,87.5
791,selvvurderet_helbred,2013,86.2
791,selvvurderet_helbred,2017,83.1
791,selvvurderet_helbred,2021,83.6
791,selvvurderet_helbred,2025,83.0
810,selvvurderet_helbred,2010,85.6
810,selvvurderet_helbred,2013,84.0
810,selvvurderet_helbred,2017,81.5
810,selvvurderet_helbred,2021,82.6
810,selvvurderet_helbred,2025,80.6
813,selvvurderet_helbred,2010,85.5
813,selvvurderet_helbred,2013,83.6
813,selvvurderet_helbred,2017,81.8
813,selvvurderet_helbred,2021,81.9
813,selvvurderet_helbred,2025,79.2
820,selvvurderet_helbred,2010,84.3
820,selvvurderet_helbred,2013,83.7
820,selvvurderet_helbred,2017,80.9
820,selvvurderet_helbred,2021,80.7
820,selvvurderet_helbred,2025,78.3
825,selvvurderet_helbred,2010,85.1
825,selvvurderet_helbred,2013,82.1
825,selvvurderet_helbred,2017,74.3
825,selvvurderet_helbred,2021,79.9
825,selvvurderet_helbred,2025,80.3
840,selvvurderet_helbred,2010,86.2
840,selvvurderet_helbred,2013,88.0
840,selvvurderet_helbred,2017,83.3
840,selvvurderet_helbred,2021,84.3
840,selvvurderet_helbred,2025,84.1
846,selvvurderet_helbred,2010,84.6
846,selvvurderet_helbred,2013,83.5
846,selvvurderet_helbred,2017,81.2
846,selvvurderet_helbred,2021,82.3
846,selvvurderet_helbred,2025,81.3
849,selvvurderet_helbred,2010,85.3
849,selvvurderet_helbred,2013,83.3
849,selvvurderet_helbred,2017,80.0
849,selvvurderet_helbred,2021,82.6
849,selvvurderet_helbred,2025,78.7
851,selvvurderet_helbred,2010,85.9
851,selvvurderet_helbred,2013,86.3
851,selvvurderet_helbred,2017,83.3
851,selvvurderet_helbred,2021,83.3
851,selvvurderet_helbred,2025,82.5
860,selvvurderet_helbred,2010,84.5
860,selvvurderet_helbred,2013,83.4
860,selvvurderet_helbred,2017,81.2
860,selvvurderet_helbred,2021,82.1
860,selvvurderet_helbred,2025,79.4
101,social_stoette,2010,3.9
101,social_stoette,2013,3.9
101,social_stoette,2017,4.7
101,social_stoette,2021,5.2
101,social_stoette,2025,6.1
147,social_stoette,2010,3.8
147,social_stoette,2013,3.7
147,social_stoette,2017,4.4
147,social_stoette,2021,5.1
147,social_stoette,2025,4.3
151,social_stoette,2010,4.4
151,social_stoette,2013,4.6
151,social_stoette,2017,5.9
151,social_stoette,2021,5.6
151,social_stoette,2025,4.6
153,social_stoette,2010,5.5
153,social_stoette,2013,5.1
153,social_stoette,2017,8.0
153,social_stoette,2021,8.1
153,social_stoette,2025,7.4
155,social_stoette,2010,3.9
155,social_stoette,2013,3.2
155,social_stoette,2017,3.2
155,social_stoette,2021,5.0
155,social_stoette,2025,4.7
157,social_stoette,2010,3.4
157,social_stoette,2013,3.2
157,social_stoette,2017,5.0
157,social_stoette,2021,3.9
157,social_stoette,2025,4.2
159,social_stoette,2010,4.6
159,social_stoette,2013,4.2
159,social_stoette,2017,6.0
159,social_stoette,2021,5.1
159,social_stoette,2025,6.5
161,social_stoette,2010,4.5
161,social_stoette,2013,4.3
161,social_stoette,2017,4.2
161,social_stoette,2021,6.1
161,social_stoette,2025,5.9
163,social_stoette,2010,4.2
163,social_stoette,2013,4.9
163,social_stoette,2017,4.8
163,social_stoette,2021,5.9
163,social_stoette,2025,5.6
165,social_stoette,2010,4.1
165,social_stoette,2013,5.5
165,social_stoette,2017,5.1
165,social_stoette,2021,7.2
165,social_stoette,2025,7.0
167,social_stoette,2010,5.6
167,social_stoette,2013,5.0
167,social_stoette,2017,4.7
167,social_stoette,2021,7.4
167,social_stoette,2025,4.9
169,social_stoette,2010,4.9
169,social_stoette,2013,4.7
169,social_stoette,2017,6.5
169,social_stoette,2021,6.9
169,social_stoette,2025,6.3
173,social_stoette,2010,3.4
173,social_stoette,2013,3.2
173,social_stoette,2017,3.8
173,social_stoette,2021,5.7
173,social_stoette,2025,4.3
175,social_stoette,2010,5.6
175,social_stoette,2013,5.2
175,social_stoette,2017,3.9
175,social_stoette,2021,5.8
175,social_stoette,2025,6.1
183,social_stoette,2010,7.1
183,social_stoette,2013,5.2
183,social_stoette,2017,5.8
183,social_stoette,2021,7.5
183,social_stoette,2025,9.1
185,social_stoette,2010,4.9
185,social_stoette,2013,5.1
185,social_stoette,2017,5.4
185,social_stoette,2021,6.2
185,social_stoette,2025,5.5
187,social_stoette,2010,4.6
187,social_stoette,2013,4.9
187,social_stoette,2017,5.1
187,social_stoette,2021,6.7
187,social_stoette,2025,5.2
190,social_stoette,2010,4.0
190,social_stoette,2013,3.3
190,social_stoette,2017,3.8
190,social_stoette,2021,5.9
190,social_stoette,2025,4.9
201,social_stoette,2010,4.1
201,social_stoette,2013,3.7
201,social_stoette,2017,3.1
201,social_stoette,2021,5.3
201,social_stoette,2025,3.1
210,social_stoette,2010,4.9
210,social_stoette,2013,4.6
210,social_stoette,2017,5.7
210,social_stoette,2021,4.9
210,social_stoette,2025,5.0
217,social_stoette,2010,3.9
217,social_stoette,2013,4.8
217,social_stoette,2017,6.4
217,social_stoette,2021,5.8
217,social_stoette,2025,3.3
219,social_stoette,2010,4.2
219,social_stoette,2013,3.3
219,social_stoette,2017,3.7
219,social_stoette,2021,5.6
219,social_stoette,2025,5.3
223,social_stoette,2010,4.4
223,social_stoette,2013,4.2
223,social_stoette,2017,4.1
223,social_stoette,2021,4.3
223,social_stoette,2025,4.2
230,social_stoette,2010,2.8
230,social_stoette,2013,4.3
230,social_stoette,2017,3.3
230,social_stoette,2021,4.4
230,social_stoette,2025,5.0
240,social_stoette,2010,3.8
240,social_stoette,2013,4.4
240,social_stoette,2017,2.9
240,social_stoette,2021,4.5
240,social_stoette,2025,3.4
250,social_stoette,2010,4.7
250,social_stoette,2013,3.2
250,social_stoette,2017,4.6
250,social_stoette,2021,5.0
250,social_stoette,2025,6.0
253,social_stoette,2010,3.7
253,social_stoette,2013,4.6
253,social_stoette,2017,4.6
253,social_stoette,2021,4.6
253,social_stoette,2025,6.3
259,social_stoette,2010,3.2
259,social_stoette,2013,4.7
259,social_stoette,2017,4.5
259,social_stoette,2021,5.4
259,social_stoette,2025,4.2
260,social_stoette,2010,4.1
260,social_stoette,2013,3.3
260,social_stoette,2017,6.1
260,social_stoette,2021,5.4
260,social_stoette,2025,5.2
265,social_stoette,2010,3.8
265,social_stoette,2013,4.5
265,social_stoette,2017,4.2
265,social_stoette,2021,5.1
265,social_stoette,2025,3.4
269,social_stoette,2010,3.6
269,social_stoette,2013,4.1
269,social_stoette,2017,4.0
269,social_stoette,2021,4.4
269,social_stoette,2025,4.2
270,social_stoette,2010,4.2
270,social_stoette,2013,4.4
270,social_stoette,2017,4.6
270,social_stoette,2021,6.0
270,social_stoette,2025,5.3
306,social_stoette,2010,4.6
306,social_stoette,2013,4.8
306,social_stoette,2017,5.9
306,social_stoette,2021,6.0
306,social_stoette,2025,5.2
316,social_stoette,2010,3.4
316,social_stoette,2013,5.1
316,social_stoette,2017,5.8
316,social_stoette,2021,4.1
316,social_stoette,2025,5.6
320,social_stoette,2010,5.3
320,social_stoette,2013,5.8
320,social_stoette,2017,5.0
320,social_stoette,2021,5.6
320,social_stoette,2025,4.2
326,social_stoette,2010,4.4
326,social_stoette,2013,7.7
326,social_stoette,2017,6.2
326,social_stoette,2021,7.4
326,social_stoette,2025,6.0
329,social_stoette,2010,4.6
329,social_stoette,2013,4.8
329,social_stoette,2017,5.2
329,social_stoette,2021,5.9
329,social_stoette,2025,6.9
330,social_stoette,2010,5.0
330,social_stoette,2013,4.8
330,social_stoette,2017,6.0
330,social_stoette,2021,6.5
330,social_stoette,2025,4.8
336,social_stoette,2010,5.1
336,social_stoette,2013,5.4
336,social_stoette,2017,4.2
336,social_stoette,2021,5.7
336,social_stoette,2025,6.3
340,social_stoette,2010,3.8
340,social_stoette,2013,6.3
340,social_stoette,2017,4.7
340,social_stoette,2021,5.9
340,social_stoette,2025,4.4
350,social_stoette,2010,3.2
350,social_stoette,2013,4.4
350,social_stoette,2017,3.5
350,social_stoette,2021,5.2
350,social_stoette,2025,3.4
360,social_stoette,2010,6.4
360,social_stoette,2013,8.0
360,social_stoette,2017,6.8
360,social_stoette,2021,7.6
360,social_stoette,2025,5.5
370,social_stoette,2010,5.0
370,social_stoette,2013,6.4
370,social_stoette,2017,4.1
370,social_stoette,2021,7.3
370,social_stoette,2025,4.5
376,social_stoette,2010,7.4
376,social_stoette,2013,5.9
376,social_stoette,2017,5.6
376,social_stoette,2021,5.6
376,social_stoette,2025,5.6
390,social_stoette,2010,4.5
390,social_stoette,2013,6.8
390,social_stoette,2017,5.8
390,social_stoette,2021,6.3
390,social_stoette,2025,6.3
400,social_stoette,2010,5.2
400,social_stoette,2013,4.7
400,social_stoette,2017,4.4
400,social_stoette,2021,5.4
400,social_stoette,2025,5.1
410,social_stoette,2010,4.9
410,social_stoette,2013,3.1
410,social_stoette,2017,4.2
410,social_stoette,2021,5.1
410,social_stoette,2025,5.8
420,social_stoette,2010,4.8
420,social_stoette,2013,4.8
420,social_stoette,2017,4.7
420,social_stoette,2021,5.2
420,social_stoette,2025,5.4
430,social_stoette,2010,4.3
430,social_stoette,2013,4.8
430,social_stoette,2017,4.2
430,social_stoette,2021,4.9
430,social_stoette,2025,4.9
440,social_stoette,2010,3.4
440,social_stoette,2013,4.8
440,social_stoette,2017,4.1
440,social_stoette,2021,4.7
440,social_stoette,2025,4.2
450,social_stoette,2010,4.7
450,social_stoette,2013,4.9
450,social_stoette,2017,5.3
450,social_stoette,2021,4.9
450,social_stoette,2025,3.3
461,social_stoette,2010,5.1
461,social_stoette,2013,3.9
461,social_stoette,2017,5.0
461,social_stoette,2021,5.3
461,social_stoette,2025,4.9
479,social_stoette,2010,4.2
479,social_stoette,2013,3.7
479,social_stoette,2017,5.1
479,social_stoette,2021,5.3
479,social_stoette,2025,4.1
480,social_stoette,2010,4.1
480,social_stoette,2013,5.2
480,social_stoette,2017,5.8
480,social_stoette,2021,6.2
480,social_stoette,2025,5.1
482,social_stoette,2010,6.1
482,social_stoette,2013,5.4
482,social_stoette,2017,5.7
482,social_stoette,2021,5.8
482,social_stoette,2025,5.0
492,social_stoette,2010,5.6
492,social_stoette,2013,4.8
492,social_stoette,2017,6.1
492,social_stoette,2021,4.6
492,social_stoette,2025,4.1
510,social_stoette,2010,6.3
510,social_stoette,2013,4.7
510,social_stoette,2017,4.6
510,social_stoette,2021,4.9
510,social_stoette,2025,5.1
530,social_stoette,2010,5.0
530,social_stoette,2013,5.1
530,social_stoette,2017,5.1
530,social_stoette,2021,6.9
530,social_stoette,2025,6.5
540,social_stoette,2010,5.5
540,social_stoette,2013,5.5
540,social_stoette,2017,3.8
540,social_stoette,2021,5.6
540,social_stoette,2025,5.5
550,social_stoette,2010,6.0
550,social_stoette,2013,5.2
550,social_stoette,2017,5.4
550,social_stoette,2021,5.9
550,social_stoette,2025,4.7
561,social_stoette,2010,4.3
561,social_stoette,2013,4.7
561,social_stoette,2017,5.5
561,social_stoette,2021,6.3
561,social_stoette,2025,5.4
563,social_stoette,2010,5.6
563,social_stoette,2013,3.9
563,social_stoette,2017,4.9
563,social_stoette,2021,4.3
563,social_stoette,2025,4.9
573,social_stoette,2010,4.1
573,social_stoette,2013,4.9
573,social_stoette,2017,5.3
573,social_stoette,2021,5.3
573,social_stoette,2025,4.0
575,social_stoette,2010,5.0
575,social_stoette,2013,5.1
575,social_stoette,2017,5.8
575,social_stoette,2021,5.0
575,social_stoette,2025,3.2
580,social_stoette,2010,5.1
580,social_stoette,2013,5.4
580,social_stoette,2017,4.9
580,social_stoette,2021,5.8
580,social_stoette,2025,4.6
607,social_stoette,2010,4.6
607,social_stoette,2013,5.3
607,social_stoette,2017,5.2
607,social_stoette,2021,6.6
607,social_stoette,2025,6.7
615,social_stoette,2010,4.8
615,social_stoette,2013,3.9
615,social_stoette,2017,6.3
615,social_stoette,2021,6.6
615,social_stoette,2025,5.9
621,social_stoette,2010,5.4
621,social_stoette,2013,4.8
621,social_stoette,2017,5.0
621,social_stoette,2021,4.7
621,social_stoette,2025,6.4
630,social_stoette,2010,4.2
630,social_stoette,2013,4.3
630,social_stoette,2017,5.1
630,social_stoette,2021,5.1
630,social_stoette,2025,4.5
657,social_stoette,2010,3.6
657,social_stoette,2013,3.7
657,social_stoette,2017,4.7
657,social_stoette,2021,6.2
657,social_stoette,2025,5.4
661,social_stoette,2010,3.5
661,social_stoette,2013,4.0
661,social_stoette,2017,4.6
661,social_stoette,2021,6.3
661,social_stoette,2025,5.8
665,social_stoette,2010,4.9
665,social_stoette,2013,3.6
665,social_stoette,2017,6.0
665,social_stoette,2021,6.5
665,social_stoette,2025,5.3
671,social_stoette,2010,3.4
671,social_stoette,2013,4.2
671,social_stoette,2017,6.2
671,social_stoette,2021,5.5
671,social_stoette,2025,4.6
706,social_stoette,2010,4.3
706,social_stoette,2013,3.6
706,social_stoette,2017,5.8
706,social_stoette,2021,6.1
706,social_stoette,2025,4.6
707,social_stoette,2010,5.9
707,social_stoette,2013,4.9
707,social_stoette,2017,4.5
707,social_stoette,2021,6.9
707,social_stoette,2025,4.7
710,social_stoette,2010,2.9
710,social_stoette,2013,3.0
710,social_stoette,2017,4.3
710,social_stoette,2021,4.6
710,social_stoette,2025,4.6
727,social_stoette,2010,4.0
727,social_stoette,2013,2.9
727,social_stoette,2017,4.1
727,social_stoette,2021,4.9
727,social_stoette,2025,5.0
730,social_stoette,2010,5.2
730,social_stoette,2013,4.8
730,social_stoette,2017,5.4
730,social_stoette,2021,6.4
730,social_stoette,2025,4.2
740,social_stoette,2010,4.4
740,social_stoette,2013,4.0
740,social_stoette,2017,4.5
740,social_stoette,2021,5.3
740,social_stoette,2025,6.0
741,social_stoette,2010,4.3
741,social_stoette,2013,2.5
741,social_stoette,2017,4.3
741,social_stoette,2021,6.1
741,social_stoette,2025,3.9
746,social_stoette,2010,3.4
746,social_stoette,2013,4.1
746,social_stoette,2017,4.2
746,social_stoette,2021,5.7
746,social_stoette,2025,4.1
751,social_stoette,2010,4.3
751,social_stoette,2013,4.1
751,social_stoette,2017,4.5
751,social_stoette,2021,5.0
751,social_stoette,2025,5.4
756,social_stoette,2010,4.3
756,social_stoette,2013,4.1
756,social_stoette,2017,5.5
756,social_stoette,2021,6.1
756,social_stoette,2025,5.9
760,social_stoette,2010,4.5
760,social_stoette,2013,4.1
760,social_stoette,2017,5.1
760,social_stoette,2021,4.4
760,social_stoette,2025,4.8
766,social_stoette,2010,3.9
766,social_stoette,2013,4.6
766,social_stoette,2017,4.8
766,social_stoette,2021,6.0
766,social_stoette,2025,5.9
773,social_stoette,2010,4.0
773,social_stoette,2013,4.7
773,social_stoette,2017,4.0
773,social_stoette,2021,3.8
773,social_stoette,2025,4.3
779,social_stoette,2010,5.8
779,social_stoette,2013,4.5
779,social_stoette,2017,4.6
779,social_stoette,2021,5.5
779,social_stoette,2025,6.2
787,social_stoette,2010,4.3
787,social_stoette,2013,4.8
787,social_stoette,2017,3.6
787,social_stoette,2021,4.7
787,social_stoette,2025,3.9
791,social_stoette,2010,3.8
791,social_stoette,2013,3.9
791,social_stoette,2017,4.2
791,social_stoette,2021,5.5
791,social_stoette,2025,5.6
810,social_stoette,2010,3.2
810,social_stoette,2013,3.5
810,social_stoette,2017,4.0
810,social_stoette,2021,5.9
810,social_stoette,2025,6.6
813,social_stoette,2010,3.4
813,social_stoette,2013,5.1
813,social_stoette,2017,5.1
813,social_stoette,2021,5.1
813,social_stoette,2025,5.5
820,social_stoette,2010,4.1
820,social_stoette,2013,5.0
820,social_stoette,2017,3.7
820,social_stoette,2021,4.5
820,social_stoette,2025,4.9
825,social_stoette,2010,5.0
825,social_stoette,2013,2.9
825,social_stoette,2017,4.8
825,social_stoette,2021,6.0
825,social_stoette,2025,7.0
840,social_stoette,2010,2.9
840,social_stoette,2013,4.1
840,social_stoette,2017,4.2
840,social_stoette,2021,5.7
840,social_stoette,2025,4.6
846,social_stoette,2010,2.9
846,social_stoette,2013,4.4
846,social_stoette,2017,2.8
846,social_stoette,2021,3.8
846,social_stoette,2025,5.4
849,social_stoette,2010,4.0
849,social_stoette,2013,3.9
849,social_stoette,2017,4.2
849,social_stoette,2021,4.8
849,social_stoette,2025,3.4
851,social_stoette,2010,3.7
851,social_stoette,2013,4.2
851,social_stoette,2017,4.8
851,social_stoette,2021,4.7
851,social_stoette,2025,4.5
860,social_stoette,2010,3.6
860,social_stoette,2013,3.8
860,social_stoette,2017,4.7
860,social_stoette,2021,5.1
860,social_stoette,2025,4.8
101,svaer_overvaegt,2010,9.6
101,svaer_overvaegt,2013,8.9
101,svaer_overvaegt,2017,10.5
101,svaer_overvaegt,2021,11.8
101,svaer_overvaegt,2025,11.4
147,svaer_overvaegt,2010,7.1
147,svaer_overvaegt,2013,7.7
147,svaer_overvaegt,2017,9.4
147,svaer_overvaegt,2021,10.3
147,svaer_overvaegt,2025,9.3
151,svaer_overvaegt,2010,15.5
151,svaer_overvaegt,2013,14.1
151,svaer_overvaegt,2017,18.5
151,svaer_overvaegt,2021,18.0
151,svaer_overvaegt,2025,18.7
153,svaer_overvaegt,2010,16.5
153,svaer_overvaegt,2013,17.3
153,svaer_overvaegt,2017,22.2
153,svaer_overvaegt,2021,23.7
153,svaer_overvaegt,2025,27.6
155,svaer_overvaegt,2010,9.0
155,svaer_overvaegt,2013,9.7
155,svaer_overvaegt,2017,12.8
155,svaer_overvaegt,2021,12.4
155,svaer_overvaegt,2025,12.4
157,svaer_overvaegt,2010,8.2
157,svaer_overvaegt,2013,7.3
157,svaer_overvaegt,2017,7.8
157,svaer_overvaegt,2021,8.5
157,svaer_overvaegt,2025,7.5
159,svaer_overvaegt,2010,11.6
159,svaer_overvaegt,2013,12.1
159,svaer_overvaegt,2017,14.5
159,svaer_overvaegt,2021,16.6
159,svaer_overvaegt,2025,14.8
161,svaer_overvaegt,2010,15.9
161,svaer_overvaegt,2013,13.7
161,svaer_overvaegt,2017,19.7
161,svaer_overvaegt,2021,19.2
161,svaer_overvaegt,2025,22.3
163,svaer_overvaegt,2010,15.9
163,svaer_overvaegt,2013,14.4
163,svaer_overvaegt,2017,17.9
163,svaer_overvaegt,2021,21.0
163,svaer_overvaegt,2025,19.4
165,svaer_overvaegt,2010,13.1
165,svaer_overvaegt,2013,16.3
165,svaer_overvaegt,2017,19.4
165,svaer_overvaegt,2021,23.0
165,svaer_overvaegt,2025,22.6
167,svaer_overvaegt,2010,15.0
167,svaer_overvaegt,2013,13.8
167,svaer_overvaegt,2017,14.6
167,svaer_overvaegt,2021,18.0
167,svaer_overvaegt,2025,19.2
169,svaer_overvaegt,2010,16.9
169,svaer_overvaegt,2013,15.8
169,svaer_overvaegt,2017,19.6
169,svaer_overvaegt,2021,20.9
169,svaer_overvaegt,2025,21.3
173,svaer_overvaegt,2010,8.3
173,svaer_overvaegt,2013,8.1
173,svaer_overvaegt,2017,8.7
173,svaer_overvaegt,2021,12.7
173,svaer_overvaegt,2025,11.2
175,svaer_overvaegt,2010,13.8
175,svaer_overvaegt,2013,15.0
175,svaer_overvaegt,2017,17.3
175,svaer_overvaegt,2021,19.3
175,svaer_overvaegt,2025,16.6
183,svaer_overvaegt,2010,18.9
183,svaer_overvaegt,2013,17.4
183,svaer_overvaegt,2017,20.4
183,svaer_overvaegt,2021,24.8
183,svaer_overvaegt,2025,22.2
185,svaer_overvaegt,2010,14.1
185,svaer_overvaegt,2013,12.8
185,svaer_overvaegt,2017,16.9
185,svaer_overvaegt,2021,19.1
185,svaer_overvaegt,2025,17.1
187,svaer_overvaegt,2010,13.2
187,svaer_overvaegt,2013,14.2
187,svaer_overvaegt,2017,17.4
187,svaer_overvaegt,2021,16.4
187,svaer_overvaegt,2025,16.3
190,svaer_overvaegt,2010,8.9
190,svaer_overvaegt,2013,9.4
190,svaer_overvaegt,2017,10.4
190,svaer_overvaegt,2021,11.6
190,svaer_overvaegt,2025,13.0
201,svaer_overvaegt,2010,9.4
201,svaer_overvaegt,2013,9.8
201,svaer_overvaegt,2017,13.1
201,svaer_overvaegt,2021,15.4
201,svaer_overvaegt,2025,13.0
210,svaer_overvaegt,2010,11.3
210,svaer_overvaegt,2013,11.7
210,svaer_overvaegt,2017,14.3
210,svaer_overvaegt,2021,14.4
210,svaer_overvaegt,2025,15.6
217,svaer_overvaegt,2010,11.7
217,svaer_overvaegt,2013,12.0
217,svaer_overvaegt,2017,17.3
217,svaer_overvaegt,2021,16.6
217,svaer_overvaegt,2025,15.4
219,svaer_overvaegt,2010,10.2
219,svaer_overvaegt,2013,12.9
219,svaer_overvaegt,2017,14.2
219,svaer_overvaegt,2021,15.8
219,svaer_overvaegt,2025,18.2
223,svaer_overvaegt,2010,8.7
223,svaer_overvaegt,2013,9.4
223,svaer_overvaegt,2017,9.7
223,svaer_overvaegt,2021,12.7
223,svaer_overvaegt,2025,10.1
230,svaer_overvaegt,2010,7.6
230,svaer_overvaegt,2013,10.1
230,svaer_overvaegt,2017,10.2
230,svaer_overvaegt,2021,9.7
230,svaer_overvaegt,2025,9.2
240,svaer_overvaegt,2010,11.7
240,svaer_overvaegt,2013,12.8
240,svaer_overvaegt,2017,16.1
240,svaer_overvaegt,2021,18.0
240,svaer_overvaegt,2025,17.6
250,svaer_overvaegt,2010,15.5
250,svaer_overvaegt,2013,17.3
250,svaer_overvaegt,2017,19.1
250,svaer_overvaegt,2021,21.7
250,svaer_overvaegt,2025,20.5
253,svaer_overvaegt,2010,13.6
253,svaer_overvaegt,2013,14.2
253,svaer_overvaegt,2017,16.6
253,svaer_overvaegt,2021,18.1
253,svaer_overvaegt,2025,17.5
259,svaer_overvaegt,2010,15.3
259,svaer_overvaegt,2013,17.3
259,svaer_overvaegt,2017,18.2
259,svaer_overvaegt,2021,18.2
259,svaer_overvaegt,2025,20.5
260,svaer_overvaegt,2010,17.5
260,svaer_overvaegt,2013,16.6
260,svaer_overvaegt,2017,21.8
260,svaer_overvaegt,2021,23.7
260,svaer_overvaegt,2025,23.0
265,svaer_overvaegt,2010,9.8
265,svaer_overvaegt,2013,13.0
265,svaer_overvaegt,2017,15.8
265,svaer_overvaegt,2021,15.0
265,svaer_overvaegt,2025,15.8
269,svaer_overvaegt,2010,14.5
269,svaer_overvaegt,2013,14.7
269,svaer_overvaegt,2017,15.6
269,svaer_overvaegt,2021,16.6
269,svaer_overvaegt,2025,15.6
270,svaer_overvaegt,2010,13.1
270,svaer_overvaegt,2013,13.4
270,svaer_overvaegt,2017,18.2
270,svaer_overvaegt,2021,19.1
270,svaer_overvaegt,2025,16.7
306,svaer_overvaegt,2010,17.5
306,svaer_overvaegt,2013,18.4
306,svaer_overvaegt,2017,21.6
306,svaer_overvaegt,2021,25.6
306,svaer_overvaegt,2025,24.1
316,svaer_overvaegt,2010,16.1
316,svaer_overvaegt,2013,18.8
316,svaer_overvaegt,2017,21.5
316,svaer_overvaegt,2021,22.9
316,svaer_overvaegt,2025,20.6
320,svaer_overvaegt,2010,18.4
320,svaer_overvaegt,2013,18.1
320,svaer_overvaegt,2017,23.8
320,svaer_overvaegt,2021,25.9
320,svaer_overvaegt,2025,25.3
326,svaer_overvaegt,2010,19.9
326,svaer_overvaegt,2013,18.0
326,svaer_overvaegt,2017,21.4
326,svaer_overvaegt,2021,24.8
326,svaer_overvaegt,2025,24.8
329,svaer_overvaegt,2010,15.8
329,svaer_overvaegt,2013,16.3
329,svaer_overvaegt,2017,21.2
329,svaer_overvaegt,2021,22.5
329,svaer_overvaegt,2025,24.8
330,svaer_overvaegt,2010,15.6
330,svaer_overvaegt,2013,16.9
330,svaer_overvaegt,2017,22.7
330,svaer_overvaegt,2021,24.3
330,svaer_overvaegt,2025,23.3
336,svaer_overvaegt,2010,17.0
336,svaer_overvaegt,2013,16.9
336,svaer_overvaegt,2017,21.5
336,svaer_overvaegt,2021,23.6
336,svaer_overvaegt,2025,20.2
340,svaer_overvaegt,2010,16.2
340,svaer_overvaegt,2013,16.3
340,svaer_overvaegt,2017,18.9
340,svaer_overvaegt,2021,19.4
340,svaer_overvaegt,2025,20.3
350,svaer_overvaegt,2010,14.0
350,svaer_overvaegt,2013,13.0
350,svaer_overvaegt,2017,17.0
350,svaer_overvaegt,2021,18.6
350,svaer_overvaegt,2025,17.4
360,svaer_overvaegt,2010,19.1
360,svaer_overvaegt,2013,18.1
360,svaer_overvaegt,2017,24.0
360,svaer_overvaegt,2021,24.7
360,svaer_overvaegt,2025,25.7
370,svaer_overvaegt,2010,14.7
370,svaer_overvaegt,2013,17.1
370,svaer_overvaegt,2017,21.5
370,svaer_overvaegt,2021,24.5
370,svaer_overvaegt,2025,21.5
376,svaer_overvaegt,2010,18.0
376,svaer_overvaegt,2013,19.3
376,svaer_overvaegt,2017,21.2
376,svaer_overvaegt,2021,25.9
376,svaer_overvaegt,2025,24.0
390,svaer_overvaegt,2010,17.0
390,svaer_overvaegt,2013,17.1
390,svaer_overvaegt,2017,23.5
390,svaer_overvaegt,2021,23.7
390,svaer_overvaegt,2025,22.8
400,svaer_overvaegt,2010,15.5
400,svaer_overvaegt,2013,14.6
400,svaer_overvaegt,2017,17.5
400,svaer_overvaegt,2021,19.7
400,svaer_overvaegt,2025,19.7
410,svaer_overvaegt,2010,14.8
410,svaer_overvaegt,2013,15.8
410,svaer_overvaegt,2017,18.9
410,svaer_overvaegt,2021,21.0
410,svaer_overvaegt,2025,20.2
420,svaer_overvaegt,2010,16.8
420,svaer_overvaegt,2013,17.2
420,svaer_overvaegt,2017,18.3
420,svaer_overvaegt,2021,23.3
420,svaer_overvaegt,2025,24.4
430,svaer_overvaegt,2010,15.7
430,svaer_overvaegt,2013,17.2
430,svaer_overvaegt,2017,18.1
430,svaer_overvaegt,2021,22.9
430,svaer_overvaegt,2025,21.9
440,svaer_overvaegt,2010,15.2
440,svaer_overvaegt,2013,16.0
440,svaer_overvaegt,2017,20.6
440,svaer_overvaegt,2021,19.7
440,svaer_overvaegt,2025,22.5
450,svaer_overvaegt,2010,15.5
450,svaer_overvaegt,2013,14.0
450,svaer_overvaegt,2017,19.9
450,svaer_overvaegt,2021,21.6
450,svaer_overvaegt,2025,21.8
461,svaer_overvaegt,2010,11.8
461,svaer_overvaegt,2013,13.9
461,svaer_overvaegt,2017,15.6
461,svaer_overvaegt,2021,16.3
461,svaer_overvaegt,2025,15.9
479,svaer_overvaegt,2010,12.0
479,svaer_overvaegt,2013,13.2
479,svaer_overvaegt,2017,16.9
479,svaer_overvaegt,2021,17.6
479,svaer_overvaegt,2025,17.8
480,svaer_overvaegt,2010,15.5
480,svaer_overvaegt,2013,17.4
480,svaer_overvaegt,2017,23.5
480,svaer_overvaegt,2021,25.5
480,svaer_overvaegt,2025,25.6
482,svaer_overvaegt,2010,19.8
482,svaer_overvaegt,2013,19.2
482,svaer_overvaegt,2017,22.3
482,svaer_overvaegt,2021,25.5
482,svaer_overvaegt,2025,24.8
492,svaer_overvaegt,2010,13.9
492,svaer_overvaegt,2013,18.2
492,svaer_overvaegt,2017,18.0
492,svaer_overvaegt,2021,22.3
492,svaer_overvaegt,2025,18.7
510,svaer_overvaegt,2010,14.7
510,svaer_overvaegt,2013,15.1
510,svaer_overvaegt,2017,19.9
510,svaer_overvaegt,2021,22.4
510,svaer_overvaegt,2025,22.4
530,svaer_overvaegt,2010,15.6
530,svaer_overvaegt,2013,13.7
530,svaer_overvaegt,2017,22.2
530,svaer_overvaegt,2021,21.4
530,svaer_overvaegt,2025,24.3
540,svaer_overvaegt,2010,15.4
540,svaer_overvaegt,2013,17.6
540,svaer_overvaegt,2017,20.4
540,svaer_overvaegt,2021,21.3
540,svaer_overvaegt,2025,20.2
550,svaer_overvaegt,2010,15.8
550,svaer_overvaegt,2013,17.4
550,svaer_overvaegt,2017,21.5
550,svaer_overvaegt,2021,24.5
550,svaer_overvaegt,2025,24.0
561,svaer_overvaegt,2010,14.8
561,svaer_overvaegt,2013,15.3
561,svaer_overvaegt,2017,18.9
561,svaer_overvaegt,2021,20.8
561,svaer_overvaegt,2025,20.2
563,svaer_overvaegt,2010,14.4
563,svaer_overvaegt,2013,13.0
563,svaer_overvaegt,2017,15.7
563,svaer_overvaegt,2021,18.9
563,svaer_overvaegt,2025,17.0
573,svaer_overvaegt,2010,14.5
573,svaer_overvaegt,2013,16.0
573,svaer_overvaegt,2017,20.7
573,svaer_overvaegt,2021,20.4
573,svaer_overvaegt,2025,21.8
575,svaer_overvaegt,2010,15.1
575,svaer_overvaegt,2013,17.9
575,svaer_overvaegt,2017,21.9
575,svaer_overvaegt,2021,24.4
575,svaer_overvaegt,2025,24.3
580,svaer_overvaegt,2010,15.7
580,svaer_overvaegt,2013,16.1
580,svaer_overvaegt,2017,20.4
580,svaer_overvaegt,2021,22.2
580,svaer_overvaegt,2025,20.6
607,svaer_overvaegt,2010,12.2
607,svaer_overvaegt,2013,17.9
607,svaer_overvaegt,2017,19.4
607,svaer_overvaegt,2021,19.5
607,svaer_overvaegt,2025,23.1
615,svaer_overvaegt,2010,15.6
615,svaer_overvaegt,2013,17.0
615,svaer_overvaegt,2017,17.2
615,svaer_overvaegt,2021,18.7
615,svaer_overvaegt,2025,21.9
621,svaer_overvaegt,2010,14.3
621,svaer_overvaegt,2013,13.9
621,svaer_overvaegt,2017,18.4
621,svaer_overvaegt,2021,18.7
621,svaer_overvaegt,2025,20.7
630,svaer_overvaegt,2010,12.9
630,svaer_overvaegt,2013,14.6
630,svaer_overvaegt,2017,16.8
630,svaer_overvaegt,2021,18.6
630,svaer_overvaegt,2025,19.4
657,svaer_overvaegt,2010,14.2
657,svaer_overvaegt,2013,15.4
657,svaer_overvaegt,2017,17.5
657,svaer_overvaegt,2021,20.3
657,svaer_overvaegt,2025,19.2
661,svaer_overvaegt,2010,14.9
661,svaer_overvaegt,2013,16.0
661,svaer_overvaegt,2017,18.5
661,svaer_overvaegt,2021,22.0
661,svaer_overvaegt,2025,22.4
665,svaer_overvaegt,2010,16.1
665,svaer_overvaegt,2013,17.4
665,svaer_overvaegt,2017,20.7
665,svaer_overvaegt,2021,21.8
665,svaer_overvaegt,2025,23.5
671,svaer_overvaegt,2010,15.1
671,svaer_overvaegt,2013,16.9
671,svaer_overvaegt,2017,19.3
671,svaer_overvaegt,2021,24.0
671,svaer_overvaegt,2025,22.2
706,svaer_overvaegt,2010,15.5
706,svaer_overvaegt,2013,16.0
706,svaer_overvaegt,2017,19.0
706,svaer_overvaegt,2021,22.0
706,svaer_overvaegt,2025,21.6
707,svaer_overvaegt,2010,16.5
707,svaer_overvaegt,2013,18.5
707,svaer_overvaegt,2017,21.3
707,svaer_overvaegt,2021,25.6
707,svaer_overvaegt,2025,24.8
710,svaer_overvaegt,2010,15.9
710,svaer_overvaegt,2013,15.2
710,svaer_overvaegt,2017,16.9
710,svaer_overvaegt,2021,19.2
710,svaer_overvaegt,2025,21.6
727,svaer_overvaegt,2010,12.6
727,svaer_overvaegt,2013,14.7
727,svaer_overvaegt,2017,17.0
727,svaer_overvaegt,2021,17.6
727,svaer_overvaegt,2025,20.8
730,svaer_overvaegt,2010,14.8
730,svaer_overvaegt,2013,16.8
730,svaer_overvaegt,2017,19.8
730,svaer_overvaegt,2021,20.1
730,svaer_overvaegt,2025,23.9
740,svaer_overvaegt,2010,12.0
740,svaer_overvaegt,2013,13.0
740,svaer_overvaegt,2017,17.5
740,svaer_overvaegt,2021,17.8
740,svaer_overvaegt,2025,18.2
741,svaer_overvaegt,2010,17.8
741,svaer_overvaegt,2013,18.6
741,svaer_overvaegt,2017,21.1
741,svaer_overvaegt,2021,26.1
741,svaer_overvaegt,2025,19.0
746,svaer_overvaegt,2010,13.7
746,svaer_overvaegt,2013,12.4
746,svaer_overvaegt,2017,15.1
746,svaer_overvaegt,2021,16.5
746,svaer_overvaegt,2025,17.9
751,svaer_overvaegt,2010,9.9
751,svaer_overvaegt,2013,9.5
751,svaer_overvaegt,2017,11.3
751,svaer_overvaegt,2021,12.4
751,svaer_overvaegt,2025,12.6
756,svaer_overvaegt,2010,13.8
756,svaer_overvaegt,2013,17.0
756,svaer_overvaegt,2017,20.1
756,svaer_overvaegt,2021,21.0
756,svaer_overvaegt,2025,22.2
760,svaer_overvaegt,2010,15.4
760,svaer_overvaegt,2013,16.3
760,svaer_overvaegt,2017,20.9
760,svaer_overvaegt,2021,19.7
760,svaer_overvaegt,2025,21.6
766,svaer_overvaegt,2010,16.9
766,svaer_overvaegt,2013,18.8
766,svaer_overvaegt,2017,18.8
766,svaer_overvaegt,2021,22.6
766,svaer_overvaegt,2025,23.6
773,svaer_overvaegt,2010,17.0
773,svaer_overvaegt,2013,16.2
773,svaer_overvaegt,2017,20.1
773,svaer_overvaegt,2021,23.1
773,svaer_overvaegt,2025,23.6
779,svaer_overvaegt,2010,15.9
779,svaer_overvaegt,2013,16.8
779,svaer_overvaegt,2017,22.1
779,svaer_overvaegt,2021,24.3
779,svaer_overvaegt,2025,24.4
787,svaer_overvaegt,2010,17.0
787,svaer_overvaegt,2013,16.6
787,svaer_overvaegt,2017,20.1
787,svaer_overvaegt,2021,22.4
787,svaer_overvaegt,2025,26.6
791,svaer_overvaegt,2010,16.6
791,svaer_overvaegt,2013,15.1
791,svaer_overvaegt,2017,19.6
791,svaer_overvaegt,2021,22.2
791,svaer_overvaegt,2025,21.5
810,svaer_overvaegt,2010,15.9
810,svaer_overvaegt,2013,18.9
810,svaer_overvaegt,2017,20.3
810,svaer_overvaegt,2021,23.2
810,svaer_overvaegt,2025,25.3
813,svaer_overvaegt,2010,16.1
813,svaer_overvaegt,2013,17.4
813,svaer_overvaegt,2017,19.5
813,svaer_overvaegt,2021,24.1
813,svaer_overvaegt,2025,24.9
820,svaer_overvaegt,2010,16.9
820,svaer_overvaegt,2013,18.7
820,svaer_overvaegt,2017,21.7
820,svaer_overvaegt,2021,25.9
820,svaer_overvaegt,2025,24.0
825,svaer_overvaegt,2010,19.4
825,svaer_overvaegt,2013,22.6
825,svaer_overvaegt,2017,22.4
825,svaer_overvaegt,2021,26.0
825,svaer_overvaegt,2025,25.2
840,svaer_overvaegt,2010,16.9
840,svaer_overvaegt,2013,17.0
840,svaer_overvaegt,2017,20.4
840,svaer_overvaegt,2021,22.1
840,svaer_overvaegt,2025,21.4
846,svaer_overvaegt,2010,18.4
846,svaer_overvaegt,2013,16.6
846,svaer_overvaegt,2017,19.7
846,svaer_overvaegt,2021,24.2
846,svaer_overvaegt,2025,22.1
849,svaer_overvaegt,2010,16.7
849,svaer_overvaegt,2013,18.4
849,svaer_overvaegt,2017,22.9
849,svaer_overvaegt,2021,25.1
849,svaer_overvaegt,2025,25.6
851,svaer_overvaegt,2010,13.4
851,svaer_overvaegt,2013,14.6
851,svaer_overvaegt,2017,17.7
851,svaer_overvaegt,2021,17.3
851,svaer_overvaegt,2025,18.1
860,svaer_overvaegt,2010,15.6
860,svaer_overvaegt,2013,16.9
860,svaer_overvaegt,2017,20.2
860,svaer_overvaegt,2021,23.3
860,svaer_overvaegt,2025,23.9
