kommune_kode,indicator_id,periode_start,periode_slut,vaerdi_start,vaerdi_slut,pct,retning,n_aar,kilde,noegle_indikator
101,_dim_arealanvendelse,2011,2024,,,-1.17,stagneret,4,Danmarks Statistik,areal_bebygget
147,_dim_arealanvendelse,2011,2024,,,-0.0,stagneret,4,Danmarks Statistik,areal_bebygget
151,_dim_arealanvendelse,2011,2024,,,-2.17,forkert,4,Danmarks Statistik,areal_bebygget
153,_dim_arealanvendelse,2011,2024,,,-1.88,forkert,4,Danmarks Statistik,areal_bebygget
155,_dim_arealanvendelse,2011,2024,,,-2.25,forkert,4,Danmarks Statistik,areal_bebygget
157,_dim_arealanvendelse,2011,2024,,,-0.24,stagneret,4,Danmarks Statistik,areal_bebygget
159,_dim_arealanvendelse,2011,2024,,,-0.12,stagneret,4,Danmarks Statistik,areal_bebygget
161,_dim_arealanvendelse,2011,2024,,,-4.28,forkert,4,Danmarks Statistik,areal_bebygget
163,_dim_arealanvendelse,2011,2024,,,-1.0,stagneret,4,Danmarks Statistik,areal_bebygget
165,_dim_arealanvendelse,2011,2024,,,-2.28,forkert,4,Danmarks Statistik,areal_bebygget
167,_dim_arealanvendelse,2011,2024,,,-1.79,forkert,4,Danmarks Statistik,areal_bebygget
169,_dim_arealanvendelse,2011,2024,,,-0.0,stagneret,4,Danmarks Statistik,areal_bebygget
173,_dim_arealanvendelse,2011,2024,,,-1.21,stagneret,4,Danmarks Statistik,areal_bebygget
175,_dim_arealanvendelse,2011,2024,,,-0.46,stagneret,4,Danmarks Statistik,areal_bebygget
183,_dim_arealanvendelse,2011,2024,,,-5.65,forkert,4,Danmarks Statistik,areal_bebygget
185,_dim_arealanvendelse,2011,2024,,,-2.23,stagneret,4,Danmarks Statistik,areal_bebygget
187,_dim_arealanvendelse,2011,2024,,,-2.7,forkert,4,Danmarks Statistik,areal_bebygget
190,_dim_arealanvendelse,2011,2024,,,-2.22,stagneret,4,Danmarks Statistik,areal_bebygget
201,_dim_arealanvendelse,2011,2024,,,-3.23,stagneret,4,Danmarks Statistik,areal_bebygget
210,_dim_arealanvendelse,2011,2024,,,-3.9,stagneret,4,Danmarks Statistik,areal_bebygget
217,_dim_arealanvendelse,2011,2024,,,-1.96,stagneret,4,Danmarks Statistik,areal_bebygget
219,_dim_arealanvendelse,2011,2024,,,-5.0,stagneret,4,Danmarks Statistik,areal_bebygget
223,_dim_arealanvendelse,2011,2024,,,-1.68,stagneret,4,Danmarks Statistik,areal_bebygget
230,_dim_arealanvendelse,2011,2024,,,-1.15,stagneret,4,Danmarks Statistik,areal_bebygget
240,_dim_arealanvendelse,2011,2024,,,-6.25,forkert,4,Danmarks Statistik,areal_bebygget
250,_dim_arealanvendelse,2011,2024,,,-5.24,forkert,4,Danmarks Statistik,areal_bebygget
253,_dim_arealanvendelse,2011,2024,,,-6.15,forkert,4,Danmarks Statistik,areal_bebygget
259,_dim_arealanvendelse,2011,2024,,,-10.29,forkert,4,Danmarks Statistik,areal_bebygget
260,_dim_arealanvendelse,2011,2024,,,-1.96,stagneret,4,Danmarks Statistik,areal_bebygget
265,_dim_arealanvendelse,2011,2024,,,-5.64,forkert,4,Danmarks Statistik,areal_bebygget
269,_dim_arealanvendelse,2011,2024,,,-8.97,forkert,4,Danmarks Statistik,areal_bebygget
270,_dim_arealanvendelse,2011,2024,,,-2.17,stagneret,4,Danmarks Statistik,areal_bebygget
306,_dim_arealanvendelse,2011,2024,,,-5.31,forkert,4,Danmarks Statistik,areal_bebygget
316,_dim_arealanvendelse,2011,2024,,,6.04,rigtig,4,Danmarks Statistik,areal_intensiv
320,_dim_arealanvendelse,2011,2024,,,5.39,tempo,4,Danmarks Statistik,areal_intensiv
326,_dim_arealanvendelse,2011,2024,,,4.26,tempo,4,Danmarks Statistik,areal_intensiv
329,_dim_arealanvendelse,2011,2024,,,5.52,tempo,4,Danmarks Statistik,areal_intensiv
330,_dim_arealanvendelse,2011,2024,,,4.46,tempo,4,Danmarks Statistik,areal_intensiv
336,_dim_arealanvendelse,2011,2024,,,2.81,tempo,4,Danmarks Statistik,areal_intensiv
340,_dim_arealanvendelse,2011,2024,,,-4.65,stagneret,4,Danmarks Statistik,areal_bebygget
350,_dim_arealanvendelse,2011,2024,,,-5.07,stagneret,4,Danmarks Statistik,areal_bebygget
360,_dim_arealanvendelse,2011,2024,,,1.72,tempo,4,Danmarks Statistik,areal_intensiv
370,_dim_arealanvendelse,2011,2024,,,4.94,tempo,4,Danmarks Statistik,areal_intensiv
376,_dim_arealanvendelse,2011,2024,,,1.76,tempo,4,Danmarks Statistik,areal_intensiv
390,_dim_arealanvendelse,2011,2024,,,3.68,tempo,4,Danmarks Statistik,areal_intensiv
400,_dim_arealanvendelse,2011,2024,,,3.88,tempo,4,Danmarks Statistik,areal_intensiv
410,_dim_arealanvendelse,2011,2024,,,-8.64,forkert,4,Danmarks Statistik,areal_bebygget
420,_dim_arealanvendelse,2011,2024,,,5.22,tempo,4,Danmarks Statistik,areal_intensiv
430,_dim_arealanvendelse,2011,2024,,,5.44,tempo,4,Danmarks Statistik,areal_intensiv
440,_dim_arealanvendelse,2011,2024,,,5.45,tempo,4,Danmarks Statistik,areal_intensiv
450,_dim_arealanvendelse,2011,2024,,,2.44,tempo,4,Danmarks Statistik,areal_intensiv
461,_dim_arealanvendelse,2011,2024,,,-8.23,forkert,4,Danmarks Statistik,areal_bebygget
479,_dim_arealanvendelse,2011,2024,,,-5.59,stagneret,4,Danmarks Statistik,areal_bebygget
480,_dim_arealanvendelse,2011,2024,,,3.87,tempo,4,Danmarks Statistik,areal_intensiv
482,_dim_arealanvendelse,2011,2024,,,2.87,tempo,4,Danmarks Statistik,areal_intensiv
492,_dim_arealanvendelse,2011,2024,,,5.06,tempo,4,Danmarks Statistik,areal_intensiv
510,_dim_arealanvendelse,2011,2024,,,3.47,tempo,4,Danmarks Statistik,areal_intensiv
530,_dim_arealanvendelse,2011,2024,,,6.49,rigtig,4,Danmarks Statistik,areal_intensiv
540,_dim_arealanvendelse,2011,2024,,,-6.49,stagneret,4,Danmarks Statistik,areal_bebygget
550,_dim_arealanvendelse,2011,2024,,,2.67,tempo,4,Danmarks Statistik,areal_intensiv
561,_dim_arealanvendelse,2011,2024,,,5.86,rigtig,4,Danmarks Statistik,areal_intensiv
563,_dim_arealanvendelse,2011,2024,,,-0.88,stagneret,4,Danmarks Statistik,areal_bebygget
573,_dim_arealanvendelse,2011,2024,,,6.64,rigtig,4,Danmarks Statistik,areal_intensiv
575,_dim_arealanvendelse,2011,2024,,,4.35,tempo,4,Danmarks Statistik,areal_intensiv
580,_dim_arealanvendelse,2011,2024,,,4.04,tempo,4,Danmarks Statistik,areal_intensiv
607,_dim_arealanvendelse,2011,2024,,,-14.39,forkert,4,Danmarks Statistik,areal_bebygget
615,_dim_arealanvendelse,2011,2024,,,-14.0,forkert,4,Danmarks Statistik,areal_bebygget
621,_dim_arealanvendelse,2011,2024,,,-8.11,forkert,4,Danmarks Statistik,areal_bebygget
630,_dim_arealanvendelse,2011,2024,,,-10.4,forkert,4,Danmarks Statistik,areal_bebygget
657,_dim_arealanvendelse,2011,2024,,,5.26,tempo,4,Danmarks Statistik,areal_intensiv
661,_dim_arealanvendelse,2011,2024,,,7.33,rigtig,4,Danmarks Statistik,areal_intensiv
665,_dim_arealanvendelse,2011,2024,,,4.11,tempo,4,Danmarks Statistik,areal_intensiv
671,_dim_arealanvendelse,2011,2024,,,2.7,tempo,4,Danmarks Statistik,areal_intensiv
706,_dim_arealanvendelse,2011,2024,,,-3.1,stagneret,4,Danmarks Statistik,areal_bebygget
707,_dim_arealanvendelse,2011,2024,,,4.29,tempo,4,Danmarks Statistik,areal_intensiv
710,_dim_arealanvendelse,2011,2024,,,5.54,tempo,4,Danmarks Statistik,areal_intensiv
727,_dim_arealanvendelse,2011,2024,,,3.74,tempo,4,Danmarks Statistik,areal_intensiv
730,_dim_arealanvendelse,2011,2024,,,4.64,tempo,4,Danmarks Statistik,areal_intensiv
740,_dim_arealanvendelse,2011,2024,,,-9.16,forkert,4,Danmarks Statistik,areal_bebygget
741,_dim_arealanvendelse,2011,2024,,,3.7,tempo,4,Danmarks Statistik,areal_intensiv
746,_dim_arealanvendelse,2011,2024,,,-7.89,forkert,4,Danmarks Statistik,areal_bebygget
751,_dim_arealanvendelse,2011,2024,,,-10.77,forkert,4,Danmarks Statistik,areal_bebygget
756,_dim_arealanvendelse,2011,2024,,,6.14,rigtig,4,Danmarks Statistik,areal_intensiv
760,_dim_arealanvendelse,2011,2024,,,4.53,tempo,4,Danmarks Statistik,areal_intensiv
766,_dim_arealanvendelse,2011,2024,,,5.27,tempo,4,Danmarks Statistik,areal_intensiv
773,_dim_arealanvendelse,2011,2024,,,3.98,tempo,4,Danmarks Statistik,areal_intensiv
779,_dim_arealanvendelse,2011,2024,,,4.16,tempo,4,Danmarks Statistik,areal_intensiv
787,_dim_arealanvendelse,2011,2024,,,3.09,tempo,4,Danmarks Statistik,areal_intensiv
791,_dim_arealanvendelse,2011,2024,,,6.78,rigtig,4,Danmarks Statistik,areal_intensiv
810,_dim_arealanvendelse,2011,2024,,,5.09,tempo,4,Danmarks Statistik,areal_intensiv
813,_dim_arealanvendelse,2011,2024,,,-2.19,stagneret,4,Danmarks Statistik,areal_bebygget
820,_dim_arealanvendelse,2011,2024,,,2.94,tempo,4,Danmarks Statistik,areal_intensiv
825,_dim_arealanvendelse,2011,2024,,,-2.13,forkert,4,Danmarks Statistik,areal_bebygget
840,_dim_arealanvendelse,2011,2024,,,4.51,tempo,4,Danmarks Statistik,areal_intensiv
846,_dim_arealanvendelse,2011,2024,,,4.88,tempo,4,Danmarks Statistik,areal_intensiv
849,_dim_arealanvendelse,2011,2024,,,3.65,tempo,4,Danmarks Statistik,areal_intensiv
851,_dim_arealanvendelse,2011,2024,,,-3.9,stagneret,4,Danmarks Statistik,areal_bebygget
860,_dim_arealanvendelse,2011,2024,,,5.15,tempo,4,Danmarks Statistik,areal_intensiv
101,_dim_bolig,2010-2012,2024-2026,,,3.69,rigtig,17,Danmarks Statistik,gennemsnit af 2 indikatorer
147,_dim_bolig,2010-2012,2024-2026,,,11.78,rigtig,17,Danmarks Statistik,gennemsnit af 2 indikatorer
151,_dim_bolig,2010-2012,2024-2026,,,-4.97,forkert,17,Danmarks Statistik,gennemsnit af 2 indikatorer
153,_dim_bolig,2010-2012,2024-2026,,,-27.72,forkert,17,Danmarks Statistik,gennemsnit af 2 indikatorer
155,_dim_bolig,2010-2012,2024-2026,,,3.06,rigtig,17,Danmarks Statistik,gennemsnit af 2 indikatorer
157,_dim_bolig,2010-2012,2024-2026,,,13.61,rigtig,17,Danmarks Statistik,gennemsnit af 2 indikatorer
159,_dim_bolig,2010-2012,2024-2026,,,0.82,stagneret,17,Danmarks Statistik,gennemsnit af 2 indikatorer
161,_dim_bolig,2010-2012,2024-2026,,,-15.32,forkert,17,Danmarks Statistik,gennemsnit af 2 indikatorer
163,_dim_bolig,2010-2012,2024-2026,,,-10.77,forkert,17,Danmarks Statistik,gennemsnit af 2 indikatorer
165,_dim_bolig,2010-2012,2024-2026,,,-117.15,forkert,17,Danmarks Statistik,gennemsnit af 2 indikatorer
167,_dim_bolig,2010-2012,2024-2026,,,10.93,rigtig,17,Danmarks Statistik,gennemsnit af 2 indikatorer
169,_dim_bolig,2010-2012,2024-2026,,,-24.12,forkert,17,Danmarks Statistik,gennemsnit af 2 indikatorer
173,_dim_bolig,2010-2012,2024-2026,,,1.93,rigtig,17,Danmarks Statistik,gennemsnit af 2 indikatorer
175,_dim_bolig,2010-2012,2024-2026,,,9.3,rigtig,17,Danmarks Statistik,gennemsnit af 2 indikatorer
183,_dim_bolig,2010-2012,2024-2026,,,19.28,rigtig,17,Danmarks Statistik,gennemsnit af 2 indikatorer
185,_dim_bolig,2010-2012,2024-2026,,,0.22,stagneret,17,Danmarks Statistik,gennemsnit af 2 indikatorer
187,_dim_bolig,2010-2012,2024-2026,,,12.31,rigtig,17,Danmarks Statistik,gennemsnit af 2 indikatorer
190,_dim_bolig,2010-2012,2024-2026,,,15.34,rigtig,17,Danmarks Statistik,gennemsnit af 2 indikatorer
201,_dim_bolig,2010-2012,2024-2026,,,-5.54,forkert,17,Danmarks Statistik,gennemsnit af 2 indikatorer
210,_dim_bolig,2010-2012,2024-2026,,,6.46,rigtig,17,Danmarks Statistik,gennemsnit af 2 indikatorer
217,_dim_bolig,2010-2012,2024-2026,,,11.32,rigtig,17,Danmarks Statistik,gennemsnit af 2 indikatorer
219,_dim_bolig,2010-2012,2024-2026,,,0.84,stagneret,17,Danmarks Statistik,gennemsnit af 2 indikatorer
223,_dim_bolig,2010-2012,2024-2026,,,3.46,rigtig,17,Danmarks Statistik,gennemsnit af 2 indikatorer
230,_dim_bolig,2010-2012,2024-2026,,,-4.0,forkert,17,Danmarks Statistik,gennemsnit af 2 indikatorer
240,_dim_bolig,2010-2012,2024-2026,,,-4.04,forkert,17,Danmarks Statistik,gennemsnit af 2 indikatorer
250,_dim_bolig,2010-2012,2024-2026,,,6.77,rigtig,17,Danmarks Statistik,gennemsnit af 2 indikatorer
253,_dim_bolig,2010-2012,2024-2026,,,6.25,rigtig,17,Danmarks Statistik,gennemsnit af 2 indikatorer
259,_dim_bolig,2010-2012,2024-2026,,,1.8,rigtig,17,Danmarks Statistik,gennemsnit af 2 indikatorer
260,_dim_bolig,2010-2012,2024-2026,,,14.9,rigtig,17,Danmarks Statistik,gennemsnit af 2 indikatorer
265,_dim_bolig,2010-2012,2024-2026,,,-3.49,forkert,17,Danmarks Statistik,gennemsnit af 2 indikatorer
269,_dim_bolig,2010-2012,2024-2026,,,5.71,rigtig,17,Danmarks Statistik,gennemsnit af 2 indikatorer
270,_dim_bolig,2010-2012,2024-2026,,,6.56,rigtig,17,Danmarks Statistik,gennemsnit af 2 indikatorer
306,_dim_bolig,2010-2012,2024-2026,,,6.21,rigtig,17,Danmarks Statistik,gennemsnit af 2 indikatorer
316,_dim_bolig,2010-2012,2024-2026,,,4.69,rigtig,17,Danmarks Statistik,gennemsnit af 2 indikatorer
320,_dim_bolig,2010-2012,2024-2026,,,10.91,rigtig,17,Danmarks Statistik,gennemsnit af 2 indikatorer
326,_dim_bolig,2010-2012,2024-2026,,,1.18,rigtig,17,Danmarks Statistik,gennemsnit af 2 indikatorer
329,_dim_bolig,2010-2012,2024-2026,,,8.87,rigtig,17,Danmarks Statistik,gennemsnit af 2 indikatorer
330,_dim_bolig,2010-2012,2024-2026,,,4.33,rigtig,17,Danmarks Statistik,gennemsnit af 2 indikatorer
336,_dim_bolig,2010-2012,2024-2026,,,9.68,rigtig,17,Danmarks Statistik,gennemsnit af 2 indikatorer
340,_dim_bolig,2010-2012,2024-2026,,,11.81,rigtig,17,Danmarks Statistik,gennemsnit af 2 indikatorer
350,_dim_bolig,2010-2012,2024-2026,,,4.63,rigtig,17,Danmarks Statistik,gennemsnit af 2 indikatorer
360,_dim_bolig,2010-2012,2024-2026,,,-7.65,forkert,17,Danmarks Statistik,gennemsnit af 2 indikatorer
370,_dim_bolig,2010-2012,2024-2026,,,16.6,rigtig,17,Danmarks Statistik,gennemsnit af 2 indikatorer
376,_dim_bolig,2010-2012,2024-2026,,,-1.5,forkert,17,Danmarks Statistik,gennemsnit af 2 indikatorer
390,_dim_bolig,2010-2012,2024-2026,,,-0.49,stagneret,17,Danmarks Statistik,gennemsnit af 2 indikatorer
400,_dim_bolig,2010-2012,2024-2026,,,-31.06,forkert,17,Danmarks Statistik,gennemsnit af 2 indikatorer
410,_dim_bolig,2010-2012,2024-2026,,,2.66,rigtig,17,Danmarks Statistik,gennemsnit af 2 indikatorer
420,_dim_bolig,2010-2012,2024-2026,,,-1.73,forkert,17,Danmarks Statistik,gennemsnit af 2 indikatorer
430,_dim_bolig,2010-2012,2024-2026,,,-3.94,forkert,17,Danmarks Statistik,gennemsnit af 2 indikatorer
440,_dim_bolig,2010-2012,2024-2026,,,-3.72,forkert,17,Danmarks Statistik,gennemsnit af 2 indikatorer
450,_dim_bolig,2010-2012,2024-2026,,,-3.88,forkert,17,Danmarks Statistik,gennemsnit af 2 indikatorer
461,_dim_bolig,2010-2012,2024-2026,,,-15.41,forkert,17,Danmarks Statistik,gennemsnit af 2 indikatorer
479,_dim_bolig,2010-2012,2024-2026,,,3.5,rigtig,17,Danmarks Statistik,gennemsnit af 2 indikatorer
480,_dim_bolig,2010-2012,2024-2026,,,-0.62,stagneret,17,Danmarks Statistik,gennemsnit af 2 indikatorer
482,_dim_bolig,2010-2012,2024-2026,,,-4.09,forkert,17,Danmarks Statistik,gennemsnit af 2 indikatorer
492,_dim_bolig,2010-2012,2024-2026,,,-10.35,forkert,17,Danmarks Statistik,gennemsnit af 2 indikatorer
510,_dim_bolig,2010-2012,2024-2026,,,2.78,rigtig,17,Danmarks Statistik,gennemsnit af 2 indikatorer
530,_dim_bolig,2010-2012,2024-2026,,,-5.76,forkert,17,Danmarks Statistik,gennemsnit af 2 indikatorer
540,_dim_bolig,2010-2012,2024-2026,,,6.44,rigtig,17,Danmarks Statistik,gennemsnit af 2 indikatorer
550,_dim_bolig,2010-2012,2024-2026,,,5.02,rigtig,17,Danmarks Statistik,gennemsnit af 2 indikatorer
561,_dim_bolig,2010-2012,2024-2026,,,-16.17,forkert,17,Danmarks Statistik,gennemsnit af 2 indikatorer
563,_dim_bolig,2010-2012,2024-2026,,,-9.99,forkert,17,Danmarks Statistik,gennemsnit af 2 indikatorer
573,_dim_bolig,2010-2012,2024-2026,,,-0.64,stagneret,17,Danmarks Statistik,gennemsnit af 2 indikatorer
575,_dim_bolig,2010-2012,2024-2026,,,1.87,rigtig,17,Danmarks Statistik,gennemsnit af 2 indikatorer
580,_dim_bolig,2010-2012,2024-2026,,,7.95,rigtig,17,Danmarks Statistik,gennemsnit af 2 indikatorer
607,_dim_bolig,2010-2012,2024-2026,,,2.04,rigtig,17,Danmarks Statistik,gennemsnit af 2 indikatorer
615,_dim_bolig,2010-2012,2024-2026,,,0.37,stagneret,17,Danmarks Statistik,gennemsnit af 2 indikatorer
621,_dim_bolig,2010-2012,2024-2026,,,-9.54,forkert,17,Danmarks Statistik,gennemsnit af 2 indikatorer
630,_dim_bolig,2010-2012,2024-2026,,,7.75,rigtig,17,Danmarks Statistik,gennemsnit af 2 indikatorer
657,_dim_bolig,2010-2012,2024-2026,,,-10.74,forkert,17,Danmarks Statistik,gennemsnit af 2 indikatorer
661,_dim_bolig,2010-2012,2024-2026,,,-6.3,forkert,17,Danmarks Statistik,gennemsnit af 2 indikatorer
665,_dim_bolig,2010-2012,2024-2026,,,-8.66,forkert,17,Danmarks Statistik,gennemsnit af 2 indikatorer
671,_dim_bolig,2010-2012,2024-2026,,,-2.97,forkert,17,Danmarks Statistik,gennemsnit af 2 indikatorer
706,_dim_bolig,2010-2012,2024-2026,,,-2.77,forkert,17,Danmarks Statistik,gennemsnit af 2 indikatorer
707,_dim_bolig,2010-2012,2024-2026,,,-3.1,forkert,17,Danmarks Statistik,gennemsnit af 2 indikatorer
710,_dim_bolig,2010-2012,2024-2026,,,-3.82,forkert,17,Danmarks Statistik,gennemsnit af 2 indikatorer
727,_dim_bolig,2010-2012,2024-2026,,,2.22,rigtig,17,Danmarks Statistik,gennemsnit af 2 indikatorer
730,_dim_bolig,2010-2012,2024-2026,,,-4.55,forkert,17,Danmarks Statistik,gennemsnit af 2 indikatorer
740,_dim_bolig,2010-2012,2024-2026,,,-6.49,forkert,17,Danmarks Statistik,gennemsnit af 2 indikatorer
741,_dim_bolig,2010-2012,2024-2026,,,-6.21,forkert,17,Danmarks Statistik,gennemsnit af 2 indikatorer
746,_dim_bolig,2010-2012,2024-2026,,,-2.34,forkert,17,Danmarks Statistik,gennemsnit af 2 indikatorer
751,_dim_bolig,2010-2012,2024-2026,,,-15.66,forkert,17,Danmarks Statistik,gennemsnit af 2 indikatorer
756,_dim_bolig,2010-2012,2024-2026,,,-5.12,forkert,17,Danmarks Statistik,gennemsnit af 2 indikatorer
760,_dim_bolig,2010-2012,2024-2026,,,0.26,stagneret,17,Danmarks Statistik,gennemsnit af 2 indikatorer
766,_dim_bolig,2010-2012,2024-2026,,,-4.71,forkert,17,Danmarks Statistik,gennemsnit af 2 indikatorer
773,_dim_bolig,2010-2012,2024-2026,,,-4.44,forkert,17,Danmarks Statistik,gennemsnit af 2 indikatorer
779,_dim_bolig,2010-2012,2024-2026,,,-6.41,forkert,17,Danmarks Statistik,gennemsnit af 2 indikatorer
787,_dim_bolig,2010-2012,2024-2026,,,-2.09,forkert,17,Danmarks Statistik,gennemsnit af 2 indikatorer
791,_dim_bolig,2010-2012,2024-2026,,,-7.68,forkert,17,Danmarks Statistik,gennemsnit af 2 indikatorer
810,_dim_bolig,2010-2012,2024-2026,,,-5.34,forkert,17,Danmarks Statistik,gennemsnit af 2 indikatorer
813,_dim_bolig,2010-2012,2024-2026,,,-13.96,forkert,17,Danmarks Statistik,gennemsnit af 2 indikatorer
820,_dim_bolig,2010-2012,2024-2026,,,-8.52,forkert,17,Danmarks Statistik,gennemsnit af 2 indikatorer
825,_dim_bolig,2010-2012,2024-2026,,,-9.39,forkert,17,Danmarks Statistik,gennemsnit af 2 indikatorer
840,_dim_bolig,2010-2012,2024-2026,,,-0.54,stagneret,17,Danmarks Statistik,gennemsnit af 2 indikatorer
846,_dim_bolig,2010-2012,2024-2026,,,-2.62,forkert,17,Danmarks Statistik,gennemsnit af 2 indikatorer
849,_dim_bolig,2010-2012,2024-2026,,,-9.05,forkert,17,Danmarks Statistik,gennemsnit af 2 indikatorer
851,_dim_bolig,2010-2012,2024-2026,,,-16.26,forkert,17,Danmarks Statistik,gennemsnit af 2 indikatorer
860,_dim_bolig,2010-2012,2024-2026,,,-5.08,forkert,17,Danmarks Statistik,gennemsnit af 2 indikatorer
101,_dim_demokrati,2011,2026,,,2.72,rigtig,5,Danmarks Statistik,gennemsnit af 2 indikatorer
147,_dim_demokrati,2011,2026,,,1.09,rigtig,5,Danmarks Statistik,gennemsnit af 2 indikatorer
151,_dim_demokrati,2011,2026,,,-8.16,forkert,5,Danmarks Statistik,gennemsnit af 2 indikatorer
153,_dim_demokrati,2011,2026,,,-11.66,forkert,5,Danmarks Statistik,gennemsnit af 2 indikatorer
155,_dim_demokrati,2011,2026,,,-2.38,forkert,5,Danmarks Statistik,gennemsnit af 2 indikatorer
157,_dim_demokrati,2011,2026,,,-0.32,stagneret,5,Danmarks Statistik,gennemsnit af 2 indikatorer
159,_dim_demokrati,2011,2026,,,-5.24,forkert,5,Danmarks Statistik,gennemsnit af 2 indikatorer
161,_dim_demokrati,2011,2026,,,-7.58,forkert,5,Danmarks Statistik,gennemsnit af 2 indikatorer
163,_dim_demokrati,2011,2026,,,-7.67,forkert,5,Danmarks Statistik,gennemsnit af 2 indikatorer
165,_dim_demokrati,2011,2026,,,-8.72,forkert,5,Danmarks Statistik,gennemsnit af 2 indikatorer
167,_dim_demokrati,2011,2026,,,-5.99,forkert,5,Danmarks Statistik,gennemsnit af 2 indikatorer
169,_dim_demokrati,2011,2026,,,-11.77,forkert,5,Danmarks Statistik,gennemsnit af 2 indikatorer
173,_dim_demokrati,2011,2026,,,-2.83,forkert,5,Danmarks Statistik,gennemsnit af 2 indikatorer
175,_dim_demokrati,2011,2026,,,-7.26,forkert,5,Danmarks Statistik,gennemsnit af 2 indikatorer
183,_dim_demokrati,2011,2026,,,-13.67,forkert,5,Danmarks Statistik,gennemsnit af 2 indikatorer
185,_dim_demokrati,2011,2026,,,-4.53,forkert,5,Danmarks Statistik,gennemsnit af 2 indikatorer
187,_dim_demokrati,2011,2026,,,-10.19,forkert,5,Danmarks Statistik,gennemsnit af 2 indikatorer
190,_dim_demokrati,2011,2026,,,-2.96,forkert,5,Danmarks Statistik,gennemsnit af 2 indikatorer
201,_dim_demokrati,2011,2026,,,-3.14,forkert,5,Danmarks Statistik,gennemsnit af 2 indikatorer
210,_dim_demokrati,2011,2026,,,-4.42,forkert,5,Danmarks Statistik,gennemsnit af 2 indikatorer
217,_dim_demokrati,2011,2026,,,-4.67,forkert,5,Danmarks Statistik,gennemsnit af 2 indikatorer
219,_dim_demokrati,2011,2026,,,-5.99,forkert,5,Danmarks Statistik,gennemsnit af 2 indikatorer
223,_dim_demokrati,2011,2026,,,-2.91,forkert,5,Danmarks Statistik,gennemsnit af 2 indikatorer
230,_dim_demokrati,2011,2026,,,-1.62,forkert,5,Danmarks Statistik,gennemsnit af 2 indikatorer
240,_dim_demokrati,2011,2026,,,-4.79,forkert,5,Danmarks Statistik,gennemsnit af 2 indikatorer
250,_dim_demokrati,2011,2026,,,-4.04,forkert,5,Danmarks Statistik,gennemsnit af 2 indikatorer
253,_dim_demokrati,2011,2026,,,-6.94,forkert,5,Danmarks Statistik,gennemsnit af 2 indikatorer
259,_dim_demokrati,2011,2026,,,-5.84,forkert,5,Danmarks Statistik,gennemsnit af 2 indikatorer
260,_dim_demokrati,2011,2026,,,-6.78,forkert,5,Danmarks Statistik,gennemsnit af 2 indikatorer
265,_dim_demokrati,2011,2026,,,-2.59,forkert,5,Danmarks Statistik,gennemsnit af 2 indikatorer
269,_dim_demokrati,2011,2026,,,-3.88,forkert,5,Danmarks Statistik,gennemsnit af 2 indikatorer
270,_dim_demokrati,2011,2026,,,-6.04,forkert,5,Danmarks Statistik,gennemsnit af 2 indikatorer
306,_dim_demokrati,2011,2026,,,-5.89,forkert,5,Danmarks Statistik,gennemsnit af 2 indikatorer
316,_dim_demokrati,2011,2026,,,-3.15,forkert,5,Danmarks Statistik,gennemsnit af 2 indikatorer
320,_dim_demokrati,2011,2026,,,-6.64,forkert,5,Danmarks Statistik,gennemsnit af 2 indikatorer
326,_dim_demokrati,2011,2026,,,-6.69,forkert,5,Danmarks Statistik,gennemsnit af 2 indikatorer
329,_dim_demokrati,2011,2026,,,-6.53,forkert,5,Danmarks Statistik,gennemsnit af 2 indikatorer
330,_dim_demokrati,2011,2026,,,-8.12,forkert,5,Danmarks Statistik,gennemsnit af 2 indikatorer
336,_dim_demokrati,2011,2026,,,-4.98,forkert,5,Danmarks Statistik,gennemsnit af 2 indikatorer
340,_dim_demokrati,2011,2026,,,-5.47,forkert,5,Danmarks Statistik,gennemsnit af 2 indikatorer
350,_dim_demokrati,2011,2026,,,-5.34,forkert,5,Danmarks Statistik,gennemsnit af 2 indikatorer
360,_dim_demokrati,2011,2026,,,-9.28,forkert,5,Danmarks Statistik,gennemsnit af 2 indikatorer
370,_dim_demokrati,2011,2026,,,-6.57,forkert,5,Danmarks Statistik,gennemsnit af 2 indikatorer
376,_dim_demokrati,2011,2026,,,-6.81,forkert,5,Danmarks Statistik,gennemsnit af 2 indikatorer
390,_dim_demokrati,2011,2026,,,-6.22,forkert,5,Danmarks Statistik,gennemsnit af 2 indikatorer
400,_dim_demokrati,2011,2026,,,-5.76,forkert,5,Danmarks Statistik,gennemsnit af 2 indikatorer
410,_dim_demokrati,2011,2026,,,-4.25,forkert,5,Danmarks Statistik,gennemsnit af 2 indikatorer
420,_dim_demokrati,2011,2026,,,-4.84,forkert,5,Danmarks Statistik,gennemsnit af 2 indikatorer
430,_dim_demokrati,2011,2026,,,-5.48,forkert,5,Danmarks Statistik,gennemsnit af 2 indikatorer
440,_dim_demokrati,2011,2026,,,-5.64,forkert,5,Danmarks Statistik,gennemsnit af 2 indikatorer
450,_dim_demokrati,2011,2026,,,-4.44,forkert,5,Danmarks Statistik,gennemsnit af 2 indikatorer
461,_dim_demokrati,2011,2026,,,-3.42,forkert,5,Danmarks Statistik,gennemsnit af 2 indikatorer
479,_dim_demokrati,2011,2026,,,-4.06,forkert,5,Danmarks Statistik,gennemsnit af 2 indikatorer
480,_dim_demokrati,2011,2026,,,-5.39,forkert,5,Danmarks Statistik,gennemsnit af 2 indikatorer
482,_dim_demokrati,2011,2026,,,-4.33,forkert,5,Danmarks Statistik,gennemsnit af 2 indikatorer
492,_dim_demokrati,2011,2026,,,-2.73,forkert,5,Danmarks Statistik,gennemsnit af 2 indikatorer
510,_dim_demokrati,2011,2026,,,-7.88,forkert,5,Danmarks Statistik,gennemsnit af 2 indikatorer
530,_dim_demokrati,2011,2026,,,-6.76,forkert,5,Danmarks Statistik,gennemsnit af 2 indikatorer
540,_dim_demokrati,2011,2026,,,-6.06,forkert,5,Danmarks Statistik,gennemsnit af 2 indikatorer
550,_dim_demokrati,2011,2026,,,-4.97,forkert,5,Danmarks Statistik,gennemsnit af 2 indikatorer
561,_dim_demokrati,2011,2026,,,-5.56,forkert,5,Danmarks Statistik,gennemsnit af 2 indikatorer
563,_dim_demokrati,2011,2026,,,-0.73,stagneret,5,Danmarks Statistik,gennemsnit af 2 indikatorer
573,_dim_demokrati,2011,2026,,,-4.68,forkert,5,Danmarks Statistik,gennemsnit af 2 indikatorer
575,_dim_demokrati,2011,2026,,,-5.15,forkert,5,Danmarks Statistik,gennemsnit af 2 indikatorer
580,_dim_demokrati,2011,2026,,,-6.01,forkert,5,Danmarks Statistik,gennemsnit af 2 indikatorer
607,_dim_demokrati,2011,2026,,,-7.87,forkert,5,Danmarks Statistik,gennemsnit af 2 indikatorer
615,_dim_demokrati,2011,2026,,,-6.79,forkert,5,Danmarks Statistik,gennemsnit af 2 indikatorer
621,_dim_demokrati,2011,2026,,,-5.3,forkert,5,Danmarks Statistik,gennemsnit af 2 indikatorer
630,_dim_demokrati,2011,2026,,,-4.28,forkert,5,Danmarks Statistik,gennemsnit af 2 indikatorer
657,_dim_demokrati,2011,2026,,,-6.17,forkert,5,Danmarks Statistik,gennemsnit af 2 indikatorer
661,_dim_demokrati,2011,2026,,,-6.04,forkert,5,Danmarks Statistik,gennemsnit af 2 indikatorer
665,_dim_demokrati,2011,2026,,,-1.67,forkert,5,Danmarks Statistik,gennemsnit af 2 indikatorer
671,_dim_demokrati,2011,2026,,,-5.67,forkert,5,Danmarks Statistik,gennemsnit af 2 indikatorer
706,_dim_demokrati,2011,2026,,,-2.58,forkert,5,Danmarks Statistik,gennemsnit af 2 indikatorer
707,_dim_demokrati,2011,2026,,,-3.91,forkert,5,Danmarks Statistik,gennemsnit af 2 indikatorer
710,_dim_demokrati,2011,2026,,,-2.54,forkert,5,Danmarks Statistik,gennemsnit af 2 indikatorer
727,_dim_demokrati,2011,2026,,,-3.83,forkert,5,Danmarks Statistik,gennemsnit af 2 indikatorer
730,_dim_demokrati,2011,2026,,,-6.28,forkert,5,Danmarks Statistik,gennemsnit af 2 indikatorer
740,_dim_demokrati,2011,2026,,,-3.06,forkert,5,Danmarks Statistik,gennemsnit af 2 indikatorer
741,_dim_demokrati,2011,2026,,,-1.84,forkert,5,Danmarks Statistik,gennemsnit af 2 indikatorer
746,_dim_demokrati,2011,2026,,,-1.79,forkert,5,Danmarks Statistik,gennemsnit af 2 indikatorer
751,_dim_demokrati,2011,2026,,,-0.68,stagneret,5,Danmarks Statistik,gennemsnit af 2 indikatorer
756,_dim_demokrati,2011,2026,,,-7.97,forkert,5,Danmarks Statistik,gennemsnit af 2 indikatorer
760,_dim_demokrati,2011,2026,,,-4.65,forkert,5,Danmarks Statistik,gennemsnit af 2 indikatorer
766,_dim_demokrati,2011,2026,,,-6.06,forkert,5,Danmarks Statistik,gennemsnit af 2 indikatorer
773,_dim_demokrati,2011,2026,,,-5.34,forkert,5,Danmarks Statistik,gennemsnit af 2 indikatorer
779,_dim_demokrati,2011,2026,,,-4.77,forkert,5,Danmarks Statistik,gennemsnit af 2 indikatorer
787,_dim_demokrati,2011,2026,,,-3.66,forkert,5,Danmarks Statistik,gennemsnit af 2 indikatorer
791,_dim_demokrati,2011,2026,,,-3.69,forkert,5,Danmarks Statistik,gennemsnit af 2 indikatorer
810,_dim_demokrati,2011,2026,,,-5.09,forkert,5,Danmarks Statistik,gennemsnit af 2 indikatorer
813,_dim_demokrati,2011,2026,,,-5.92,forkert,5,Danmarks Statistik,gennemsnit af 2 indikatorer
820,_dim_demokrati,2011,2026,,,-5.33,forkert,5,Danmarks Statistik,gennemsnit af 2 indikatorer
825,_dim_demokrati,2011,2026,,,1.11,rigtig,5,Danmarks Statistik,gennemsnit af 2 indikatorer
840,_dim_demokrati,2011,2026,,,-3.58,forkert,5,Danmarks Statistik,gennemsnit af 2 indikatorer
846,_dim_demokrati,2011,2026,,,-3.69,forkert,5,Danmarks Statistik,gennemsnit af 2 indikatorer
849,_dim_demokrati,2011,2026,,,-4.39,forkert,5,Danmarks Statistik,gennemsnit af 2 indikatorer
851,_dim_demokrati,2011,2026,,,-3.21,forkert,5,Danmarks Statistik,gennemsnit af 2 indikatorer
860,_dim_demokrati,2011,2026,,,-5.13,forkert,5,Danmarks Statistik,gennemsnit af 2 indikatorer
101,_dim_forurening,2013-2015,2021-2023,,,43.09,rigtig,11,Danmarks Statistik,gennemsnit af 2 indikatorer
147,_dim_forurening,2013-2015,2021-2023,,,30.48,rigtig,11,Danmarks Statistik,gennemsnit af 2 indikatorer
151,_dim_forurening,2013-2015,2021-2023,,,27.71,rigtig,11,Danmarks Statistik,gennemsnit af 2 indikatorer
153,_dim_forurening,2013-2015,2021-2023,,,26.39,rigtig,11,Danmarks Statistik,gennemsnit af 2 indikatorer
155,_dim_forurening,2013-2015,2021-2023,,,38.23,rigtig,11,Danmarks Statistik,gennemsnit af 2 indikatorer
157,_dim_forurening,2013-2015,2021-2023,,,22.21,tempo,11,Danmarks Statistik,gennemsnit af 2 indikatorer
159,_dim_forurening,2013-2015,2021-2023,,,24.72,rigtig,11,Danmarks Statistik,gennemsnit af 2 indikatorer
161,_dim_forurening,2013-2015,2021-2023,,,26.68,rigtig,11,Danmarks Statistik,gennemsnit af 2 indikatorer
163,_dim_forurening,2013-2015,2021-2023,,,33.94,rigtig,11,Danmarks Statistik,gennemsnit af 2 indikatorer
165,_dim_forurening,2013-2015,2021-2023,,,38.33,rigtig,11,Danmarks Statistik,gennemsnit af 2 indikatorer
167,_dim_forurening,2013-2015,2021-2023,,,23.66,rigtig,11,Danmarks Statistik,gennemsnit af 2 indikatorer
169,_dim_forurening,2013-2015,2021-2023,,,41.45,rigtig,11,Danmarks Statistik,gennemsnit af 2 indikatorer
173,_dim_forurening,2013-2015,2021-2023,,,40.05,rigtig,11,Danmarks Statistik,gennemsnit af 2 indikatorer
175,_dim_forurening,2013-2015,2021-2023,,,20.43,tempo,11,Danmarks Statistik,gennemsnit af 2 indikatorer
183,_dim_forurening,2013-2015,2021-2023,,,50.56,rigtig,11,Danmarks Statistik,gennemsnit af 2 indikatorer
185,_dim_forurening,2013-2015,2021-2023,,,18.43,tempo,11,Danmarks Statistik,gennemsnit af 2 indikatorer
187,_dim_forurening,2013-2015,2021-2023,,,59.38,rigtig,11,Danmarks Statistik,gennemsnit af 2 indikatorer
190,_dim_forurening,2013-2015,2021-2023,,,21.45,tempo,11,Danmarks Statistik,gennemsnit af 2 indikatorer
201,_dim_forurening,2013-2015,2021-2023,,,69.67,rigtig,11,Danmarks Statistik,gennemsnit af 2 indikatorer
210,_dim_forurening,2013-2015,2021-2023,,,11.52,tempo,11,Danmarks Statistik,gennemsnit af 2 indikatorer
217,_dim_forurening,2013-2015,2021-2023,,,35.05,rigtig,11,Danmarks Statistik,gennemsnit af 2 indikatorer
219,_dim_forurening,2013-2015,2021-2023,,,20.86,tempo,11,Danmarks Statistik,gennemsnit af 2 indikatorer
223,_dim_forurening,2013-2015,2021-2023,,,45.26,rigtig,11,Danmarks Statistik,gennemsnit af 2 indikatorer
230,_dim_forurening,2013-2015,2021-2023,,,42.77,rigtig,11,Danmarks Statistik,gennemsnit af 2 indikatorer
240,_dim_forurening,2013-2015,2021-2023,,,11.12,tempo,11,Danmarks Statistik,gennemsnit af 2 indikatorer
250,_dim_forurening,2013-2015,2021-2023,,,6.26,tempo,11,Danmarks Statistik,gennemsnit af 2 indikatorer
253,_dim_forurening,2013-2015,2021-2023,,,31.71,rigtig,11,Danmarks Statistik,gennemsnit af 2 indikatorer
259,_dim_forurening,2013-2015,2021-2023,,,43.05,rigtig,11,Danmarks Statistik,gennemsnit af 2 indikatorer
260,_dim_forurening,2013-2015,2021-2023,,,9.84,tempo,11,Danmarks Statistik,gennemsnit af 2 indikatorer
265,_dim_forurening,2013-2015,2021-2023,,,40.27,rigtig,11,Danmarks Statistik,gennemsnit af 2 indikatorer
269,_dim_forurening,2013-2015,2021-2023,,,77.55,rigtig,11,Danmarks Statistik,gennemsnit af 2 indikatorer
270,_dim_forurening,2013-2015,2021-2023,,,-0.09,stagneret,11,Danmarks Statistik,gennemsnit af 2 indikatorer
306,_dim_forurening,2013-2015,2021-2023,,,8.46,tempo,11,Danmarks Statistik,gennemsnit af 2 indikatorer
316,_dim_forurening,2013-2015,2021-2023,,,12.71,tempo,11,Danmarks Statistik,gennemsnit af 2 indikatorer
320,_dim_forurening,2013-2015,2021-2023,,,24.42,rigtig,11,Danmarks Statistik,gennemsnit af 2 indikatorer
326,_dim_forurening,2013-2015,2021-2023,,,16.71,tempo,11,Danmarks Statistik,gennemsnit af 2 indikatorer
329,_dim_forurening,2013-2015,2021-2023,,,25.6,rigtig,11,Danmarks Statistik,gennemsnit af 2 indikatorer
330,_dim_forurening,2013-2015,2021-2023,,,10.98,tempo,11,Danmarks Statistik,gennemsnit af 2 indikatorer
336,_dim_forurening,2013-2015,2021-2023,,,26.0,rigtig,11,Danmarks Statistik,gennemsnit af 2 indikatorer
340,_dim_forurening,2013-2015,2021-2023,,,35.65,rigtig,11,Danmarks Statistik,gennemsnit af 2 indikatorer
350,_dim_forurening,2013-2015,2021-2023,,,38.84,rigtig,11,Danmarks Statistik,gennemsnit af 2 indikatorer
360,_dim_forurening,2013-2015,2021-2023,,,-13.09,forkert,11,Danmarks Statistik,gennemsnit af 2 indikatorer
370,_dim_forurening,2013-2015,2021-2023,,,30.71,rigtig,11,Danmarks Statistik,gennemsnit af 2 indikatorer
376,_dim_forurening,2013-2015,2021-2023,,,-27.94,forkert,11,Danmarks Statistik,gennemsnit af 2 indikatorer
390,_dim_forurening,2013-2015,2021-2023,,,29.51,rigtig,11,Danmarks Statistik,gennemsnit af 2 indikatorer
400,_dim_forurening,2013-2015,2021-2023,,,-2.3,forkert,11,Danmarks Statistik,gennemsnit af 2 indikatorer
410,_dim_forurening,2013-2015,2021-2023,,,4.96,tempo,11,Danmarks Statistik,gennemsnit af 2 indikatorer
420,_dim_forurening,2013-2015,2021-2023,,,-2.79,forkert,11,Danmarks Statistik,gennemsnit af 2 indikatorer
430,_dim_forurening,2013-2015,2021-2023,,,-3.89,forkert,11,Danmarks Statistik,gennemsnit af 2 indikatorer
440,_dim_forurening,2013-2015,2021-2023,,,13.8,tempo,11,Danmarks Statistik,gennemsnit af 2 indikatorer
450,_dim_forurening,2013-2015,2021-2023,,,-19.02,forkert,11,Danmarks Statistik,gennemsnit af 2 indikatorer
461,_dim_forurening,2013-2015,2021-2023,,,26.38,rigtig,11,Danmarks Statistik,gennemsnit af 2 indikatorer
479,_dim_forurening,2013-2015,2021-2023,,,22.82,rigtig,11,Danmarks Statistik,gennemsnit af 2 indikatorer
480,_dim_forurening,2013-2015,2021-2023,,,34.46,rigtig,11,Danmarks Statistik,gennemsnit af 2 indikatorer
482,_dim_forurening,2013-2015,2021-2023,,,-2.43,forkert,11,Danmarks Statistik,gennemsnit af 2 indikatorer
492,_dim_forurening,2013-2015,2021-2023,,,-10.8,forkert,11,Danmarks Statistik,gennemsnit af 2 indikatorer
510,_dim_forurening,2013-2015,2021-2023,,,18.0,tempo,11,Danmarks Statistik,gennemsnit af 2 indikatorer
530,_dim_forurening,2013-2015,2021-2023,,,37.69,rigtig,11,Danmarks Statistik,gennemsnit af 2 indikatorer
540,_dim_forurening,2013-2015,2021-2023,,,-5.08,forkert,11,Danmarks Statistik,gennemsnit af 2 indikatorer
550,_dim_forurening,2013-2015,2021-2023,,,34.16,rigtig,11,Danmarks Statistik,gennemsnit af 2 indikatorer
561,_dim_forurening,2013-2015,2021-2023,,,27.02,rigtig,11,Danmarks Statistik,gennemsnit af 2 indikatorer
563,_dim_forurening,2013-2015,2021-2023,,,6.57,tempo,11,Danmarks Statistik,gennemsnit af 2 indikatorer
573,_dim_forurening,2013-2015,2021-2023,,,14.21,tempo,11,Danmarks Statistik,gennemsnit af 2 indikatorer
575,_dim_forurening,2013-2015,2021-2023,,,23.55,rigtig,11,Danmarks Statistik,gennemsnit af 2 indikatorer
580,_dim_forurening,2013-2015,2021-2023,,,-9.52,forkert,11,Danmarks Statistik,gennemsnit af 2 indikatorer
607,_dim_forurening,2013-2015,2021-2023,,,39.89,rigtig,11,Danmarks Statistik,gennemsnit af 2 indikatorer
615,_dim_forurening,2013-2015,2021-2023,,,38.59,rigtig,11,Danmarks Statistik,gennemsnit af 2 indikatorer
621,_dim_forurening,2013-2015,2021-2023,,,56.7,rigtig,11,Danmarks Statistik,gennemsnit af 2 indikatorer
630,_dim_forurening,2013-2015,2021-2023,,,9.27,tempo,11,Danmarks Statistik,gennemsnit af 2 indikatorer
657,_dim_forurening,2013-2015,2021-2023,,,28.21,rigtig,11,Danmarks Statistik,gennemsnit af 2 indikatorer
661,_dim_forurening,2013-2015,2021-2023,,,17.47,tempo,11,Danmarks Statistik,gennemsnit af 2 indikatorer
665,_dim_forurening,2013-2015,2021-2023,,,-22.54,forkert,11,Danmarks Statistik,gennemsnit af 2 indikatorer
671,_dim_forurening,2013-2015,2021-2023,,,83.55,rigtig,11,Danmarks Statistik,gennemsnit af 2 indikatorer
706,_dim_forurening,2013-2015,2021-2023,,,22.63,tempo,11,Danmarks Statistik,gennemsnit af 2 indikatorer
707,_dim_forurening,2013-2015,2021-2023,,,1.63,tempo,11,Danmarks Statistik,gennemsnit af 2 indikatorer
710,_dim_forurening,2013-2015,2021-2023,,,17.35,tempo,11,Danmarks Statistik,gennemsnit af 2 indikatorer
727,_dim_forurening,2013-2015,2021-2023,,,5.8,tempo,11,Danmarks Statistik,gennemsnit af 2 indikatorer
730,_dim_forurening,2013-2015,2021-2023,,,20.24,tempo,11,Danmarks Statistik,gennemsnit af 2 indikatorer
740,_dim_forurening,2013-2015,2021-2023,,,19.73,tempo,11,Danmarks Statistik,gennemsnit af 2 indikatorer
741,_dim_forurening,2013-2015,2021-2023,,,446.82,rigtig,11,Danmarks Statistik,gennemsnit af 2 indikatorer
746,_dim_forurening,2013-2015,2021-2023,,,11.72,tempo,11,Danmarks Statistik,gennemsnit af 2 indikatorer
751,_dim_forurening,2013-2015,2021-2023,,,9.87,tempo,11,Danmarks Statistik,gennemsnit af 2 indikatorer
756,_dim_forurening,2013-2015,2021-2023,,,7.41,tempo,11,Danmarks Statistik,gennemsnit af 2 indikatorer
760,_dim_forurening,2013-2015,2021-2023,,,29.52,rigtig,11,Danmarks Statistik,gennemsnit af 2 indikatorer
766,_dim_forurening,2013-2015,2021-2023,,,-4.22,forkert,11,Danmarks Statistik,gennemsnit af 2 indikatorer
773,_dim_forurening,2013-2015,2021-2023,,,8.78,tempo,11,Danmarks Statistik,gennemsnit af 2 indikatorer
779,_dim_forurening,2013-2015,2021-2023,,,25.77,rigtig,11,Danmarks Statistik,gennemsnit af 2 indikatorer
787,_dim_forurening,2013-2015,2021-2023,,,59.12,rigtig,11,Danmarks Statistik,gennemsnit af 2 indikatorer
791,_dim_forurening,2013-2015,2021-2023,,,33.26,rigtig,11,Danmarks Statistik,gennemsnit af 2 indikatorer
810,_dim_forurening,2013-2015,2021-2023,,,8.38,tempo,11,Danmarks Statistik,gennemsnit af 2 indikatorer
813,_dim_forurening,2013-2015,2021-2023,,,40.12,rigtig,11,Danmarks Statistik,gennemsnit af 2 indikatorer
820,_dim_forurening,2013-2015,2021-2023,,,23.27,rigtig,11,Danmarks Statistik,gennemsnit af 2 indikatorer
825,_dim_forurening,2013-2015,2021-2023,,,100.0,rigtig,11,Danmarks Statistik,gennemsnit af 2 indikatorer
840,_dim_forurening,2013-2015,2021-2023,,,4.33,tempo,11,Danmarks Statistik,gennemsnit af 2 indikatorer
846,_dim_forurening,2013-2015,2021-2023,,,16.38,tempo,11,Danmarks Statistik,gennemsnit af 2 indikatorer
849,_dim_forurening,2013-2015,2021-2023,,,5.36,tempo,11,Danmarks Statistik,gennemsnit af 2 indikatorer
851,_dim_forurening,2013-2015,2021-2023,,,-57.44,forkert,11,Danmarks Statistik,gennemsnit af 2 indikatorer
860,_dim_forurening,2013-2015,2021-2023,,,13.23,tempo,11,Danmarks Statistik,gennemsnit af 2 indikatorer
326,_dim_klimapaavirkning,2018-2020,2022-2024,,,29.28,rigtig,7,Klimaregnskabet.dk,klimapaavirkning
450,_dim_klimapaavirkning,2018-2020,2022-2024,,,7.13,stagneret,7,Klimaregnskabet.dk,klimapaavirkning
550,_dim_klimapaavirkning,2018-2020,2022-2024,,,8.0,tempo,7,Klimaregnskabet.dk,klimapaavirkning
573,_dim_klimapaavirkning,2018-2020,2022-2024,,,16.65,tempo,7,Klimaregnskabet.dk,klimapaavirkning
575,_dim_klimapaavirkning,2018-2020,2022-2024,,,11.65,tempo,7,Klimaregnskabet.dk,klimapaavirkning
607,_dim_klimapaavirkning,2018-2020,2022-2024,,,23.96,rigtig,7,Klimaregnskabet.dk,klimapaavirkning
665,_dim_klimapaavirkning,2018-2020,2022-2024,,,14.68,tempo,7,Klimaregnskabet.dk,klimapaavirkning
760,_dim_klimapaavirkning,2018-2020,2022-2024,,,9.85,tempo,7,Klimaregnskabet.dk,klimapaavirkning
820,_dim_klimapaavirkning,2018-2020,2022-2024,,,5.94,tempo,7,Klimaregnskabet.dk,klimapaavirkning
840,_dim_klimapaavirkning,2018-2020,2022-2024,,,11.55,tempo,7,Klimaregnskabet.dk,klimapaavirkning
851,_dim_klimapaavirkning,2018-2020,2022-2024,,,18.72,tempo,7,Klimaregnskabet.dk,klimapaavirkning
101,_dim_kultur_fritid,2010-2012,2025,,,17.17,rigtig,16,Danmarks Statistik,gennemsnit af 3 indikatorer
147,_dim_kultur_fritid,2010-2012,2025,,,-0.5,stagneret,16,Danmarks Statistik,gennemsnit af 3 indikatorer
151,_dim_kultur_fritid,2010-2012,2025,,,13.65,rigtig,16,Danmarks Statistik,gennemsnit af 3 indikatorer
153,_dim_kultur_fritid,2010-2012,2025,,,90.91,rigtig,16,Danmarks Statistik,gennemsnit af 3 indikatorer
155,_dim_kultur_fritid,2010-2012,2025,,,6.21,rigtig,16,Danmarks Statistik,gennemsnit af 3 indikatorer
157,_dim_kultur_fritid,2010-2012,2025,,,38.66,rigtig,16,Danmarks Statistik,gennemsnit af 3 indikatorer
159,_dim_kultur_fritid,2010-2012,2025,,,-15.45,forkert,16,Danmarks Statistik,gennemsnit af 3 indikatorer
161,_dim_kultur_fritid,2010-2012,2025,,,-18.85,forkert,16,Danmarks Statistik,gennemsnit af 3 indikatorer
163,_dim_kultur_fritid,2010-2012,2025,,,-14.82,forkert,16,Danmarks Statistik,gennemsnit af 3 indikatorer
165,_dim_kultur_fritid,2010-2012,2025,,,-8.76,forkert,16,Danmarks Statistik,gennemsnit af 3 indikatorer
167,_dim_kultur_fritid,2010-2012,2025,,,-7.96,forkert,16,Danmarks Statistik,gennemsnit af 3 indikatorer
169,_dim_kultur_fritid,2010-2012,2025,,,1.74,rigtig,16,Danmarks Statistik,gennemsnit af 3 indikatorer
173,_dim_kultur_fritid,2010-2012,2025,,,-5.16,forkert,16,Danmarks Statistik,gennemsnit af 3 indikatorer
175,_dim_kultur_fritid,2010-2012,2025,,,-6.11,forkert,16,Danmarks Statistik,gennemsnit af 3 indikatorer
183,_dim_kultur_fritid,2010-2012,2025,,,-1.95,forkert,16,Danmarks Statistik,gennemsnit af 3 indikatorer
185,_dim_kultur_fritid,2010-2012,2025,,,-15.76,forkert,16,Danmarks Statistik,gennemsnit af 3 indikatorer
187,_dim_kultur_fritid,2010-2012,2025,,,-22.73,forkert,16,Danmarks Statistik,gennemsnit af 3 indikatorer
190,_dim_kultur_fritid,2010-2012,2025,,,-5.02,forkert,16,Danmarks Statistik,gennemsnit af 3 indikatorer
201,_dim_kultur_fritid,2010-2012,2025,,,-7.1,forkert,16,Danmarks Statistik,gennemsnit af 3 indikatorer
210,_dim_kultur_fritid,2010-2012,2025,,,8.2,rigtig,16,Danmarks Statistik,gennemsnit af 3 indikatorer
217,_dim_kultur_fritid,2010-2012,2025,,,2.75,rigtig,16,Danmarks Statistik,gennemsnit af 3 indikatorer
219,_dim_kultur_fritid,2010-2012,2025,,,4.57,rigtig,16,Danmarks Statistik,gennemsnit af 3 indikatorer
223,_dim_kultur_fritid,2010-2012,2025,,,-3.37,forkert,16,Danmarks Statistik,gennemsnit af 3 indikatorer
230,_dim_kultur_fritid,2010-2012,2025,,,-8.1,forkert,16,Danmarks Statistik,gennemsnit af 3 indikatorer
240,_dim_kultur_fritid,2010-2012,2025,,,-27.67,forkert,16,Danmarks Statistik,gennemsnit af 3 indikatorer
250,_dim_kultur_fritid,2010-2012,2025,,,-12.36,forkert,16,Danmarks Statistik,gennemsnit af 3 indikatorer
253,_dim_kultur_fritid,2010-2012,2025,,,-31.98,forkert,16,Danmarks Statistik,gennemsnit af 3 indikatorer
259,_dim_kultur_fritid,2010-2012,2025,,,-11.37,forkert,16,Danmarks Statistik,gennemsnit af 3 indikatorer
260,_dim_kultur_fritid,2010-2012,2025,,,-0.12,stagneret,16,Danmarks Statistik,gennemsnit af 3 indikatorer
265,_dim_kultur_fritid,2010-2012,2025,,,-7.22,forkert,16,Danmarks Statistik,gennemsnit af 3 indikatorer
269,_dim_kultur_fritid,2010-2012,2025,,,5.14,rigtig,16,Danmarks Statistik,gennemsnit af 3 indikatorer
270,_dim_kultur_fritid,2010-2012,2025,,,113.87,rigtig,16,Danmarks Statistik,gennemsnit af 3 indikatorer
306,_dim_kultur_fritid,2010-2012,2025,,,6.17,rigtig,16,Danmarks Statistik,gennemsnit af 3 indikatorer
316,_dim_kultur_fritid,2010-2012,2025,,,13.76,rigtig,16,Danmarks Statistik,gennemsnit af 3 indikatorer
320,_dim_kultur_fritid,2010-2012,2025,,,-4.59,forkert,16,Danmarks Statistik,gennemsnit af 3 indikatorer
326,_dim_kultur_fritid,2010-2012,2025,,,-4.26,forkert,16,Danmarks Statistik,gennemsnit af 3 indikatorer
329,_dim_kultur_fritid,2010-2012,2025,,,-14.51,forkert,16,Danmarks Statistik,gennemsnit af 3 indikatorer
330,_dim_kultur_fritid,2010-2012,2025,,,-24.26,forkert,16,Danmarks Statistik,gennemsnit af 3 indikatorer
336,_dim_kultur_fritid,2010-2012,2025,,,107.36,rigtig,16,Danmarks Statistik,gennemsnit af 3 indikatorer
340,_dim_kultur_fritid,2010-2012,2025,,,2.13,rigtig,16,Danmarks Statistik,gennemsnit af 3 indikatorer
350,_dim_kultur_fritid,2010-2012,2025,,,-9.31,forkert,16,Danmarks Statistik,gennemsnit af 3 indikatorer
360,_dim_kultur_fritid,2010-2012,2025,,,-4.74,forkert,16,Danmarks Statistik,gennemsnit af 3 indikatorer
370,_dim_kultur_fritid,2010-2012,2025,,,-5.52,forkert,16,Danmarks Statistik,gennemsnit af 3 indikatorer
376,_dim_kultur_fritid,2010-2012,2025,,,-7.04,forkert,16,Danmarks Statistik,gennemsnit af 3 indikatorer
390,_dim_kultur_fritid,2010-2012,2025,,,2.29,rigtig,16,Danmarks Statistik,gennemsnit af 3 indikatorer
400,_dim_kultur_fritid,2010-2012,2025,,,9.75,rigtig,16,Danmarks Statistik,gennemsnit af 3 indikatorer
410,_dim_kultur_fritid,2010-2012,2025,,,-9.92,forkert,16,Danmarks Statistik,gennemsnit af 3 indikatorer
420,_dim_kultur_fritid,2010-2012,2025,,,8.11,rigtig,16,Danmarks Statistik,gennemsnit af 3 indikatorer
430,_dim_kultur_fritid,2010-2012,2025,,,15.23,rigtig,16,Danmarks Statistik,gennemsnit af 3 indikatorer
440,_dim_kultur_fritid,2010-2012,2025,,,-19.18,forkert,16,Danmarks Statistik,gennemsnit af 3 indikatorer
450,_dim_kultur_fritid,2010-2012,2025,,,26.14,rigtig,16,Danmarks Statistik,gennemsnit af 3 indikatorer
461,_dim_kultur_fritid,2010-2012,2025,,,-13.91,forkert,16,Danmarks Statistik,gennemsnit af 3 indikatorer
479,_dim_kultur_fritid,2010-2012,2025,,,3.63,rigtig,16,Danmarks Statistik,gennemsnit af 3 indikatorer
480,_dim_kultur_fritid,2010-2012,2025,,,13.65,rigtig,16,Danmarks Statistik,gennemsnit af 3 indikatorer
482,_dim_kultur_fritid,2010-2012,2025,,,-3.69,forkert,16,Danmarks Statistik,gennemsnit af 3 indikatorer
492,_dim_kultur_fritid,2010-2012,2025,,,11.08,rigtig,16,Danmarks Statistik,gennemsnit af 3 indikatorer
510,_dim_kultur_fritid,2010-2012,2025,,,0.81,stagneret,16,Danmarks Statistik,gennemsnit af 3 indikatorer
530,_dim_kultur_fritid,2010-2012,2025,,,25.04,rigtig,16,Danmarks Statistik,gennemsnit af 3 indikatorer
540,_dim_kultur_fritid,2010-2012,2025,,,-6.84,forkert,16,Danmarks Statistik,gennemsnit af 3 indikatorer
550,_dim_kultur_fritid,2010-2012,2025,,,12.92,rigtig,16,Danmarks Statistik,gennemsnit af 3 indikatorer
561,_dim_kultur_fritid,2010-2012,2025,,,3.98,rigtig,16,Danmarks Statistik,gennemsnit af 3 indikatorer
563,_dim_kultur_fritid,2010-2012,2023-2025,,,-21.76,forkert,16,Danmarks Statistik,gennemsnit af 1 indikatorer
573,_dim_kultur_fritid,2010-2012,2025,,,-0.23,stagneret,16,Danmarks Statistik,gennemsnit af 3 indikatorer
575,_dim_kultur_fritid,2010-2012,2025,,,-4.24,forkert,16,Danmarks Statistik,gennemsnit af 3 indikatorer
580,_dim_kultur_fritid,2010-2012,2025,,,8.17,rigtig,16,Danmarks Statistik,gennemsnit af 3 indikatorer
607,_dim_kultur_fritid,2010-2012,2025,,,-16.27,forkert,16,Danmarks Statistik,gennemsnit af 3 indikatorer
615,_dim_kultur_fritid,2010-2012,2025,,,5.71,rigtig,16,Danmarks Statistik,gennemsnit af 3 indikatorer
621,_dim_kultur_fritid,2010-2012,2025,,,-1.91,forkert,16,Danmarks Statistik,gennemsnit af 3 indikatorer
630,_dim_kultur_fritid,2010-2012,2025,,,-1.14,forkert,16,Danmarks Statistik,gennemsnit af 3 indikatorer
657,_dim_kultur_fritid,2010-2012,2025,,,-1.73,forkert,16,Danmarks Statistik,gennemsnit af 3 indikatorer
661,_dim_kultur_fritid,2010-2012,2025,,,-11.0,forkert,16,Danmarks Statistik,gennemsnit af 3 indikatorer
665,_dim_kultur_fritid,2010-2012,2025,,,13.71,rigtig,16,Danmarks Statistik,gennemsnit af 3 indikatorer
671,_dim_kultur_fritid,2010-2012,2025,,,-12.32,forkert,16,Danmarks Statistik,gennemsnit af 3 indikatorer
706,_dim_kultur_fritid,2010-2012,2025,,,6.1,rigtig,16,Danmarks Statistik,gennemsnit af 3 indikatorer
707,_dim_kultur_fritid,2010-2012,2025,,,23.34,rigtig,16,Danmarks Statistik,gennemsnit af 3 indikatorer
710,_dim_kultur_fritid,2010-2012,2025,,,-9.24,forkert,16,Danmarks Statistik,gennemsnit af 3 indikatorer
727,_dim_kultur_fritid,2010-2012,2025,,,0.49,stagneret,16,Danmarks Statistik,gennemsnit af 3 indikatorer
730,_dim_kultur_fritid,2010-2012,2025,,,-7.72,forkert,16,Danmarks Statistik,gennemsnit af 3 indikatorer
740,_dim_kultur_fritid,2010-2012,2025,,,-10.11,forkert,16,Danmarks Statistik,gennemsnit af 3 indikatorer
741,_dim_kultur_fritid,2010-2012,2023-2025,,,10.15,rigtig,16,Danmarks Statistik,gennemsnit af 2 indikatorer
746,_dim_kultur_fritid,2010-2012,2025,,,15.89,rigtig,16,Danmarks Statistik,gennemsnit af 3 indikatorer
751,_dim_kultur_fritid,2010-2012,2025,,,-21.31,forkert,16,Danmarks Statistik,gennemsnit af 3 indikatorer
756,_dim_kultur_fritid,2010-2012,2025,,,-4.93,forkert,16,Danmarks Statistik,gennemsnit af 3 indikatorer
760,_dim_kultur_fritid,2010-2012,2025,,,18.95,rigtig,16,Danmarks Statistik,gennemsnit af 3 indikatorer
766,_dim_kultur_fritid,2010-2012,2025,,,2.07,rigtig,16,Danmarks Statistik,gennemsnit af 3 indikatorer
773,_dim_kultur_fritid,2010-2012,2025,,,5.9,rigtig,16,Danmarks Statistik,gennemsnit af 3 indikatorer
779,_dim_kultur_fritid,2010-2012,2025,,,3.07,rigtig,16,Danmarks Statistik,gennemsnit af 3 indikatorer
787,_dim_kultur_fritid,2010-2012,2025,,,4.69,rigtig,16,Danmarks Statistik,gennemsnit af 3 indikatorer
791,_dim_kultur_fritid,2010-2012,2025,,,-7.82,forkert,16,Danmarks Statistik,gennemsnit af 3 indikatorer
810,_dim_kultur_fritid,2010-2012,2025,,,-3.38,forkert,16,Danmarks Statistik,gennemsnit af 3 indikatorer
813,_dim_kultur_fritid,2010-2012,2025,,,0.35,stagneret,16,Danmarks Statistik,gennemsnit af 3 indikatorer
820,_dim_kultur_fritid,2010-2012,2025,,,3.73,rigtig,16,Danmarks Statistik,gennemsnit af 3 indikatorer
825,_dim_kultur_fritid,2010-2012,2023-2025,,,112.77,rigtig,16,Danmarks Statistik,gennemsnit af 2 indikatorer
840,_dim_kultur_fritid,2010-2012,2025,,,-14.21,forkert,16,Danmarks Statistik,gennemsnit af 3 indikatorer
846,_dim_kultur_fritid,2010-2012,2025,,,4.02,rigtig,16,Danmarks Statistik,gennemsnit af 3 indikatorer
849,_dim_kultur_fritid,2010-2012,2025,,,1.3,rigtig,16,Danmarks Statistik,gennemsnit af 3 indikatorer
851,_dim_kultur_fritid,2010-2012,2025,,,-9.69,forkert,16,Danmarks Statistik,gennemsnit af 3 indikatorer
860,_dim_kultur_fritid,2010-2012,2025,,,-12.71,forkert,16,Danmarks Statistik,gennemsnit af 3 indikatorer
101,_dim_ligestilling,2010-2012,2023-2025,,,8.03,rigtig,15,Danmarks Statistik,gennemsnit af 3 indikatorer
147,_dim_ligestilling,2010-2012,2023-2025,,,8.36,rigtig,15,Danmarks Statistik,gennemsnit af 3 indikatorer
151,_dim_ligestilling,2010-2012,2023-2025,,,7.45,rigtig,15,Danmarks Statistik,gennemsnit af 3 indikatorer
153,_dim_ligestilling,2010-2012,2023-2025,,,15.45,rigtig,15,Danmarks Statistik,gennemsnit af 3 indikatorer
155,_dim_ligestilling,2010-2012,2023-2025,,,-14.58,forkert,15,Danmarks Statistik,gennemsnit af 3 indikatorer
157,_dim_ligestilling,2010-2012,2023-2025,,,-1.84,forkert,15,Danmarks Statistik,gennemsnit af 3 indikatorer
159,_dim_ligestilling,2010-2012,2023-2025,,,8.78,rigtig,15,Danmarks Statistik,gennemsnit af 3 indikatorer
161,_dim_ligestilling,2010-2012,2023-2025,,,1.46,tempo,15,Danmarks Statistik,gennemsnit af 3 indikatorer
163,_dim_ligestilling,2010-2012,2023-2025,,,11.9,rigtig,15,Danmarks Statistik,gennemsnit af 3 indikatorer
165,_dim_ligestilling,2010-2012,2023-2025,,,18.22,rigtig,15,Danmarks Statistik,gennemsnit af 3 indikatorer
167,_dim_ligestilling,2010-2012,2023-2025,,,6.53,rigtig,15,Danmarks Statistik,gennemsnit af 3 indikatorer
169,_dim_ligestilling,2010-2012,2023-2025,,,-3.61,forkert,15,Danmarks Statistik,gennemsnit af 3 indikatorer
173,_dim_ligestilling,2010-2012,2023-2025,,,13.24,rigtig,15,Danmarks Statistik,gennemsnit af 3 indikatorer
175,_dim_ligestilling,2010-2012,2023-2025,,,4.65,rigtig,15,Danmarks Statistik,gennemsnit af 3 indikatorer
183,_dim_ligestilling,2010-2012,2023-2025,,,-5.92,forkert,15,Danmarks Statistik,gennemsnit af 3 indikatorer
185,_dim_ligestilling,2010-2012,2023-2025,,,5.2,rigtig,15,Danmarks Statistik,gennemsnit af 3 indikatorer
187,_dim_ligestilling,2010-2012,2023-2025,,,-7.82,forkert,15,Danmarks Statistik,gennemsnit af 3 indikatorer
190,_dim_ligestilling,2010-2012,2023-2025,,,-8.07,forkert,15,Danmarks Statistik,gennemsnit af 3 indikatorer
201,_dim_ligestilling,2010-2012,2023-2025,,,18.23,rigtig,15,Danmarks Statistik,gennemsnit af 3 indikatorer
210,_dim_ligestilling,2010-2012,2023-2025,,,5.96,rigtig,15,Danmarks Statistik,gennemsnit af 3 indikatorer
217,_dim_ligestilling,2010-2012,2023-2025,,,-5.85,forkert,15,Danmarks Statistik,gennemsnit af 3 indikatorer
219,_dim_ligestilling,2010-2012,2023-2025,,,-11.41,forkert,15,Danmarks Statistik,gennemsnit af 3 indikatorer
223,_dim_ligestilling,2010-2012,2023-2025,,,-3.35,forkert,15,Danmarks Statistik,gennemsnit af 3 indikatorer
230,_dim_ligestilling,2010-2012,2023-2025,,,3.24,tempo,15,Danmarks Statistik,gennemsnit af 3 indikatorer
240,_dim_ligestilling,2010-2012,2023-2025,,,4.05,tempo,15,Danmarks Statistik,gennemsnit af 3 indikatorer
250,_dim_ligestilling,2010-2012,2023-2025,,,-0.18,stagneret,15,Danmarks Statistik,gennemsnit af 3 indikatorer
253,_dim_ligestilling,2010-2012,2023-2025,,,-7.61,forkert,15,Danmarks Statistik,gennemsnit af 3 indikatorer
259,_dim_ligestilling,2010-2012,2023-2025,,,-4.34,forkert,15,Danmarks Statistik,gennemsnit af 3 indikatorer
260,_dim_ligestilling,2010-2012,2023-2025,,,6.53,rigtig,15,Danmarks Statistik,gennemsnit af 3 indikatorer
265,_dim_ligestilling,2010-2012,2023-2025,,,7.89,rigtig,15,Danmarks Statistik,gennemsnit af 3 indikatorer
269,_dim_ligestilling,2010-2012,2023-2025,,,-38.6,forkert,15,Danmarks Statistik,gennemsnit af 3 indikatorer
270,_dim_ligestilling,2010-2012,2023-2025,,,1.19,tempo,15,Danmarks Statistik,gennemsnit af 3 indikatorer
306,_dim_ligestilling,2010-2012,2023-2025,,,9.21,rigtig,15,Danmarks Statistik,gennemsnit af 3 indikatorer
316,_dim_ligestilling,2010-2012,2023-2025,,,0.43,stagneret,15,Danmarks Statistik,gennemsnit af 3 indikatorer
320,_dim_ligestilling,2010-2012,2023-2025,,,6.69,rigtig,15,Danmarks Statistik,gennemsnit af 3 indikatorer
326,_dim_ligestilling,2010-2012,2023-2025,,,3.16,tempo,15,Danmarks Statistik,gennemsnit af 3 indikatorer
329,_dim_ligestilling,2010-2012,2023-2025,,,9.05,rigtig,15,Danmarks Statistik,gennemsnit af 3 indikatorer
330,_dim_ligestilling,2010-2012,2023-2025,,,7.46,rigtig,15,Danmarks Statistik,gennemsnit af 3 indikatorer
336,_dim_ligestilling,2010-2012,2023-2025,,,-13.41,forkert,15,Danmarks Statistik,gennemsnit af 3 indikatorer
340,_dim_ligestilling,2010-2012,2023-2025,,,-7.68,forkert,15,Danmarks Statistik,gennemsnit af 3 indikatorer
350,_dim_ligestilling,2010-2012,2023-2025,,,21.55,rigtig,15,Danmarks Statistik,gennemsnit af 3 indikatorer
360,_dim_ligestilling,2010-2012,2023-2025,,,-1.08,forkert,15,Danmarks Statistik,gennemsnit af 3 indikatorer
370,_dim_ligestilling,2010-2012,2023-2025,,,11.22,rigtig,15,Danmarks Statistik,gennemsnit af 3 indikatorer
376,_dim_ligestilling,2010-2012,2023-2025,,,6.74,rigtig,15,Danmarks Statistik,gennemsnit af 3 indikatorer
390,_dim_ligestilling,2010-2012,2023-2025,,,6.73,rigtig,15,Danmarks Statistik,gennemsnit af 3 indikatorer
400,_dim_ligestilling,2010-2012,2023-2025,,,2.48,tempo,15,Danmarks Statistik,gennemsnit af 3 indikatorer
410,_dim_ligestilling,2010-2012,2023-2025,,,1.34,tempo,15,Danmarks Statistik,gennemsnit af 3 indikatorer
420,_dim_ligestilling,2010-2012,2023-2025,,,9.84,rigtig,15,Danmarks Statistik,gennemsnit af 3 indikatorer
430,_dim_ligestilling,2010-2012,2023-2025,,,1.45,tempo,15,Danmarks Statistik,gennemsnit af 3 indikatorer
440,_dim_ligestilling,2010-2012,2023-2025,,,10.15,rigtig,15,Danmarks Statistik,gennemsnit af 3 indikatorer
450,_dim_ligestilling,2010-2012,2023-2025,,,18.65,rigtig,15,Danmarks Statistik,gennemsnit af 3 indikatorer
461,_dim_ligestilling,2010-2012,2023-2025,,,0.21,stagneret,15,Danmarks Statistik,gennemsnit af 3 indikatorer
479,_dim_ligestilling,2010-2012,2023-2025,,,-1.4,forkert,15,Danmarks Statistik,gennemsnit af 3 indikatorer
480,_dim_ligestilling,2010-2012,2023-2025,,,-2.19,forkert,15,Danmarks Statistik,gennemsnit af 3 indikatorer
482,_dim_ligestilling,2010-2012,2023-2025,,,23.0,rigtig,15,Danmarks Statistik,gennemsnit af 3 indikatorer
492,_dim_ligestilling,2010-2012,2022-2024,,,26.32,rigtig,15,Danmarks Statistik,gennemsnit af 2 indikatorer
510,_dim_ligestilling,2010-2012,2023-2025,,,-6.36,forkert,15,Danmarks Statistik,gennemsnit af 3 indikatorer
530,_dim_ligestilling,2010-2012,2023-2025,,,-6.19,forkert,15,Danmarks Statistik,gennemsnit af 3 indikatorer
540,_dim_ligestilling,2010-2012,2023-2025,,,6.44,rigtig,15,Danmarks Statistik,gennemsnit af 3 indikatorer
550,_dim_ligestilling,2010-2012,2023-2025,,,4.68,rigtig,15,Danmarks Statistik,gennemsnit af 3 indikatorer
561,_dim_ligestilling,2010-2012,2023-2025,,,4.53,tempo,15,Danmarks Statistik,gennemsnit af 3 indikatorer
563,_dim_ligestilling,2010-2012,2022-2024,,,-10.47,forkert,15,Danmarks Statistik,gennemsnit af 2 indikatorer
573,_dim_ligestilling,2010-2012,2023-2025,,,7.34,rigtig,15,Danmarks Statistik,gennemsnit af 3 indikatorer
575,_dim_ligestilling,2010-2012,2023-2025,,,-2.71,forkert,15,Danmarks Statistik,gennemsnit af 3 indikatorer
580,_dim_ligestilling,2010-2012,2023-2025,,,9.65,rigtig,15,Danmarks Statistik,gennemsnit af 3 indikatorer
607,_dim_ligestilling,2010-2012,2023-2025,,,-14.92,forkert,15,Danmarks Statistik,gennemsnit af 3 indikatorer
615,_dim_ligestilling,2010-2012,2023-2025,,,3.12,tempo,15,Danmarks Statistik,gennemsnit af 3 indikatorer
621,_dim_ligestilling,2010-2012,2023-2025,,,3.21,tempo,15,Danmarks Statistik,gennemsnit af 3 indikatorer
630,_dim_ligestilling,2010-2012,2023-2025,,,10.22,rigtig,15,Danmarks Statistik,gennemsnit af 3 indikatorer
657,_dim_ligestilling,2010-2012,2023-2025,,,0.79,stagneret,15,Danmarks Statistik,gennemsnit af 3 indikatorer
661,_dim_ligestilling,2010-2012,2023-2025,,,0.87,stagneret,15,Danmarks Statistik,gennemsnit af 3 indikatorer
665,_dim_ligestilling,2010-2012,2023-2025,,,0.34,stagneret,15,Danmarks Statistik,gennemsnit af 3 indikatorer
671,_dim_ligestilling,2010-2012,2023-2025,,,-10.97,forkert,15,Danmarks Statistik,gennemsnit af 3 indikatorer
706,_dim_ligestilling,2010-2012,2023-2025,,,10.18,rigtig,15,Danmarks Statistik,gennemsnit af 3 indikatorer
707,_dim_ligestilling,2010-2012,2023-2025,,,5.19,rigtig,15,Danmarks Statistik,gennemsnit af 3 indikatorer
710,_dim_ligestilling,2010-2012,2023-2025,,,3.77,tempo,15,Danmarks Statistik,gennemsnit af 3 indikatorer
727,_dim_ligestilling,2010-2012,2023-2025,,,20.91,rigtig,15,Danmarks Statistik,gennemsnit af 3 indikatorer
730,_dim_ligestilling,2010-2012,2023-2025,,,-3.07,forkert,15,Danmarks Statistik,gennemsnit af 3 indikatorer
740,_dim_ligestilling,2010-2012,2023-2025,,,4.02,tempo,15,Danmarks Statistik,gennemsnit af 3 indikatorer
741,_dim_ligestilling,2010-2012,2022-2024,,,24.15,rigtig,15,Danmarks Statistik,gennemsnit af 2 indikatorer
746,_dim_ligestilling,2010-2012,2023-2025,,,3.59,tempo,15,Danmarks Statistik,gennemsnit af 3 indikatorer
751,_dim_ligestilling,2010-2012,2023-2025,,,4.71,rigtig,15,Danmarks Statistik,gennemsnit af 3 indikatorer
756,_dim_ligestilling,2010-2012,2023-2025,,,-3.37,forkert,15,Danmarks Statistik,gennemsnit af 3 indikatorer
760,_dim_ligestilling,2010-2012,2023-2025,,,7.88,rigtig,15,Danmarks Statistik,gennemsnit af 3 indikatorer
766,_dim_ligestilling,2010-2012,2023-2025,,,4.86,rigtig,15,Danmarks Statistik,gennemsnit af 3 indikatorer
773,_dim_ligestilling,2010-2012,2023-2025,,,19.29,rigtig,15,Danmarks Statistik,gennemsnit af 3 indikatorer
779,_dim_ligestilling,2010-2012,2023-2025,,,12.43,rigtig,15,Danmarks Statistik,gennemsnit af 3 indikatorer
787,_dim_ligestilling,2010-2012,2023-2025,,,-0.48,stagneret,15,Danmarks Statistik,gennemsnit af 3 indikatorer
791,_dim_ligestilling,2010-2012,2023-2025,,,1.8,tempo,15,Danmarks Statistik,gennemsnit af 3 indikatorer
810,_dim_ligestilling,2010-2012,2023-2025,,,19.92,rigtig,15,Danmarks Statistik,gennemsnit af 3 indikatorer
813,_dim_ligestilling,2010-2012,2023-2025,,,0.44,stagneret,15,Danmarks Statistik,gennemsnit af 3 indikatorer
820,_dim_ligestilling,2010-2012,2023-2025,,,5.67,rigtig,15,Danmarks Statistik,gennemsnit af 3 indikatorer
825,_dim_ligestilling,2010-2012,2022-2024,,,23.8,rigtig,15,Danmarks Statistik,gennemsnit af 2 indikatorer
840,_dim_ligestilling,2010-2012,2023-2025,,,6.21,rigtig,15,Danmarks Statistik,gennemsnit af 3 indikatorer
846,_dim_ligestilling,2010-2012,2023-2025,,,6.82,rigtig,15,Danmarks Statistik,gennemsnit af 3 indikatorer
849,_dim_ligestilling,2010-2012,2023-2025,,,11.25,rigtig,15,Danmarks Statistik,gennemsnit af 3 indikatorer
851,_dim_ligestilling,2010-2012,2023-2025,,,3.13,tempo,15,Danmarks Statistik,gennemsnit af 3 indikatorer
860,_dim_ligestilling,2010-2012,2023-2025,,,4.64,rigtig,15,Danmarks Statistik,gennemsnit af 3 indikatorer
101,_dim_lighed,2010-2012,2022-2024,,,5.77,tempo,15,Danmarks Statistik,gennemsnit af 3 indikatorer
147,_dim_lighed,2010-2012,2022-2024,,,6.69,rigtig,15,Danmarks Statistik,gennemsnit af 3 indikatorer
151,_dim_lighed,2010-2012,2022-2024,,,3.01,tempo,15,Danmarks Statistik,gennemsnit af 3 indikatorer
153,_dim_lighed,2010-2012,2022-2024,,,-0.15,stagneret,15,Danmarks Statistik,gennemsnit af 3 indikatorer
155,_dim_lighed,2010-2012,2022-2024,,,9.92,rigtig,15,Danmarks Statistik,gennemsnit af 3 indikatorer
157,_dim_lighed,2010-2012,2022-2024,,,-1.95,forkert,15,Danmarks Statistik,gennemsnit af 3 indikatorer
159,_dim_lighed,2010-2012,2022-2024,,,5.23,tempo,15,Danmarks Statistik,gennemsnit af 3 indikatorer
161,_dim_lighed,2010-2012,2022-2024,,,-0.73,stagneret,15,Danmarks Statistik,gennemsnit af 3 indikatorer
163,_dim_lighed,2010-2012,2022-2024,,,0.07,stagneret,15,Danmarks Statistik,gennemsnit af 3 indikatorer
165,_dim_lighed,2010-2012,2022-2024,,,9.63,rigtig,15,Danmarks Statistik,gennemsnit af 3 indikatorer
167,_dim_lighed,2010-2012,2022-2024,,,0.54,stagneret,15,Danmarks Statistik,gennemsnit af 3 indikatorer
169,_dim_lighed,2010-2012,2022-2024,,,4.77,tempo,15,Danmarks Statistik,gennemsnit af 3 indikatorer
173,_dim_lighed,2010-2012,2022-2024,,,-4.19,forkert,15,Danmarks Statistik,gennemsnit af 3 indikatorer
175,_dim_lighed,2010-2012,2022-2024,,,-3.94,forkert,15,Danmarks Statistik,gennemsnit af 3 indikatorer
183,_dim_lighed,2010-2012,2022-2024,,,3.62,tempo,15,Danmarks Statistik,gennemsnit af 3 indikatorer
185,_dim_lighed,2010-2012,2022-2024,,,1.12,tempo,15,Danmarks Statistik,gennemsnit af 3 indikatorer
187,_dim_lighed,2010-2012,2022-2024,,,-6.8,forkert,15,Danmarks Statistik,gennemsnit af 3 indikatorer
190,_dim_lighed,2010-2012,2022-2024,,,9.48,rigtig,15,Danmarks Statistik,gennemsnit af 3 indikatorer
201,_dim_lighed,2010-2012,2022-2024,,,8.7,rigtig,15,Danmarks Statistik,gennemsnit af 3 indikatorer
210,_dim_lighed,2010-2012,2022-2024,,,9.11,rigtig,15,Danmarks Statistik,gennemsnit af 3 indikatorer
217,_dim_lighed,2010-2012,2022-2024,,,7.36,rigtig,15,Danmarks Statistik,gennemsnit af 3 indikatorer
219,_dim_lighed,2010-2012,2022-2024,,,2.31,tempo,15,Danmarks Statistik,gennemsnit af 3 indikatorer
223,_dim_lighed,2010-2012,2022-2024,,,2.47,tempo,15,Danmarks Statistik,gennemsnit af 3 indikatorer
230,_dim_lighed,2010-2012,2022-2024,,,2.84,tempo,15,Danmarks Statistik,gennemsnit af 3 indikatorer
240,_dim_lighed,2010-2012,2022-2024,,,0.51,stagneret,15,Danmarks Statistik,gennemsnit af 3 indikatorer
250,_dim_lighed,2010-2012,2022-2024,,,1.13,tempo,15,Danmarks Statistik,gennemsnit af 3 indikatorer
253,_dim_lighed,2010-2012,2022-2024,,,0.61,stagneret,15,Danmarks Statistik,gennemsnit af 3 indikatorer
259,_dim_lighed,2010-2012,2022-2024,,,3.58,tempo,15,Danmarks Statistik,gennemsnit af 3 indikatorer
260,_dim_lighed,2010-2012,2022-2024,,,5.32,tempo,15,Danmarks Statistik,gennemsnit af 3 indikatorer
265,_dim_lighed,2010-2012,2022-2024,,,7.24,rigtig,15,Danmarks Statistik,gennemsnit af 3 indikatorer
269,_dim_lighed,2010-2012,2022-2024,,,11.89,rigtig,15,Danmarks Statistik,gennemsnit af 3 indikatorer
270,_dim_lighed,2010-2012,2022-2024,,,4.86,tempo,15,Danmarks Statistik,gennemsnit af 3 indikatorer
306,_dim_lighed,2010-2012,2022-2024,,,6.89,rigtig,15,Danmarks Statistik,gennemsnit af 3 indikatorer
316,_dim_lighed,2010-2012,2022-2024,,,12.95,rigtig,15,Danmarks Statistik,gennemsnit af 3 indikatorer
320,_dim_lighed,2010-2012,2022-2024,,,6.79,rigtig,15,Danmarks Statistik,gennemsnit af 3 indikatorer
326,_dim_lighed,2010-2012,2022-2024,,,10.53,rigtig,15,Danmarks Statistik,gennemsnit af 3 indikatorer
329,_dim_lighed,2010-2012,2022-2024,,,7.06,rigtig,15,Danmarks Statistik,gennemsnit af 3 indikatorer
330,_dim_lighed,2010-2012,2022-2024,,,4.78,tempo,15,Danmarks Statistik,gennemsnit af 3 indikatorer
336,_dim_lighed,2010-2012,2022-2024,,,14.01,rigtig,15,Danmarks Statistik,gennemsnit af 3 indikatorer
340,_dim_lighed,2010-2012,2022-2024,,,4.03,tempo,15,Danmarks Statistik,gennemsnit af 3 indikatorer
350,_dim_lighed,2010-2012,2022-2024,,,12.89,rigtig,15,Danmarks Statistik,gennemsnit af 3 indikatorer
360,_dim_lighed,2010-2012,2022-2024,,,14.7,rigtig,15,Danmarks Statistik,gennemsnit af 3 indikatorer
370,_dim_lighed,2010-2012,2022-2024,,,3.68,tempo,15,Danmarks Statistik,gennemsnit af 3 indikatorer
376,_dim_lighed,2010-2012,2022-2024,,,6.67,rigtig,15,Danmarks Statistik,gennemsnit af 3 indikatorer
390,_dim_lighed,2010-2012,2022-2024,,,13.4,rigtig,15,Danmarks Statistik,gennemsnit af 3 indikatorer
400,_dim_lighed,2010-2012,2022-2024,,,4.65,tempo,15,Danmarks Statistik,gennemsnit af 3 indikatorer
410,_dim_lighed,2010-2012,2022-2024,,,5.91,tempo,15,Danmarks Statistik,gennemsnit af 3 indikatorer
420,_dim_lighed,2010-2012,2022-2024,,,9.26,rigtig,15,Danmarks Statistik,gennemsnit af 3 indikatorer
430,_dim_lighed,2010-2012,2022-2024,,,5.53,tempo,15,Danmarks Statistik,gennemsnit af 3 indikatorer
440,_dim_lighed,2010-2012,2022-2024,,,-1.19,forkert,15,Danmarks Statistik,gennemsnit af 3 indikatorer
450,_dim_lighed,2010-2012,2022-2024,,,5.14,tempo,15,Danmarks Statistik,gennemsnit af 3 indikatorer
461,_dim_lighed,2010-2012,2022-2024,,,6.03,rigtig,15,Danmarks Statistik,gennemsnit af 3 indikatorer
479,_dim_lighed,2010-2012,2022-2024,,,3.63,tempo,15,Danmarks Statistik,gennemsnit af 3 indikatorer
480,_dim_lighed,2010-2012,2022-2024,,,2.04,tempo,15,Danmarks Statistik,gennemsnit af 3 indikatorer
482,_dim_lighed,2010-2012,2022-2024,,,12.7,rigtig,15,Danmarks Statistik,gennemsnit af 3 indikatorer
492,_dim_lighed,2010-2012,2022-2024,,,-5.95,forkert,15,Danmarks Statistik,gennemsnit af 3 indikatorer
510,_dim_lighed,2010-2012,2022-2024,,,7.45,rigtig,15,Danmarks Statistik,gennemsnit af 3 indikatorer
530,_dim_lighed,2010-2012,2022-2024,,,1.77,tempo,15,Danmarks Statistik,gennemsnit af 3 indikatorer
540,_dim_lighed,2010-2012,2022-2024,,,7.33,rigtig,15,Danmarks Statistik,gennemsnit af 3 indikatorer
550,_dim_lighed,2010-2012,2022-2024,,,6.67,rigtig,15,Danmarks Statistik,gennemsnit af 3 indikatorer
561,_dim_lighed,2010-2012,2022-2024,,,13.12,rigtig,15,Danmarks Statistik,gennemsnit af 3 indikatorer
563,_dim_lighed,2010-2012,2022-2024,,,14.41,rigtig,15,Danmarks Statistik,gennemsnit af 3 indikatorer
573,_dim_lighed,2010-2012,2022-2024,,,16.55,rigtig,15,Danmarks Statistik,gennemsnit af 3 indikatorer
575,_dim_lighed,2010-2012,2022-2024,,,-4.64,forkert,15,Danmarks Statistik,gennemsnit af 3 indikatorer
580,_dim_lighed,2010-2012,2022-2024,,,12.85,rigtig,15,Danmarks Statistik,gennemsnit af 3 indikatorer
607,_dim_lighed,2010-2012,2022-2024,,,0.88,stagneret,15,Danmarks Statistik,gennemsnit af 3 indikatorer
615,_dim_lighed,2010-2012,2022-2024,,,8.25,rigtig,15,Danmarks Statistik,gennemsnit af 3 indikatorer
621,_dim_lighed,2010-2012,2022-2024,,,5.71,tempo,15,Danmarks Statistik,gennemsnit af 3 indikatorer
630,_dim_lighed,2010-2012,2022-2024,,,5.76,tempo,15,Danmarks Statistik,gennemsnit af 3 indikatorer
657,_dim_lighed,2010-2012,2022-2024,,,6.98,rigtig,15,Danmarks Statistik,gennemsnit af 3 indikatorer
661,_dim_lighed,2010-2012,2022-2024,,,9.02,rigtig,15,Danmarks Statistik,gennemsnit af 3 indikatorer
665,_dim_lighed,2010-2012,2022-2024,,,12.06,rigtig,15,Danmarks Statistik,gennemsnit af 3 indikatorer
671,_dim_lighed,2010-2012,2022-2024,,,4.77,tempo,15,Danmarks Statistik,gennemsnit af 3 indikatorer
706,_dim_lighed,2010-2012,2022-2024,,,6.8,rigtig,15,Danmarks Statistik,gennemsnit af 3 indikatorer
707,_dim_lighed,2010-2012,2022-2024,,,12.46,rigtig,15,Danmarks Statistik,gennemsnit af 3 indikatorer
710,_dim_lighed,2010-2012,2022-2024,,,4.2,tempo,15,Danmarks Statistik,gennemsnit af 3 indikatorer
727,_dim_lighed,2010-2012,2022-2024,,,5.76,tempo,15,Danmarks Statistik,gennemsnit af 3 indikatorer
730,_dim_lighed,2010-2012,2022-2024,,,-2.09,forkert,15,Danmarks Statistik,gennemsnit af 3 indikatorer
740,_dim_lighed,2010-2012,2022-2024,,,10.32,rigtig,15,Danmarks Statistik,gennemsnit af 3 indikatorer
741,_dim_lighed,2010-2012,2022-2024,,,-15.38,forkert,15,Danmarks Statistik,gennemsnit af 3 indikatorer
746,_dim_lighed,2010-2012,2022-2024,,,5.84,tempo,15,Danmarks Statistik,gennemsnit af 3 indikatorer
751,_dim_lighed,2010-2012,2022-2024,,,1.32,tempo,15,Danmarks Statistik,gennemsnit af 3 indikatorer
756,_dim_lighed,2010-2012,2022-2024,,,-3.44,forkert,15,Danmarks Statistik,gennemsnit af 3 indikatorer
760,_dim_lighed,2010-2012,2022-2024,,,14.66,rigtig,15,Danmarks Statistik,gennemsnit af 3 indikatorer
766,_dim_lighed,2010-2012,2022-2024,,,6.25,rigtig,15,Danmarks Statistik,gennemsnit af 3 indikatorer
773,_dim_lighed,2010-2012,2022-2024,,,23.58,rigtig,15,Danmarks Statistik,gennemsnit af 3 indikatorer
779,_dim_lighed,2010-2012,2022-2024,,,8.37,rigtig,15,Danmarks Statistik,gennemsnit af 3 indikatorer
787,_dim_lighed,2010-2012,2022-2024,,,12.5,rigtig,15,Danmarks Statistik,gennemsnit af 3 indikatorer
791,_dim_lighed,2010-2012,2022-2024,,,6.97,rigtig,15,Danmarks Statistik,gennemsnit af 3 indikatorer
810,_dim_lighed,2010-2012,2022-2024,,,12.76,rigtig,15,Danmarks Statistik,gennemsnit af 3 indikatorer
813,_dim_lighed,2010-2012,2022-2024,,,0.37,stagneret,15,Danmarks Statistik,gennemsnit af 3 indikatorer
820,_dim_lighed,2010-2012,2022-2024,,,13.49,rigtig,15,Danmarks Statistik,gennemsnit af 3 indikatorer
825,_dim_lighed,2010-2012,2022-2024,,,15.99,rigtig,15,Danmarks Statistik,gennemsnit af 3 indikatorer
840,_dim_lighed,2010-2012,2022-2024,,,16.4,rigtig,15,Danmarks Statistik,gennemsnit af 3 indikatorer
846,_dim_lighed,2010-2012,2022-2024,,,7.28,rigtig,15,Danmarks Statistik,gennemsnit af 3 indikatorer
849,_dim_lighed,2010-2012,2022-2024,,,15.34,rigtig,15,Danmarks Statistik,gennemsnit af 3 indikatorer
851,_dim_lighed,2010-2012,2022-2024,,,0.25,stagneret,15,Danmarks Statistik,gennemsnit af 3 indikatorer
860,_dim_lighed,2010-2012,2022-2024,,,13.23,rigtig,15,Danmarks Statistik,gennemsnit af 3 indikatorer
101,_dim_lokalsamfund,2010-2012,2025,,,-4.7,forkert,16,Danmarks Statistik,gennemsnit af 4 indikatorer
147,_dim_lokalsamfund,2010-2012,2025,,,30.46,rigtig,16,Danmarks Statistik,gennemsnit af 4 indikatorer
151,_dim_lokalsamfund,2010-2012,2025,,,19.24,rigtig,16,Danmarks Statistik,gennemsnit af 4 indikatorer
153,_dim_lokalsamfund,2010-2012,2025,,,117.78,rigtig,16,Danmarks Statistik,gennemsnit af 4 indikatorer
155,_dim_lokalsamfund,2010-2012,2025,,,6.52,rigtig,16,Danmarks Statistik,gennemsnit af 4 indikatorer
157,_dim_lokalsamfund,2010-2012,2025,,,23.57,rigtig,16,Danmarks Statistik,gennemsnit af 4 indikatorer
159,_dim_lokalsamfund,2010-2012,2025,,,0.84,stagneret,16,Danmarks Statistik,gennemsnit af 4 indikatorer
161,_dim_lokalsamfund,2010-2012,2025,,,-6.25,forkert,16,Danmarks Statistik,gennemsnit af 4 indikatorer
163,_dim_lokalsamfund,2010-2012,2025,,,-2.28,forkert,16,Danmarks Statistik,gennemsnit af 4 indikatorer
165,_dim_lokalsamfund,2010-2012,2025,,,77.31,rigtig,16,Danmarks Statistik,gennemsnit af 4 indikatorer
167,_dim_lokalsamfund,2010-2012,2025,,,11.26,rigtig,16,Danmarks Statistik,gennemsnit af 4 indikatorer
169,_dim_lokalsamfund,2010-2012,2025,,,3.5,tempo,16,Danmarks Statistik,gennemsnit af 4 indikatorer
173,_dim_lokalsamfund,2010-2012,2025,,,11.4,rigtig,16,Danmarks Statistik,gennemsnit af 4 indikatorer
175,_dim_lokalsamfund,2010-2012,2025,,,-0.93,stagneret,16,Danmarks Statistik,gennemsnit af 4 indikatorer
183,_dim_lokalsamfund,2010-2012,2025,,,-5.67,forkert,16,Danmarks Statistik,gennemsnit af 4 indikatorer
185,_dim_lokalsamfund,2010-2012,2025,,,6.82,rigtig,16,Danmarks Statistik,gennemsnit af 4 indikatorer
187,_dim_lokalsamfund,2010-2012,2025,,,7.93,rigtig,16,Danmarks Statistik,gennemsnit af 4 indikatorer
190,_dim_lokalsamfund,2010-2012,2025,,,-3.04,forkert,16,Danmarks Statistik,gennemsnit af 4 indikatorer
201,_dim_lokalsamfund,2010-2012,2025,,,-9.63,forkert,16,Danmarks Statistik,gennemsnit af 4 indikatorer
210,_dim_lokalsamfund,2010-2012,2025,,,18.98,rigtig,16,Danmarks Statistik,gennemsnit af 4 indikatorer
217,_dim_lokalsamfund,2010-2012,2025,,,472.91,rigtig,16,Danmarks Statistik,gennemsnit af 4 indikatorer
219,_dim_lokalsamfund,2010-2012,2025,,,2.47,tempo,16,Danmarks Statistik,gennemsnit af 4 indikatorer
223,_dim_lokalsamfund,2010-2012,2025,,,4.47,rigtig,16,Danmarks Statistik,gennemsnit af 4 indikatorer
230,_dim_lokalsamfund,2010-2012,2025,,,-4.28,forkert,16,Danmarks Statistik,gennemsnit af 4 indikatorer
240,_dim_lokalsamfund,2010-2012,2025,,,-0.32,stagneret,16,Danmarks Statistik,gennemsnit af 4 indikatorer
250,_dim_lokalsamfund,2010-2012,2025,,,-6.26,forkert,16,Danmarks Statistik,gennemsnit af 4 indikatorer
253,_dim_lokalsamfund,2010-2012,2025,,,-16.36,forkert,16,Danmarks Statistik,gennemsnit af 4 indikatorer
259,_dim_lokalsamfund,2010-2012,2025,,,10.82,rigtig,16,Danmarks Statistik,gennemsnit af 4 indikatorer
260,_dim_lokalsamfund,2010-2012,2025,,,11.07,rigtig,16,Danmarks Statistik,gennemsnit af 4 indikatorer
265,_dim_lokalsamfund,2010-2012,2025,,,11.34,rigtig,16,Danmarks Statistik,gennemsnit af 4 indikatorer
269,_dim_lokalsamfund,2010-2012,2025,,,5.46,rigtig,16,Danmarks Statistik,gennemsnit af 4 indikatorer
270,_dim_lokalsamfund,2010-2012,2025,,,12.05,rigtig,16,Danmarks Statistik,gennemsnit af 4 indikatorer
306,_dim_lokalsamfund,2010-2012,2025,,,19.59,rigtig,16,Danmarks Statistik,gennemsnit af 4 indikatorer
316,_dim_lokalsamfund,2010-2012,2025,,,-5.75,forkert,16,Danmarks Statistik,gennemsnit af 4 indikatorer
320,_dim_lokalsamfund,2010-2012,2025,,,11.61,rigtig,16,Danmarks Statistik,gennemsnit af 4 indikatorer
326,_dim_lokalsamfund,2010-2012,2025,,,3.73,rigtig,16,Danmarks Statistik,gennemsnit af 4 indikatorer
329,_dim_lokalsamfund,2010-2012,2025,,,-14.35,forkert,16,Danmarks Statistik,gennemsnit af 4 indikatorer
330,_dim_lokalsamfund,2010-2012,2025,,,4.9,rigtig,16,Danmarks Statistik,gennemsnit af 4 indikatorer
336,_dim_lokalsamfund,2010-2012,2025,,,2.8,tempo,16,Danmarks Statistik,gennemsnit af 4 indikatorer
340,_dim_lokalsamfund,2010-2012,2025,,,21.54,rigtig,16,Danmarks Statistik,gennemsnit af 4 indikatorer
350,_dim_lokalsamfund,2010-2012,2025,,,14.54,rigtig,16,Danmarks Statistik,gennemsnit af 4 indikatorer
360,_dim_lokalsamfund,2010-2012,2025,,,0.03,stagneret,16,Danmarks Statistik,gennemsnit af 4 indikatorer
370,_dim_lokalsamfund,2010-2012,2025,,,7.02,rigtig,16,Danmarks Statistik,gennemsnit af 4 indikatorer
376,_dim_lokalsamfund,2010-2012,2025,,,4.38,rigtig,16,Danmarks Statistik,gennemsnit af 4 indikatorer
390,_dim_lokalsamfund,2010-2012,2025,,,-11.29,forkert,16,Danmarks Statistik,gennemsnit af 4 indikatorer
400,_dim_lokalsamfund,2010-2012,2025,,,8.4,rigtig,16,Danmarks Statistik,gennemsnit af 4 indikatorer
410,_dim_lokalsamfund,2010-2012,2025,,,-17.34,forkert,16,Danmarks Statistik,gennemsnit af 4 indikatorer
420,_dim_lokalsamfund,2010-2012,2025,,,-7.48,forkert,16,Danmarks Statistik,gennemsnit af 4 indikatorer
430,_dim_lokalsamfund,2010-2012,2025,,,8.32,rigtig,16,Danmarks Statistik,gennemsnit af 4 indikatorer
440,_dim_lokalsamfund,2010-2012,2025,,,7.52,rigtig,16,Danmarks Statistik,gennemsnit af 4 indikatorer
450,_dim_lokalsamfund,2010-2012,2025,,,21.33,rigtig,16,Danmarks Statistik,gennemsnit af 4 indikatorer
461,_dim_lokalsamfund,2010-2012,2025,,,-9.94,forkert,16,Danmarks Statistik,gennemsnit af 4 indikatorer
479,_dim_lokalsamfund,2010-2012,2025,,,41.35,rigtig,16,Danmarks Statistik,gennemsnit af 4 indikatorer
480,_dim_lokalsamfund,2010-2012,2025,,,3.07,tempo,16,Danmarks Statistik,gennemsnit af 4 indikatorer
482,_dim_lokalsamfund,2010-2012,2025,,,-2.58,forkert,16,Danmarks Statistik,gennemsnit af 4 indikatorer
492,_dim_lokalsamfund,2010-2012,2025,,,31.2,rigtig,16,Danmarks Statistik,gennemsnit af 4 indikatorer
510,_dim_lokalsamfund,2010-2012,2025,,,-0.04,stagneret,16,Danmarks Statistik,gennemsnit af 4 indikatorer
530,_dim_lokalsamfund,2010-2012,2025,,,16.53,rigtig,16,Danmarks Statistik,gennemsnit af 4 indikatorer
540,_dim_lokalsamfund,2010-2012,2025,,,-3.82,forkert,16,Danmarks Statistik,gennemsnit af 4 indikatorer
550,_dim_lokalsamfund,2010-2012,2025,,,-3.11,forkert,16,Danmarks Statistik,gennemsnit af 4 indikatorer
561,_dim_lokalsamfund,2010-2012,2025,,,6.9,rigtig,16,Danmarks Statistik,gennemsnit af 4 indikatorer
563,_dim_lokalsamfund,2010-2012,2025,,,-4.19,forkert,16,Danmarks Statistik,gennemsnit af 4 indikatorer
573,_dim_lokalsamfund,2010-2012,2025,,,14.58,rigtig,16,Danmarks Statistik,gennemsnit af 4 indikatorer
575,_dim_lokalsamfund,2010-2012,2025,,,2.72,tempo,16,Danmarks Statistik,gennemsnit af 4 indikatorer
580,_dim_lokalsamfund,2010-2012,2025,,,-0.35,stagneret,16,Danmarks Statistik,gennemsnit af 4 indikatorer
607,_dim_lokalsamfund,2010-2012,2025,,,-17.03,forkert,16,Danmarks Statistik,gennemsnit af 4 indikatorer
615,_dim_lokalsamfund,2010-2012,2025,,,-0.57,stagneret,16,Danmarks Statistik,gennemsnit af 4 indikatorer
621,_dim_lokalsamfund,2010-2012,2025,,,-16.41,forkert,16,Danmarks Statistik,gennemsnit af 4 indikatorer
630,_dim_lokalsamfund,2010-2012,2025,,,4.26,rigtig,16,Danmarks Statistik,gennemsnit af 4 indikatorer
657,_dim_lokalsamfund,2010-2012,2025,,,-0.56,stagneret,16,Danmarks Statistik,gennemsnit af 4 indikatorer
661,_dim_lokalsamfund,2010-2012,2025,,,-0.75,stagneret,16,Danmarks Statistik,gennemsnit af 4 indikatorer
665,_dim_lokalsamfund,2010-2012,2025,,,17.12,rigtig,16,Danmarks Statistik,gennemsnit af 4 indikatorer
671,_dim_lokalsamfund,2010-2012,2025,,,-2.24,forkert,16,Danmarks Statistik,gennemsnit af 4 indikatorer
706,_dim_lokalsamfund,2010-2012,2025,,,13.34,rigtig,16,Danmarks Statistik,gennemsnit af 4 indikatorer
707,_dim_lokalsamfund,2010-2012,2025,,,8.7,rigtig,16,Danmarks Statistik,gennemsnit af 4 indikatorer
710,_dim_lokalsamfund,2010-2012,2025,,,15.14,rigtig,16,Danmarks Statistik,gennemsnit af 4 indikatorer
727,_dim_lokalsamfund,2010-2012,2025,,,1.75,tempo,16,Danmarks Statistik,gennemsnit af 4 indikatorer
730,_dim_lokalsamfund,2010-2012,2025,,,25.41,rigtig,16,Danmarks Statistik,gennemsnit af 4 indikatorer
740,_dim_lokalsamfund,2010-2012,2025,,,0.98,stagneret,16,Danmarks Statistik,gennemsnit af 4 indikatorer
741,_dim_lokalsamfund,2010-2012,2025,,,27.59,rigtig,16,Danmarks Statistik,gennemsnit af 4 indikatorer
746,_dim_lokalsamfund,2010-2012,2025,,,22.44,rigtig,16,Danmarks Statistik,gennemsnit af 4 indikatorer
751,_dim_lokalsamfund,2010-2012,2025,,,1.59,tempo,16,Danmarks Statistik,gennemsnit af 4 indikatorer
756,_dim_lokalsamfund,2010-2012,2025,,,1.78,tempo,16,Danmarks Statistik,gennemsnit af 4 indikatorer
760,_dim_lokalsamfund,2010-2012,2025,,,-2.25,forkert,16,Danmarks Statistik,gennemsnit af 4 indikatorer
766,_dim_lokalsamfund,2010-2012,2025,,,7.9,rigtig,16,Danmarks Statistik,gennemsnit af 4 indikatorer
773,_dim_lokalsamfund,2010-2012,2025,,,2.55,tempo,16,Danmarks Statistik,gennemsnit af 4 indikatorer
779,_dim_lokalsamfund,2010-2012,2025,,,-5.27,forkert,16,Danmarks Statistik,gennemsnit af 4 indikatorer
787,_dim_lokalsamfund,2010-2012,2025,,,-1.97,forkert,16,Danmarks Statistik,gennemsnit af 4 indikatorer
791,_dim_lokalsamfund,2010-2012,2025,,,-3.15,forkert,16,Danmarks Statistik,gennemsnit af 4 indikatorer
810,_dim_lokalsamfund,2010-2012,2025,,,-26.11,forkert,16,Danmarks Statistik,gennemsnit af 4 indikatorer
813,_dim_lokalsamfund,2010-2012,2025,,,-2.43,forkert,16,Danmarks Statistik,gennemsnit af 4 indikatorer
820,_dim_lokalsamfund,2010-2012,2025,,,4.15,rigtig,16,Danmarks Statistik,gennemsnit af 4 indikatorer
825,_dim_lokalsamfund,2010-2012,2025,,,-18.5,forkert,16,Danmarks Statistik,gennemsnit af 4 indikatorer
840,_dim_lokalsamfund,2010-2012,2025,,,6.38,rigtig,16,Danmarks Statistik,gennemsnit af 4 indikatorer
846,_dim_lokalsamfund,2010-2012,2025,,,-29.33,forkert,16,Danmarks Statistik,gennemsnit af 4 indikatorer
849,_dim_lokalsamfund,2010-2012,2025,,,11.6,rigtig,16,Danmarks Statistik,gennemsnit af 4 indikatorer
851,_dim_lokalsamfund,2010-2012,2025,,,6.65,rigtig,16,Danmarks Statistik,gennemsnit af 4 indikatorer
860,_dim_lokalsamfund,2010-2012,2025,,,9.42,rigtig,16,Danmarks Statistik,gennemsnit af 4 indikatorer
101,_dim_mobilitet,2010-2012,2022-2024,,,-4.34,forkert,15,Danmarks Statistik,gennemsnit af 1 indikatorer
147,_dim_mobilitet,2010-2012,2022-2024,,,-4.49,forkert,15,Danmarks Statistik,gennemsnit af 1 indikatorer
151,_dim_mobilitet,2010-2012,2022-2024,,,-10.97,forkert,15,Danmarks Statistik,gennemsnit af 1 indikatorer
153,_dim_mobilitet,2010-2012,2022-2024,,,-11.97,forkert,15,Danmarks Statistik,gennemsnit af 1 indikatorer
155,_dim_mobilitet,2010-2012,2022-2024,,,-9.98,forkert,15,Danmarks Statistik,gennemsnit af 1 indikatorer
157,_dim_mobilitet,2010-2012,2022-2024,,,-12.76,forkert,15,Danmarks Statistik,gennemsnit af 1 indikatorer
159,_dim_mobilitet,2010-2012,2022-2024,,,-12.98,forkert,15,Danmarks Statistik,gennemsnit af 1 indikatorer
161,_dim_mobilitet,2010-2012,2022-2024,,,-15.91,forkert,15,Danmarks Statistik,gennemsnit af 1 indikatorer
163,_dim_mobilitet,2010-2012,2022-2024,,,-13.5,forkert,15,Danmarks Statistik,gennemsnit af 1 indikatorer
165,_dim_mobilitet,2010-2012,2022-2024,,,-13.93,forkert,15,Danmarks Statistik,gennemsnit af 1 indikatorer
167,_dim_mobilitet,2010-2012,2022-2024,,,-13.02,forkert,15,Danmarks Statistik,gennemsnit af 1 indikatorer
169,_dim_mobilitet,2010-2012,2022-2024,,,-11.13,forkert,15,Danmarks Statistik,gennemsnit af 1 indikatorer
173,_dim_mobilitet,2010-2012,2022-2024,,,-9.27,forkert,15,Danmarks Statistik,gennemsnit af 1 indikatorer
175,_dim_mobilitet,2010-2012,2022-2024,,,-13.89,forkert,15,Danmarks Statistik,gennemsnit af 1 indikatorer
183,_dim_mobilitet,2010-2012,2022-2024,,,-14.45,forkert,15,Danmarks Statistik,gennemsnit af 1 indikatorer
185,_dim_mobilitet,2010-2012,2022-2024,,,-17.0,forkert,15,Danmarks Statistik,gennemsnit af 1 indikatorer
187,_dim_mobilitet,2010-2012,2022-2024,,,-8.08,forkert,15,Danmarks Statistik,gennemsnit af 1 indikatorer
190,_dim_mobilitet,2010-2012,2022-2024,,,-9.28,forkert,15,Danmarks Statistik,gennemsnit af 1 indikatorer
201,_dim_mobilitet,2010-2012,2022-2024,,,-5.63,forkert,15,Danmarks Statistik,gennemsnit af 1 indikatorer
210,_dim_mobilitet,2010-2012,2022-2024,,,-8.18,forkert,15,Danmarks Statistik,gennemsnit af 1 indikatorer
217,_dim_mobilitet,2010-2012,2022-2024,,,-13.33,forkert,15,Danmarks Statistik,gennemsnit af 1 indikatorer
219,_dim_mobilitet,2010-2012,2022-2024,,,-7.33,forkert,15,Danmarks Statistik,gennemsnit af 1 indikatorer
223,_dim_mobilitet,2010-2012,2022-2024,,,-4.63,forkert,15,Danmarks Statistik,gennemsnit af 1 indikatorer
230,_dim_mobilitet,2010-2012,2022-2024,,,-8.88,forkert,15,Danmarks Statistik,gennemsnit af 1 indikatorer
240,_dim_mobilitet,2010-2012,2022-2024,,,-7.5,forkert,15,Danmarks Statistik,gennemsnit af 1 indikatorer
250,_dim_mobilitet,2010-2012,2022-2024,,,-10.0,forkert,15,Danmarks Statistik,gennemsnit af 1 indikatorer
253,_dim_mobilitet,2010-2012,2022-2024,,,-7.96,forkert,15,Danmarks Statistik,gennemsnit af 1 indikatorer
259,_dim_mobilitet,2010-2012,2022-2024,,,-9.43,forkert,15,Danmarks Statistik,gennemsnit af 1 indikatorer
260,_dim_mobilitet,2010-2012,2022-2024,,,-6.98,forkert,15,Danmarks Statistik,gennemsnit af 1 indikatorer
265,_dim_mobilitet,2010-2012,2022-2024,,,-9.29,forkert,15,Danmarks Statistik,gennemsnit af 1 indikatorer
269,_dim_mobilitet,2010-2012,2022-2024,,,-7.12,forkert,15,Danmarks Statistik,gennemsnit af 1 indikatorer
270,_dim_mobilitet,2010-2012,2022-2024,,,-9.74,forkert,15,Danmarks Statistik,gennemsnit af 1 indikatorer
306,_dim_mobilitet,2010-2012,2022-2024,,,-18.77,forkert,15,Danmarks Statistik,gennemsnit af 1 indikatorer
316,_dim_mobilitet,2010-2012,2022-2024,,,-11.93,forkert,15,Danmarks Statistik,gennemsnit af 1 indikatorer
320,_dim_mobilitet,2010-2012,2022-2024,,,-9.32,forkert,15,Danmarks Statistik,gennemsnit af 1 indikatorer
326,_dim_mobilitet,2010-2012,2022-2024,,,-10.25,forkert,15,Danmarks Statistik,gennemsnit af 1 indikatorer
329,_dim_mobilitet,2010-2012,2022-2024,,,-11.91,forkert,15,Danmarks Statistik,gennemsnit af 1 indikatorer
330,_dim_mobilitet,2010-2012,2022-2024,,,-13.02,forkert,15,Danmarks Statistik,gennemsnit af 1 indikatorer
336,_dim_mobilitet,2010-2012,2022-2024,,,-9.27,forkert,15,Danmarks Statistik,gennemsnit af 1 indikatorer
340,_dim_mobilitet,2010-2012,2022-2024,,,-12.76,forkert,15,Danmarks Statistik,gennemsnit af 1 indikatorer
350,_dim_mobilitet,2010-2012,2022-2024,,,-6.86,forkert,15,Danmarks Statistik,gennemsnit af 1 indikatorer
360,_dim_mobilitet,2010-2012,2022-2024,,,-35.16,forkert,15,Danmarks Statistik,gennemsnit af 1 indikatorer
370,_dim_mobilitet,2010-2012,2022-2024,,,-13.21,forkert,15,Danmarks Statistik,gennemsnit af 1 indikatorer
376,_dim_mobilitet,2010-2012,2022-2024,,,-17.25,forkert,15,Danmarks Statistik,gennemsnit af 1 indikatorer
390,_dim_mobilitet,2010-2012,2022-2024,,,-13.6,forkert,15,Danmarks Statistik,gennemsnit af 1 indikatorer
400,_dim_mobilitet,2010-2012,2022-2024,,,-20.22,forkert,15,Danmarks Statistik,gennemsnit af 1 indikatorer
410,_dim_mobilitet,2010-2012,2022-2024,,,-19.59,forkert,15,Danmarks Statistik,gennemsnit af 1 indikatorer
420,_dim_mobilitet,2010-2012,2022-2024,,,-15.66,forkert,15,Danmarks Statistik,gennemsnit af 1 indikatorer
430,_dim_mobilitet,2010-2012,2022-2024,,,-19.38,forkert,15,Danmarks Statistik,gennemsnit af 1 indikatorer
440,_dim_mobilitet,2010-2012,2022-2024,,,-18.2,forkert,15,Danmarks Statistik,gennemsnit af 1 indikatorer
450,_dim_mobilitet,2010-2012,2022-2024,,,-20.36,forkert,15,Danmarks Statistik,gennemsnit af 1 indikatorer
461,_dim_mobilitet,2010-2012,2022-2024,,,-23.18,forkert,15,Danmarks Statistik,gennemsnit af 1 indikatorer
479,_dim_mobilitet,2010-2012,2022-2024,,,-25.56,forkert,15,Danmarks Statistik,gennemsnit af 1 indikatorer
480,_dim_mobilitet,2010-2012,2022-2024,,,-21.01,forkert,15,Danmarks Statistik,gennemsnit af 1 indikatorer
482,_dim_mobilitet,2010-2012,2022-2024,,,-12.22,forkert,15,Danmarks Statistik,gennemsnit af 1 indikatorer
492,_dim_mobilitet,2010-2012,2022-2024,,,-1.26,forkert,15,Danmarks Statistik,gennemsnit af 1 indikatorer
510,_dim_mobilitet,2010-2012,2022-2024,,,-18.34,forkert,15,Danmarks Statistik,gennemsnit af 1 indikatorer
530,_dim_mobilitet,2010-2012,2022-2024,,,-27.54,forkert,15,Danmarks Statistik,gennemsnit af 1 indikatorer
540,_dim_mobilitet,2010-2012,2022-2024,,,-23.46,forkert,15,Danmarks Statistik,gennemsnit af 1 indikatorer
550,_dim_mobilitet,2010-2012,2022-2024,,,-13.45,forkert,15,Danmarks Statistik,gennemsnit af 1 indikatorer
561,_dim_mobilitet,2010-2012,2022-2024,,,-18.78,forkert,15,Danmarks Statistik,gennemsnit af 1 indikatorer
563,_dim_mobilitet,2010-2012,2022-2024,,,-23.18,forkert,15,Danmarks Statistik,gennemsnit af 1 indikatorer
573,_dim_mobilitet,2010-2012,2022-2024,,,-16.1,forkert,15,Danmarks Statistik,gennemsnit af 1 indikatorer
575,_dim_mobilitet,2010-2012,2022-2024,,,-19.31,forkert,15,Danmarks Statistik,gennemsnit af 1 indikatorer
580,_dim_mobilitet,2010-2012,2022-2024,,,-13.34,forkert,15,Danmarks Statistik,gennemsnit af 1 indikatorer
607,_dim_mobilitet,2010-2012,2022-2024,,,-16.29,forkert,15,Danmarks Statistik,gennemsnit af 1 indikatorer
615,_dim_mobilitet,2010-2012,2022-2024,,,-17.34,forkert,15,Danmarks Statistik,gennemsnit af 1 indikatorer
621,_dim_mobilitet,2010-2012,2022-2024,,,-21.83,forkert,15,Danmarks Statistik,gennemsnit af 1 indikatorer
630,_dim_mobilitet,2010-2012,2022-2024,,,-19.71,forkert,15,Danmarks Statistik,gennemsnit af 1 indikatorer
657,_dim_mobilitet,2010-2012,2022-2024,,,-20.24,forkert,15,Danmarks Statistik,gennemsnit af 1 indikatorer
661,_dim_mobilitet,2010-2012,2022-2024,,,-20.43,forkert,15,Danmarks Statistik,gennemsnit af 1 indikatorer
665,_dim_mobilitet,2010-2012,2022-2024,,,-16.93,forkert,15,Danmarks Statistik,gennemsnit af 1 indikatorer
671,_dim_mobilitet,2010-2012,2022-2024,,,-29.19,forkert,15,Danmarks Statistik,gennemsnit af 1 indikatorer
706,_dim_mobilitet,2010-2012,2022-2024,,,-15.78,forkert,15,Danmarks Statistik,gennemsnit af 1 indikatorer
707,_dim_mobilitet,2010-2012,2022-2024,,,-16.14,forkert,15,Danmarks Statistik,gennemsnit af 1 indikatorer
710,_dim_mobilitet,2010-2012,2022-2024,,,-15.04,forkert,15,Danmarks Statistik,gennemsnit af 1 indikatorer
727,_dim_mobilitet,2010-2012,2022-2024,,,-10.05,forkert,15,Danmarks Statistik,gennemsnit af 1 indikatorer
730,_dim_mobilitet,2010-2012,2022-2024,,,-14.54,forkert,15,Danmarks Statistik,gennemsnit af 1 indikatorer
740,_dim_mobilitet,2010-2012,2022-2024,,,-23.63,forkert,15,Danmarks Statistik,gennemsnit af 1 indikatorer
741,_dim_mobilitet,2010-2012,2022-2024,,,-17.36,forkert,15,Danmarks Statistik,gennemsnit af 1 indikatorer
746,_dim_mobilitet,2010-2012,2022-2024,,,-11.27,forkert,15,Danmarks Statistik,gennemsnit af 1 indikatorer
751,_dim_mobilitet,2010-2012,2022-2024,,,-15.96,forkert,15,Danmarks Statistik,gennemsnit af 1 indikatorer
756,_dim_mobilitet,2010-2012,2022-2024,,,-24.58,forkert,15,Danmarks Statistik,gennemsnit af 1 indikatorer
760,_dim_mobilitet,2010-2012,2022-2024,,,-12.96,forkert,15,Danmarks Statistik,gennemsnit af 1 indikatorer
766,_dim_mobilitet,2010-2012,2022-2024,,,-14.91,forkert,15,Danmarks Statistik,gennemsnit af 1 indikatorer
773,_dim_mobilitet,2010-2012,2022-2024,,,-12.41,forkert,15,Danmarks Statistik,gennemsnit af 1 indikatorer
779,_dim_mobilitet,2010-2012,2022-2024,,,-12.77,forkert,15,Danmarks Statistik,gennemsnit af 1 indikatorer
787,_dim_mobilitet,2010-2012,2022-2024,,,-27.42,forkert,15,Danmarks Statistik,gennemsnit af 1 indikatorer
791,_dim_mobilitet,2010-2012,2022-2024,,,-19.59,forkert,15,Danmarks Statistik,gennemsnit af 1 indikatorer
810,_dim_mobilitet,2010-2012,2022-2024,,,-23.68,forkert,15,Danmarks Statistik,gennemsnit af 1 indikatorer
813,_dim_mobilitet,2010-2012,2022-2024,,,-19.3,forkert,15,Danmarks Statistik,gennemsnit af 1 indikatorer
820,_dim_mobilitet,2010-2012,2022-2024,,,-19.51,forkert,15,Danmarks Statistik,gennemsnit af 1 indikatorer
825,_dim_mobilitet,2010-2012,2022-2024,,,12.06,rigtig,15,Danmarks Statistik,gennemsnit af 1 indikatorer
840,_dim_mobilitet,2010-2012,2022-2024,,,-16.6,forkert,15,Danmarks Statistik,gennemsnit af 1 indikatorer
846,_dim_mobilitet,2010-2012,2022-2024,,,-18.93,forkert,15,Danmarks Statistik,gennemsnit af 1 indikatorer
849,_dim_mobilitet,2010-2012,2022-2024,,,-17.88,forkert,15,Danmarks Statistik,gennemsnit af 1 indikatorer
851,_dim_mobilitet,2010-2012,2022-2024,,,-21.37,forkert,15,Danmarks Statistik,gennemsnit af 1 indikatorer
860,_dim_mobilitet,2010-2012,2022-2024,,,-17.43,forkert,15,Danmarks Statistik,gennemsnit af 1 indikatorer
101,_dim_naeringsstoffer,2010-2012,2022-2024,,,-25.57,forkert,15,Danmarks Statistik,naer_nitrogen
167,_dim_naeringsstoffer,2010-2012,2022-2024,,,-26.83,forkert,15,Danmarks Statistik,naer_phosphorus
185,_dim_naeringsstoffer,2010-2012,2022-2024,,,29.59,rigtig,15,Danmarks Statistik,naer_phosphorus
253,_dim_naeringsstoffer,2010-2012,2022-2024,,,-38.92,forkert,15,Danmarks Statistik,naer_nitrogen
269,_dim_naeringsstoffer,2010-2012,2022-2024,,,-7.89,forkert,14,Danmarks Statistik,naer_phosphorus
320,_dim_naeringsstoffer,2010-2012,2022-2024,,,-9.68,forkert,15,Danmarks Statistik,naer_phosphorus
326,_dim_naeringsstoffer,2010-2012,2022-2024,,,-24.98,forkert,15,Danmarks Statistik,naer_nitrogen
360,_dim_naeringsstoffer,2010-2012,2022-2024,,,-12.95,forkert,15,Danmarks Statistik,naer_phosphorus
400,_dim_naeringsstoffer,2010-2012,2022-2024,,,-51.8,forkert,15,Danmarks Statistik,naer_phosphorus
482,_dim_naeringsstoffer,2010-2012,2022-2024,,,-23.17,forkert,15,Danmarks Statistik,naer_nitrogen
510,_dim_naeringsstoffer,2010-2012,2022-2024,,,-8.74,forkert,15,Danmarks Statistik,naer_nitrogen
550,_dim_naeringsstoffer,2010-2012,2022-2024,,,-30.42,forkert,15,Danmarks Statistik,naer_phosphorus
580,_dim_naeringsstoffer,2010-2012,2022-2024,,,-56.55,forkert,15,Danmarks Statistik,naer_phosphorus
630,_dim_naeringsstoffer,2010-2012,2022-2024,,,-7.54,forkert,15,Danmarks Statistik,naer_nitrogen
657,_dim_naeringsstoffer,2010-2012,2022-2024,,,-9.66,forkert,15,Danmarks Statistik,naer_nitrogen
665,_dim_naeringsstoffer,2010-2012,2022-2024,,,11.57,rigtig,15,Danmarks Statistik,naer_phosphorus
741,_dim_naeringsstoffer,2010-2012,2022-2024,,,-21.55,forkert,15,Danmarks Statistik,naer_nitrogen
756,_dim_naeringsstoffer,2010-2012,2022-2024,,,-2.1,forkert,15,Danmarks Statistik,naer_nitrogen
760,_dim_naeringsstoffer,2010-2012,2022-2024,,,-80.45,forkert,15,Danmarks Statistik,naer_nitrogen
787,_dim_naeringsstoffer,2010-2012,2022-2024,,,-29.56,forkert,15,Danmarks Statistik,naer_nitrogen
813,_dim_naeringsstoffer,2010-2012,2022-2024,,,-183.08,forkert,15,Danmarks Statistik,naer_phosphorus
825,_dim_naeringsstoffer,2010-2012,2022-2024,,,-9.37,forkert,15,Danmarks Statistik,naer_phosphorus
851,_dim_naeringsstoffer,2010-2012,2022-2024,,,-107.6,forkert,15,Danmarks Statistik,naer_phosphorus
101,_dim_sundhed,2014-2016,2025,,,2.25,rigtig,12,Danmarks Statistik,gennemsnit af 9 indikatorer
147,_dim_sundhed,2014-2016,2025,,,0.91,stagneret,12,Danmarks Statistik,gennemsnit af 9 indikatorer
151,_dim_sundhed,2014-2016,2025,,,2.49,rigtig,12,Danmarks Statistik,gennemsnit af 9 indikatorer
153,_dim_sundhed,2014-2016,2025,,,-1.58,forkert,12,Danmarks Statistik,gennemsnit af 9 indikatorer
155,_dim_sundhed,2014-2016,2025,,,-6.31,forkert,12,Danmarks Statistik,gennemsnit af 9 indikatorer
157,_dim_sundhed,2014-2016,2025,,,3.79,rigtig,12,Danmarks Statistik,gennemsnit af 9 indikatorer
159,_dim_sundhed,2014-2016,2025,,,1.74,rigtig,12,Danmarks Statistik,gennemsnit af 9 indikatorer
161,_dim_sundhed,2014-2016,2025,,,-5.45,forkert,12,Danmarks Statistik,gennemsnit af 9 indikatorer
163,_dim_sundhed,2014-2016,2025,,,4.1,rigtig,12,Danmarks Statistik,gennemsnit af 9 indikatorer
165,_dim_sundhed,2014-2016,2025,,,-5.5,forkert,12,Danmarks Statistik,gennemsnit af 9 indikatorer
167,_dim_sundhed,2014-2016,2025,,,-1.09,forkert,12,Danmarks Statistik,gennemsnit af 9 indikatorer
169,_dim_sundhed,2014-2016,2025,,,0.67,stagneret,12,Danmarks Statistik,gennemsnit af 9 indikatorer
173,_dim_sundhed,2014-2016,2025,,,8.08,rigtig,12,Danmarks Statistik,gennemsnit af 9 indikatorer
175,_dim_sundhed,2014-2016,2025,,,9.05,rigtig,12,Danmarks Statistik,gennemsnit af 9 indikatorer
183,_dim_sundhed,2014-2016,2025,,,-2.66,forkert,12,Danmarks Statistik,gennemsnit af 9 indikatorer
185,_dim_sundhed,2014-2016,2025,,,1.93,rigtig,12,Danmarks Statistik,gennemsnit af 9 indikatorer
187,_dim_sundhed,2014-2016,2025,,,-0.72,stagneret,12,Danmarks Statistik,gennemsnit af 9 indikatorer
190,_dim_sundhed,2014-2016,2025,,,1.67,rigtig,12,Danmarks Statistik,gennemsnit af 9 indikatorer
201,_dim_sundhed,2014-2016,2025,,,4.57,rigtig,12,Danmarks Statistik,gennemsnit af 9 indikatorer
210,_dim_sundhed,2014-2016,2025,,,4.75,rigtig,12,Danmarks Statistik,gennemsnit af 9 indikatorer
217,_dim_sundhed,2014-2016,2025,,,5.09,rigtig,12,Danmarks Statistik,gennemsnit af 9 indikatorer
219,_dim_sundhed,2014-2016,2025,,,-5.04,forkert,12,Danmarks Statistik,gennemsnit af 9 indikatorer
223,_dim_sundhed,2014-2016,2025,,,1.94,rigtig,12,Danmarks Statistik,gennemsnit af 9 indikatorer
230,_dim_sundhed,2014-2016,2025,,,10.72,rigtig,12,Danmarks Statistik,gennemsnit af 9 indikatorer
240,_dim_sundhed,2014-2016,2025,,,-8.13,forkert,12,Danmarks Statistik,gennemsnit af 9 indikatorer
250,_dim_sundhed,2014-2016,2025,,,-3.71,forkert,12,Danmarks Statistik,gennemsnit af 9 indikatorer
253,_dim_sundhed,2014-2016,2025,,,-9.83,forkert,12,Danmarks Statistik,gennemsnit af 9 indikatorer
259,_dim_sundhed,2014-2016,2025,,,-1.12,forkert,12,Danmarks Statistik,gennemsnit af 9 indikatorer
260,_dim_sundhed,2014-2016,2025,,,-1.26,forkert,12,Danmarks Statistik,gennemsnit af 9 indikatorer
265,_dim_sundhed,2014-2016,2025,,,-0.14,stagneret,12,Danmarks Statistik,gennemsnit af 9 indikatorer
269,_dim_sundhed,2014-2016,2025,,,-9.91,forkert,12,Danmarks Statistik,gennemsnit af 9 indikatorer
270,_dim_sundhed,2014-2016,2025,,,3.92,rigtig,12,Danmarks Statistik,gennemsnit af 9 indikatorer
306,_dim_sundhed,2014-2016,2025,,,1.71,rigtig,12,Danmarks Statistik,gennemsnit af 9 indikatorer
316,_dim_sundhed,2014-2016,2025,,,0.39,stagneret,12,Danmarks Statistik,gennemsnit af 9 indikatorer
320,_dim_sundhed,2014-2016,2025,,,-23.86,forkert,12,Danmarks Statistik,gennemsnit af 9 indikatorer
326,_dim_sundhed,2014-2016,2025,,,-0.49,stagneret,12,Danmarks Statistik,gennemsnit af 9 indikatorer
329,_dim_sundhed,2014-2016,2025,,,-3.9,forkert,12,Danmarks Statistik,gennemsnit af 9 indikatorer
330,_dim_sundhed,2014-2016,2025,,,1.36,rigtig,12,Danmarks Statistik,gennemsnit af 9 indikatorer
336,_dim_sundhed,2014-2016,2025,,,-4.04,forkert,12,Danmarks Statistik,gennemsnit af 9 indikatorer
340,_dim_sundhed,2014-2016,2025,,,-0.3,stagneret,12,Danmarks Statistik,gennemsnit af 9 indikatorer
350,_dim_sundhed,2014-2016,2025,,,-5.36,forkert,12,Danmarks Statistik,gennemsnit af 9 indikatorer
360,_dim_sundhed,2014-2016,2025,,,-3.28,forkert,12,Danmarks Statistik,gennemsnit af 9 indikatorer
370,_dim_sundhed,2014-2016,2025,,,-4.5,forkert,12,Danmarks Statistik,gennemsnit af 9 indikatorer
376,_dim_sundhed,2014-2016,2025,,,-0.18,stagneret,12,Danmarks Statistik,gennemsnit af 9 indikatorer
390,_dim_sundhed,2014-2016,2025,,,-5.69,forkert,12,Danmarks Statistik,gennemsnit af 9 indikatorer
400,_dim_sundhed,2014-2016,2025,,,2.39,rigtig,12,Danmarks Statistik,gennemsnit af 9 indikatorer
410,_dim_sundhed,2014-2016,2025,,,0.4,stagneret,12,Danmarks Statistik,gennemsnit af 9 indikatorer
420,_dim_sundhed,2014-2016,2025,,,0.57,stagneret,12,Danmarks Statistik,gennemsnit af 9 indikatorer
430,_dim_sundhed,2014-2016,2025,,,-2.57,forkert,12,Danmarks Statistik,gennemsnit af 9 indikatorer
440,_dim_sundhed,2014-2016,2025,,,0.38,stagneret,12,Danmarks Statistik,gennemsnit af 9 indikatorer
450,_dim_sundhed,2014-2016,2025,,,-1.9,forkert,12,Danmarks Statistik,gennemsnit af 9 indikatorer
461,_dim_sundhed,2014-2016,2025,,,1.32,rigtig,12,Danmarks Statistik,gennemsnit af 9 indikatorer
479,_dim_sundhed,2014-2016,2025,,,-3.55,forkert,12,Danmarks Statistik,gennemsnit af 9 indikatorer
480,_dim_sundhed,2014-2016,2025,,,-0.5,stagneret,12,Danmarks Statistik,gennemsnit af 9 indikatorer
482,_dim_sundhed,2014-2016,2025,,,0.68,stagneret,12,Danmarks Statistik,gennemsnit af 9 indikatorer
492,_dim_sundhed,2017,2025,,,10.94,rigtig,9,Danmarks Statistik,gennemsnit af 8 indikatorer
510,_dim_sundhed,2014-2016,2025,,,0.52,stagneret,12,Danmarks Statistik,gennemsnit af 9 indikatorer
530,_dim_sundhed,2014-2016,2025,,,-3.29,forkert,12,Danmarks Statistik,gennemsnit af 9 indikatorer
540,_dim_sundhed,2014-2016,2025,,,6.38,rigtig,12,Danmarks Statistik,gennemsnit af 9 indikatorer
550,_dim_sundhed,2014-2016,2025,,,-3.45,forkert,12,Danmarks Statistik,gennemsnit af 9 indikatorer
561,_dim_sundhed,2014-2016,2025,,,-2.8,forkert,12,Danmarks Statistik,gennemsnit af 9 indikatorer
563,_dim_sundhed,2017,2025,,,3.45,rigtig,9,Danmarks Statistik,gennemsnit af 8 indikatorer
573,_dim_sundhed,2014-2016,2025,,,0.92,stagneret,12,Danmarks Statistik,gennemsnit af 9 indikatorer
575,_dim_sundhed,2014-2016,2025,,,2.28,rigtig,12,Danmarks Statistik,gennemsnit af 9 indikatorer
580,_dim_sundhed,2014-2016,2025,,,4.54,rigtig,12,Danmarks Statistik,gennemsnit af 9 indikatorer
607,_dim_sundhed,2014-2016,2025,,,0.44,stagneret,12,Danmarks Statistik,gennemsnit af 9 indikatorer
615,_dim_sundhed,2014-2016,2025,,,-0.24,stagneret,12,Danmarks Statistik,gennemsnit af 9 indikatorer
621,_dim_sundhed,2014-2016,2025,,,3.23,rigtig,12,Danmarks Statistik,gennemsnit af 9 indikatorer
630,_dim_sundhed,2014-2016,2025,,,0.54,stagneret,12,Danmarks Statistik,gennemsnit af 9 indikatorer
657,_dim_sundhed,2014-2016,2025,,,-1.94,forkert,12,Danmarks Statistik,gennemsnit af 9 indikatorer
661,_dim_sundhed,2014-2016,2025,,,-4.9,forkert,12,Danmarks Statistik,gennemsnit af 9 indikatorer
665,_dim_sundhed,2014-2016,2025,,,-0.58,stagneret,12,Danmarks Statistik,gennemsnit af 9 indikatorer
671,_dim_sundhed,2014-2016,2025,,,-6.76,forkert,12,Danmarks Statistik,gennemsnit af 9 indikatorer
706,_dim_sundhed,2014-2016,2025,,,-1.02,forkert,12,Danmarks Statistik,gennemsnit af 9 indikatorer
707,_dim_sundhed,2014-2016,2025,,,-4.51,forkert,12,Danmarks Statistik,gennemsnit af 9 indikatorer
710,_dim_sundhed,2014-2016,2025,,,-6.6,forkert,12,Danmarks Statistik,gennemsnit af 9 indikatorer
727,_dim_sundhed,2014-2016,2025,,,-0.32,stagneret,12,Danmarks Statistik,gennemsnit af 9 indikatorer
730,_dim_sundhed,2014-2016,2025,,,-3.12,forkert,12,Danmarks Statistik,gennemsnit af 9 indikatorer
740,_dim_sundhed,2014-2016,2025,,,3.5,rigtig,12,Danmarks Statistik,gennemsnit af 9 indikatorer
741,_dim_sundhed,2017,2025,,,3.33,rigtig,9,Danmarks Statistik,gennemsnit af 8 indikatorer
746,_dim_sundhed,2014-2016,2025,,,-0.3,stagneret,12,Danmarks Statistik,gennemsnit af 9 indikatorer
751,_dim_sundhed,2014-2016,2025,,,-0.4,stagneret,12,Danmarks Statistik,gennemsnit af 9 indikatorer
756,_dim_sundhed,2014-2016,2025,,,1.28,rigtig,12,Danmarks Statistik,gennemsnit af 9 indikatorer
760,_dim_sundhed,2014-2016,2025,,,0.98,stagneret,12,Danmarks Statistik,gennemsnit af 9 indikatorer
766,_dim_sundhed,2014-2016,2025,,,-5.94,forkert,12,Danmarks Statistik,gennemsnit af 9 indikatorer
773,_dim_sundhed,2014-2016,2025,,,-3.17,forkert,12,Danmarks Statistik,gennemsnit af 9 indikatorer
779,_dim_sundhed,2014-2016,2025,,,-0.09,stagneret,12,Danmarks Statistik,gennemsnit af 9 indikatorer
787,_dim_sundhed,2014-2016,2025,,,-5.39,forkert,12,Danmarks Statistik,gennemsnit af 9 indikatorer
791,_dim_sundhed,2014-2016,2025,,,-0.9,stagneret,12,Danmarks Statistik,gennemsnit af 9 indikatorer
810,_dim_sundhed,2014-2016,2025,,,0.71,stagneret,12,Danmarks Statistik,gennemsnit af 9 indikatorer
813,_dim_sundhed,2014-2016,2025,,,-4.75,forkert,12,Danmarks Statistik,gennemsnit af 9 indikatorer
820,_dim_sundhed,2014-2016,2025,,,-5.3,forkert,12,Danmarks Statistik,gennemsnit af 9 indikatorer
825,_dim_sundhed,2017,2025,,,-1.69,forkert,9,Danmarks Statistik,gennemsnit af 8 indikatorer
840,_dim_sundhed,2014-2016,2025,,,1.4,rigtig,12,Danmarks Statistik,gennemsnit af 9 indikatorer
846,_dim_sundhed,2014-2016,2025,,,-1.08,forkert,12,Danmarks Statistik,gennemsnit af 9 indikatorer
849,_dim_sundhed,2014-2016,2025,,,-1.04,forkert,12,Danmarks Statistik,gennemsnit af 9 indikatorer
851,_dim_sundhed,2014-2016,2025,,,2.09,rigtig,12,Danmarks Statistik,gennemsnit af 9 indikatorer
860,_dim_sundhed,2014-2016,2025,,,1.75,rigtig,12,Danmarks Statistik,gennemsnit af 9 indikatorer
101,_dim_tryghed,2010-2012,2023-2025,,,31.45,tempo,16,Danmarks Statistik,gennemsnit af 2 indikatorer
147,_dim_tryghed,2010-2012,2023-2025,,,17.7,tempo,16,Danmarks Statistik,gennemsnit af 2 indikatorer
151,_dim_tryghed,2010-2012,2023-2025,,,32.34,tempo,16,Danmarks Statistik,gennemsnit af 2 indikatorer
153,_dim_tryghed,2010-2012,2023-2025,,,34.15,tempo,16,Danmarks Statistik,gennemsnit af 2 indikatorer
155,_dim_tryghed,2010-2012,2023-2025,,,14.33,tempo,16,Danmarks Statistik,gennemsnit af 2 indikatorer
157,_dim_tryghed,2010-2012,2023-2025,,,25.0,tempo,16,Danmarks Statistik,gennemsnit af 2 indikatorer
159,_dim_tryghed,2010-2012,2023-2025,,,25.29,tempo,16,Danmarks Statistik,gennemsnit af 2 indikatorer
161,_dim_tryghed,2010-2012,2023-2025,,,29.63,tempo,16,Danmarks Statistik,gennemsnit af 2 indikatorer
163,_dim_tryghed,2010-2012,2023-2025,,,34.23,tempo,16,Danmarks Statistik,gennemsnit af 2 indikatorer
165,_dim_tryghed,2010-2012,2023-2025,,,28.56,tempo,16,Danmarks Statistik,gennemsnit af 2 indikatorer
167,_dim_tryghed,2010-2012,2023-2025,,,37.34,tempo,16,Danmarks Statistik,gennemsnit af 2 indikatorer
169,_dim_tryghed,2010-2012,2023-2025,,,38.59,rigtig,16,Danmarks Statistik,gennemsnit af 2 indikatorer
173,_dim_tryghed,2010-2012,2023-2025,,,37.96,rigtig,16,Danmarks Statistik,gennemsnit af 2 indikatorer
175,_dim_tryghed,2010-2012,2023-2025,,,43.13,rigtig,16,Danmarks Statistik,gennemsnit af 2 indikatorer
183,_dim_tryghed,2010-2012,2023-2025,,,46.89,rigtig,16,Danmarks Statistik,gennemsnit af 2 indikatorer
185,_dim_tryghed,2010-2012,2023-2025,,,17.36,tempo,16,Danmarks Statistik,gennemsnit af 2 indikatorer
187,_dim_tryghed,2010-2012,2023-2025,,,17.33,tempo,16,Danmarks Statistik,gennemsnit af 2 indikatorer
190,_dim_tryghed,2010-2012,2023-2025,,,31.17,tempo,16,Danmarks Statistik,gennemsnit af 2 indikatorer
201,_dim_tryghed,2010-2012,2023-2025,,,39.44,rigtig,16,Danmarks Statistik,gennemsnit af 2 indikatorer
210,_dim_tryghed,2010-2012,2023-2025,,,41.04,rigtig,16,Danmarks Statistik,gennemsnit af 2 indikatorer
217,_dim_tryghed,2010-2012,2023-2025,,,32.83,tempo,16,Danmarks Statistik,gennemsnit af 2 indikatorer
219,_dim_tryghed,2010-2012,2023-2025,,,28.52,tempo,16,Danmarks Statistik,gennemsnit af 2 indikatorer
223,_dim_tryghed,2010-2012,2023-2025,,,28.37,tempo,16,Danmarks Statistik,gennemsnit af 2 indikatorer
230,_dim_tryghed,2010-2012,2023-2025,,,30.3,tempo,16,Danmarks Statistik,gennemsnit af 2 indikatorer
240,_dim_tryghed,2010-2012,2023-2025,,,17.52,tempo,16,Danmarks Statistik,gennemsnit af 2 indikatorer
250,_dim_tryghed,2010-2012,2023-2025,,,28.91,tempo,16,Danmarks Statistik,gennemsnit af 2 indikatorer
253,_dim_tryghed,2010-2012,2023-2025,,,47.24,rigtig,16,Danmarks Statistik,gennemsnit af 2 indikatorer
259,_dim_tryghed,2010-2012,2023-2025,,,42.98,rigtig,16,Danmarks Statistik,gennemsnit af 2 indikatorer
260,_dim_tryghed,2010-2012,2023-2025,,,33.81,tempo,16,Danmarks Statistik,gennemsnit af 2 indikatorer
265,_dim_tryghed,2010-2012,2023-2025,,,33.09,tempo,16,Danmarks Statistik,gennemsnit af 2 indikatorer
269,_dim_tryghed,2010-2012,2023-2025,,,48.14,rigtig,16,Danmarks Statistik,gennemsnit af 2 indikatorer
270,_dim_tryghed,2010-2012,2023-2025,,,23.47,tempo,16,Danmarks Statistik,gennemsnit af 2 indikatorer
306,_dim_tryghed,2010-2012,2023-2025,,,36.06,tempo,16,Danmarks Statistik,gennemsnit af 2 indikatorer
316,_dim_tryghed,2010-2012,2023-2025,,,24.24,tempo,16,Danmarks Statistik,gennemsnit af 2 indikatorer
320,_dim_tryghed,2010-2012,2023-2025,,,38.47,rigtig,16,Danmarks Statistik,gennemsnit af 2 indikatorer
326,_dim_tryghed,2010-2012,2023-2025,,,34.86,tempo,16,Danmarks Statistik,gennemsnit af 2 indikatorer
329,_dim_tryghed,2010-2012,2023-2025,,,44.33,rigtig,16,Danmarks Statistik,gennemsnit af 2 indikatorer
330,_dim_tryghed,2010-2012,2023-2025,,,26.96,tempo,16,Danmarks Statistik,gennemsnit af 2 indikatorer
336,_dim_tryghed,2010-2012,2023-2025,,,16.12,tempo,16,Danmarks Statistik,gennemsnit af 2 indikatorer
340,_dim_tryghed,2010-2012,2023-2025,,,33.64,tempo,16,Danmarks Statistik,gennemsnit af 2 indikatorer
350,_dim_tryghed,2010-2012,2023-2025,,,29.48,tempo,16,Danmarks Statistik,gennemsnit af 2 indikatorer
360,_dim_tryghed,2010-2012,2023-2025,,,28.62,tempo,16,Danmarks Statistik,gennemsnit af 2 indikatorer
370,_dim_tryghed,2010-2012,2023-2025,,,12.97,tempo,16,Danmarks Statistik,gennemsnit af 2 indikatorer
376,_dim_tryghed,2010-2012,2023-2025,,,32.3,tempo,16,Danmarks Statistik,gennemsnit af 2 indikatorer
390,_dim_tryghed,2010-2012,2023-2025,,,36.55,tempo,16,Danmarks Statistik,gennemsnit af 2 indikatorer
400,_dim_tryghed,2010-2012,2023-2025,,,31.12,tempo,16,Danmarks Statistik,gennemsnit af 2 indikatorer
410,_dim_tryghed,2010-2012,2023-2025,,,45.9,rigtig,16,Danmarks Statistik,gennemsnit af 2 indikatorer
420,_dim_tryghed,2010-2012,2023-2025,,,44.3,rigtig,16,Danmarks Statistik,gennemsnit af 2 indikatorer
430,_dim_tryghed,2010-2012,2023-2025,,,39.98,rigtig,16,Danmarks Statistik,gennemsnit af 2 indikatorer
440,_dim_tryghed,2010-2012,2023-2025,,,39.21,rigtig,16,Danmarks Statistik,gennemsnit af 2 indikatorer
450,_dim_tryghed,2010-2012,2023-2025,,,48.55,rigtig,16,Danmarks Statistik,gennemsnit af 2 indikatorer
461,_dim_tryghed,2010-2012,2023-2025,,,48.25,rigtig,16,Danmarks Statistik,gennemsnit af 2 indikatorer
479,_dim_tryghed,2010-2012,2023-2025,,,36.83,tempo,16,Danmarks Statistik,gennemsnit af 2 indikatorer
480,_dim_tryghed,2010-2012,2023-2025,,,39.52,rigtig,16,Danmarks Statistik,gennemsnit af 2 indikatorer
482,_dim_tryghed,2010-2012,2023-2025,,,43.92,rigtig,16,Danmarks Statistik,gennemsnit af 2 indikatorer
492,_dim_tryghed,2010-2012,2023-2025,,,15.07,tempo,16,Danmarks Statistik,gennemsnit af 2 indikatorer
510,_dim_tryghed,2010-2012,2023-2025,,,42.39,rigtig,16,Danmarks Statistik,gennemsnit af 2 indikatorer
530,_dim_tryghed,2010-2012,2023-2025,,,28.02,tempo,16,Danmarks Statistik,gennemsnit af 2 indikatorer
540,_dim_tryghed,2010-2012,2023-2025,,,49.04,rigtig,16,Danmarks Statistik,gennemsnit af 2 indikatorer
550,_dim_tryghed,2010-2012,2023-2025,,,43.66,rigtig,16,Danmarks Statistik,gennemsnit af 2 indikatorer
561,_dim_tryghed,2010-2012,2023-2025,,,45.4,rigtig,16,Danmarks Statistik,gennemsnit af 2 indikatorer
563,_dim_tryghed,2010-2012,2023-2025,,,-59.01,forkert,16,Danmarks Statistik,gennemsnit af 2 indikatorer
573,_dim_tryghed,2010-2012,2023-2025,,,48.27,rigtig,16,Danmarks Statistik,gennemsnit af 2 indikatorer
575,_dim_tryghed,2010-2012,2023-2025,,,53.13,rigtig,16,Danmarks Statistik,gennemsnit af 2 indikatorer
580,_dim_tryghed,2010-2012,2023-2025,,,46.22,rigtig,16,Danmarks Statistik,gennemsnit af 2 indikatorer
607,_dim_tryghed,2010-2012,2023-2025,,,30.18,tempo,16,Danmarks Statistik,gennemsnit af 2 indikatorer
615,_dim_tryghed,2010-2012,2023-2025,,,48.62,rigtig,16,Danmarks Statistik,gennemsnit af 2 indikatorer
621,_dim_tryghed,2010-2012,2023-2025,,,42.44,rigtig,16,Danmarks Statistik,gennemsnit af 2 indikatorer
630,_dim_tryghed,2010-2012,2023-2025,,,45.57,rigtig,16,Danmarks Statistik,gennemsnit af 2 indikatorer
657,_dim_tryghed,2010-2012,2023-2025,,,44.17,rigtig,16,Danmarks Statistik,gennemsnit af 2 indikatorer
661,_dim_tryghed,2010-2012,2023-2025,,,32.28,tempo,16,Danmarks Statistik,gennemsnit af 2 indikatorer
665,_dim_tryghed,2010-2012,2023-2025,,,19.55,tempo,16,Danmarks Statistik,gennemsnit af 2 indikatorer
671,_dim_tryghed,2010-2012,2023-2025,,,40.48,rigtig,16,Danmarks Statistik,gennemsnit af 2 indikatorer
706,_dim_tryghed,2010-2012,2023-2025,,,45.12,rigtig,16,Danmarks Statistik,gennemsnit af 2 indikatorer
707,_dim_tryghed,2010-2012,2023-2025,,,40.83,rigtig,16,Danmarks Statistik,gennemsnit af 2 indikatorer
710,_dim_tryghed,2010-2012,2023-2025,,,43.63,rigtig,16,Danmarks Statistik,gennemsnit af 2 indikatorer
727,_dim_tryghed,2010-2012,2023-2025,,,46.11,rigtig,16,Danmarks Statistik,gennemsnit af 2 indikatorer
730,_dim_tryghed,2010-2012,2023-2025,,,43.03,rigtig,16,Danmarks Statistik,gennemsnit af 2 indikatorer
740,_dim_tryghed,2010-2012,2023-2025,,,48.42,rigtig,16,Danmarks Statistik,gennemsnit af 2 indikatorer
741,_dim_tryghed,2010-2012,2023-2025,,,1.2,tempo,16,Danmarks Statistik,gennemsnit af 2 indikatorer
746,_dim_tryghed,2010-2012,2023-2025,,,52.57,rigtig,16,Danmarks Statistik,gennemsnit af 2 indikatorer
751,_dim_tryghed,2010-2012,2023-2025,,,25.61,tempo,16,Danmarks Statistik,gennemsnit af 2 indikatorer
756,_dim_tryghed,2010-2012,2023-2025,,,31.07,tempo,16,Danmarks Statistik,gennemsnit af 2 indikatorer
760,_dim_tryghed,2010-2012,2023-2025,,,34.5,tempo,16,Danmarks Statistik,gennemsnit af 2 indikatorer
766,_dim_tryghed,2010-2012,2023-2025,,,40.28,rigtig,16,Danmarks Statistik,gennemsnit af 2 indikatorer
773,_dim_tryghed,2010-2012,2023-2025,,,41.79,rigtig,16,Danmarks Statistik,gennemsnit af 2 indikatorer
779,_dim_tryghed,2010-2012,2023-2025,,,37.98,rigtig,16,Danmarks Statistik,gennemsnit af 2 indikatorer
787,_dim_tryghed,2010-2012,2023-2025,,,50.64,rigtig,16,Danmarks Statistik,gennemsnit af 2 indikatorer
791,_dim_tryghed,2010-2012,2023-2025,,,26.83,tempo,16,Danmarks Statistik,gennemsnit af 2 indikatorer
810,_dim_tryghed,2010-2012,2023-2025,,,50.36,rigtig,16,Danmarks Statistik,gennemsnit af 2 indikatorer
813,_dim_tryghed,2010-2012,2023-2025,,,39.2,rigtig,16,Danmarks Statistik,gennemsnit af 2 indikatorer
820,_dim_tryghed,2010-2012,2023-2025,,,30.24,tempo,16,Danmarks Statistik,gennemsnit af 2 indikatorer
825,_dim_tryghed,2010-2012,2023-2025,,,-10.16,forkert,16,Danmarks Statistik,gennemsnit af 2 indikatorer
840,_dim_tryghed,2010-2012,2023-2025,,,45.49,rigtig,16,Danmarks Statistik,gennemsnit af 2 indikatorer
846,_dim_tryghed,2010-2012,2023-2025,,,49.61,rigtig,16,Danmarks Statistik,gennemsnit af 2 indikatorer
849,_dim_tryghed,2010-2012,2023-2025,,,48.76,rigtig,16,Danmarks Statistik,gennemsnit af 2 indikatorer
851,_dim_tryghed,2010-2012,2023-2025,,,43.47,rigtig,16,Danmarks Statistik,gennemsnit af 2 indikatorer
860,_dim_tryghed,2010-2012,2023-2025,,,39.71,rigtig,16,Danmarks Statistik,gennemsnit af 2 indikatorer
101,_dim_uddannelse,2010-2012,2024,,,6.24,rigtig,16,Danmarks Statistik,gennemsnit af 8 indikatorer
147,_dim_uddannelse,2010-2012,2024-2026,,,-1.71,forkert,16,Danmarks Statistik,gennemsnit af 9 indikatorer
151,_dim_uddannelse,2010-2012,2024-2026,,,0.86,stagneret,16,Danmarks Statistik,gennemsnit af 9 indikatorer
153,_dim_uddannelse,2010-2012,2024-2026,,,6.48,rigtig,16,Danmarks Statistik,gennemsnit af 9 indikatorer
155,_dim_uddannelse,2010-2012,2024-2026,,,-2.56,forkert,16,Danmarks Statistik,gennemsnit af 9 indikatorer
157,_dim_uddannelse,2010-2012,2024,,,-1.66,forkert,16,Danmarks Statistik,gennemsnit af 8 indikatorer
159,_dim_uddannelse,2010-2012,2024,,,-1.51,forkert,16,Danmarks Statistik,gennemsnit af 8 indikatorer
161,_dim_uddannelse,2010-2012,2024-2026,,,4.56,rigtig,16,Danmarks Statistik,gennemsnit af 9 indikatorer
163,_dim_uddannelse,2010-2012,2024-2026,,,3.4,rigtig,16,Danmarks Statistik,gennemsnit af 9 indikatorer
165,_dim_uddannelse,2010-2012,2024-2026,,,6.37,rigtig,16,Danmarks Statistik,gennemsnit af 9 indikatorer
167,_dim_uddannelse,2010-2012,2024-2026,,,1.94,rigtig,16,Danmarks Statistik,gennemsnit af 9 indikatorer
169,_dim_uddannelse,2010-2012,2024-2026,,,7.61,rigtig,16,Danmarks Statistik,gennemsnit af 9 indikatorer
173,_dim_uddannelse,2010-2012,2024-2026,,,-2.34,forkert,16,Danmarks Statistik,gennemsnit af 9 indikatorer
175,_dim_uddannelse,2010-2012,2024-2026,,,4.21,rigtig,16,Danmarks Statistik,gennemsnit af 9 indikatorer
183,_dim_uddannelse,2010-2012,2024-2026,,,7.05,rigtig,16,Danmarks Statistik,gennemsnit af 9 indikatorer
185,_dim_uddannelse,2010-2012,2024-2026,,,0.3,stagneret,16,Danmarks Statistik,gennemsnit af 9 indikatorer
187,_dim_uddannelse,2010-2012,2024-2026,,,3.52,rigtig,16,Danmarks Statistik,gennemsnit af 9 indikatorer
190,_dim_uddannelse,2010-2012,2024-2026,,,0.04,stagneret,16,Danmarks Statistik,gennemsnit af 9 indikatorer
201,_dim_uddannelse,2010-2012,2024-2026,,,-3.01,forkert,16,Danmarks Statistik,gennemsnit af 9 indikatorer
210,_dim_uddannelse,2010-2012,2024-2026,,,-1.03,forkert,16,Danmarks Statistik,gennemsnit af 9 indikatorer
217,_dim_uddannelse,2010-2012,2024-2026,,,1.36,rigtig,16,Danmarks Statistik,gennemsnit af 9 indikatorer
219,_dim_uddannelse,2010-2012,2024-2026,,,0.81,stagneret,16,Danmarks Statistik,gennemsnit af 9 indikatorer
223,_dim_uddannelse,2010-2012,2024-2026,,,-8.18,forkert,16,Danmarks Statistik,gennemsnit af 9 indikatorer
230,_dim_uddannelse,2010-2012,2024-2026,,,-6.82,forkert,16,Danmarks Statistik,gennemsnit af 9 indikatorer
240,_dim_uddannelse,2010-2012,2024-2026,,,-0.89,stagneret,16,Danmarks Statistik,gennemsnit af 9 indikatorer
250,_dim_uddannelse,2010-2012,2024-2026,,,2.6,rigtig,16,Danmarks Statistik,gennemsnit af 9 indikatorer
253,_dim_uddannelse,2010-2012,2024-2026,,,2.88,rigtig,16,Danmarks Statistik,gennemsnit af 9 indikatorer
259,_dim_uddannelse,2010-2012,2024-2026,,,-0.92,stagneret,16,Danmarks Statistik,gennemsnit af 9 indikatorer
260,_dim_uddannelse,2010-2012,2024-2026,,,1.65,rigtig,16,Danmarks Statistik,gennemsnit af 9 indikatorer
265,_dim_uddannelse,2010-2012,2024-2026,,,-0.11,stagneret,16,Danmarks Statistik,gennemsnit af 9 indikatorer
269,_dim_uddannelse,2010-2012,2024-2026,,,-1.79,forkert,16,Danmarks Statistik,gennemsnit af 9 indikatorer
270,_dim_uddannelse,2010-2012,2024-2026,,,0.82,stagneret,16,Danmarks Statistik,gennemsnit af 9 indikatorer
306,_dim_uddannelse,2010-2012,2024-2026,,,0.24,stagneret,16,Danmarks Statistik,gennemsnit af 9 indikatorer
316,_dim_uddannelse,2010-2012,2024-2026,,,0.04,stagneret,16,Danmarks Statistik,gennemsnit af 9 indikatorer
320,_dim_uddannelse,2010-2012,2024-2026,,,-2.35,forkert,16,Danmarks Statistik,gennemsnit af 9 indikatorer
326,_dim_uddannelse,2010-2012,2024-2026,,,1.68,rigtig,16,Danmarks Statistik,gennemsnit af 9 indikatorer
329,_dim_uddannelse,2010-2012,2024-2026,,,4.37,rigtig,16,Danmarks Statistik,gennemsnit af 9 indikatorer
330,_dim_uddannelse,2010-2012,2024-2026,,,1.86,rigtig,16,Danmarks Statistik,gennemsnit af 9 indikatorer
336,_dim_uddannelse,2010-2012,2024-2026,,,-4.65,forkert,16,Danmarks Statistik,gennemsnit af 9 indikatorer
340,_dim_uddannelse,2010-2012,2024-2026,,,0.99,stagneret,16,Danmarks Statistik,gennemsnit af 9 indikatorer
350,_dim_uddannelse,2010-2012,2024-2026,,,-4.61,forkert,16,Danmarks Statistik,gennemsnit af 9 indikatorer
360,_dim_uddannelse,2010-2012,2024-2026,,,-2.15,forkert,16,Danmarks Statistik,gennemsnit af 9 indikatorer
370,_dim_uddannelse,2010-2012,2024-2026,,,-0.17,stagneret,16,Danmarks Statistik,gennemsnit af 9 indikatorer
376,_dim_uddannelse,2010-2012,2024-2026,,,0.67,stagneret,16,Danmarks Statistik,gennemsnit af 9 indikatorer
390,_dim_uddannelse,2010-2012,2024-2026,,,1.93,rigtig,16,Danmarks Statistik,gennemsnit af 9 indikatorer
400,_dim_uddannelse,2010-2012,2024-2026,,,2.44,rigtig,16,Danmarks Statistik,gennemsnit af 9 indikatorer
410,_dim_uddannelse,2010-2012,2024-2026,,,0.04,stagneret,16,Danmarks Statistik,gennemsnit af 9 indikatorer
420,_dim_uddannelse,2010-2012,2024-2026,,,-0.97,stagneret,16,Danmarks Statistik,gennemsnit af 9 indikatorer
430,_dim_uddannelse,2010-2012,2024-2026,,,0.33,stagneret,16,Danmarks Statistik,gennemsnit af 9 indikatorer
440,_dim_uddannelse,2010-2012,2024-2026,,,-4.01,forkert,16,Danmarks Statistik,gennemsnit af 9 indikatorer
450,_dim_uddannelse,2010-2012,2024-2026,,,0.79,stagneret,16,Danmarks Statistik,gennemsnit af 9 indikatorer
461,_dim_uddannelse,2010-2012,2024-2026,,,6.28,rigtig,16,Danmarks Statistik,gennemsnit af 9 indikatorer
479,_dim_uddannelse,2010-2012,2024-2026,,,-6.98,forkert,16,Danmarks Statistik,gennemsnit af 9 indikatorer
480,_dim_uddannelse,2010-2012,2024-2026,,,-2.84,forkert,16,Danmarks Statistik,gennemsnit af 9 indikatorer
482,_dim_uddannelse,2010-2012,2024-2026,,,-1.11,forkert,16,Danmarks Statistik,gennemsnit af 9 indikatorer
492,_dim_uddannelse,2010-2012,2024-2026,,,-5.01,forkert,16,Danmarks Statistik,gennemsnit af 9 indikatorer
510,_dim_uddannelse,2010-2012,2024-2026,,,-1.38,forkert,16,Danmarks Statistik,gennemsnit af 9 indikatorer
530,_dim_uddannelse,2010-2012,2024-2026,,,-1.1,forkert,16,Danmarks Statistik,gennemsnit af 9 indikatorer
540,_dim_uddannelse,2010-2012,2024-2026,,,0.53,stagneret,16,Danmarks Statistik,gennemsnit af 9 indikatorer
550,_dim_uddannelse,2010-2012,2024-2026,,,-1.76,forkert,16,Danmarks Statistik,gennemsnit af 9 indikatorer
561,_dim_uddannelse,2010-2012,2024-2026,,,-4.61,forkert,16,Danmarks Statistik,gennemsnit af 9 indikatorer
563,_dim_uddannelse,2010-2012,2024-2026,,,0.71,stagneret,16,Danmarks Statistik,gennemsnit af 9 indikatorer
573,_dim_uddannelse,2010-2012,2024-2026,,,-3.13,forkert,16,Danmarks Statistik,gennemsnit af 9 indikatorer
575,_dim_uddannelse,2010-2012,2024-2026,,,-3.27,forkert,16,Danmarks Statistik,gennemsnit af 9 indikatorer
580,_dim_uddannelse,2010-2012,2024-2026,,,-0.46,stagneret,16,Danmarks Statistik,gennemsnit af 9 indikatorer
607,_dim_uddannelse,2010-2012,2024-2026,,,1.77,rigtig,16,Danmarks Statistik,gennemsnit af 9 indikatorer
615,_dim_uddannelse,2010-2012,2024-2026,,,-2.62,forkert,16,Danmarks Statistik,gennemsnit af 9 indikatorer
621,_dim_uddannelse,2010-2012,2024-2026,,,-0.6,stagneret,16,Danmarks Statistik,gennemsnit af 9 indikatorer
630,_dim_uddannelse,2010-2012,2024-2026,,,-0.18,stagneret,16,Danmarks Statistik,gennemsnit af 9 indikatorer
657,_dim_uddannelse,2010-2012,2024-2026,,,-1.0,forkert,16,Danmarks Statistik,gennemsnit af 9 indikatorer
661,_dim_uddannelse,2010-2012,2024-2026,,,-1.58,forkert,16,Danmarks Statistik,gennemsnit af 9 indikatorer
665,_dim_uddannelse,2010-2012,2024-2026,,,3.15,rigtig,16,Danmarks Statistik,gennemsnit af 9 indikatorer
671,_dim_uddannelse,2010-2012,2024-2026,,,0.55,stagneret,16,Danmarks Statistik,gennemsnit af 9 indikatorer
706,_dim_uddannelse,2010-2012,2024-2026,,,-1.47,forkert,16,Danmarks Statistik,gennemsnit af 9 indikatorer
707,_dim_uddannelse,2010-2012,2024-2026,,,-0.88,stagneret,16,Danmarks Statistik,gennemsnit af 9 indikatorer
710,_dim_uddannelse,2010-2012,2024-2026,,,-3.65,forkert,16,Danmarks Statistik,gennemsnit af 9 indikatorer
727,_dim_uddannelse,2010-2012,2024-2026,,,-1.65,forkert,16,Danmarks Statistik,gennemsnit af 9 indikatorer
730,_dim_uddannelse,2010-2012,2024-2026,,,2.11,rigtig,16,Danmarks Statistik,gennemsnit af 9 indikatorer
740,_dim_uddannelse,2010-2012,2024-2026,,,-0.43,stagneret,16,Danmarks Statistik,gennemsnit af 9 indikatorer
741,_dim_uddannelse,2010-2012,2024-2026,,,-9.59,forkert,16,Danmarks Statistik,gennemsnit af 9 indikatorer
746,_dim_uddannelse,2010-2012,2024-2026,,,-6.19,forkert,16,Danmarks Statistik,gennemsnit af 9 indikatorer
751,_dim_uddannelse,2010-2012,2024-2026,,,2.62,rigtig,16,Danmarks Statistik,gennemsnit af 9 indikatorer
756,_dim_uddannelse,2010-2012,2024-2026,,,-3.06,forkert,16,Danmarks Statistik,gennemsnit af 9 indikatorer
760,_dim_uddannelse,2010-2012,2024-2026,,,-3.71,forkert,16,Danmarks Statistik,gennemsnit af 9 indikatorer
766,_dim_uddannelse,2010-2012,2024-2026,,,-6.67,forkert,16,Danmarks Statistik,gennemsnit af 9 indikatorer
773,_dim_uddannelse,2010-2012,2024-2026,,,-4.22,forkert,16,Danmarks Statistik,gennemsnit af 9 indikatorer
779,_dim_uddannelse,2010-2012,2024-2026,,,-1.25,forkert,16,Danmarks Statistik,gennemsnit af 9 indikatorer
787,_dim_uddannelse,2010-2012,2024-2026,,,-0.45,stagneret,16,Danmarks Statistik,gennemsnit af 9 indikatorer
791,_dim_uddannelse,2010-2012,2024-2026,,,-1.63,forkert,16,Danmarks Statistik,gennemsnit af 9 indikatorer
810,_dim_uddannelse,2010-2012,2024-2026,,,-2.41,forkert,16,Danmarks Statistik,gennemsnit af 9 indikatorer
813,_dim_uddannelse,2010-2012,2024-2026,,,0.0,stagneret,16,Danmarks Statistik,gennemsnit af 9 indikatorer
820,_dim_uddannelse,2010-2012,2024-2026,,,0.43,stagneret,16,Danmarks Statistik,gennemsnit af 9 indikatorer
825,_dim_uddannelse,2010-2012,2024-2026,,,15.09,rigtig,16,Danmarks Statistik,gennemsnit af 9 indikatorer
840,_dim_uddannelse,2010-2012,2024-2026,,,-1.26,forkert,16,Danmarks Statistik,gennemsnit af 9 indikatorer
846,_dim_uddannelse,2010-2012,2024-2026,,,-2.11,forkert,16,Danmarks Statistik,gennemsnit af 9 indikatorer
849,_dim_uddannelse,2010-2012,2024-2026,,,-0.73,stagneret,16,Danmarks Statistik,gennemsnit af 9 indikatorer
851,_dim_uddannelse,2010-2012,2024-2026,,,-0.98,stagneret,16,Danmarks Statistik,gennemsnit af 9 indikatorer
860,_dim_uddannelse,2010-2012,2024-2026,,,0.89,stagneret,16,Danmarks Statistik,gennemsnit af 9 indikatorer
147,_dim_vand,2010-2012,2022-2024,,,2.93,stagneret,15,Danmarks Statistik,vandindvinding
151,_dim_vand,2010-2012,2022-2024,,,17.96,rigtig,15,Danmarks Statistik,vandindvinding
153,_dim_vand,2010-2012,2022-2024,,,36.08,rigtig,13,Danmarks Statistik,vandindvinding
157,_dim_vand,2010-2012,2022-2024,,,2.77,tempo,15,Danmarks Statistik,vandindvinding
159,_dim_vand,2010-2012,2022-2024,,,-21.64,forkert,15,Danmarks Statistik,vandindvinding
161,_dim_vand,2010-2012,2022-2024,,,-46.61,forkert,15,Danmarks Statistik,vandindvinding
169,_dim_vand,2010-2012,2022-2024,,,44.81,rigtig,15,Danmarks Statistik,vandindvinding
173,_dim_vand,2010-2012,2022-2024,,,-10.72,forkert,15,Danmarks Statistik,vandindvinding
175,_dim_vand,2010-2012,2022-2024,,,37.35,rigtig,15,Danmarks Statistik,vandindvinding
183,_dim_vand,2010-2012,2022-2024,,,11.68,rigtig,15,Danmarks Statistik,vandindvinding
187,_dim_vand,2010-2015,2022-2024,,,-127.76,forkert,12,Danmarks Statistik,vandindvinding
190,_dim_vand,2010-2012,2022-2024,,,-3.75,forkert,15,Danmarks Statistik,vandindvinding
201,_dim_vand,2010-2012,2022-2024,,,27.59,rigtig,15,Danmarks Statistik,vandindvinding
210,_dim_vand,2010-2012,2022-2024,,,-12.35,forkert,15,Danmarks Statistik,vandindvinding
217,_dim_vand,2010-2012,2022-2024,,,5.02,tempo,15,Danmarks Statistik,vandindvinding
219,_dim_vand,2010-2012,2022-2024,,,19.1,rigtig,15,Danmarks Statistik,vandindvinding
223,_dim_vand,2010-2012,2022-2024,,,9.46,rigtig,15,Danmarks Statistik,vandindvinding
230,_dim_vand,2010-2012,2022-2024,,,30.59,rigtig,15,Danmarks Statistik,vandindvinding
240,_dim_vand,2010-2012,2022-2024,,,13.36,rigtig,15,Danmarks Statistik,vandindvinding
250,_dim_vand,2010-2012,2022-2024,,,2.11,tempo,15,Danmarks Statistik,vandindvinding
253,_dim_vand,2010-2012,2022-2024,,,22.01,rigtig,15,Danmarks Statistik,vandindvinding
259,_dim_vand,2010-2012,2022-2024,,,-0.51,stagneret,15,Danmarks Statistik,vandindvinding
260,_dim_vand,2010-2012,2022-2024,,,38.59,rigtig,15,Danmarks Statistik,vandindvinding
265,_dim_vand,2010-2012,2022-2024,,,-4.63,forkert,15,Danmarks Statistik,vandindvinding
269,_dim_vand,2010-2012,2022-2024,,,10.79,rigtig,15,Danmarks Statistik,vandindvinding
270,_dim_vand,2010-2012,2022-2024,,,8.45,rigtig,15,Danmarks Statistik,vandindvinding
306,_dim_vand,2010-2012,2022-2024,,,6.28,tempo,15,Danmarks Statistik,vandindvinding
316,_dim_vand,2010-2012,2022-2024,,,10.72,rigtig,15,Danmarks Statistik,vandindvinding
320,_dim_vand,2010-2012,2022-2024,,,7.35,tempo,15,Danmarks Statistik,vandindvinding
326,_dim_vand,2010-2012,2022-2024,,,-6.06,forkert,15,Danmarks Statistik,vandindvinding
329,_dim_vand,2010-2012,2022-2024,,,-2.72,forkert,15,Danmarks Statistik,vandindvinding
330,_dim_vand,2010-2012,2022-2024,,,9.9,rigtig,15,Danmarks Statistik,vandindvinding
336,_dim_vand,2010-2012,2022-2024,,,56.09,rigtig,14,Danmarks Statistik,vandindvinding
340,_dim_vand,2010-2012,2022-2024,,,20.68,rigtig,15,Danmarks Statistik,vandindvinding
350,_dim_vand,2010-2012,2022-2024,,,44.4,rigtig,15,Danmarks Statistik,vandindvinding
360,_dim_vand,2010-2012,2022-2024,,,-3.59,forkert,15,Danmarks Statistik,vandindvinding
370,_dim_vand,2010-2012,2022-2024,,,23.7,rigtig,15,Danmarks Statistik,vandindvinding
376,_dim_vand,2010-2012,2022-2024,,,17.3,rigtig,15,Danmarks Statistik,vandindvinding
390,_dim_vand,2010-2012,2022-2024,,,9.68,rigtig,15,Danmarks Statistik,vandindvinding
400,_dim_vand,2010-2012,2022-2024,,,-1.61,forkert,15,Danmarks Statistik,vandindvinding
410,_dim_vand,2010-2012,2022-2024,,,9.63,rigtig,15,Danmarks Statistik,vandindvinding
420,_dim_vand,2010-2012,2022-2024,,,-6.96,forkert,15,Danmarks Statistik,vandindvinding
430,_dim_vand,2010-2012,2022-2024,,,12.12,rigtig,15,Danmarks Statistik,vandindvinding
440,_dim_vand,2010-2012,2022-2024,,,0.84,stagneret,15,Danmarks Statistik,vandindvinding
450,_dim_vand,2010-2012,2022-2024,,,13.11,rigtig,15,Danmarks Statistik,vandindvinding
461,_dim_vand,2010-2012,2022-2024,,,4.24,tempo,15,Danmarks Statistik,vandindvinding
479,_dim_vand,2010-2012,2022-2024,,,16.04,rigtig,15,Danmarks Statistik,vandindvinding
480,_dim_vand,2010-2012,2022-2024,,,15.21,rigtig,15,Danmarks Statistik,vandindvinding
482,_dim_vand,2010-2012,2022-2024,,,3.06,tempo,15,Danmarks Statistik,vandindvinding
492,_dim_vand,2010-2012,2022-2024,,,40.27,rigtig,15,Danmarks Statistik,vandindvinding
510,_dim_vand,2010-2012,2022-2024,,,44.01,rigtig,15,Danmarks Statistik,vandindvinding
530,_dim_vand,2010-2012,2022-2024,,,-17.02,forkert,15,Danmarks Statistik,vandindvinding
540,_dim_vand,2010-2012,2022-2024,,,9.88,rigtig,15,Danmarks Statistik,vandindvinding
550,_dim_vand,2010-2012,2022-2024,,,-11.18,forkert,15,Danmarks Statistik,vandindvinding
561,_dim_vand,2010-2012,2022-2024,,,-4.66,forkert,15,Danmarks Statistik,vandindvinding
563,_dim_vand,2010-2012,2022-2024,,,5.15,tempo,15,Danmarks Statistik,vandindvinding
573,_dim_vand,2010-2012,2022-2024,,,4.17,tempo,15,Danmarks Statistik,vandindvinding
575,_dim_vand,2010-2012,2022-2024,,,-1.38,forkert,15,Danmarks Statistik,vandindvinding
580,_dim_vand,2010-2012,2022-2024,,,-8.12,forkert,15,Danmarks Statistik,vandindvinding
607,_dim_vand,2010-2012,2022-2024,,,-0.62,stagneret,15,Danmarks Statistik,vandindvinding
615,_dim_vand,2010-2012,2022-2024,,,12.01,rigtig,15,Danmarks Statistik,vandindvinding
621,_dim_vand,2010-2012,2022-2024,,,7.64,tempo,15,Danmarks Statistik,vandindvinding
630,_dim_vand,2010-2012,2022-2024,,,14.45,rigtig,15,Danmarks Statistik,vandindvinding
657,_dim_vand,2010-2012,2022-2024,,,5.65,tempo,15,Danmarks Statistik,vandindvinding
661,_dim_vand,2010-2012,2022-2024,,,7.51,tempo,15,Danmarks Statistik,vandindvinding
665,_dim_vand,2010-2012,2022-2024,,,-4.94,forkert,15,Danmarks Statistik,vandindvinding
671,_dim_vand,2010-2012,2022-2024,,,12.66,rigtig,15,Danmarks Statistik,vandindvinding
706,_dim_vand,2010-2012,2022-2024,,,-28.14,forkert,15,Danmarks Statistik,vandindvinding
707,_dim_vand,2010-2012,2022-2024,,,-13.57,forkert,15,Danmarks Statistik,vandindvinding
710,_dim_vand,2010-2012,2022-2024,,,18.25,rigtig,15,Danmarks Statistik,vandindvinding
727,_dim_vand,2010-2012,2022-2024,,,7.73,tempo,15,Danmarks Statistik,vandindvinding
730,_dim_vand,2010-2012,2022-2024,,,10.71,rigtig,15,Danmarks Statistik,vandindvinding
740,_dim_vand,2010-2012,2022-2024,,,9.2,rigtig,15,Danmarks Statistik,vandindvinding
741,_dim_vand,2010-2012,2022-2024,,,-5.34,forkert,15,Danmarks Statistik,vandindvinding
746,_dim_vand,2010-2012,2022-2024,,,10.19,rigtig,15,Danmarks Statistik,vandindvinding
751,_dim_vand,2010-2012,2022-2024,,,12.89,rigtig,15,Danmarks Statistik,vandindvinding
756,_dim_vand,2010-2012,2022-2024,,,-4.44,forkert,15,Danmarks Statistik,vandindvinding
760,_dim_vand,2010-2012,2022-2024,,,-8.63,forkert,15,Danmarks Statistik,vandindvinding
766,_dim_vand,2010-2012,2022-2024,,,5.47,tempo,15,Danmarks Statistik,vandindvinding
773,_dim_vand,2010-2012,2022-2024,,,0.08,stagneret,15,Danmarks Statistik,vandindvinding
779,_dim_vand,2010-2012,2022-2024,,,3.91,tempo,15,Danmarks Statistik,vandindvinding
787,_dim_vand,2010-2012,2022-2024,,,10.75,rigtig,15,Danmarks Statistik,vandindvinding
791,_dim_vand,2010-2012,2022-2024,,,14.54,rigtig,15,Danmarks Statistik,vandindvinding
810,_dim_vand,2010-2012,2022-2024,,,19.76,rigtig,15,Danmarks Statistik,vandindvinding
813,_dim_vand,2010-2012,2022-2024,,,21.74,rigtig,15,Danmarks Statistik,vandindvinding
820,_dim_vand,2010-2012,2022-2024,,,-26.71,forkert,15,Danmarks Statistik,vandindvinding
825,_dim_vand,2010-2012,2022-2024,,,-9.34,forkert,15,Danmarks Statistik,vandindvinding
840,_dim_vand,2010-2012,2022-2024,,,17.54,rigtig,15,Danmarks Statistik,vandindvinding
846,_dim_vand,2010-2012,2022-2024,,,12.38,rigtig,15,Danmarks Statistik,vandindvinding
849,_dim_vand,2010-2012,2022-2024,,,6.76,tempo,15,Danmarks Statistik,vandindvinding
851,_dim_vand,2010-2012,2022-2024,,,12.78,rigtig,15,Danmarks Statistik,vandindvinding
860,_dim_vand,2010-2012,2022-2024,,,5.99,tempo,15,Danmarks Statistik,vandindvinding
101,_dim_velfaerd,2010-2012,2023-2025,,,6.43,rigtig,15,Danmarks Statistik,gennemsnit af 7 indikatorer
147,_dim_velfaerd,2010-2012,2023-2025,,,-8.36,forkert,15,Danmarks Statistik,gennemsnit af 7 indikatorer
151,_dim_velfaerd,2010-2012,2023-2025,,,-24.21,forkert,15,Danmarks Statistik,gennemsnit af 7 indikatorer
153,_dim_velfaerd,2010-2012,2023-2025,,,-17.39,forkert,15,Danmarks Statistik,gennemsnit af 7 indikatorer
155,_dim_velfaerd,2010-2012,2023-2025,,,-7.92,forkert,15,Danmarks Statistik,gennemsnit af 7 indikatorer
157,_dim_velfaerd,2010-2012,2023-2025,,,-14.89,forkert,15,Danmarks Statistik,gennemsnit af 7 indikatorer
159,_dim_velfaerd,2010-2012,2023-2025,,,-11.76,forkert,15,Danmarks Statistik,gennemsnit af 7 indikatorer
161,_dim_velfaerd,2010-2012,2023-2025,,,-14.43,forkert,15,Danmarks Statistik,gennemsnit af 7 indikatorer
163,_dim_velfaerd,2010-2012,2023-2025,,,-5.92,forkert,15,Danmarks Statistik,gennemsnit af 7 indikatorer
165,_dim_velfaerd,2010-2012,2023-2025,,,0.67,stagneret,15,Danmarks Statistik,gennemsnit af 7 indikatorer
167,_dim_velfaerd,2010-2012,2023-2025,,,1.27,rigtig,15,Danmarks Statistik,gennemsnit af 7 indikatorer
169,_dim_velfaerd,2010-2012,2023-2025,,,-18.74,forkert,15,Danmarks Statistik,gennemsnit af 7 indikatorer
173,_dim_velfaerd,2010-2012,2023-2025,,,-12.05,forkert,15,Danmarks Statistik,gennemsnit af 7 indikatorer
175,_dim_velfaerd,2010-2012,2023-2025,,,-10.88,forkert,15,Danmarks Statistik,gennemsnit af 7 indikatorer
183,_dim_velfaerd,2010-2012,2023-2025,,,5.57,rigtig,15,Danmarks Statistik,gennemsnit af 7 indikatorer
185,_dim_velfaerd,2010-2012,2023-2025,,,-7.77,forkert,15,Danmarks Statistik,gennemsnit af 7 indikatorer
187,_dim_velfaerd,2010-2012,2023-2025,,,-32.5,forkert,15,Danmarks Statistik,gennemsnit af 7 indikatorer
190,_dim_velfaerd,2010-2012,2023-2025,,,-15.63,forkert,15,Danmarks Statistik,gennemsnit af 7 indikatorer
201,_dim_velfaerd,2010-2012,2023-2025,,,-17.92,forkert,15,Danmarks Statistik,gennemsnit af 7 indikatorer
210,_dim_velfaerd,2010-2012,2023-2025,,,-17.51,forkert,15,Danmarks Statistik,gennemsnit af 7 indikatorer
217,_dim_velfaerd,2010-2012,2023-2025,,,-4.35,forkert,15,Danmarks Statistik,gennemsnit af 7 indikatorer
219,_dim_velfaerd,2010-2012,2023-2025,,,-12.62,forkert,15,Danmarks Statistik,gennemsnit af 7 indikatorer
223,_dim_velfaerd,2010-2012,2023-2025,,,-27.73,forkert,15,Danmarks Statistik,gennemsnit af 7 indikatorer
230,_dim_velfaerd,2010-2012,2023-2025,,,-11.03,forkert,15,Danmarks Statistik,gennemsnit af 7 indikatorer
240,_dim_velfaerd,2010-2012,2023-2025,,,-13.18,forkert,15,Danmarks Statistik,gennemsnit af 7 indikatorer
250,_dim_velfaerd,2010-2012,2023-2025,,,-18.7,forkert,15,Danmarks Statistik,gennemsnit af 7 indikatorer
253,_dim_velfaerd,2010-2012,2023-2025,,,-16.55,forkert,15,Danmarks Statistik,gennemsnit af 7 indikatorer
259,_dim_velfaerd,2010-2012,2023-2025,,,-16.65,forkert,15,Danmarks Statistik,gennemsnit af 7 indikatorer
260,_dim_velfaerd,2010-2012,2023-2025,,,-4.86,forkert,15,Danmarks Statistik,gennemsnit af 7 indikatorer
265,_dim_velfaerd,2010-2012,2023-2025,,,-8.57,forkert,15,Danmarks Statistik,gennemsnit af 7 indikatorer
269,_dim_velfaerd,2010-2012,2023-2025,,,-16.85,forkert,15,Danmarks Statistik,gennemsnit af 7 indikatorer
270,_dim_velfaerd,2010-2012,2023-2025,,,-12.06,forkert,15,Danmarks Statistik,gennemsnit af 7 indikatorer
306,_dim_velfaerd,2010-2012,2023-2025,,,2.54,rigtig,15,Danmarks Statistik,gennemsnit af 7 indikatorer
316,_dim_velfaerd,2010-2012,2023-2025,,,-0.76,stagneret,15,Danmarks Statistik,gennemsnit af 7 indikatorer
320,_dim_velfaerd,2010-2012,2023-2025,,,-11.58,forkert,15,Danmarks Statistik,gennemsnit af 7 indikatorer
326,_dim_velfaerd,2010-2012,2023-2025,,,-8.86,forkert,15,Danmarks Statistik,gennemsnit af 7 indikatorer
329,_dim_velfaerd,2010-2012,2023-2025,,,1.09,rigtig,15,Danmarks Statistik,gennemsnit af 7 indikatorer
330,_dim_velfaerd,2010-2012,2023-2025,,,-20.39,forkert,15,Danmarks Statistik,gennemsnit af 7 indikatorer
336,_dim_velfaerd,2010-2012,2023-2025,,,-0.53,stagneret,15,Danmarks Statistik,gennemsnit af 7 indikatorer
340,_dim_velfaerd,2010-2012,2023-2025,,,-20.95,forkert,15,Danmarks Statistik,gennemsnit af 7 indikatorer
350,_dim_velfaerd,2010-2012,2023-2025,,,-15.54,forkert,15,Danmarks Statistik,gennemsnit af 7 indikatorer
360,_dim_velfaerd,2010-2012,2023-2025,,,-8.92,forkert,15,Danmarks Statistik,gennemsnit af 7 indikatorer
370,_dim_velfaerd,2010-2012,2023-2025,,,-17.54,forkert,15,Danmarks Statistik,gennemsnit af 7 indikatorer
376,_dim_velfaerd,2010-2012,2023-2025,,,-23.76,forkert,15,Danmarks Statistik,gennemsnit af 7 indikatorer
390,_dim_velfaerd,2010-2012,2023-2025,,,-19.45,forkert,15,Danmarks Statistik,gennemsnit af 7 indikatorer
400,_dim_velfaerd,2010-2012,2023-2025,,,-20.46,forkert,15,Danmarks Statistik,gennemsnit af 7 indikatorer
410,_dim_velfaerd,2010-2012,2023-2025,,,-22.4,forkert,15,Danmarks Statistik,gennemsnit af 7 indikatorer
420,_dim_velfaerd,2010-2012,2023-2025,,,-15.19,forkert,15,Danmarks Statistik,gennemsnit af 7 indikatorer
430,_dim_velfaerd,2010-2012,2023-2025,,,-9.36,forkert,15,Danmarks Statistik,gennemsnit af 7 indikatorer
440,_dim_velfaerd,2010-2012,2023-2025,,,-32.63,forkert,15,Danmarks Statistik,gennemsnit af 7 indikatorer
450,_dim_velfaerd,2010-2012,2023-2025,,,-24.25,forkert,15,Danmarks Statistik,gennemsnit af 7 indikatorer
461,_dim_velfaerd,2010-2012,2023-2025,,,-10.57,forkert,15,Danmarks Statistik,gennemsnit af 7 indikatorer
479,_dim_velfaerd,2010-2012,2023-2025,,,1.38,rigtig,15,Danmarks Statistik,gennemsnit af 7 indikatorer
480,_dim_velfaerd,2010-2012,2023-2025,,,-29.05,forkert,15,Danmarks Statistik,gennemsnit af 7 indikatorer
482,_dim_velfaerd,2010-2012,2023-2025,,,-15.66,forkert,15,Danmarks Statistik,gennemsnit af 7 indikatorer
492,_dim_velfaerd,2010-2012,2023-2025,,,-16.1,forkert,15,Danmarks Statistik,gennemsnit af 7 indikatorer
510,_dim_velfaerd,2010-2012,2023-2025,,,-20.41,forkert,15,Danmarks Statistik,gennemsnit af 7 indikatorer
530,_dim_velfaerd,2010-2012,2023-2025,,,3.9,rigtig,15,Danmarks Statistik,gennemsnit af 7 indikatorer
540,_dim_velfaerd,2010-2012,2023-2025,,,-14.28,forkert,15,Danmarks Statistik,gennemsnit af 7 indikatorer
550,_dim_velfaerd,2010-2012,2023-2025,,,-8.86,forkert,15,Danmarks Statistik,gennemsnit af 7 indikatorer
561,_dim_velfaerd,2010-2012,2023-2025,,,8.03,rigtig,15,Danmarks Statistik,gennemsnit af 7 indikatorer
563,_dim_velfaerd,2010-2012,2023-2025,,,9.84,rigtig,15,Danmarks Statistik,gennemsnit af 7 indikatorer
573,_dim_velfaerd,2010-2012,2023-2025,,,3.13,rigtig,15,Danmarks Statistik,gennemsnit af 7 indikatorer
575,_dim_velfaerd,2010-2012,2023-2025,,,-9.73,forkert,15,Danmarks Statistik,gennemsnit af 7 indikatorer
580,_dim_velfaerd,2010-2012,2023-2025,,,-10.65,forkert,15,Danmarks Statistik,gennemsnit af 7 indikatorer
607,_dim_velfaerd,2010-2012,2023-2025,,,-16.91,forkert,15,Danmarks Statistik,gennemsnit af 7 indikatorer
615,_dim_velfaerd,2010-2012,2023-2025,,,-4.16,forkert,15,Danmarks Statistik,gennemsnit af 7 indikatorer
621,_dim_velfaerd,2010-2012,2023-2025,,,-5.34,forkert,15,Danmarks Statistik,gennemsnit af 7 indikatorer
630,_dim_velfaerd,2010-2012,2023-2025,,,-7.25,forkert,15,Danmarks Statistik,gennemsnit af 7 indikatorer
657,_dim_velfaerd,2010-2012,2023-2025,,,2.44,rigtig,15,Danmarks Statistik,gennemsnit af 7 indikatorer
661,_dim_velfaerd,2010-2012,2023-2025,,,-5.71,forkert,15,Danmarks Statistik,gennemsnit af 7 indikatorer
665,_dim_velfaerd,2010-2012,2023-2025,,,-11.39,forkert,15,Danmarks Statistik,gennemsnit af 7 indikatorer
671,_dim_velfaerd,2010-2012,2023-2025,,,-7.94,forkert,15,Danmarks Statistik,gennemsnit af 7 indikatorer
706,_dim_velfaerd,2010-2012,2023-2025,,,-0.89,stagneret,15,Danmarks Statistik,gennemsnit af 7 indikatorer
707,_dim_velfaerd,2010-2012,2023-2025,,,0.89,stagneret,15,Danmarks Statistik,gennemsnit af 7 indikatorer
710,_dim_velfaerd,2010-2012,2023-2025,,,0.52,stagneret,15,Danmarks Statistik,gennemsnit af 7 indikatorer
727,_dim_velfaerd,2010-2012,2023-2025,,,-4.08,forkert,15,Danmarks Statistik,gennemsnit af 7 indikatorer
730,_dim_velfaerd,2010-2012,2023-2025,,,-7.76,forkert,15,Danmarks Statistik,gennemsnit af 7 indikatorer
740,_dim_velfaerd,2010-2012,2023-2025,,,-2.63,forkert,15,Danmarks Statistik,gennemsnit af 7 indikatorer
741,_dim_velfaerd,2010-2012,2023-2025,,,-19.07,forkert,15,Danmarks Statistik,gennemsnit af 7 indikatorer
746,_dim_velfaerd,2010-2012,2023-2025,,,-4.83,forkert,15,Danmarks Statistik,gennemsnit af 7 indikatorer
751,_dim_velfaerd,2010-2012,2023-2025,,,0.62,stagneret,15,Danmarks Statistik,gennemsnit af 7 indikatorer
756,_dim_velfaerd,2010-2012,2023-2025,,,-19.4,forkert,15,Danmarks Statistik,gennemsnit af 7 indikatorer
760,_dim_velfaerd,2010-2012,2023-2025,,,0.12,stagneret,15,Danmarks Statistik,gennemsnit af 7 indikatorer
766,_dim_velfaerd,2010-2012,2023-2025,,,-13.91,forkert,15,Danmarks Statistik,gennemsnit af 7 indikatorer
773,_dim_velfaerd,2010-2012,2023-2025,,,-1.64,forkert,15,Danmarks Statistik,gennemsnit af 7 indikatorer
779,_dim_velfaerd,2010-2012,2023-2025,,,-16.45,forkert,15,Danmarks Statistik,gennemsnit af 7 indikatorer
787,_dim_velfaerd,2010-2012,2023-2025,,,-4.35,forkert,15,Danmarks Statistik,gennemsnit af 7 indikatorer
791,_dim_velfaerd,2010-2012,2023-2025,,,-2.32,forkert,15,Danmarks Statistik,gennemsnit af 7 indikatorer
810,_dim_velfaerd,2010-2012,2023-2025,,,-8.94,forkert,15,Danmarks Statistik,gennemsnit af 7 indikatorer
813,_dim_velfaerd,2010-2012,2023-2025,,,-15.21,forkert,15,Danmarks Statistik,gennemsnit af 7 indikatorer
820,_dim_velfaerd,2010-2012,2023-2025,,,4.76,rigtig,15,Danmarks Statistik,gennemsnit af 7 indikatorer
825,_dim_velfaerd,2010-2012,2023-2025,,,-92.29,forkert,15,Danmarks Statistik,gennemsnit af 7 indikatorer
840,_dim_velfaerd,2010-2012,2023-2025,,,-3.83,forkert,15,Danmarks Statistik,gennemsnit af 7 indikatorer
846,_dim_velfaerd,2010-2012,2023-2025,,,-4.95,forkert,15,Danmarks Statistik,gennemsnit af 7 indikatorer
849,_dim_velfaerd,2010-2012,2023-2025,,,-10.41,forkert,15,Danmarks Statistik,gennemsnit af 7 indikatorer
851,_dim_velfaerd,2010-2012,2023-2025,,,-8.68,forkert,15,Danmarks Statistik,gennemsnit af 7 indikatorer
860,_dim_velfaerd,2010-2012,2023-2025,,,-14.44,forkert,15,Danmarks Statistik,gennemsnit af 7 indikatorer
101,alkohol,2017,2025,23.5,17.7,-24.68,rigtig,2,Danmarks Statistik,
147,alkohol,2017,2025,24.1,18.2,-24.48,rigtig,2,Danmarks Statistik,
151,alkohol,2017,2025,18.2,12.6,-30.77,rigtig,2,Danmarks Statistik,
153,alkohol,2017,2025,15.8,11.0,-30.38,rigtig,2,Danmarks Statistik,
155,alkohol,2017,2025,23.5,20.4,-13.19,tempo,2,Danmarks Statistik,
157,alkohol,2017,2025,25.5,20.0,-21.57,rigtig,2,Danmarks Statistik,
159,alkohol,2017,2025,17.9,13.5,-24.58,rigtig,2,Danmarks Statistik,
161,alkohol,2017,2025,16.3,12.4,-23.93,rigtig,2,Danmarks Statistik,
163,alkohol,2017,2025,17.5,12.5,-28.57,rigtig,2,Danmarks Statistik,
165,alkohol,2017,2025,16.0,10.6,-33.75,rigtig,2,Danmarks Statistik,
167,alkohol,2017,2025,17.0,11.6,-31.76,rigtig,2,Danmarks Statistik,
169,alkohol,2017,2025,16.2,11.2,-30.86,rigtig,2,Danmarks Statistik,
173,alkohol,2017,2025,20.8,15.5,-25.48,rigtig,2,Danmarks Statistik,
175,alkohol,2017,2025,18.1,13.5,-25.41,rigtig,2,Danmarks Statistik,
183,alkohol,2017,2025,13.4,10.6,-20.9,rigtig,2,Danmarks Statistik,
185,alkohol,2017,2025,17.8,15.7,-11.8,tempo,2,Danmarks Statistik,
187,alkohol,2017,2025,16.3,11.5,-29.45,rigtig,2,Danmarks Statistik,
190,alkohol,2017,2025,22.3,15.6,-30.04,rigtig,2,Danmarks Statistik,
201,alkohol,2017,2025,21.8,17.0,-22.02,rigtig,2,Danmarks Statistik,
210,alkohol,2017,2025,22.4,16.0,-28.57,rigtig,2,Danmarks Statistik,
217,alkohol,2017,2025,19.8,18.3,-7.58,tempo,2,Danmarks Statistik,
219,alkohol,2017,2025,18.0,13.3,-26.11,rigtig,2,Danmarks Statistik,
223,alkohol,2017,2025,25.3,20.8,-17.79,tempo,2,Danmarks Statistik,
230,alkohol,2017,2025,25.0,16.9,-32.4,rigtig,2,Danmarks Statistik,
240,alkohol,2017,2025,18.9,13.2,-30.16,rigtig,2,Danmarks Statistik,
250,alkohol,2017,2025,20.2,17.1,-15.35,tempo,2,Danmarks Statistik,
253,alkohol,2017,2025,19.6,13.7,-30.1,rigtig,2,Danmarks Statistik,
259,alkohol,2017,2025,18.0,13.1,-27.22,rigtig,2,Danmarks Statistik,
260,alkohol,2017,2025,20.6,17.8,-13.59,tempo,2,Danmarks Statistik,
265,alkohol,2017,2025,21.2,15.0,-29.25,rigtig,2,Danmarks Statistik,
269,alkohol,2017,2025,20.0,16.4,-18.0,tempo,2,Danmarks Statistik,
270,alkohol,2017,2025,22.9,15.8,-31.0,rigtig,2,Danmarks Statistik,
306,alkohol,2017,2025,19.9,15.3,-23.12,rigtig,2,Danmarks Statistik,
316,alkohol,2017,2025,18.5,13.9,-24.86,rigtig,2,Danmarks Statistik,
320,alkohol,2017,2025,16.2,15.7,-3.09,stagneret,2,Danmarks Statistik,
326,alkohol,2017,2025,19.6,12.0,-38.78,rigtig,2,Danmarks Statistik,
329,alkohol,2017,2025,15.0,13.0,-13.33,tempo,2,Danmarks Statistik,
330,alkohol,2017,2025,16.5,11.5,-30.3,rigtig,2,Danmarks Statistik,
336,alkohol,2017,2025,19.7,16.3,-17.26,tempo,2,Danmarks Statistik,
340,alkohol,2017,2025,16.4,13.8,-15.85,tempo,2,Danmarks Statistik,
350,alkohol,2017,2025,17.6,15.3,-13.07,tempo,2,Danmarks Statistik,
360,alkohol,2017,2025,17.6,15.9,-9.66,tempo,2,Danmarks Statistik,
370,alkohol,2017,2025,16.2,11.2,-30.86,rigtig,2,Danmarks Statistik,
376,alkohol,2017,2025,16.4,13.0,-20.73,rigtig,2,Danmarks Statistik,
390,alkohol,2017,2025,18.7,14.3,-23.53,rigtig,2,Danmarks Statistik,
400,alkohol,2017,2025,17.2,14.4,-16.28,tempo,2,Danmarks Statistik,
410,alkohol,2017,2025,18.0,16.7,-7.22,tempo,2,Danmarks Statistik,
420,alkohol,2017,2025,16.7,15.0,-10.18,tempo,2,Danmarks Statistik,
430,alkohol,2017,2025,17.3,17.3,0.0,stagneret,2,Danmarks Statistik,
440,alkohol,2017,2025,18.8,15.7,-16.49,tempo,2,Danmarks Statistik,
450,alkohol,2017,2025,16.8,15.2,-9.52,tempo,2,Danmarks Statistik,
461,alkohol,2017,2025,17.9,15.1,-15.64,tempo,2,Danmarks Statistik,
479,alkohol,2017,2025,19.7,17.3,-12.18,tempo,2,Danmarks Statistik,
480,alkohol,2017,2025,16.8,14.0,-16.67,tempo,2,Danmarks Statistik,
482,alkohol,2017,2025,17.8,19.3,8.43,forkert,2,Danmarks Statistik,
492,alkohol,2017,2025,25.5,20.4,-20.0,rigtig,2,Danmarks Statistik,
510,alkohol,2017,2025,15.2,11.6,-23.68,rigtig,2,Danmarks Statistik,
530,alkohol,2017,2025,13.7,14.4,5.11,stagneret,2,Danmarks Statistik,
540,alkohol,2017,2025,15.8,11.1,-29.75,rigtig,2,Danmarks Statistik,
550,alkohol,2017,2025,13.7,13.3,-2.92,stagneret,2,Danmarks Statistik,
561,alkohol,2017,2025,16.7,16.4,-1.8,stagneret,2,Danmarks Statistik,
563,alkohol,2017,2025,26.5,25.5,-3.77,tempo,2,Danmarks Statistik,
573,alkohol,2017,2025,13.5,13.3,-1.48,stagneret,2,Danmarks Statistik,
575,alkohol,2017,2025,13.0,9.8,-24.62,rigtig,2,Danmarks Statistik,
580,alkohol,2017,2025,14.0,13.4,-4.29,stagneret,2,Danmarks Statistik,
607,alkohol,2017,2025,14.2,12.3,-13.38,tempo,2,Danmarks Statistik,
615,alkohol,2017,2025,15.1,12.0,-20.53,rigtig,2,Danmarks Statistik,
621,alkohol,2017,2025,17.6,12.7,-27.84,rigtig,2,Danmarks Statistik,
630,alkohol,2017,2025,16.5,14.6,-11.52,tempo,2,Danmarks Statistik,
657,alkohol,2017,2025,15.9,12.7,-20.13,rigtig,2,Danmarks Statistik,
661,alkohol,2017,2025,13.1,14.0,6.87,stagneret,2,Danmarks Statistik,
665,alkohol,2017,2025,15.8,14.3,-9.49,tempo,2,Danmarks Statistik,
671,alkohol,2017,2025,16.7,12.2,-26.95,rigtig,2,Danmarks Statistik,
706,alkohol,2017,2025,18.0,17.3,-3.89,stagneret,2,Danmarks Statistik,
707,alkohol,2017,2025,16.1,13.5,-16.15,tempo,2,Danmarks Statistik,
710,alkohol,2017,2025,15.5,13.1,-15.48,tempo,2,Danmarks Statistik,
727,alkohol,2017,2025,18.2,14.4,-20.88,rigtig,2,Danmarks Statistik,
730,alkohol,2017,2025,15.5,13.0,-16.13,tempo,2,Danmarks Statistik,
740,alkohol,2017,2025,14.5,12.4,-14.48,tempo,2,Danmarks Statistik,
741,alkohol,2017,2025,22.2,17.4,-21.62,rigtig,2,Danmarks Statistik,
746,alkohol,2017,2025,16.3,13.1,-19.63,tempo,2,Danmarks Statistik,
751,alkohol,2017,2025,19.0,14.6,-23.16,rigtig,2,Danmarks Statistik,
756,alkohol,2017,2025,15.1,12.3,-18.54,tempo,2,Danmarks Statistik,
760,alkohol,2017,2025,14.4,14.6,1.39,stagneret,2,Danmarks Statistik,
766,alkohol,2017,2025,14.1,14.2,0.71,stagneret,2,Danmarks Statistik,
773,alkohol,2017,2025,12.3,11.3,-8.13,tempo,2,Danmarks Statistik,
779,alkohol,2017,2025,15.0,14.2,-5.33,stagneret,2,Danmarks Statistik,
787,alkohol,2017,2025,13.7,10.6,-22.63,rigtig,2,Danmarks Statistik,
791,alkohol,2017,2025,13.5,11.8,-12.59,tempo,2,Danmarks Statistik,
810,alkohol,2017,2025,12.2,9.2,-24.59,rigtig,2,Danmarks Statistik,
813,alkohol,2017,2025,14.3,12.5,-12.59,tempo,2,Danmarks Statistik,
820,alkohol,2017,2025,13.3,11.1,-16.54,tempo,2,Danmarks Statistik,
825,alkohol,2017,2025,21.7,19.8,-8.76,tempo,2,Danmarks Statistik,
840,alkohol,2017,2025,14.6,10.6,-27.4,rigtig,2,Danmarks Statistik,
846,alkohol,2017,2025,13.3,11.6,-12.78,tempo,2,Danmarks Statistik,
849,alkohol,2017,2025,13.8,11.0,-20.29,rigtig,2,Danmarks Statistik,
851,alkohol,2017,2025,16.2,12.7,-21.6,rigtig,2,Danmarks Statistik,
860,alkohol,2017,2025,14.3,11.0,-23.08,rigtig,2,Danmarks Statistik,
101,areal_bebygget,2011,2024,76.7,77.6,1.17,stagneret,4,Danmarks Statistik,
147,areal_bebygget,2011,2024,90.5,90.5,0.0,stagneret,4,Danmarks Statistik,
151,areal_bebygget,2011,2024,64.6,66.0,2.17,forkert,4,Danmarks Statistik,
153,areal_bebygget,2011,2024,69.3,70.6,1.88,forkert,4,Danmarks Statistik,
155,areal_bebygget,2011,2024,44.4,45.4,2.25,forkert,4,Danmarks Statistik,
157,areal_bebygget,2011,2024,84.2,84.4,0.24,stagneret,4,Danmarks Statistik,
159,areal_bebygget,2011,2024,80.2,80.3,0.12,stagneret,4,Danmarks Statistik,
161,areal_bebygget,2011,2024,72.4,75.5,4.28,forkert,4,Danmarks Statistik,
163,areal_bebygget,2011,2024,80.1,80.9,1.0,stagneret,4,Danmarks Statistik,
165,areal_bebygget,2011,2024,48.2,49.3,2.28,forkert,4,Danmarks Statistik,
167,areal_bebygget,2011,2024,78.2,79.6,1.79,forkert,4,Danmarks Statistik,
169,areal_bebygget,2011,2024,37.3,37.3,0.0,stagneret,4,Danmarks Statistik,
173,areal_bebygget,2011,2024,49.7,50.3,1.21,stagneret,4,Danmarks Statistik,
175,areal_bebygget,2011,2024,87.6,88.0,0.46,stagneret,4,Danmarks Statistik,
183,areal_bebygget,2011,2024,33.6,35.5,5.65,forkert,4,Danmarks Statistik,
185,areal_bebygget,2011,2024,40.3,41.2,2.23,stagneret,4,Danmarks Statistik,
187,areal_bebygget,2011,2024,59.3,60.9,2.7,forkert,4,Danmarks Statistik,
190,areal_bebygget,2011,2024,36.0,36.8,2.22,stagneret,4,Danmarks Statistik,
201,areal_bebygget,2011,2024,27.9,28.8,3.23,stagneret,4,Danmarks Statistik,
210,areal_bebygget,2011,2024,23.1,24.0,3.9,stagneret,4,Danmarks Statistik,
217,areal_bebygget,2011,2024,30.6,31.2,1.96,stagneret,4,Danmarks Statistik,
219,areal_bebygget,2011,2024,18.0,18.9,5.0,stagneret,4,Danmarks Statistik,
223,areal_bebygget,2011,2024,41.6,42.3,1.68,stagneret,4,Danmarks Statistik,
230,areal_bebygget,2011,2024,43.4,43.9,1.15,stagneret,4,Danmarks Statistik,
240,areal_bebygget,2011,2024,22.4,23.8,6.25,forkert,4,Danmarks Statistik,
250,areal_bebygget,2011,2024,19.1,20.1,5.24,forkert,4,Danmarks Statistik,
253,areal_bebygget,2011,2024,42.3,44.9,6.15,forkert,4,Danmarks Statistik,
259,areal_bebygget,2011,2024,17.5,19.3,10.29,forkert,4,Danmarks Statistik,
260,areal_bebygget,2011,2024,30.6,31.2,1.96,stagneret,4,Danmarks Statistik,
265,areal_bebygget,2011,2024,26.6,28.1,5.64,forkert,4,Danmarks Statistik,
269,areal_bebygget,2011,2024,29.0,31.6,8.97,forkert,4,Danmarks Statistik,
270,areal_bebygget,2011,2024,23.0,23.5,2.17,stagneret,4,Danmarks Statistik,
306,areal_bebygget,2011,2024,22.6,23.8,5.31,forkert,4,Danmarks Statistik,
316,areal_bebygget,2011,2024,13.2,14.0,6.06,stagneret,4,Danmarks Statistik,
320,areal_bebygget,2011,2024,11.7,12.5,6.84,stagneret,4,Danmarks Statistik,
326,areal_bebygget,2011,2024,14.2,15.1,6.34,stagneret,4,Danmarks Statistik,
329,areal_bebygget,2011,2024,11.9,13.0,9.24,forkert,4,Danmarks Statistik,
330,areal_bebygget,2011,2024,14.3,15.0,4.9,stagneret,4,Danmarks Statistik,
336,areal_bebygget,2011,2024,12.1,12.6,4.13,stagneret,4,Danmarks Statistik,
340,areal_bebygget,2011,2024,12.9,13.5,4.65,stagneret,4,Danmarks Statistik,
350,areal_bebygget,2011,2024,13.8,14.5,5.07,stagneret,4,Danmarks Statistik,
360,areal_bebygget,2011,2024,9.4,9.5,1.06,forkert,4,Danmarks Statistik,
370,areal_bebygget,2011,2024,12.7,13.4,5.51,stagneret,4,Danmarks Statistik,
376,areal_bebygget,2011,2024,11.3,11.8,4.42,stagneret,4,Danmarks Statistik,
390,areal_bebygget,2011,2024,11.9,12.5,5.04,stagneret,4,Danmarks Statistik,
400,areal_bebygget,2011,2024,12.2,12.5,2.46,stagneret,4,Danmarks Statistik,
410,areal_bebygget,2011,2024,16.2,17.6,8.64,forkert,4,Danmarks Statistik,
420,areal_bebygget,2011,2024,12.5,13.2,5.6,stagneret,4,Danmarks Statistik,
430,areal_bebygget,2011,2024,12.3,13.1,6.5,stagneret,4,Danmarks Statistik,
440,areal_bebygget,2011,2024,14.3,15.8,10.49,forkert,4,Danmarks Statistik,
450,areal_bebygget,2011,2024,13.5,14.0,3.7,stagneret,4,Danmarks Statistik,
461,areal_bebygget,2011,2024,32.8,35.5,8.23,forkert,4,Danmarks Statistik,
479,areal_bebygget,2011,2024,14.3,15.1,5.59,stagneret,4,Danmarks Statistik,
480,areal_bebygget,2011,2024,11.3,12.1,7.08,stagneret,4,Danmarks Statistik,
482,areal_bebygget,2011,2024,10.6,11.0,3.77,stagneret,4,Danmarks Statistik,
492,areal_bebygget,2011,2024,11.9,12.4,4.2,stagneret,4,Danmarks Statistik,
510,areal_bebygget,2011,2024,10.5,10.9,3.81,stagneret,4,Danmarks Statistik,
530,areal_bebygget,2011,2024,10.0,10.6,6.0,stagneret,4,Danmarks Statistik,
540,areal_bebygget,2011,2024,15.4,16.4,6.49,stagneret,4,Danmarks Statistik,
550,areal_bebygget,2011,2024,7.8,8.0,2.56,forkert,4,Danmarks Statistik,
561,areal_bebygget,2011,2024,14.0,15.0,7.14,forkert,4,Danmarks Statistik,
563,areal_bebygget,2011,2024,11.3,11.4,0.88,stagneret,4,Danmarks Statistik,
573,areal_bebygget,2011,2024,9.6,10.2,6.25,stagneret,4,Danmarks Statistik,
575,areal_bebygget,2011,2024,10.0,10.7,7.0,stagneret,4,Danmarks Statistik,
580,areal_bebygget,2011,2024,10.8,11.5,6.48,stagneret,4,Danmarks Statistik,
607,areal_bebygget,2011,2024,27.8,31.8,14.39,forkert,4,Danmarks Statistik,
615,areal_bebygget,2011,2024,15.0,17.1,14.0,forkert,4,Danmarks Statistik,
621,areal_bebygget,2011,2024,14.8,16.0,8.11,forkert,4,Danmarks Statistik,
630,areal_bebygget,2011,2024,12.5,13.8,10.4,forkert,4,Danmarks Statistik,
657,areal_bebygget,2011,2024,10.4,11.1,6.73,stagneret,4,Danmarks Statistik,
661,areal_bebygget,2011,2024,11.8,12.7,7.63,stagneret,4,Danmarks Statistik,
665,areal_bebygget,2011,2024,9.9,10.3,4.04,stagneret,4,Danmarks Statistik,
671,areal_bebygget,2011,2024,13.5,13.8,2.22,stagneret,4,Danmarks Statistik,
706,areal_bebygget,2011,2024,12.9,13.3,3.1,stagneret,4,Danmarks Statistik,
707,areal_bebygget,2011,2024,10.4,11.1,6.73,stagneret,4,Danmarks Statistik,
710,areal_bebygget,2011,2024,11.9,12.9,8.4,forkert,4,Danmarks Statistik,
727,areal_bebygget,2011,2024,12.6,13.4,6.35,stagneret,4,Danmarks Statistik,
730,areal_bebygget,2011,2024,12.9,13.5,4.65,stagneret,4,Danmarks Statistik,
740,areal_bebygget,2011,2024,13.1,14.3,9.16,forkert,4,Danmarks Statistik,
741,areal_bebygget,2011,2024,10.9,11.2,2.75,stagneret,4,Danmarks Statistik,
746,areal_bebygget,2011,2024,15.2,16.4,7.89,forkert,4,Danmarks Statistik,
751,areal_bebygget,2011,2024,29.7,32.9,10.77,forkert,4,Danmarks Statistik,
756,areal_bebygget,2011,2024,10.7,11.4,6.54,stagneret,4,Danmarks Statistik,
760,areal_bebygget,2011,2024,9.4,9.9,5.32,forkert,4,Danmarks Statistik,
766,areal_bebygget,2011,2024,13.4,14.2,5.97,stagneret,4,Danmarks Statistik,
773,areal_bebygget,2011,2024,11.4,11.4,0.0,stagneret,4,Danmarks Statistik,
779,areal_bebygget,2011,2024,12.5,13.0,4.0,stagneret,4,Danmarks Statistik,
787,areal_bebygget,2011,2024,9.4,9.7,3.19,forkert,4,Danmarks Statistik,
791,areal_bebygget,2011,2024,10.9,11.5,5.5,stagneret,4,Danmarks Statistik,
810,areal_bebygget,2011,2024,10.6,10.9,2.83,stagneret,4,Danmarks Statistik,
813,areal_bebygget,2011,2024,13.7,14.0,2.19,stagneret,4,Danmarks Statistik,
820,areal_bebygget,2011,2024,10.6,10.8,1.89,stagneret,4,Danmarks Statistik,
825,areal_bebygget,2011,2024,9.4,9.6,2.13,forkert,4,Danmarks Statistik,
840,areal_bebygget,2011,2024,9.5,10.1,6.32,stagneret,4,Danmarks Statistik,
846,areal_bebygget,2011,2024,11.0,11.5,4.55,stagneret,4,Danmarks Statistik,
849,areal_bebygget,2011,2024,10.7,11.0,2.8,stagneret,4,Danmarks Statistik,
851,areal_bebygget,2011,2024,15.4,16.0,3.9,stagneret,4,Danmarks Statistik,
860,areal_bebygget,2011,2024,12.5,12.6,0.8,stagneret,4,Danmarks Statistik,
101,areal_intensiv,2011,2024,0.0,0.0,,ingen,4,Danmarks Statistik,
147,areal_intensiv,2011,2024,0.0,0.0,,ingen,4,Danmarks Statistik,
151,areal_intensiv,2011,2024,7.4,4.4,-40.54,rigtig,4,Danmarks Statistik,
153,areal_intensiv,2011,2024,2.6,0.4,-84.62,rigtig,4,Danmarks Statistik,
155,areal_intensiv,2011,2024,19.7,16.4,-16.75,rigtig,4,Danmarks Statistik,
157,areal_intensiv,2011,2024,0.0,0.0,,ingen,4,Danmarks Statistik,
159,areal_intensiv,2011,2024,0.0,0.0,,ingen,4,Danmarks Statistik,
161,areal_intensiv,2011,2024,0.4,0.4,0.0,stagneret,4,Danmarks Statistik,
163,areal_intensiv,2011,2024,1.9,1.8,-5.26,tempo,4,Danmarks Statistik,
165,areal_intensiv,2011,2024,1.3,1.0,-23.08,rigtig,4,Danmarks Statistik,
167,areal_intensiv,2011,2024,1.4,1.3,-7.14,rigtig,4,Danmarks Statistik,
169,areal_intensiv,2011,2024,36.1,31.7,-12.19,rigtig,4,Danmarks Statistik,
173,areal_intensiv,2011,2024,2.8,1.3,-53.57,rigtig,4,Danmarks Statistik,
175,areal_intensiv,2011,2024,0.0,0.0,,ingen,4,Danmarks Statistik,
183,areal_intensiv,2011,2024,37.8,31.9,-15.61,rigtig,4,Danmarks Statistik,
185,areal_intensiv,2011,2024,3.6,3.0,-16.67,rigtig,4,Danmarks Statistik,
187,areal_intensiv,2011,2024,1.1,1.0,-9.09,rigtig,4,Danmarks Statistik,
190,areal_intensiv,2011,2024,10.9,8.7,-20.18,rigtig,4,Danmarks Statistik,
201,areal_intensiv,2011,2024,28.0,24.0,-14.29,rigtig,4,Danmarks Statistik,
210,areal_intensiv,2011,2024,31.5,23.3,-26.03,rigtig,4,Danmarks Statistik,
217,areal_intensiv,2011,2024,25.3,19.9,-21.34,rigtig,4,Danmarks Statistik,
219,areal_intensiv,2011,2024,34.2,30.5,-10.82,rigtig,4,Danmarks Statistik,
223,areal_intensiv,2011,2024,12.2,7.7,-36.89,rigtig,4,Danmarks Statistik,
230,areal_intensiv,2011,2024,7.2,4.7,-34.72,rigtig,4,Danmarks Statistik,
240,areal_intensiv,2011,2024,42.1,36.6,-13.06,rigtig,4,Danmarks Statistik,
250,areal_intensiv,2011,2024,52.9,49.2,-6.99,rigtig,4,Danmarks Statistik,
253,areal_intensiv,2011,2024,38.8,31.9,-17.78,rigtig,4,Danmarks Statistik,
259,areal_intensiv,2011,2024,51.4,47.9,-6.81,rigtig,4,Danmarks Statistik,
260,areal_intensiv,2011,2024,27.1,23.2,-14.39,rigtig,4,Danmarks Statistik,
265,areal_intensiv,2011,2024,51.4,45.5,-11.48,rigtig,4,Danmarks Statistik,
269,areal_intensiv,2011,2024,53.0,47.5,-10.38,rigtig,4,Danmarks Statistik,
270,areal_intensiv,2011,2024,34.6,29.5,-14.74,rigtig,4,Danmarks Statistik,
306,areal_intensiv,2011,2024,49.4,46.1,-6.68,rigtig,4,Danmarks Statistik,
316,areal_intensiv,2011,2024,61.3,57.6,-6.04,rigtig,4,Danmarks Statistik,
320,areal_intensiv,2011,2024,59.4,56.2,-5.39,tempo,4,Danmarks Statistik,
326,areal_intensiv,2011,2024,61.0,58.4,-4.26,tempo,4,Danmarks Statistik,
329,areal_intensiv,2011,2024,59.8,56.5,-5.52,tempo,4,Danmarks Statistik,
330,areal_intensiv,2011,2024,65.0,62.1,-4.46,tempo,4,Danmarks Statistik,
336,areal_intensiv,2011,2024,71.2,69.2,-2.81,tempo,4,Danmarks Statistik,
340,areal_intensiv,2011,2024,53.2,49.6,-6.77,rigtig,4,Danmarks Statistik,
350,areal_intensiv,2011,2024,56.2,52.8,-6.05,rigtig,4,Danmarks Statistik,
360,areal_intensiv,2011,2024,75.5,74.2,-1.72,tempo,4,Danmarks Statistik,
370,areal_intensiv,2011,2024,62.8,59.7,-4.94,tempo,4,Danmarks Statistik,
376,areal_intensiv,2011,2024,68.0,66.8,-1.76,tempo,4,Danmarks Statistik,
390,areal_intensiv,2011,2024,62.5,60.2,-3.68,tempo,4,Danmarks Statistik,
400,areal_intensiv,2011,2024,56.7,54.5,-3.88,tempo,4,Danmarks Statistik,
410,areal_intensiv,2011,2024,60.9,57.4,-5.75,tempo,4,Danmarks Statistik,
420,areal_intensiv,2011,2024,63.2,59.9,-5.22,tempo,4,Danmarks Statistik,
430,areal_intensiv,2011,2024,60.7,57.4,-5.44,tempo,4,Danmarks Statistik,
440,areal_intensiv,2011,2024,67.9,64.2,-5.45,tempo,4,Danmarks Statistik,
450,areal_intensiv,2011,2024,65.5,63.9,-2.44,tempo,4,Danmarks Statistik,
461,areal_intensiv,2011,2024,41.6,35.7,-14.18,rigtig,4,Danmarks Statistik,
479,areal_intensiv,2011,2024,60.2,57.4,-4.65,tempo,4,Danmarks Statistik,
480,areal_intensiv,2011,2024,69.8,67.1,-3.87,tempo,4,Danmarks Statistik,
482,areal_intensiv,2011,2024,66.2,64.3,-2.87,tempo,4,Danmarks Statistik,
492,areal_intensiv,2011,2024,65.2,61.9,-5.06,tempo,4,Danmarks Statistik,
510,areal_intensiv,2011,2024,66.3,64.0,-3.47,tempo,4,Danmarks Statistik,
530,areal_intensiv,2011,2024,53.9,50.4,-6.49,rigtig,4,Danmarks Statistik,
540,areal_intensiv,2011,2024,65.2,62.2,-4.6,tempo,4,Danmarks Statistik,
550,areal_intensiv,2011,2024,67.5,65.7,-2.67,tempo,4,Danmarks Statistik,
561,areal_intensiv,2011,2024,63.1,59.4,-5.86,rigtig,4,Danmarks Statistik,
563,areal_intensiv,2011,2024,5.2,4.3,-17.31,rigtig,4,Danmarks Statistik,
573,areal_intensiv,2011,2024,54.2,50.6,-6.64,rigtig,4,Danmarks Statistik,
575,areal_intensiv,2011,2024,66.7,63.8,-4.35,tempo,4,Danmarks Statistik,
580,areal_intensiv,2011,2024,64.3,61.7,-4.04,tempo,4,Danmarks Statistik,
607,areal_intensiv,2011,2024,41.9,37.4,-10.74,rigtig,4,Danmarks Statistik,
615,areal_intensiv,2011,2024,55.2,50.9,-7.79,rigtig,4,Danmarks Statistik,
621,areal_intensiv,2011,2024,61.1,58.0,-5.07,tempo,4,Danmarks Statistik,
630,areal_intensiv,2011,2024,55.2,50.1,-9.24,rigtig,4,Danmarks Statistik,
657,areal_intensiv,2011,2024,57.0,54.0,-5.26,tempo,4,Danmarks Statistik,
661,areal_intensiv,2011,2024,57.3,53.1,-7.33,rigtig,4,Danmarks Statistik,
665,areal_intensiv,2011,2024,60.8,58.3,-4.11,tempo,4,Danmarks Statistik,
671,areal_intensiv,2011,2024,70.5,68.6,-2.7,tempo,4,Danmarks Statistik,
706,areal_intensiv,2011,2024,49.9,46.7,-6.41,rigtig,4,Danmarks Statistik,
707,areal_intensiv,2011,2024,58.3,55.8,-4.29,tempo,4,Danmarks Statistik,
710,areal_intensiv,2011,2024,61.4,58.0,-5.54,tempo,4,Danmarks Statistik,
727,areal_intensiv,2011,2024,66.9,64.4,-3.74,tempo,4,Danmarks Statistik,
730,areal_intensiv,2011,2024,64.6,61.6,-4.64,tempo,4,Danmarks Statistik,
740,areal_intensiv,2011,2024,44.0,40.0,-9.09,rigtig,4,Danmarks Statistik,
741,areal_intensiv,2011,2024,64.8,62.4,-3.7,tempo,4,Danmarks Statistik,
746,areal_intensiv,2011,2024,51.8,47.0,-9.27,rigtig,4,Danmarks Statistik,
751,areal_intensiv,2011,2024,47.4,41.9,-11.6,rigtig,4,Danmarks Statistik,
756,areal_intensiv,2011,2024,52.1,48.9,-6.14,rigtig,4,Danmarks Statistik,
760,areal_intensiv,2011,2024,59.6,56.9,-4.53,tempo,4,Danmarks Statistik,
766,areal_intensiv,2011,2024,64.5,61.1,-5.27,tempo,4,Danmarks Statistik,
773,areal_intensiv,2011,2024,72.9,70.0,-3.98,tempo,4,Danmarks Statistik,
779,areal_intensiv,2011,2024,64.9,62.2,-4.16,tempo,4,Danmarks Statistik,
787,areal_intensiv,2011,2024,48.5,47.0,-3.09,tempo,4,Danmarks Statistik,
791,areal_intensiv,2011,2024,54.6,50.9,-6.78,rigtig,4,Danmarks Statistik,
810,areal_intensiv,2011,2024,66.8,63.4,-5.09,tempo,4,Danmarks Statistik,
813,areal_intensiv,2011,2024,44.8,41.7,-6.92,rigtig,4,Danmarks Statistik,
820,areal_intensiv,2011,2024,64.6,62.7,-2.94,tempo,4,Danmarks Statistik,
825,areal_intensiv,2011,2024,19.0,13.4,-29.47,rigtig,4,Danmarks Statistik,
840,areal_intensiv,2011,2024,62.1,59.3,-4.51,tempo,4,Danmarks Statistik,
846,areal_intensiv,2011,2024,57.4,54.6,-4.88,tempo,4,Danmarks Statistik,
849,areal_intensiv,2011,2024,54.8,52.8,-3.65,tempo,4,Danmarks Statistik,
851,areal_intensiv,2011,2024,56.2,52.4,-6.76,rigtig,4,Danmarks Statistik,
860,areal_intensiv,2011,2024,60.2,57.1,-5.15,tempo,4,Danmarks Statistik,
101,child_notifications,2015-2017,2023-2025,64.6467,86.34,33.56,forkert,11,Danmarks Statistik,
147,child_notifications,2015-2017,2023-2025,37.1767,70.0533,88.43,forkert,11,Danmarks Statistik,
151,child_notifications,2015-2017,2023-2025,33.4533,102.9933,207.87,forkert,11,Danmarks Statistik,
153,child_notifications,2015-2017,2023-2025,54.6767,119.2067,118.02,forkert,11,Danmarks Statistik,
155,child_notifications,2015-2017,2023-2025,46.3233,55.4433,19.69,forkert,11,Danmarks Statistik,
157,child_notifications,2015-2017,2023-2025,29.3067,51.2367,74.83,forkert,11,Danmarks Statistik,
159,child_notifications,2015-2017,2023-2025,62.2033,81.5233,31.06,forkert,11,Danmarks Statistik,
161,child_notifications,2015-2017,2023-2025,51.1967,90.4133,76.6,forkert,11,Danmarks Statistik,
163,child_notifications,2015-2017,2023-2025,57.62,90.3767,56.85,forkert,11,Danmarks Statistik,
165,child_notifications,2015-2017,2023-2025,71.76,114.69,59.82,forkert,11,Danmarks Statistik,
167,child_notifications,2015-2017,2023-2025,68.9567,93.0467,34.93,forkert,11,Danmarks Statistik,
169,child_notifications,2015-2017,2023-2025,55.8933,127.8533,128.75,forkert,11,Danmarks Statistik,
173,child_notifications,2015-2017,2023-2025,38.7733,71.4767,84.34,forkert,11,Danmarks Statistik,
175,child_notifications,2015-2017,2023-2025,52.8833,91.4633,72.95,forkert,11,Danmarks Statistik,
183,child_notifications,2015-2017,2023-2025,63.1033,85.3067,35.19,forkert,11,Danmarks Statistik,
185,child_notifications,2015-2017,2023-2025,53.1933,92.4733,73.84,forkert,11,Danmarks Statistik,
187,child_notifications,2015-2017,2023-2025,24.99,66.8067,167.33,forkert,11,Danmarks Statistik,
190,child_notifications,2015-2017,2023-2025,38.09,76.8933,101.87,forkert,11,Danmarks Statistik,
201,child_notifications,2015-2017,2023-2025,46.8667,78.5167,67.53,forkert,11,Danmarks Statistik,
210,child_notifications,2015-2017,2023-2025,36.54,86.0833,135.59,forkert,11,Danmarks Statistik,
217,child_notifications,2015-2017,2023-2025,50.73,91.6833,80.73,forkert,11,Danmarks Statistik,
219,child_notifications,2015-2017,2023-2025,45.51,75.9567,66.9,forkert,11,Danmarks Statistik,
223,child_notifications,2015-2017,2023-2025,24.3733,58.45,139.81,forkert,11,Danmarks Statistik,
230,child_notifications,2015-2017,2023-2025,28.65,59.4133,107.38,forkert,11,Danmarks Statistik,
240,child_notifications,2015-2017,2023-2025,34.37,64.9533,88.98,forkert,11,Danmarks Statistik,
250,child_notifications,2015-2017,2023-2025,65.5467,115.2933,75.9,forkert,11,Danmarks Statistik,
253,child_notifications,2015-2017,2023-2025,34.47,68.5667,98.92,forkert,11,Danmarks Statistik,
259,child_notifications,2015-2017,2023-2025,63.13,99.1967,57.13,forkert,11,Danmarks Statistik,
260,child_notifications,2015-2017,2023-2025,93.1167,120.97,29.91,forkert,11,Danmarks Statistik,
265,child_notifications,2015-2017,2023-2025,42.1967,81.2067,92.45,forkert,11,Danmarks Statistik,
269,child_notifications,2015-2017,2023-2025,31.5567,75.8533,140.37,forkert,11,Danmarks Statistik,
270,child_notifications,2015-2017,2023-2025,79.1467,119.8833,51.47,forkert,11,Danmarks Statistik,
306,child_notifications,2015-2017,2023-2025,82.4167,123.8967,50.33,forkert,11,Danmarks Statistik,
316,child_notifications,2015-2017,2023-2025,68.8067,95.63,38.98,forkert,11,Danmarks Statistik,
320,child_notifications,2015-2017,2023-2025,70.7467,118.07,66.89,forkert,11,Danmarks Statistik,
326,child_notifications,2015-2017,2023-2025,75.6633,107.9533,42.68,forkert,11,Danmarks Statistik,
329,child_notifications,2015-2017,2023-2025,63.0367,86.9033,37.86,forkert,11,Danmarks Statistik,
330,child_notifications,2015-2017,2023-2025,68.3433,117.4033,71.78,forkert,11,Danmarks Statistik,
336,child_notifications,2015-2017,2023-2025,66.8533,97.82,46.32,forkert,11,Danmarks Statistik,
340,child_notifications,2015-2017,2023-2025,38.71,102.46,164.69,forkert,11,Danmarks Statistik,
350,child_notifications,2015-2017,2023-2025,39.7967,82.7767,108.0,forkert,11,Danmarks Statistik,
360,child_notifications,2015-2017,2023-2025,107.71,147.1833,36.65,forkert,11,Danmarks Statistik,
370,child_notifications,2015-2017,2023-2025,66.7333,119.9833,79.8,forkert,11,Danmarks Statistik,
376,child_notifications,2015-2017,2023-2025,89.6167,129.69,44.72,forkert,11,Danmarks Statistik,
390,child_notifications,2015-2017,2023-2025,80.5333,134.2833,66.74,forkert,11,Danmarks Statistik,
400,child_notifications,2015-2017,2023-2025,62.5733,111.4133,78.05,forkert,11,Danmarks Statistik,
410,child_notifications,2015-2017,2023-2025,38.52,94.05,144.16,forkert,11,Danmarks Statistik,
420,child_notifications,2015-2017,2023-2025,65.89,119.4167,81.24,forkert,11,Danmarks Statistik,
430,child_notifications,2015-2017,2023-2025,64.2133,95.9233,49.38,forkert,11,Danmarks Statistik,
440,child_notifications,2015-2017,2023-2025,35.4867,95.44,168.95,forkert,11,Danmarks Statistik,
450,child_notifications,2015-2017,2023-2025,48.9567,108.5567,121.74,forkert,11,Danmarks Statistik,
461,child_notifications,2015-2017,2023-2025,56.3567,78.3767,39.07,forkert,11,Danmarks Statistik,
479,child_notifications,2015-2017,2023-2025,69.1233,91.8133,32.83,forkert,11,Danmarks Statistik,
480,child_notifications,2015-2017,2023-2025,46.94,93.7633,99.75,forkert,11,Danmarks Statistik,
482,child_notifications,2015-2017,2023-2025,77.4867,150.7567,94.56,forkert,11,Danmarks Statistik,
492,child_notifications,2015-2017,2023-2025,50.74,91.5667,80.46,forkert,11,Danmarks Statistik,
510,child_notifications,2015-2017,2023-2025,45.0033,103.1233,129.15,forkert,11,Danmarks Statistik,
530,child_notifications,2015-2017,2023-2025,59.8433,90.9133,51.92,forkert,11,Danmarks Statistik,
540,child_notifications,2015-2017,2023-2025,48.8467,87.7033,79.55,forkert,11,Danmarks Statistik,
550,child_notifications,2015-2017,2023-2025,63.66,115.5067,81.44,forkert,11,Danmarks Statistik,
561,child_notifications,2015-2017,2023-2025,62.6333,88.7567,41.71,forkert,11,Danmarks Statistik,
563,child_notifications,2015-2017,2023-2025,43.7867,69.9767,59.81,forkert,11,Danmarks Statistik,
573,child_notifications,2015-2017,2023-2025,60.0933,85.35,42.03,forkert,11,Danmarks Statistik,
575,child_notifications,2015-2017,2023-2025,57.04,112.0267,96.4,forkert,11,Danmarks Statistik,
580,child_notifications,2015-2017,2023-2025,51.9733,86.6033,66.63,forkert,11,Danmarks Statistik,
607,child_notifications,2015-2017,2023-2025,60.9167,108.2767,77.75,forkert,11,Danmarks Statistik,
615,child_notifications,2015-2017,2023-2025,55.2067,91.9367,66.53,forkert,11,Danmarks Statistik,
621,child_notifications,2015-2017,2023-2025,59.8833,77.1267,28.79,forkert,11,Danmarks Statistik,
630,child_notifications,2015-2017,2023-2025,40.9133,67.0533,63.89,forkert,11,Danmarks Statistik,
657,child_notifications,2015-2017,2023-2025,52.9533,67.8733,28.18,forkert,11,Danmarks Statistik,
661,child_notifications,2015-2017,2023-2025,47.96,90.6733,89.06,forkert,11,Danmarks Statistik,
665,child_notifications,2015-2017,2023-2025,47.31,71.8433,51.86,forkert,11,Danmarks Statistik,
671,child_notifications,2015-2017,2023-2025,47.38,82.76,74.67,forkert,11,Danmarks Statistik,
706,child_notifications,2015-2017,2023-2025,52.23,78.9667,51.19,forkert,11,Danmarks Statistik,
707,child_notifications,2015-2017,2023-2025,82.23,92.7133,12.75,forkert,11,Danmarks Statistik,
710,child_notifications,2015-2017,2023-2025,47.6867,60.44,26.74,forkert,11,Danmarks Statistik,
727,child_notifications,2015-2017,2023-2025,42.4033,72.04,69.89,forkert,11,Danmarks Statistik,
730,child_notifications,2015-2017,2023-2025,60.8433,85.5633,40.63,forkert,11,Danmarks Statistik,
740,child_notifications,2015-2017,2023-2025,54.04,74.6633,38.16,forkert,11,Danmarks Statistik,
741,child_notifications,2015-2017,2023-2025,54.1033,89.4867,65.4,forkert,11,Danmarks Statistik,
746,child_notifications,2015-2017,2023-2025,33.3067,55.37,66.24,forkert,11,Danmarks Statistik,
751,child_notifications,2015-2017,2023-2025,49.1967,72.12,46.6,forkert,11,Danmarks Statistik,
756,child_notifications,2015-2017,2023-2025,50.4833,76.48,51.5,forkert,11,Danmarks Statistik,
760,child_notifications,2015-2017,2023-2025,53.9067,76.8533,42.57,forkert,11,Danmarks Statistik,
766,child_notifications,2015-2017,2023-2025,36.1533,77.74,115.03,forkert,11,Danmarks Statistik,
773,child_notifications,2015-2017,2023-2025,56.2867,105.17,86.85,forkert,11,Danmarks Statistik,
779,child_notifications,2015-2017,2023-2025,39.6267,86.57,118.46,forkert,11,Danmarks Statistik,
787,child_notifications,2015-2017,2023-2025,57.0033,94.2733,65.38,forkert,11,Danmarks Statistik,
791,child_notifications,2015-2017,2023-2025,52.8733,81.0133,53.22,forkert,11,Danmarks Statistik,
810,child_notifications,2015-2017,2023-2025,49.0,87.58,78.73,forkert,11,Danmarks Statistik,
813,child_notifications,2015-2017,2023-2025,51.3167,82.51,60.79,forkert,11,Danmarks Statistik,
820,child_notifications,2015-2017,2023-2025,93.1233,120.9367,29.87,forkert,11,Danmarks Statistik,
825,child_notifications,2015-2017,2023-2025,6.7767,50.2667,641.76,forkert,10,Danmarks Statistik,
840,child_notifications,2015-2017,2023-2025,45.7667,70.7367,54.56,forkert,11,Danmarks Statistik,
846,child_notifications,2015-2017,2023-2025,59.06,87.1533,47.57,forkert,11,Danmarks Statistik,
849,child_notifications,2015-2017,2023-2025,62.42,116.1367,86.06,forkert,11,Danmarks Statistik,
851,child_notifications,2015-2017,2023-2025,68.36,94.3867,38.07,forkert,11,Danmarks Statistik,
860,child_notifications,2015-2017,2023-2025,59.4067,105.0367,76.81,forkert,11,Danmarks Statistik,
101,child_poverty,2015-2017,2022-2024,5.8667,4.6667,-20.45,rigtig,10,Danmarks Statistik,
147,child_poverty,2015-2017,2022-2024,3.3333,3.0333,-9.0,rigtig,10,Danmarks Statistik,
151,child_poverty,2015-2017,2022-2024,3.8333,4.2333,10.43,forkert,10,Danmarks Statistik,
153,child_poverty,2015-2017,2022-2024,8.3,8.1,-2.41,tempo,10,Danmarks Statistik,
155,child_poverty,2015-2017,2022-2024,2.2667,1.7667,-22.06,rigtig,10,Danmarks Statistik,
157,child_poverty,2015-2017,2022-2024,2.2333,2.3667,5.97,forkert,10,Danmarks Statistik,
159,child_poverty,2015-2017,2022-2024,4.5667,4.5667,-0.0,stagneret,10,Danmarks Statistik,
161,child_poverty,2015-2017,2022-2024,4.1667,4.2,0.8,stagneret,10,Danmarks Statistik,
163,child_poverty,2015-2017,2022-2024,3.8667,3.9,0.86,stagneret,10,Danmarks Statistik,
165,child_poverty,2015-2017,2022-2024,6.1333,5.7667,-5.98,rigtig,10,Danmarks Statistik,
167,child_poverty,2015-2017,2022-2024,3.6667,3.7333,1.82,forkert,10,Danmarks Statistik,
169,child_poverty,2015-2017,2022-2024,6.6,6.5333,-1.01,tempo,10,Danmarks Statistik,
173,child_poverty,2015-2017,2022-2024,2.6,2.6667,2.56,forkert,10,Danmarks Statistik,
175,child_poverty,2015-2017,2022-2024,4.8,5.1667,7.64,forkert,10,Danmarks Statistik,
183,child_poverty,2015-2017,2022-2024,7.3333,6.2333,-15.0,rigtig,10,Danmarks Statistik,
185,child_poverty,2015-2017,2022-2024,3.5333,3.4333,-2.83,tempo,10,Danmarks Statistik,
187,child_poverty,2015-2017,2022-2024,3.9,4.1333,5.98,forkert,10,Danmarks Statistik,
190,child_poverty,2015-2017,2022-2024,2.8667,2.9667,3.49,forkert,10,Danmarks Statistik,
201,child_poverty,2015-2017,2022-2024,2.2,2.0,-9.09,rigtig,10,Danmarks Statistik,
210,child_poverty,2015-2017,2022-2024,4.4333,3.5667,-19.55,rigtig,10,Danmarks Statistik,
217,child_poverty,2015-2017,2022-2024,4.9333,4.0333,-18.24,rigtig,10,Danmarks Statistik,
219,child_poverty,2015-2017,2022-2024,3.3,3.5,6.06,forkert,10,Danmarks Statistik,
223,child_poverty,2015-2017,2022-2024,2.6,2.8,7.69,forkert,10,Danmarks Statistik,
230,child_poverty,2015-2017,2022-2024,2.6333,2.2333,-15.19,rigtig,10,Danmarks Statistik,
240,child_poverty,2015-2017,2022-2024,2.0333,2.0333,0.0,stagneret,10,Danmarks Statistik,
250,child_poverty,2015-2017,2022-2024,3.5333,3.7333,5.66,forkert,10,Danmarks Statistik,
253,child_poverty,2015-2017,2022-2024,3.2333,3.4333,6.19,forkert,10,Danmarks Statistik,
259,child_poverty,2015-2017,2022-2024,4.4333,4.5333,2.26,forkert,10,Danmarks Statistik,
260,child_poverty,2015-2017,2022-2024,4.6,4.1667,-9.42,rigtig,10,Danmarks Statistik,
265,child_poverty,2015-2017,2022-2024,2.6333,2.4333,-7.59,rigtig,10,Danmarks Statistik,
269,child_poverty,2015-2017,2022-2024,2.6333,2.1333,-18.99,rigtig,10,Danmarks Statistik,
270,child_poverty,2015-2017,2022-2024,4.3,4.1667,-3.1,tempo,10,Danmarks Statistik,
306,child_poverty,2015-2017,2022-2024,6.5667,5.9333,-9.64,rigtig,10,Danmarks Statistik,
316,child_poverty,2015-2017,2022-2024,4.6333,4.3667,-5.76,rigtig,10,Danmarks Statistik,
320,child_poverty,2015-2017,2022-2024,5.9,5.0333,-14.69,rigtig,10,Danmarks Statistik,
326,child_poverty,2015-2017,2022-2024,6.4667,6.2667,-3.09,tempo,10,Danmarks Statistik,
329,child_poverty,2015-2017,2022-2024,4.4667,4.0667,-8.96,rigtig,10,Danmarks Statistik,
330,child_poverty,2015-2017,2022-2024,7.0667,6.7667,-4.25,tempo,10,Danmarks Statistik,
336,child_poverty,2015-2017,2022-2024,3.9333,3.7667,-4.24,tempo,10,Danmarks Statistik,
340,child_poverty,2015-2017,2022-2024,4.2333,4.8,13.39,forkert,10,Danmarks Statistik,
350,child_poverty,2015-2017,2022-2024,3.2667,2.7667,-15.31,rigtig,10,Danmarks Statistik,
360,child_poverty,2015-2017,2022-2024,8.1333,7.7667,-4.51,tempo,10,Danmarks Statistik,
370,child_poverty,2015-2017,2022-2024,4.8667,4.9,0.68,stagneret,10,Danmarks Statistik,
376,child_poverty,2015-2017,2022-2024,7.5,7.2667,-3.11,tempo,10,Danmarks Statistik,
390,child_poverty,2015-2017,2022-2024,5.9667,5.9667,0.0,stagneret,10,Danmarks Statistik,
400,child_poverty,2015-2017,2022-2024,4.2333,4.4333,4.72,forkert,10,Danmarks Statistik,
410,child_poverty,2015-2017,2022-2024,3.6333,3.8333,5.5,forkert,10,Danmarks Statistik,
420,child_poverty,2015-2017,2022-2024,4.6333,4.6,-0.72,stagneret,10,Danmarks Statistik,
430,child_poverty,2015-2017,2022-2024,3.8667,4.0667,5.17,forkert,10,Danmarks Statistik,
440,child_poverty,2015-2017,2022-2024,4.6,4.8333,5.07,forkert,10,Danmarks Statistik,
450,child_poverty,2015-2017,2022-2024,5.6,5.1333,-8.33,rigtig,10,Danmarks Statistik,
461,child_poverty,2015-2017,2022-2024,6.5667,6.1667,-6.09,rigtig,10,Danmarks Statistik,
479,child_poverty,2015-2017,2022-2024,4.4667,4.7667,6.72,forkert,10,Danmarks Statistik,
480,child_poverty,2015-2017,2022-2024,4.3,4.4,2.33,forkert,10,Danmarks Statistik,
482,child_poverty,2015-2017,2022-2024,8.5667,6.4,-25.29,rigtig,10,Danmarks Statistik,
492,child_poverty,2015-2017,2022-2024,6.1333,5.5,-10.33,rigtig,10,Danmarks Statistik,
510,child_poverty,2015-2017,2022-2024,6.4333,5.9667,-7.25,rigtig,10,Danmarks Statistik,
530,child_poverty,2015-2017,2022-2024,4.3,2.7,-37.21,rigtig,10,Danmarks Statistik,
540,child_poverty,2015-2017,2022-2024,5.3,5.6667,6.92,forkert,10,Danmarks Statistik,
550,child_poverty,2015-2017,2022-2024,6.8667,5.8333,-15.05,rigtig,10,Danmarks Statistik,
561,child_poverty,2015-2017,2022-2024,5.1333,3.8333,-25.32,rigtig,10,Danmarks Statistik,
563,child_poverty,2015-2017,2022-2024,5.7333,2.7,-52.91,rigtig,10,Danmarks Statistik,
573,child_poverty,2015-2017,2022-2024,4.9,3.8333,-21.77,rigtig,10,Danmarks Statistik,
575,child_poverty,2015-2017,2022-2024,4.9333,3.3333,-32.43,rigtig,10,Danmarks Statistik,
580,child_poverty,2015-2017,2022-2024,6.1333,5.0333,-17.93,rigtig,10,Danmarks Statistik,
607,child_poverty,2015-2017,2022-2024,5.2,6.3333,21.79,forkert,10,Danmarks Statistik,
615,child_poverty,2015-2017,2022-2024,4.1333,3.7,-10.48,rigtig,10,Danmarks Statistik,
621,child_poverty,2015-2017,2022-2024,4.4,4.1667,-5.3,rigtig,10,Danmarks Statistik,
630,child_poverty,2015-2017,2022-2024,4.1667,4.2333,1.6,forkert,10,Danmarks Statistik,
657,child_poverty,2015-2017,2022-2024,4.0,3.6667,-8.33,rigtig,10,Danmarks Statistik,
661,child_poverty,2015-2017,2022-2024,4.7,4.0333,-14.18,rigtig,10,Danmarks Statistik,
665,child_poverty,2015-2017,2022-2024,4.8,4.5,-6.25,rigtig,10,Danmarks Statistik,
671,child_poverty,2015-2017,2022-2024,6.0333,5.3667,-11.05,rigtig,10,Danmarks Statistik,
706,child_poverty,2015-2017,2022-2024,3.9667,3.4667,-12.61,rigtig,10,Danmarks Statistik,
707,child_poverty,2015-2017,2022-2024,5.3,4.9333,-6.92,rigtig,10,Danmarks Statistik,
710,child_poverty,2015-2017,2022-2024,2.7333,2.7,-1.22,tempo,10,Danmarks Statistik,
727,child_poverty,2015-2017,2022-2024,3.8,2.7667,-27.19,rigtig,10,Danmarks Statistik,
730,child_poverty,2015-2017,2022-2024,4.7,5.2333,11.35,forkert,10,Danmarks Statistik,
740,child_poverty,2015-2017,2022-2024,3.3333,3.0333,-9.0,rigtig,10,Danmarks Statistik,
741,child_poverty,2015-2017,2022-2024,5.0667,6.0667,19.74,forkert,10,Danmarks Statistik,
746,child_poverty,2015-2017,2022-2024,2.3,1.9667,-14.49,rigtig,10,Danmarks Statistik,
751,child_poverty,2015-2017,2022-2024,4.8333,4.9333,2.07,forkert,10,Danmarks Statistik,
756,child_poverty,2015-2017,2022-2024,3.5333,3.4,-3.77,tempo,10,Danmarks Statistik,
760,child_poverty,2015-2017,2022-2024,4.8,3.5667,-25.69,rigtig,10,Danmarks Statistik,
766,child_poverty,2015-2017,2022-2024,3.1667,3.2333,2.11,forkert,10,Danmarks Statistik,
773,child_poverty,2015-2017,2022-2024,7.1,4.4,-38.03,rigtig,10,Danmarks Statistik,
779,child_poverty,2015-2017,2022-2024,4.3667,4.6,5.34,forkert,10,Danmarks Statistik,
787,child_poverty,2015-2017,2022-2024,5.1667,4.0333,-21.94,rigtig,10,Danmarks Statistik,
791,child_poverty,2015-2017,2022-2024,3.9,3.9,0.0,stagneret,10,Danmarks Statistik,
810,child_poverty,2015-2017,2022-2024,5.4333,4.4667,-17.79,rigtig,10,Danmarks Statistik,
813,child_poverty,2015-2017,2022-2024,4.8333,5.1,5.52,forkert,10,Danmarks Statistik,
820,child_poverty,2015-2017,2022-2024,5.9333,4.4333,-25.28,rigtig,10,Danmarks Statistik,
825,child_poverty,2015-2017,2022-2024,6.9667,3.1,-55.5,rigtig,10,Danmarks Statistik,
840,child_poverty,2015-2017,2022-2024,2.5,2.3667,-5.33,rigtig,10,Danmarks Statistik,
846,child_poverty,2015-2017,2022-2024,4.7,4.5,-4.26,tempo,10,Danmarks Statistik,
849,child_poverty,2015-2017,2022-2024,5.0,4.3667,-12.67,rigtig,10,Danmarks Statistik,
851,child_poverty,2015-2017,2022-2024,3.9667,4.5333,14.29,forkert,10,Danmarks Statistik,
860,child_poverty,2015-2017,2022-2024,5.3333,4.3333,-18.75,rigtig,10,Danmarks Statistik,
101,cirkularitet_recycling,2013-2015,2021-2023,22.0,38.3333,74.24,rigtig,11,Danmarks Statistik,
147,cirkularitet_recycling,2013-2015,2021-2023,22.3333,30.6667,37.31,tempo,11,Danmarks Statistik,
151,cirkularitet_recycling,2013-2015,2021-2023,36.3333,58.3333,60.55,rigtig,11,Danmarks Statistik,
153,cirkularitet_recycling,2013-2015,2021-2023,36.0,57.3333,59.26,rigtig,11,Danmarks Statistik,
155,cirkularitet_recycling,2013-2015,2021-2023,25.6667,52.0,102.6,rigtig,11,Danmarks Statistik,
157,cirkularitet_recycling,2013-2015,2021-2023,41.6667,60.6667,45.6,rigtig,11,Danmarks Statistik,
159,cirkularitet_recycling,2013-2015,2021-2023,44.3333,64.3333,45.11,rigtig,11,Danmarks Statistik,
161,cirkularitet_recycling,2013-2015,2021-2023,34.6667,62.3333,79.81,rigtig,11,Danmarks Statistik,
163,cirkularitet_recycling,2013-2015,2021-2023,36.6667,60.0,63.64,rigtig,11,Danmarks Statistik,
165,cirkularitet_recycling,2013-2015,2021-2023,30.3333,54.6667,80.22,rigtig,11,Danmarks Statistik,
167,cirkularitet_recycling,2013-2015,2021-2023,32.0,39.0,21.88,tempo,11,Danmarks Statistik,
169,cirkularitet_recycling,2013-2015,2021-2023,29.6667,56.6667,91.01,rigtig,11,Danmarks Statistik,
173,cirkularitet_recycling,2013-2015,2021-2023,36.3333,57.3333,57.8,rigtig,11,Danmarks Statistik,
175,cirkularitet_recycling,2013-2015,2021-2023,44.3333,59.3333,33.83,tempo,11,Danmarks Statistik,
183,cirkularitet_recycling,2013-2015,2021-2023,21.0,37.3333,77.78,rigtig,11,Danmarks Statistik,
185,cirkularitet_recycling,2013-2015,2021-2023,33.0,47.3333,43.43,rigtig,11,Danmarks Statistik,
187,cirkularitet_recycling,2013-2015,2021-2023,29.6667,57.0,92.13,rigtig,11,Danmarks Statistik,
190,cirkularitet_recycling,2013-2015,2021-2023,50.3333,64.3333,27.81,tempo,11,Danmarks Statistik,
201,cirkularitet_recycling,2013-2015,2021-2023,22.6667,56.0,147.06,rigtig,11,Danmarks Statistik,
210,cirkularitet_recycling,2013-2015,2021-2023,23.6667,43.3333,83.1,rigtig,11,Danmarks Statistik,
217,cirkularitet_recycling,2013-2015,2021-2023,36.0,58.3333,62.04,rigtig,11,Danmarks Statistik,
219,cirkularitet_recycling,2013-2015,2021-2023,50.6667,66.6667,31.58,tempo,11,Danmarks Statistik,
223,cirkularitet_recycling,2013-2015,2021-2023,31.6667,50.3333,58.95,rigtig,11,Danmarks Statistik,
230,cirkularitet_recycling,2013-2015,2021-2023,34.3333,61.0,77.67,rigtig,11,Danmarks Statistik,
240,cirkularitet_recycling,2013-2015,2021-2023,63.3333,69.0,8.95,tempo,11,Danmarks Statistik,
250,cirkularitet_recycling,2013-2015,2021-2023,66.3333,70.0,5.53,tempo,11,Danmarks Statistik,
253,cirkularitet_recycling,2013-2015,2021-2023,46.3333,64.3333,38.85,rigtig,11,Danmarks Statistik,
259,cirkularitet_recycling,2013-2015,2021-2023,34.3333,63.3333,84.47,rigtig,11,Danmarks Statistik,
260,cirkularitet_recycling,2013-2015,2021-2023,52.6667,68.3333,29.75,tempo,11,Danmarks Statistik,
265,cirkularitet_recycling,2013-2015,2021-2023,39.0,68.0,74.36,rigtig,11,Danmarks Statistik,
269,cirkularitet_recycling,2013-2015,2021-2023,23.3333,68.6667,194.29,rigtig,11,Danmarks Statistik,
270,cirkularitet_recycling,2013-2015,2021-2023,62.3333,64.3333,3.21,tempo,11,Danmarks Statistik,
306,cirkularitet_recycling,2013-2015,2021-2023,52.6667,65.0,23.42,tempo,11,Danmarks Statistik,
316,cirkularitet_recycling,2013-2015,2021-2023,54.3333,65.0,19.63,tempo,11,Danmarks Statistik,
320,cirkularitet_recycling,2013-2015,2021-2023,45.6667,63.3333,38.69,tempo,11,Danmarks Statistik,
326,cirkularitet_recycling,2013-2015,2021-2023,50.6667,67.6667,33.55,tempo,11,Danmarks Statistik,
329,cirkularitet_recycling,2013-2015,2021-2023,37.3333,56.3333,50.89,rigtig,11,Danmarks Statistik,
330,cirkularitet_recycling,2013-2015,2021-2023,55.3333,54.3333,-1.81,forkert,11,Danmarks Statistik,
336,cirkularitet_recycling,2013-2015,2021-2023,47.3333,72.0,52.11,rigtig,11,Danmarks Statistik,
340,cirkularitet_recycling,2013-2015,2021-2023,35.3333,59.3333,67.92,rigtig,11,Danmarks Statistik,
350,cirkularitet_recycling,2013-2015,2021-2023,42.3333,68.0,60.63,rigtig,11,Danmarks Statistik,
360,cirkularitet_recycling,2013-2015,2021-2023,37.6667,35.6667,-5.31,forkert,11,Danmarks Statistik,
370,cirkularitet_recycling,2013-2015,2021-2023,41.0,61.0,48.78,rigtig,11,Danmarks Statistik,
376,cirkularitet_recycling,2013-2015,2021-2023,40.0,25.6667,-35.83,forkert,11,Danmarks Statistik,
390,cirkularitet_recycling,2013-2015,2021-2023,43.3333,61.6667,42.31,rigtig,11,Danmarks Statistik,
400,cirkularitet_recycling,2013-2015,2021-2023,45.3333,53.3333,17.65,tempo,11,Danmarks Statistik,
410,cirkularitet_recycling,2013-2015,2021-2023,57.3333,60.3333,5.23,tempo,11,Danmarks Statistik,
420,cirkularitet_recycling,2013-2015,2021-2023,63.0,64.3333,2.12,tempo,11,Danmarks Statistik,
430,cirkularitet_recycling,2013-2015,2021-2023,46.6667,51.3333,10.0,tempo,11,Danmarks Statistik,
440,cirkularitet_recycling,2013-2015,2021-2023,52.0,68.3333,31.41,tempo,11,Danmarks Statistik,
450,cirkularitet_recycling,2013-2015,2021-2023,31.3333,25.3333,-19.15,forkert,11,Danmarks Statistik,
461,cirkularitet_recycling,2013-2015,2021-2023,45.6667,62.0,35.77,tempo,11,Danmarks Statistik,
479,cirkularitet_recycling,2013-2015,2021-2023,39.0,57.6667,47.86,rigtig,11,Danmarks Statistik,
480,cirkularitet_recycling,2013-2015,2021-2023,25.3333,49.6667,96.05,rigtig,11,Danmarks Statistik,
482,cirkularitet_recycling,2013-2015,2021-2023,32.3333,41.0,26.8,tempo,11,Danmarks Statistik,
492,cirkularitet_recycling,2013-2015,2021-2023,30.0,24.6667,-17.78,forkert,11,Danmarks Statistik,
510,cirkularitet_recycling,2013-2015,2021-2023,51.6667,58.3333,12.9,tempo,11,Danmarks Statistik,
530,cirkularitet_recycling,2013-2015,2021-2023,43.3333,66.3333,53.08,rigtig,11,Danmarks Statistik,
540,cirkularitet_recycling,2013-2015,2021-2023,69.6667,66.0,-5.26,forkert,11,Danmarks Statistik,
550,cirkularitet_recycling,2013-2015,2021-2023,34.0,50.6667,49.02,rigtig,11,Danmarks Statistik,
561,cirkularitet_recycling,2013-2015,2021-2023,45.0,70.0,55.56,rigtig,11,Danmarks Statistik,
563,cirkularitet_recycling,2013-2015,2021-2023,58.3333,56.0,-4.0,forkert,11,Danmarks Statistik,
573,cirkularitet_recycling,2013-2015,2021-2023,52.0,58.0,11.54,tempo,11,Danmarks Statistik,
575,cirkularitet_recycling,2013-2015,2021-2023,49.6667,52.0,4.7,tempo,11,Danmarks Statistik,
580,cirkularitet_recycling,2013-2015,2021-2023,36.6667,33.0,-10.0,forkert,11,Danmarks Statistik,
607,cirkularitet_recycling,2013-2015,2021-2023,43.3333,64.3333,48.46,rigtig,11,Danmarks Statistik,
615,cirkularitet_recycling,2013-2015,2021-2023,25.3333,38.3333,51.32,rigtig,11,Danmarks Statistik,
621,cirkularitet_recycling,2013-2015,2021-2023,28.3333,68.0,140.0,rigtig,11,Danmarks Statistik,
630,cirkularitet_recycling,2013-2015,2021-2023,45.6667,47.6667,4.38,tempo,11,Danmarks Statistik,
657,cirkularitet_recycling,2013-2015,2021-2023,52.0,77.0,48.08,rigtig,11,Danmarks Statistik,
661,cirkularitet_recycling,2013-2015,2021-2023,36.0,60.0,66.67,rigtig,11,Danmarks Statistik,
665,cirkularitet_recycling,2013-2015,2021-2023,64.6667,66.0,2.06,tempo,11,Danmarks Statistik,
671,cirkularitet_recycling,2013-2015,2021-2023,19.3333,64.6667,234.48,rigtig,11,Danmarks Statistik,
706,cirkularitet_recycling,2013-2015,2021-2023,49.3333,58.0,17.57,tempo,11,Danmarks Statistik,
707,cirkularitet_recycling,2013-2015,2021-2023,34.0,52.0,52.94,rigtig,11,Danmarks Statistik,
710,cirkularitet_recycling,2013-2015,2021-2023,48.3333,64.3333,33.1,tempo,11,Danmarks Statistik,
727,cirkularitet_recycling,2013-2015,2021-2023,52.0,52.6667,1.28,stagneret,11,Danmarks Statistik,
730,cirkularitet_recycling,2013-2015,2021-2023,44.0,52.3333,18.94,tempo,11,Danmarks Statistik,
740,cirkularitet_recycling,2013-2015,2021-2023,53.0,65.3333,23.27,tempo,11,Danmarks Statistik,
741,cirkularitet_recycling,2013-2015,2021-2023,8.0,75.3333,841.67,rigtig,11,Danmarks Statistik,
746,cirkularitet_recycling,2013-2015,2021-2023,49.3333,53.0,7.43,tempo,11,Danmarks Statistik,
751,cirkularitet_recycling,2013-2015,2021-2023,37.0,53.3333,44.14,rigtig,11,Danmarks Statistik,
756,cirkularitet_recycling,2013-2015,2021-2023,56.6667,66.6667,17.65,tempo,11,Danmarks Statistik,
760,cirkularitet_recycling,2013-2015,2021-2023,48.3333,65.6667,35.86,tempo,11,Danmarks Statistik,
766,cirkularitet_recycling,2013-2015,2021-2023,52.6667,55.6667,5.7,tempo,11,Danmarks Statistik,
773,cirkularitet_recycling,2013-2015,2021-2023,54.6667,48.3333,-11.59,forkert,11,Danmarks Statistik,
779,cirkularitet_recycling,2013-2015,2021-2023,47.6667,63.6667,33.57,tempo,11,Danmarks Statistik,
787,cirkularitet_recycling,2013-2015,2021-2023,21.0,47.3333,125.4,rigtig,11,Danmarks Statistik,
791,cirkularitet_recycling,2013-2015,2021-2023,44.3333,71.6667,61.65,rigtig,11,Danmarks Statistik,
810,cirkularitet_recycling,2013-2015,2021-2023,40.6667,51.3333,26.23,tempo,11,Danmarks Statistik,
813,cirkularitet_recycling,2013-2015,2021-2023,31.6667,52.3333,65.26,rigtig,11,Danmarks Statistik,
820,cirkularitet_recycling,2013-2015,2021-2023,42.6667,56.0,31.25,tempo,11,Danmarks Statistik,
825,cirkularitet_recycling,2013-2015,2021-2023,10.3333,36.3333,251.61,rigtig,11,Danmarks Statistik,
840,cirkularitet_recycling,2013-2015,2021-2023,48.3333,48.3333,0.0,stagneret,11,Danmarks Statistik,
846,cirkularitet_recycling,2013-2015,2021-2023,37.6667,41.0,8.85,tempo,11,Danmarks Statistik,
849,cirkularitet_recycling,2013-2015,2021-2023,45.0,63.3333,40.74,rigtig,11,Danmarks Statistik,
851,cirkularitet_recycling,2013-2015,2021-2023,67.0,37.3333,-44.28,forkert,11,Danmarks Statistik,
860,cirkularitet_recycling,2013-2015,2021-2023,39.0,55.0,41.03,rigtig,11,Danmarks Statistik,
101,cirkularitet_waste,2013-2015,2021-2023,385.3333,339.3333,-11.94,rigtig,11,Danmarks Statistik,
147,cirkularitet_waste,2013-2015,2021-2023,403.0,307.6667,-23.66,rigtig,11,Danmarks Statistik,
151,cirkularitet_waste,2013-2015,2021-2023,500.0,525.6667,5.13,forkert,11,Danmarks Statistik,
153,cirkularitet_waste,2013-2015,2021-2023,525.6667,559.6667,6.47,forkert,11,Danmarks Statistik,
155,cirkularitet_waste,2013-2015,2021-2023,474.3333,598.3333,26.14,forkert,11,Danmarks Statistik,
157,cirkularitet_waste,2013-2015,2021-2023,586.0,593.0,1.19,forkert,11,Danmarks Statistik,
159,cirkularitet_waste,2013-2015,2021-2023,585.0,559.6667,-4.33,rigtig,11,Danmarks Statistik,
161,cirkularitet_waste,2013-2015,2021-2023,546.6667,691.3333,26.46,forkert,11,Danmarks Statistik,
163,cirkularitet_waste,2013-2015,2021-2023,589.6667,564.6667,-4.24,tempo,11,Danmarks Statistik,
165,cirkularitet_waste,2013-2015,2021-2023,487.3333,504.6667,3.56,forkert,11,Danmarks Statistik,
167,cirkularitet_waste,2013-2015,2021-2023,495.0,369.0,-25.45,rigtig,11,Danmarks Statistik,
169,cirkularitet_waste,2013-2015,2021-2023,452.3333,489.0,8.11,forkert,11,Danmarks Statistik,
173,cirkularitet_waste,2013-2015,2021-2023,579.6667,450.3333,-22.31,rigtig,11,Danmarks Statistik,
175,cirkularitet_waste,2013-2015,2021-2023,587.6667,546.3333,-7.03,rigtig,11,Danmarks Statistik,
183,cirkularitet_waste,2013-2015,2021-2023,471.3333,361.3333,-23.34,rigtig,11,Danmarks Statistik,
185,cirkularitet_waste,2013-2015,2021-2023,579.6667,617.6667,6.56,forkert,11,Danmarks Statistik,
187,cirkularitet_waste,2013-2015,2021-2023,505.6667,371.0,-26.63,rigtig,11,Danmarks Statistik,
190,cirkularitet_waste,2013-2015,2021-2023,654.0,555.3333,-15.09,rigtig,11,Danmarks Statistik,
201,cirkularitet_waste,2013-2015,2021-2023,470.6667,507.0,7.72,forkert,11,Danmarks Statistik,
210,cirkularitet_waste,2013-2015,2021-2023,573.3333,917.6667,60.06,forkert,11,Danmarks Statistik,
217,cirkularitet_waste,2013-2015,2021-2023,596.3333,548.3333,-8.05,rigtig,11,Danmarks Statistik,
219,cirkularitet_waste,2013-2015,2021-2023,602.3333,541.3333,-10.13,rigtig,11,Danmarks Statistik,
223,cirkularitet_waste,2013-2015,2021-2023,611.3333,418.3333,-31.57,rigtig,11,Danmarks Statistik,
230,cirkularitet_waste,2013-2015,2021-2023,600.6667,553.3333,-7.88,rigtig,11,Danmarks Statistik,
240,cirkularitet_waste,2013-2015,2021-2023,667.0,578.3333,-13.29,rigtig,11,Danmarks Statistik,
250,cirkularitet_waste,2013-2015,2021-2023,748.3333,696.0,-6.99,rigtig,11,Danmarks Statistik,
253,cirkularitet_waste,2013-2015,2021-2023,621.0,468.3333,-24.58,rigtig,11,Danmarks Statistik,
259,cirkularitet_waste,2013-2015,2021-2023,658.6667,648.0,-1.62,tempo,11,Danmarks Statistik,
260,cirkularitet_waste,2013-2015,2021-2023,714.3333,786.3333,10.08,forkert,11,Danmarks Statistik,
265,cirkularitet_waste,2013-2015,2021-2023,641.0,601.3333,-6.19,rigtig,11,Danmarks Statistik,
269,cirkularitet_waste,2013-2015,2021-2023,317.3333,441.6667,39.18,forkert,11,Danmarks Statistik,
270,cirkularitet_waste,2013-2015,2021-2023,882.6667,912.6667,3.4,forkert,11,Danmarks Statistik,
306,cirkularitet_waste,2013-2015,2021-2023,954.0,1016.0,6.5,forkert,11,Danmarks Statistik,
316,cirkularitet_waste,2013-2015,2021-2023,530.3333,499.6667,-5.78,rigtig,11,Danmarks Statistik,
320,cirkularitet_waste,2013-2015,2021-2023,702.3333,631.0,-10.16,rigtig,11,Danmarks Statistik,
326,cirkularitet_waste,2013-2015,2021-2023,791.6667,792.6667,0.13,stagneret,11,Danmarks Statistik,
329,cirkularitet_waste,2013-2015,2021-2023,536.0,534.3333,-0.31,stagneret,11,Danmarks Statistik,
330,cirkularitet_waste,2013-2015,2021-2023,788.3333,601.0,-23.76,rigtig,11,Danmarks Statistik,
336,cirkularitet_waste,2013-2015,2021-2023,672.0,672.6667,0.1,stagneret,11,Danmarks Statistik,
340,cirkularitet_waste,2013-2015,2021-2023,583.6667,564.0,-3.37,tempo,11,Danmarks Statistik,
350,cirkularitet_waste,2013-2015,2021-2023,594.3333,493.0,-17.05,rigtig,11,Danmarks Statistik,
360,cirkularitet_waste,2013-2015,2021-2023,715.3333,864.6667,20.88,forkert,11,Danmarks Statistik,
370,cirkularitet_waste,2013-2015,2021-2023,646.0,564.3333,-12.64,rigtig,11,Danmarks Statistik,
376,cirkularitet_waste,2013-2015,2021-2023,670.0,804.3333,20.05,forkert,11,Danmarks Statistik,
390,cirkularitet_waste,2013-2015,2021-2023,778.6667,648.6667,-16.7,rigtig,11,Danmarks Statistik,
400,cirkularitet_waste,2013-2015,2021-2023,627.6667,767.3333,22.25,forkert,11,Danmarks Statistik,
410,cirkularitet_waste,2013-2015,2021-2023,713.0,679.6667,-4.68,rigtig,11,Danmarks Statistik,
420,cirkularitet_waste,2013-2015,2021-2023,566.3333,610.0,7.71,forkert,11,Danmarks Statistik,
430,cirkularitet_waste,2013-2015,2021-2023,436.6667,514.3333,17.79,forkert,11,Danmarks Statistik,
440,cirkularitet_waste,2013-2015,2021-2023,569.3333,591.0,3.81,forkert,11,Danmarks Statistik,
450,cirkularitet_waste,2013-2015,2021-2023,573.3333,681.6667,18.9,forkert,11,Danmarks Statistik,
461,cirkularitet_waste,2013-2015,2021-2023,628.3333,521.6667,-16.98,rigtig,11,Danmarks Statistik,
479,cirkularitet_waste,2013-2015,2021-2023,539.0,551.0,2.23,forkert,11,Danmarks Statistik,
480,cirkularitet_waste,2013-2015,2021-2023,427.6667,543.6667,27.12,forkert,11,Danmarks Statistik,
482,cirkularitet_waste,2013-2015,2021-2023,649.6667,855.3333,31.66,forkert,11,Danmarks Statistik,
492,cirkularitet_waste,2013-2015,2021-2023,821.0,852.3333,3.82,forkert,11,Danmarks Statistik,
510,cirkularitet_waste,2013-2015,2021-2023,620.3333,477.0,-23.11,rigtig,11,Danmarks Statistik,
530,cirkularitet_waste,2013-2015,2021-2023,675.6667,525.0,-22.3,rigtig,11,Danmarks Statistik,
540,cirkularitet_waste,2013-2015,2021-2023,652.6667,684.6667,4.9,forkert,11,Danmarks Statistik,
550,cirkularitet_waste,2013-2015,2021-2023,799.6667,645.3333,-19.3,rigtig,11,Danmarks Statistik,
561,cirkularitet_waste,2013-2015,2021-2023,679.0,689.3333,1.52,forkert,11,Danmarks Statistik,
563,cirkularitet_waste,2013-2015,2021-2023,1503.0,1245.3333,-17.14,rigtig,11,Danmarks Statistik,
573,cirkularitet_waste,2013-2015,2021-2023,980.6667,815.0,-16.89,rigtig,11,Danmarks Statistik,
575,cirkularitet_waste,2013-2015,2021-2023,784.3333,451.6667,-42.41,rigtig,11,Danmarks Statistik,
580,cirkularitet_waste,2013-2015,2021-2023,491.0,535.3333,9.03,forkert,11,Danmarks Statistik,
607,cirkularitet_waste,2013-2015,2021-2023,615.0,422.3333,-31.33,rigtig,11,Danmarks Statistik,
615,cirkularitet_waste,2013-2015,2021-2023,507.6667,376.3333,-25.87,rigtig,11,Danmarks Statistik,
621,cirkularitet_waste,2013-2015,2021-2023,432.3333,547.3333,26.6,forkert,11,Danmarks Statistik,
630,cirkularitet_waste,2013-2015,2021-2023,937.6667,805.0,-14.15,rigtig,11,Danmarks Statistik,
657,cirkularitet_waste,2013-2015,2021-2023,551.3333,505.3333,-8.34,rigtig,11,Danmarks Statistik,
661,cirkularitet_waste,2013-2015,2021-2023,494.6667,651.6667,31.74,forkert,11,Danmarks Statistik,
665,cirkularitet_waste,2013-2015,2021-2023,400.3333,589.0,47.13,forkert,11,Danmarks Statistik,
671,cirkularitet_waste,2013-2015,2021-2023,329.0,550.6667,67.38,forkert,11,Danmarks Statistik,
706,cirkularitet_waste,2013-2015,2021-2023,800.3333,578.6667,-27.7,rigtig,11,Danmarks Statistik,
707,cirkularitet_waste,2013-2015,2021-2023,561.0,839.6667,49.67,forkert,11,Danmarks Statistik,
710,cirkularitet_waste,2013-2015,2021-2023,562.0,553.0,-1.6,tempo,11,Danmarks Statistik,
727,cirkularitet_waste,2013-2015,2021-2023,735.6667,659.6667,-10.33,rigtig,11,Danmarks Statistik,
730,cirkularitet_waste,2013-2015,2021-2023,540.0,423.6667,-21.54,rigtig,11,Danmarks Statistik,
740,cirkularitet_waste,2013-2015,2021-2023,725.0,607.6667,-16.18,rigtig,11,Danmarks Statistik,
741,cirkularitet_waste,2013-2015,2021-2023,725.3333,348.3333,-51.98,rigtig,11,Danmarks Statistik,
746,cirkularitet_waste,2013-2015,2021-2023,666.3333,559.6667,-16.01,rigtig,11,Danmarks Statistik,
751,cirkularitet_waste,2013-2015,2021-2023,426.0,530.0,24.41,forkert,11,Danmarks Statistik,
756,cirkularitet_waste,2013-2015,2021-2023,625.6667,643.3333,2.82,forkert,11,Danmarks Statistik,
760,cirkularitet_waste,2013-2015,2021-2023,898.6667,690.3333,-23.18,rigtig,11,Danmarks Statistik,
766,cirkularitet_waste,2013-2015,2021-2023,615.0,702.0,14.15,forkert,11,Danmarks Statistik,
773,cirkularitet_waste,2013-2015,2021-2023,738.6667,523.3333,-29.15,rigtig,11,Danmarks Statistik,
779,cirkularitet_waste,2013-2015,2021-2023,738.0,605.3333,-17.98,rigtig,11,Danmarks Statistik,
787,cirkularitet_waste,2013-2015,2021-2023,475.6667,509.6667,7.15,forkert,11,Danmarks Statistik,
791,cirkularitet_waste,2013-2015,2021-2023,643.6667,612.3333,-4.87,rigtig,11,Danmarks Statistik,
810,cirkularitet_waste,2013-2015,2021-2023,638.0,698.3333,9.46,forkert,11,Danmarks Statistik,
813,cirkularitet_waste,2013-2015,2021-2023,770.0,654.6667,-14.98,rigtig,11,Danmarks Statistik,
820,cirkularitet_waste,2013-2015,2021-2023,717.0,607.3333,-15.3,rigtig,11,Danmarks Statistik,
825,cirkularitet_waste,2013-2015,2021-2023,1082.3333,1641.0,51.62,forkert,11,Danmarks Statistik,
840,cirkularitet_waste,2013-2015,2021-2023,677.3333,618.6667,-8.66,rigtig,11,Danmarks Statistik,
846,cirkularitet_waste,2013-2015,2021-2023,652.6667,496.6667,-23.9,rigtig,11,Danmarks Statistik,
849,cirkularitet_waste,2013-2015,2021-2023,741.6667,964.3333,30.02,forkert,11,Danmarks Statistik,
851,cirkularitet_waste,2013-2015,2021-2023,308.3333,526.0,70.59,forkert,11,Danmarks Statistik,
860,cirkularitet_waste,2013-2015,2021-2023,739.3333,847.0,14.56,forkert,11,Danmarks Statistik,
101,civil_society,2010-2012,2023-2025,49.6667,54.3333,9.4,rigtig,16,Danmarks Statistik,
147,civil_society,2010-2012,2023-2025,40.3333,69.0,71.07,rigtig,16,Danmarks Statistik,
151,civil_society,2010-2012,2023-2025,72.0,105.0,45.83,rigtig,16,Danmarks Statistik,
153,civil_society,2010-2012,2023-2025,62.6667,350.0,458.51,rigtig,16,Danmarks Statistik,
155,civil_society,2010-2012,2023-2025,95.6667,117.0,22.3,rigtig,16,Danmarks Statistik,
157,civil_society,2010-2012,2023-2025,96.6667,132.6667,37.24,rigtig,16,Danmarks Statistik,
159,civil_society,2010-2012,2023-2025,131.6667,141.6667,7.59,tempo,16,Danmarks Statistik,
161,civil_society,2010-2012,2023-2025,69.0,77.6667,12.56,rigtig,16,Danmarks Statistik,
163,civil_society,2010-2012,2023-2025,129.3333,116.3333,-10.05,forkert,16,Danmarks Statistik,
165,civil_society,2010-2012,2023-2025,77.3333,76.6667,-0.86,stagneret,16,Danmarks Statistik,
167,civil_society,2010-2012,2023-2025,103.6667,123.3333,18.97,rigtig,16,Danmarks Statistik,
169,civil_society,2010-2012,2023-2025,41.6667,45.6667,9.6,rigtig,16,Danmarks Statistik,
173,civil_society,2010-2012,2023-2025,103.3333,116.0,12.26,rigtig,16,Danmarks Statistik,
175,civil_society,2010-2012,2023-2025,309.6667,346.6667,11.95,rigtig,16,Danmarks Statistik,
183,civil_society,2010-2012,2023-2025,77.6667,106.3333,36.91,rigtig,16,Danmarks Statistik,
185,civil_society,2010-2012,2023-2025,133.3333,122.0,-8.5,forkert,16,Danmarks Statistik,
187,civil_society,2010-2012,2023-2025,75.3333,84.6667,12.39,rigtig,16,Danmarks Statistik,
190,civil_society,2010-2012,2023-2025,163.3333,158.6667,-2.86,forkert,16,Danmarks Statistik,
201,civil_society,2010-2012,2023-2025,119.0,52.6667,-55.74,forkert,16,Danmarks Statistik,
210,civil_society,2010-2012,2023-2025,137.3333,159.3333,16.02,rigtig,16,Danmarks Statistik,
217,civil_society,2010-2012,2023-2025,2.6667,51.3333,1825.0,rigtig,16,Danmarks Statistik,
219,civil_society,2010-2012,2023-2025,40.3333,41.6667,3.31,tempo,16,Danmarks Statistik,
223,civil_society,2010-2012,2023-2025,70.3333,76.6667,9.0,tempo,16,Danmarks Statistik,
230,civil_society,2010-2012,2023-2025,154.6667,156.6667,1.29,tempo,16,Danmarks Statistik,
240,civil_society,2010-2012,2023-2025,56.3333,56.3333,0.0,stagneret,16,Danmarks Statistik,
250,civil_society,2010-2012,2023-2025,81.0,81.6667,0.82,stagneret,16,Danmarks Statistik,
253,civil_society,2010-2012,2023-2025,84.0,58.0,-30.95,forkert,16,Danmarks Statistik,
259,civil_society,2010-2012,2023-2025,78.3333,84.0,7.23,tempo,16,Danmarks Statistik,
260,civil_society,2010-2012,2023-2025,62.3333,73.3333,17.65,rigtig,16,Danmarks Statistik,
265,civil_society,2010-2012,2023-2025,82.6667,95.0,14.92,rigtig,16,Danmarks Statistik,
269,civil_society,2010-2012,2023-2025,49.3333,50.0,1.35,stagneret,16,Danmarks Statistik,
270,civil_society,2010-2012,2023-2025,49.0,65.0,32.65,rigtig,16,Danmarks Statistik,
306,civil_society,2010-2012,2023-2025,36.3333,51.6667,42.2,rigtig,16,Danmarks Statistik,
316,civil_society,2010-2012,2023-2025,84.3333,56.0,-33.6,forkert,16,Danmarks Statistik,
320,civil_society,2010-2012,2023-2025,58.0,83.6667,44.25,rigtig,16,Danmarks Statistik,
326,civil_society,2010-2012,2023-2025,56.6667,46.3333,-18.24,forkert,16,Danmarks Statistik,
329,civil_society,2010-2012,2023-2025,88.3333,62.3333,-29.43,forkert,16,Danmarks Statistik,
330,civil_society,2010-2012,2023-2025,67.6667,55.6667,-17.73,forkert,16,Danmarks Statistik,
336,civil_society,2010-2012,2023-2025,56.3333,66.0,17.16,rigtig,16,Danmarks Statistik,
340,civil_society,2010-2012,2023-2025,61.0,101.3333,66.12,rigtig,16,Danmarks Statistik,
350,civil_society,2010-2012,2023-2025,69.0,101.3333,46.86,rigtig,16,Danmarks Statistik,
360,civil_society,2010-2012,2023-2025,73.0,73.3333,0.46,stagneret,16,Danmarks Statistik,
370,civil_society,2010-2012,2023-2025,57.0,68.0,19.3,rigtig,16,Danmarks Statistik,
376,civil_society,2010-2012,2023-2025,55.3333,65.6667,18.67,rigtig,16,Danmarks Statistik,
390,civil_society,2010-2012,2023-2025,55.0,40.0,-27.27,forkert,16,Danmarks Statistik,
400,civil_society,2010-2012,2023-2025,31.6667,38.3333,21.05,rigtig,16,Danmarks Statistik,
410,civil_society,2010-2012,2023-2025,170.0,91.0,-46.47,forkert,16,Danmarks Statistik,
420,civil_society,2010-2012,2023-2025,56.0,43.3333,-22.62,forkert,16,Danmarks Statistik,
430,civil_society,2010-2012,2023-2025,27.0,37.0,37.04,rigtig,16,Danmarks Statistik,
440,civil_society,2010-2012,2023-2025,67.3333,82.6667,22.77,rigtig,16,Danmarks Statistik,
450,civil_society,2010-2012,2023-2025,45.0,51.3333,14.07,rigtig,16,Danmarks Statistik,
461,civil_society,2010-2012,2023-2025,78.6667,34.3333,-56.36,forkert,16,Danmarks Statistik,
479,civil_society,2010-2012,2023-2025,42.0,95.0,126.19,rigtig,16,Danmarks Statistik,
480,civil_society,2010-2012,2023-2025,77.3333,73.0,-5.6,forkert,16,Danmarks Statistik,
482,civil_society,2010-2012,2023-2025,28.3333,19.6667,-30.59,forkert,16,Danmarks Statistik,
492,civil_society,2010-2012,2023-2025,138.6667,197.6667,42.55,rigtig,16,Danmarks Statistik,
510,civil_society,2010-2012,2023-2025,33.0,38.0,15.15,rigtig,16,Danmarks Statistik,
530,civil_society,2010-2012,2023-2025,68.0,109.6667,61.27,rigtig,16,Danmarks Statistik,
540,civil_society,2010-2012,2023-2025,49.3333,61.3333,24.32,rigtig,16,Danmarks Statistik,
550,civil_society,2010-2012,2023-2025,71.3333,59.3333,-16.82,forkert,16,Danmarks Statistik,
561,civil_society,2010-2012,2023-2025,58.6667,57.3333,-2.27,forkert,16,Danmarks Statistik,
563,civil_society,2010-2012,2023-2025,97.6667,72.0,-26.28,forkert,16,Danmarks Statistik,
573,civil_society,2010-2012,2023-2025,53.0,60.0,13.21,rigtig,16,Danmarks Statistik,
575,civil_society,2010-2012,2023-2025,37.6667,28.0,-25.66,forkert,16,Danmarks Statistik,
580,civil_society,2010-2012,2023-2025,57.0,56.3333,-1.17,stagneret,16,Danmarks Statistik,
607,civil_society,2010-2012,2023-2025,67.6667,64.0,-5.42,forkert,16,Danmarks Statistik,
615,civil_society,2010-2012,2023-2025,46.0,42.3333,-7.97,forkert,16,Danmarks Statistik,
621,civil_society,2010-2012,2023-2025,23.0,21.3333,-7.25,forkert,16,Danmarks Statistik,
630,civil_society,2010-2012,2023-2025,41.6667,38.3333,-8.0,forkert,16,Danmarks Statistik,
657,civil_society,2010-2012,2023-2025,78.0,91.0,16.67,rigtig,16,Danmarks Statistik,
661,civil_society,2010-2012,2023-2025,55.6667,67.3333,20.96,rigtig,16,Danmarks Statistik,
665,civil_society,2010-2012,2023-2025,30.6667,35.6667,16.3,rigtig,16,Danmarks Statistik,
671,civil_society,2010-2012,2023-2025,46.0,47.0,2.17,tempo,16,Danmarks Statistik,
706,civil_society,2010-2012,2023-2025,41.3333,44.0,6.45,tempo,16,Danmarks Statistik,
707,civil_society,2010-2012,2023-2025,41.0,44.3333,8.13,tempo,16,Danmarks Statistik,
710,civil_society,2010-2012,2023-2025,60.3333,83.6667,38.67,rigtig,16,Danmarks Statistik,
727,civil_society,2010-2012,2023-2025,31.0,37.6667,21.51,rigtig,16,Danmarks Statistik,
730,civil_society,2010-2012,2023-2025,46.6667,74.6667,60.0,rigtig,16,Danmarks Statistik,
740,civil_society,2010-2012,2023-2025,34.3333,33.6667,-1.94,stagneret,16,Danmarks Statistik,
741,civil_society,2010-2012,2023-2025,32.3333,33.6667,4.12,tempo,16,Danmarks Statistik,
746,civil_society,2010-2012,2023-2025,58.0,67.3333,16.09,rigtig,16,Danmarks Statistik,
751,civil_society,2010-2012,2023-2025,99.0,86.0,-13.13,forkert,16,Danmarks Statistik,
756,civil_society,2010-2012,2023-2025,66.0,65.0,-1.52,forkert,16,Danmarks Statistik,
760,civil_society,2010-2012,2023-2025,62.3333,35.6667,-42.78,forkert,16,Danmarks Statistik,
766,civil_society,2010-2012,2023-2025,71.3333,74.3333,4.21,tempo,16,Danmarks Statistik,
773,civil_society,2010-2012,2023-2025,110.3333,133.6667,21.15,rigtig,16,Danmarks Statistik,
779,civil_society,2010-2012,2023-2025,47.6667,55.0,15.38,rigtig,16,Danmarks Statistik,
787,civil_society,2010-2012,2023-2025,95.6667,87.3333,-8.71,forkert,16,Danmarks Statistik,
791,civil_society,2010-2012,2023-2025,63.3333,59.6667,-5.79,forkert,16,Danmarks Statistik,
810,civil_society,2010-2012,2023-2025,133.3333,133.3333,0.0,stagneret,16,Danmarks Statistik,
813,civil_society,2010-2012,2023-2025,192.6667,152.6667,-20.76,forkert,16,Danmarks Statistik,
820,civil_society,2010-2012,2023-2025,56.3333,78.3333,39.05,rigtig,16,Danmarks Statistik,
825,civil_society,2010-2012,2023-2025,84.6667,79.6667,-5.91,forkert,16,Danmarks Statistik,
840,civil_society,2010-2012,2023-2025,53.3333,61.6667,15.62,rigtig,16,Danmarks Statistik,
846,civil_society,2010-2012,2023-2025,40.0,53.3333,33.33,rigtig,16,Danmarks Statistik,
849,civil_society,2010-2012,2023-2025,30.0,36.3333,21.11,rigtig,16,Danmarks Statistik,
851,civil_society,2010-2012,2023-2025,80.0,59.3333,-25.83,forkert,16,Danmarks Statistik,
860,civil_society,2010-2012,2023-2025,93.3333,102.3333,9.64,rigtig,16,Danmarks Statistik,
101,class_size,2010-2012,2023-2025,21.1333,21.6,2.21,stagneret,16,Danmarks Statistik,
147,class_size,2010-2012,2023-2025,21.8333,21.4,-1.98,stagneret,16,Danmarks Statistik,
151,class_size,2010-2012,2023-2025,21.1333,21.9333,3.79,stagneret,16,Danmarks Statistik,
153,class_size,2010-2012,2023-2025,20.9667,21.3667,1.91,stagneret,16,Danmarks Statistik,
155,class_size,2010-2012,2023-2025,21.9,22.5,2.74,stagneret,16,Danmarks Statistik,
157,class_size,2010-2012,2023-2025,22.6,22.3667,-1.03,stagneret,16,Danmarks Statistik,
159,class_size,2010-2012,2023-2025,21.5667,21.9333,1.7,stagneret,16,Danmarks Statistik,
161,class_size,2010-2012,2023-2025,21.0,19.8333,-5.56,rigtig,16,Danmarks Statistik,
163,class_size,2010-2012,2023-2025,20.6333,20.9667,1.62,stagneret,16,Danmarks Statistik,
165,class_size,2010-2012,2023-2025,21.4,21.5,0.47,stagneret,16,Danmarks Statistik,
167,class_size,2010-2012,2023-2025,21.3667,21.8333,2.18,stagneret,16,Danmarks Statistik,
169,class_size,2010-2012,2023-2025,20.9,21.1333,1.12,stagneret,16,Danmarks Statistik,
173,class_size,2010-2012,2023-2025,21.5667,21.4333,-0.62,stagneret,16,Danmarks Statistik,
175,class_size,2010-2012,2023-2025,22.5,21.3,-5.33,rigtig,16,Danmarks Statistik,
183,class_size,2010-2012,2023-2025,20.7333,21.4,3.22,stagneret,16,Danmarks Statistik,
185,class_size,2010-2012,2023-2025,21.5333,21.1,-2.01,stagneret,16,Danmarks Statistik,
187,class_size,2010-2012,2023-2025,21.8667,22.1333,1.22,stagneret,16,Danmarks Statistik,
190,class_size,2010-2012,2023-2025,22.7,22.6333,-0.29,stagneret,16,Danmarks Statistik,
201,class_size,2010-2012,2023-2025,21.8667,21.6667,-0.91,stagneret,16,Danmarks Statistik,
210,class_size,2010-2012,2023-2025,21.0333,21.2333,0.95,stagneret,16,Danmarks Statistik,
217,class_size,2010-2012,2023-2025,22.0,21.2,-3.64,stagneret,16,Danmarks Statistik,
219,class_size,2010-2012,2023-2025,21.0333,20.8333,-0.95,stagneret,16,Danmarks Statistik,
223,class_size,2010-2012,2023-2025,21.7333,21.2,-2.45,stagneret,16,Danmarks Statistik,
230,class_size,2010-2012,2023-2025,21.8,20.9667,-3.82,stagneret,16,Danmarks Statistik,
240,class_size,2010-2012,2023-2025,21.8667,22.7,3.81,stagneret,16,Danmarks Statistik,
250,class_size,2010-2012,2023-2025,21.2667,20.3,-4.55,stagneret,16,Danmarks Statistik,
253,class_size,2010-2012,2023-2025,21.4,22.0333,2.96,stagneret,16,Danmarks Statistik,
259,class_size,2010-2012,2023-2025,21.1,20.5667,-2.53,stagneret,16,Danmarks Statistik,
260,class_size,2010-2012,2023-2025,21.1667,19.9333,-5.83,rigtig,16,Danmarks Statistik,
265,class_size,2010-2012,2023-2025,20.5333,20.3667,-0.81,stagneret,16,Danmarks Statistik,
269,class_size,2010-2012,2023-2025,21.5667,23.1,7.11,forkert,16,Danmarks Statistik,
270,class_size,2010-2012,2023-2025,20.9667,19.2,-8.43,rigtig,16,Danmarks Statistik,
306,class_size,2010-2012,2023-2025,17.4667,16.7667,-4.01,stagneret,16,Danmarks Statistik,
316,class_size,2010-2012,2023-2025,19.7333,19.2,-2.7,stagneret,16,Danmarks Statistik,
320,class_size,2010-2012,2023-2025,20.3333,19.4333,-4.43,stagneret,16,Danmarks Statistik,
326,class_size,2010-2012,2023-2025,18.0333,16.8,-6.84,rigtig,16,Danmarks Statistik,
329,class_size,2010-2012,2023-2025,20.3333,19.4,-4.59,stagneret,16,Danmarks Statistik,
330,class_size,2010-2012,2023-2025,20.7,21.0667,1.77,stagneret,16,Danmarks Statistik,
336,class_size,2010-2012,2023-2025,20.4333,19.8333,-2.94,stagneret,16,Danmarks Statistik,
340,class_size,2010-2012,2023-2025,20.4667,20.2,-1.3,stagneret,16,Danmarks Statistik,
350,class_size,2010-2012,2023-2025,19.9,20.1667,1.34,stagneret,16,Danmarks Statistik,
360,class_size,2010-2012,2023-2025,18.8333,20.2333,7.43,forkert,16,Danmarks Statistik,
370,class_size,2010-2012,2023-2025,21.5,19.9,-7.44,rigtig,16,Danmarks Statistik,
376,class_size,2010-2012,2023-2025,19.7333,19.5333,-1.01,stagneret,16,Danmarks Statistik,
390,class_size,2010-2012,2023-2025,19.9,18.3,-8.04,rigtig,16,Danmarks Statistik,
400,class_size,2010-2012,2023-2025,20.0667,19.2667,-3.99,stagneret,16,Danmarks Statistik,
410,class_size,2010-2012,2023-2025,20.0,20.1,0.5,stagneret,16,Danmarks Statistik,
420,class_size,2010-2012,2023-2025,19.5333,19.2333,-1.54,stagneret,16,Danmarks Statistik,
430,class_size,2010-2012,2023-2025,17.5667,17.2667,-1.71,stagneret,16,Danmarks Statistik,
440,class_size,2010-2012,2023-2025,19.9333,20.2333,1.51,stagneret,16,Danmarks Statistik,
450,class_size,2010-2012,2023-2025,19.1667,19.6333,2.43,stagneret,16,Danmarks Statistik,
461,class_size,2010-2012,2023-2025,20.7333,21.3333,2.89,stagneret,16,Danmarks Statistik,
479,class_size,2010-2012,2023-2025,19.5333,21.3,9.04,forkert,16,Danmarks Statistik,
480,class_size,2010-2012,2023-2025,19.2333,20.0333,4.16,stagneret,16,Danmarks Statistik,
482,class_size,2010-2012,2023-2025,16.9667,18.6333,9.82,forkert,16,Danmarks Statistik,
492,class_size,2010-2012,2023-2025,14.9667,17.3,15.59,forkert,16,Danmarks Statistik,
510,class_size,2010-2012,2023-2025,19.5333,18.8,-3.75,stagneret,16,Danmarks Statistik,
530,class_size,2010-2012,2023-2025,19.6333,19.1667,-2.38,stagneret,16,Danmarks Statistik,
540,class_size,2010-2012,2023-2025,18.8,18.3,-2.66,stagneret,16,Danmarks Statistik,
550,class_size,2010-2012,2023-2025,17.6,17.1667,-2.46,stagneret,16,Danmarks Statistik,
561,class_size,2010-2012,2023-2025,19.8,20.5,3.54,stagneret,16,Danmarks Statistik,
563,class_size,2010-2012,2023-2025,16.8,17.9667,6.94,forkert,16,Danmarks Statistik,
573,class_size,2010-2012,2023-2025,19.3,19.6667,1.9,stagneret,16,Danmarks Statistik,
575,class_size,2010-2012,2023-2025,19.9333,19.1333,-4.01,stagneret,16,Danmarks Statistik,
580,class_size,2010-2012,2023-2025,18.1,17.2667,-4.6,stagneret,16,Danmarks Statistik,
607,class_size,2010-2012,2023-2025,20.7333,20.9667,1.13,stagneret,16,Danmarks Statistik,
615,class_size,2010-2012,2023-2025,20.3333,22.2,9.18,forkert,16,Danmarks Statistik,
621,class_size,2010-2012,2023-2025,19.9667,20.5,2.67,stagneret,16,Danmarks Statistik,
630,class_size,2010-2012,2023-2025,21.3667,20.5667,-3.74,stagneret,16,Danmarks Statistik,
657,class_size,2010-2012,2023-2025,19.4667,19.3,-0.86,stagneret,16,Danmarks Statistik,
661,class_size,2010-2012,2023-2025,19.2333,19.8333,3.12,stagneret,16,Danmarks Statistik,
665,class_size,2010-2012,2023-2025,17.5667,15.9667,-9.11,rigtig,16,Danmarks Statistik,
671,class_size,2010-2012,2023-2025,18.2667,17.7667,-2.74,stagneret,16,Danmarks Statistik,
706,class_size,2010-2012,2023-2025,19.9667,20.2,1.17,stagneret,16,Danmarks Statistik,
707,class_size,2010-2012,2023-2025,18.9667,19.4667,2.64,stagneret,16,Danmarks Statistik,
710,class_size,2010-2012,2023-2025,20.3333,19.4,-4.59,stagneret,16,Danmarks Statistik,
727,class_size,2010-2012,2023-2025,18.8667,19.1667,1.59,stagneret,16,Danmarks Statistik,
730,class_size,2010-2012,2023-2025,20.6,21.0,1.94,stagneret,16,Danmarks Statistik,
740,class_size,2010-2012,2023-2025,21.6333,21.1333,-2.31,stagneret,16,Danmarks Statistik,
741,class_size,2010-2012,2023-2025,12.1,14.0333,15.98,forkert,16,Danmarks Statistik,
746,class_size,2010-2012,2023-2025,21.2333,20.4333,-3.77,stagneret,16,Danmarks Statistik,
751,class_size,2010-2012,2023-2025,21.4,21.5667,0.78,stagneret,16,Danmarks Statistik,
756,class_size,2010-2012,2023-2025,18.9667,19.3,1.76,stagneret,16,Danmarks Statistik,
760,class_size,2010-2012,2023-2025,17.5667,17.2333,-1.9,stagneret,16,Danmarks Statistik,
766,class_size,2010-2012,2023-2025,19.7667,18.0,-8.94,rigtig,16,Danmarks Statistik,
773,class_size,2010-2012,2023-2025,16.2667,18.5667,14.14,forkert,16,Danmarks Statistik,
779,class_size,2010-2012,2023-2025,17.8667,16.9333,-5.22,stagneret,16,Danmarks Statistik,
787,class_size,2010-2012,2023-2025,17.0,15.8,-7.06,rigtig,16,Danmarks Statistik,
791,class_size,2010-2012,2023-2025,19.9333,20.1333,1.0,stagneret,16,Danmarks Statistik,
810,class_size,2010-2012,2023-2025,18.6667,19.1,2.32,stagneret,16,Danmarks Statistik,
813,class_size,2010-2012,2023-2025,19.0,19.0333,0.18,stagneret,16,Danmarks Statistik,
820,class_size,2010-2012,2023-2025,18.1,17.8333,-1.47,stagneret,16,Danmarks Statistik,
825,class_size,2010-2012,2023-2025,17.2667,13.3333,-22.78,rigtig,16,Danmarks Statistik,
840,class_size,2010-2012,2023-2025,18.7333,19.3,3.02,stagneret,16,Danmarks Statistik,
846,class_size,2010-2012,2023-2025,18.9333,18.9667,0.18,stagneret,16,Danmarks Statistik,
849,class_size,2010-2012,2023-2025,17.5333,17.0,-3.04,stagneret,16,Danmarks Statistik,
851,class_size,2010-2012,2023-2025,19.5333,20.3667,4.27,stagneret,16,Danmarks Statistik,
860,class_size,2010-2012,2023-2025,19.3333,18.4333,-4.66,stagneret,16,Danmarks Statistik,
101,commute_distance,2010-2012,2022-2024,12.3,12.8333,4.34,stagneret,15,Danmarks Statistik,
147,commute_distance,2010-2012,2022-2024,11.8667,12.4,4.49,stagneret,15,Danmarks Statistik,
151,commute_distance,2010-2012,2022-2024,13.0667,14.5,10.97,forkert,15,Danmarks Statistik,
153,commute_distance,2010-2012,2022-2024,12.5333,14.0333,11.97,forkert,15,Danmarks Statistik,
155,commute_distance,2010-2012,2022-2024,16.7,18.3667,9.98,forkert,15,Danmarks Statistik,
157,commute_distance,2010-2012,2022-2024,13.0667,14.7333,12.76,forkert,15,Danmarks Statistik,
159,commute_distance,2010-2012,2022-2024,11.3,12.7667,12.98,forkert,15,Danmarks Statistik,
161,commute_distance,2010-2012,2022-2024,11.7333,13.6,15.91,forkert,15,Danmarks Statistik,
163,commute_distance,2010-2012,2022-2024,10.8667,12.3333,13.5,forkert,15,Danmarks Statistik,
165,commute_distance,2010-2012,2022-2024,12.2,13.9,13.93,forkert,15,Danmarks Statistik,
167,commute_distance,2010-2012,2022-2024,12.0333,13.6,13.02,forkert,15,Danmarks Statistik,
169,commute_distance,2010-2012,2022-2024,16.1667,17.9667,11.13,forkert,15,Danmarks Statistik,
173,commute_distance,2010-2012,2022-2024,13.6667,14.9333,9.27,forkert,15,Danmarks Statistik,
175,commute_distance,2010-2012,2022-2024,10.8,12.3,13.89,forkert,15,Danmarks Statistik,
183,commute_distance,2010-2012,2022-2024,14.3,16.3667,14.45,forkert,15,Danmarks Statistik,
185,commute_distance,2010-2012,2022-2024,11.7667,13.7667,17.0,forkert,15,Danmarks Statistik,
187,commute_distance,2010-2012,2022-2024,14.4333,15.6,8.08,forkert,15,Danmarks Statistik,
190,commute_distance,2010-2012,2022-2024,15.8,17.2667,9.28,forkert,15,Danmarks Statistik,
201,commute_distance,2010-2012,2022-2024,18.9333,20.0,5.63,forkert,15,Danmarks Statistik,
210,commute_distance,2010-2012,2022-2024,21.2,22.9333,8.18,forkert,15,Danmarks Statistik,
217,commute_distance,2010-2012,2022-2024,21.0,23.8,13.33,forkert,15,Danmarks Statistik,
219,commute_distance,2010-2012,2022-2024,19.5667,21.0,7.33,forkert,15,Danmarks Statistik,
223,commute_distance,2010-2012,2022-2024,20.1667,21.1,4.63,stagneret,15,Danmarks Statistik,
230,commute_distance,2010-2012,2022-2024,17.6333,19.2,8.88,forkert,15,Danmarks Statistik,
240,commute_distance,2010-2012,2022-2024,19.1,20.5333,7.5,forkert,15,Danmarks Statistik,
250,commute_distance,2010-2012,2022-2024,22.3333,24.5667,10.0,forkert,15,Danmarks Statistik,
253,commute_distance,2010-2012,2022-2024,18.8333,20.3333,7.96,forkert,15,Danmarks Statistik,
259,commute_distance,2010-2012,2022-2024,24.0333,26.3,9.43,forkert,15,Danmarks Statistik,
260,commute_distance,2010-2012,2022-2024,23.8667,25.5333,6.98,forkert,15,Danmarks Statistik,
265,commute_distance,2010-2012,2022-2024,20.8,22.7333,9.29,forkert,15,Danmarks Statistik,
269,commute_distance,2010-2012,2022-2024,22.9333,24.5667,7.12,forkert,15,Danmarks Statistik,
270,commute_distance,2010-2012,2022-2024,25.3333,27.8,9.74,forkert,15,Danmarks Statistik,
306,commute_distance,2010-2012,2022-2024,25.4,30.1667,18.77,forkert,15,Danmarks Statistik,
316,commute_distance,2010-2012,2022-2024,26.2667,29.4,11.93,forkert,15,Danmarks Statistik,
320,commute_distance,2010-2012,2022-2024,30.0333,32.8333,9.32,forkert,15,Danmarks Statistik,
326,commute_distance,2010-2012,2022-2024,24.4,26.9,10.25,forkert,15,Danmarks Statistik,
329,commute_distance,2010-2012,2022-2024,27.4333,30.7,11.91,forkert,15,Danmarks Statistik,
330,commute_distance,2010-2012,2022-2024,27.1333,30.6667,13.02,forkert,15,Danmarks Statistik,
336,commute_distance,2010-2012,2022-2024,29.1333,31.8333,9.27,forkert,15,Danmarks Statistik,
340,commute_distance,2010-2012,2022-2024,29.2667,33.0,12.76,forkert,15,Danmarks Statistik,
350,commute_distance,2010-2012,2022-2024,27.7,29.6,6.86,forkert,15,Danmarks Statistik,
360,commute_distance,2010-2012,2022-2024,24.9333,33.7,35.16,forkert,15,Danmarks Statistik,
370,commute_distance,2010-2012,2022-2024,27.0,30.5667,13.21,forkert,15,Danmarks Statistik,
376,commute_distance,2010-2012,2022-2024,27.4333,32.1667,17.25,forkert,15,Danmarks Statistik,
390,commute_distance,2010-2012,2022-2024,31.8667,36.2,13.6,forkert,15,Danmarks Statistik,
400,commute_distance,2010-2012,2022-2024,21.6,25.9667,20.22,forkert,15,Danmarks Statistik,
410,commute_distance,2010-2012,2022-2024,24.6667,29.5,19.59,forkert,15,Danmarks Statistik,
420,commute_distance,2010-2012,2022-2024,23.6333,27.3333,15.66,forkert,15,Danmarks Statistik,
430,commute_distance,2010-2012,2022-2024,22.7,27.1,19.38,forkert,15,Danmarks Statistik,
440,commute_distance,2010-2012,2022-2024,21.4333,25.3333,18.2,forkert,15,Danmarks Statistik,
450,commute_distance,2010-2012,2022-2024,23.9,28.7667,20.36,forkert,15,Danmarks Statistik,
461,commute_distance,2010-2012,2022-2024,19.2667,23.7333,23.18,forkert,15,Danmarks Statistik,
479,commute_distance,2010-2012,2022-2024,22.3,28.0,25.56,forkert,15,Danmarks Statistik,
480,commute_distance,2010-2012,2022-2024,22.5333,27.2667,21.01,forkert,15,Danmarks Statistik,
482,commute_distance,2010-2012,2022-2024,26.4667,29.7,12.22,forkert,15,Danmarks Statistik,
492,commute_distance,2010-2012,2022-2024,23.7333,24.0333,1.26,stagneret,15,Danmarks Statistik,
510,commute_distance,2010-2012,2022-2024,23.2667,27.5333,18.34,forkert,15,Danmarks Statistik,
530,commute_distance,2010-2012,2022-2024,19.0,24.2333,27.54,forkert,15,Danmarks Statistik,
540,commute_distance,2010-2012,2022-2024,17.9,22.1,23.46,forkert,15,Danmarks Statistik,
550,commute_distance,2010-2012,2022-2024,22.8,25.8667,13.45,forkert,15,Danmarks Statistik,
561,commute_distance,2010-2012,2022-2024,18.1,21.5,18.78,forkert,15,Danmarks Statistik,
563,commute_distance,2010-2012,2022-2024,20.5667,25.3333,23.18,forkert,15,Danmarks Statistik,
573,commute_distance,2010-2012,2022-2024,21.5333,25.0,16.1,forkert,15,Danmarks Statistik,
575,commute_distance,2010-2012,2022-2024,23.1333,27.6,19.31,forkert,15,Danmarks Statistik,
580,commute_distance,2010-2012,2022-2024,22.2333,25.2,13.34,forkert,15,Danmarks Statistik,
607,commute_distance,2010-2012,2022-2024,20.6667,24.0333,16.29,forkert,15,Danmarks Statistik,
615,commute_distance,2010-2012,2022-2024,19.8,23.2333,17.34,forkert,15,Danmarks Statistik,
621,commute_distance,2010-2012,2022-2024,21.5333,26.2333,21.83,forkert,15,Danmarks Statistik,
630,commute_distance,2010-2012,2022-2024,22.8333,27.3333,19.71,forkert,15,Danmarks Statistik,
657,commute_distance,2010-2012,2022-2024,19.2667,23.1667,20.24,forkert,15,Danmarks Statistik,
661,commute_distance,2010-2012,2022-2024,20.2333,24.3667,20.43,forkert,15,Danmarks Statistik,
665,commute_distance,2010-2012,2022-2024,20.8667,24.4,16.93,forkert,15,Danmarks Statistik,
671,commute_distance,2010-2012,2022-2024,19.3,24.9333,29.19,forkert,15,Danmarks Statistik,
706,commute_distance,2010-2012,2022-2024,27.0333,31.3,15.78,forkert,15,Danmarks Statistik,
707,commute_distance,2010-2012,2022-2024,22.3,25.9,16.14,forkert,15,Danmarks Statistik,
710,commute_distance,2010-2012,2022-2024,22.6,26.0,15.04,forkert,15,Danmarks Statistik,
727,commute_distance,2010-2012,2022-2024,21.5667,23.7333,10.05,forkert,15,Danmarks Statistik,
730,commute_distance,2010-2012,2022-2024,22.2333,25.4667,14.54,forkert,15,Danmarks Statistik,
740,commute_distance,2010-2012,2022-2024,22.4333,27.7333,23.63,forkert,15,Danmarks Statistik,
741,commute_distance,2010-2012,2022-2024,16.9,19.8333,17.36,forkert,15,Danmarks Statistik,
746,commute_distance,2010-2012,2022-2024,23.3667,26.0,11.27,forkert,15,Danmarks Statistik,
751,commute_distance,2010-2012,2022-2024,19.0,22.0333,15.96,forkert,15,Danmarks Statistik,
756,commute_distance,2010-2012,2022-2024,19.9333,24.8333,24.58,forkert,15,Danmarks Statistik,
760,commute_distance,2010-2012,2022-2024,19.8,22.3667,12.96,forkert,15,Danmarks Statistik,
766,commute_distance,2010-2012,2022-2024,21.4667,24.6667,14.91,forkert,15,Danmarks Statistik,
773,commute_distance,2010-2012,2022-2024,18.0,20.2333,12.41,forkert,15,Danmarks Statistik,
779,commute_distance,2010-2012,2022-2024,20.3667,22.9667,12.77,forkert,15,Danmarks Statistik,
787,commute_distance,2010-2012,2022-2024,18.2333,23.2333,27.42,forkert,15,Danmarks Statistik,
791,commute_distance,2010-2012,2022-2024,21.1,25.2333,19.59,forkert,15,Danmarks Statistik,
810,commute_distance,2010-2012,2022-2024,24.0667,29.7667,23.68,forkert,15,Danmarks Statistik,
813,commute_distance,2010-2012,2022-2024,23.6667,28.2333,19.3,forkert,15,Danmarks Statistik,
820,commute_distance,2010-2012,2022-2024,21.8667,26.1333,19.51,forkert,15,Danmarks Statistik,
825,commute_distance,2010-2012,2022-2024,26.2667,23.1,-12.06,rigtig,15,Danmarks Statistik,
840,commute_distance,2010-2012,2022-2024,25.9,30.2,16.6,forkert,15,Danmarks Statistik,
846,commute_distance,2010-2012,2022-2024,23.0667,27.4333,18.93,forkert,15,Danmarks Statistik,
849,commute_distance,2010-2012,2022-2024,25.1667,29.6667,17.88,forkert,15,Danmarks Statistik,
851,commute_distance,2010-2012,2022-2024,21.3667,25.9333,21.37,forkert,15,Danmarks Statistik,
860,commute_distance,2010-2012,2022-2024,22.5667,26.5,17.43,forkert,15,Danmarks Statistik,
101,crime_rate,2010-2012,2023-2025,183.4767,127.35,-30.59,rigtig,16,Danmarks Statistik,
147,crime_rate,2010-2012,2023-2025,96.5033,75.5,-21.76,tempo,16,Danmarks Statistik,
151,crime_rate,2010-2012,2023-2025,95.4767,75.09,-21.35,tempo,16,Danmarks Statistik,
153,crime_rate,2010-2012,2023-2025,99.0967,80.8467,-18.42,tempo,16,Danmarks Statistik,
155,crime_rate,2010-2012,2023-2025,50.7667,38.4367,-24.29,tempo,16,Danmarks Statistik,
157,crime_rate,2010-2012,2023-2025,83.8267,64.3267,-23.26,tempo,16,Danmarks Statistik,
159,crime_rate,2010-2012,2023-2025,76.0633,66.6633,-12.36,tempo,16,Danmarks Statistik,
161,crime_rate,2010-2012,2023-2025,118.4867,112.6033,-4.97,tempo,16,Danmarks Statistik,
163,crime_rate,2010-2012,2023-2025,106.1,78.3933,-26.11,tempo,16,Danmarks Statistik,
165,crime_rate,2010-2012,2023-2025,107.2733,86.5367,-19.33,tempo,16,Danmarks Statistik,
167,crime_rate,2010-2012,2023-2025,101.1833,71.9333,-28.91,tempo,16,Danmarks Statistik,
169,crime_rate,2010-2012,2023-2025,90.8767,67.8867,-25.3,tempo,16,Danmarks Statistik,
173,crime_rate,2010-2012,2023-2025,97.3167,68.1567,-29.96,tempo,16,Danmarks Statistik,
175,crime_rate,2010-2012,2023-2025,111.4633,75.27,-32.47,rigtig,16,Danmarks Statistik,
183,crime_rate,2010-2012,2023-2025,109.56,74.79,-31.74,rigtig,16,Danmarks Statistik,
185,crime_rate,2010-2012,2023-2025,162.22,150.8467,-7.01,tempo,16,Danmarks Statistik,
187,crime_rate,2010-2012,2023-2025,75.8867,49.6567,-34.56,rigtig,16,Danmarks Statistik,
190,crime_rate,2010-2012,2023-2025,74.3567,50.7333,-31.77,rigtig,16,Danmarks Statistik,
201,crime_rate,2010-2012,2023-2025,128.7233,49.82,-61.3,rigtig,16,Danmarks Statistik,
210,crime_rate,2010-2012,2023-2025,67.2467,49.27,-26.73,tempo,16,Danmarks Statistik,
217,crime_rate,2010-2012,2023-2025,104.4333,70.11,-32.87,rigtig,16,Danmarks Statistik,
219,crime_rate,2010-2012,2023-2025,95.9367,66.46,-30.73,rigtig,16,Danmarks Statistik,
223,crime_rate,2010-2012,2023-2025,68.77,60.46,-12.08,tempo,16,Danmarks Statistik,
230,crime_rate,2010-2012,2023-2025,71.6367,53.2967,-25.6,tempo,16,Danmarks Statistik,
240,crime_rate,2010-2012,2023-2025,54.95,39.27,-28.54,tempo,16,Danmarks Statistik,
250,crime_rate,2010-2012,2023-2025,65.1667,49.9767,-23.31,tempo,16,Danmarks Statistik,
253,crime_rate,2010-2012,2023-2025,100.6133,56.75,-43.6,rigtig,16,Danmarks Statistik,
259,crime_rate,2010-2012,2023-2025,99.8,59.9967,-39.88,rigtig,16,Danmarks Statistik,
260,crime_rate,2010-2012,2023-2025,84.59,47.73,-43.57,rigtig,16,Danmarks Statistik,
265,crime_rate,2010-2012,2023-2025,109.0067,66.6033,-38.9,rigtig,16,Danmarks Statistik,
269,crime_rate,2010-2012,2023-2025,77.2367,42.89,-44.47,rigtig,16,Danmarks Statistik,
270,crime_rate,2010-2012,2023-2025,66.8767,54.55,-18.43,tempo,16,Danmarks Statistik,
306,crime_rate,2010-2012,2023-2025,85.4133,61.6467,-27.83,tempo,16,Danmarks Statistik,
316,crime_rate,2010-2012,2023-2025,75.85,51.5733,-32.01,rigtig,16,Danmarks Statistik,
320,crime_rate,2010-2012,2023-2025,70.5667,42.4833,-39.8,rigtig,16,Danmarks Statistik,
326,crime_rate,2010-2012,2023-2025,74.9067,50.99,-31.93,rigtig,16,Danmarks Statistik,
329,crime_rate,2010-2012,2023-2025,85.12,55.4833,-34.82,rigtig,16,Danmarks Statistik,
330,crime_rate,2010-2012,2023-2025,96.58,68.7867,-28.78,tempo,16,Danmarks Statistik,
336,crime_rate,2010-2012,2023-2025,45.83,37.1233,-19.0,tempo,16,Danmarks Statistik,
340,crime_rate,2010-2012,2023-2025,70.9967,49.0967,-30.85,rigtig,16,Danmarks Statistik,
350,crime_rate,2010-2012,2023-2025,53.1033,35.77,-32.64,rigtig,16,Danmarks Statistik,
360,crime_rate,2010-2012,2023-2025,91.3267,74.8667,-18.02,tempo,16,Danmarks Statistik,
370,crime_rate,2010-2012,2023-2025,74.57,60.1667,-19.32,tempo,16,Danmarks Statistik,
376,crime_rate,2010-2012,2023-2025,77.92,60.7333,-22.06,tempo,16,Danmarks Statistik,
390,crime_rate,2010-2012,2023-2025,75.1633,47.59,-36.68,rigtig,16,Danmarks Statistik,
400,crime_rate,2010-2012,2023-2025,43.3267,40.0,-7.68,tempo,16,Danmarks Statistik,
410,crime_rate,2010-2012,2023-2025,77.9867,55.05,-29.41,tempo,16,Danmarks Statistik,
420,crime_rate,2010-2012,2023-2025,59.79,44.1367,-26.18,tempo,16,Danmarks Statistik,
430,crime_rate,2010-2012,2023-2025,59.3367,42.3333,-28.66,tempo,16,Danmarks Statistik,
440,crime_rate,2010-2012,2023-2025,57.1767,44.34,-22.45,tempo,16,Danmarks Statistik,
450,crime_rate,2010-2012,2023-2025,86.8733,51.34,-40.9,rigtig,16,Danmarks Statistik,
461,crime_rate,2010-2012,2023-2025,115.6,76.71,-33.64,rigtig,16,Danmarks Statistik,
479,crime_rate,2010-2012,2023-2025,69.7333,50.8167,-27.13,tempo,16,Danmarks Statistik,
480,crime_rate,2010-2012,2023-2025,62.92,44.7233,-28.92,tempo,16,Danmarks Statistik,
482,crime_rate,2010-2012,2023-2025,55.9133,39.8367,-28.75,tempo,16,Danmarks Statistik,
492,crime_rate,2010-2012,2023-2025,24.93,25.6433,2.86,stagneret,16,Danmarks Statistik,
510,crime_rate,2010-2012,2023-2025,77.5433,53.7767,-30.65,rigtig,16,Danmarks Statistik,
530,crime_rate,2010-2012,2023-2025,98.2267,69.5633,-29.18,tempo,16,Danmarks Statistik,
540,crime_rate,2010-2012,2023-2025,73.84,44.71,-39.45,rigtig,16,Danmarks Statistik,
550,crime_rate,2010-2012,2023-2025,76.3333,53.7267,-29.62,tempo,16,Danmarks Statistik,
561,crime_rate,2010-2012,2023-2025,94.6267,65.78,-30.48,tempo,16,Danmarks Statistik,
563,crime_rate,2010-2012,2023-2025,51.31,48.46,-5.55,tempo,16,Danmarks Statistik,
573,crime_rate,2010-2012,2023-2025,70.3733,43.6,-38.04,rigtig,16,Danmarks Statistik,
575,crime_rate,2010-2012,2023-2025,74.37,41.2867,-44.48,rigtig,16,Danmarks Statistik,
580,crime_rate,2010-2012,2023-2025,101.39,66.6067,-34.31,rigtig,16,Danmarks Statistik,
607,crime_rate,2010-2012,2023-2025,113.02,77.4567,-31.47,rigtig,16,Danmarks Statistik,
615,crime_rate,2010-2012,2023-2025,90.4667,55.4,-38.76,rigtig,16,Danmarks Statistik,
621,crime_rate,2010-2012,2023-2025,92.4933,61.35,-33.67,rigtig,16,Danmarks Statistik,
630,crime_rate,2010-2012,2023-2025,89.98,57.62,-35.96,rigtig,16,Danmarks Statistik,
657,crime_rate,2010-2012,2023-2025,69.4533,53.9433,-22.33,tempo,16,Danmarks Statistik,
661,crime_rate,2010-2012,2023-2025,69.1433,54.3967,-21.33,tempo,16,Danmarks Statistik,
665,crime_rate,2010-2012,2023-2025,39.7833,30.0867,-24.37,tempo,16,Danmarks Statistik,
671,crime_rate,2010-2012,2023-2025,49.6033,36.4467,-26.52,tempo,16,Danmarks Statistik,
706,crime_rate,2010-2012,2023-2025,67.39,38.65,-42.65,rigtig,16,Danmarks Statistik,
707,crime_rate,2010-2012,2023-2025,71.48,51.6167,-27.79,tempo,16,Danmarks Statistik,
710,crime_rate,2010-2012,2023-2025,54.66,31.5267,-42.32,rigtig,16,Danmarks Statistik,
727,crime_rate,2010-2012,2023-2025,57.3367,31.2533,-45.49,rigtig,16,Danmarks Statistik,
730,crime_rate,2010-2012,2023-2025,90.1367,58.1833,-35.45,rigtig,16,Danmarks Statistik,
740,crime_rate,2010-2012,2023-2025,69.91,44.8533,-35.84,rigtig,16,Danmarks Statistik,
741,crime_rate,2010-2012,2023-2025,42.9967,51.9533,20.83,forkert,16,Danmarks Statistik,
746,crime_rate,2010-2012,2023-2025,67.7767,33.28,-50.9,rigtig,16,Danmarks Statistik,
751,crime_rate,2010-2012,2023-2025,123.06,80.6267,-34.48,rigtig,16,Danmarks Statistik,
756,crime_rate,2010-2012,2023-2025,71.6633,72.9967,1.86,forkert,16,Danmarks Statistik,
760,crime_rate,2010-2012,2023-2025,56.76,35.08,-38.2,rigtig,16,Danmarks Statistik,
766,crime_rate,2010-2012,2023-2025,57.2867,40.7967,-28.79,tempo,16,Danmarks Statistik,
773,crime_rate,2010-2012,2023-2025,56.05,34.6933,-38.1,rigtig,16,Danmarks Statistik,
779,crime_rate,2010-2012,2023-2025,63.72,44.14,-30.73,rigtig,16,Danmarks Statistik,
787,crime_rate,2010-2012,2023-2025,57.5967,37.9633,-34.09,rigtig,16,Danmarks Statistik,
791,crime_rate,2010-2012,2023-2025,61.2567,49.1033,-19.84,tempo,16,Danmarks Statistik,
810,crime_rate,2010-2012,2023-2025,60.85,34.61,-43.12,rigtig,16,Danmarks Statistik,
813,crime_rate,2010-2012,2023-2025,78.06,50.03,-35.91,rigtig,16,Danmarks Statistik,
820,crime_rate,2010-2012,2023-2025,69.8267,50.7933,-27.26,tempo,16,Danmarks Statistik,
825,crime_rate,2010-2012,2023-2025,28.8867,31.4067,8.72,forkert,16,Danmarks Statistik,
840,crime_rate,2010-2012,2023-2025,54.16,31.34,-42.13,rigtig,16,Danmarks Statistik,
846,crime_rate,2010-2012,2023-2025,73.3433,42.9633,-41.42,rigtig,16,Danmarks Statistik,
849,crime_rate,2010-2012,2023-2025,66.2,35.7367,-46.02,rigtig,16,Danmarks Statistik,
851,crime_rate,2010-2012,2023-2025,98.84,62.5533,-36.71,rigtig,16,Danmarks Statistik,
860,crime_rate,2010-2012,2023-2025,68.34,44.6367,-34.68,rigtig,16,Danmarks Statistik,
101,daycare_ratio,2023,2024,5.8,6.0,3.45,forkert,2,Danmarks Statistik,
147,daycare_ratio,2023,2024,6.1,5.9,-3.28,rigtig,2,Danmarks Statistik,
151,daycare_ratio,2023,2024,5.9,5.7,-3.39,rigtig,2,Danmarks Statistik,
153,daycare_ratio,2023,2024,5.7,5.3,-7.02,rigtig,2,Danmarks Statistik,
155,daycare_ratio,2023,2024,5.9,6.1,3.39,forkert,2,Danmarks Statistik,
157,daycare_ratio,2023,2024,5.7,5.9,3.51,forkert,2,Danmarks Statistik,
159,daycare_ratio,2023,2024,5.9,5.9,0.0,stagneret,2,Danmarks Statistik,
161,daycare_ratio,2023,2024,6.2,6.1,-1.61,tempo,2,Danmarks Statistik,
163,daycare_ratio,2023,2024,5.4,5.5,1.85,forkert,2,Danmarks Statistik,
165,daycare_ratio,2023,2024,6.1,5.8,-4.92,rigtig,2,Danmarks Statistik,
167,daycare_ratio,2023,2024,5.8,5.8,0.0,stagneret,2,Danmarks Statistik,
169,daycare_ratio,2023,2024,5.7,5.6,-1.75,rigtig,2,Danmarks Statistik,
173,daycare_ratio,2023,2024,5.7,5.6,-1.75,rigtig,2,Danmarks Statistik,
175,daycare_ratio,2023,2024,5.9,5.8,-1.69,tempo,2,Danmarks Statistik,
183,daycare_ratio,2023,2024,6.0,5.9,-1.67,tempo,2,Danmarks Statistik,
185,daycare_ratio,2023,2024,6.5,5.8,-10.77,rigtig,2,Danmarks Statistik,
187,daycare_ratio,2023,2024,5.7,5.7,0.0,stagneret,2,Danmarks Statistik,
190,daycare_ratio,2023,2024,5.8,5.6,-3.45,rigtig,2,Danmarks Statistik,
201,daycare_ratio,2023,2024,6.1,5.5,-9.84,rigtig,2,Danmarks Statistik,
210,daycare_ratio,2023,2024,5.7,6.1,7.02,forkert,2,Danmarks Statistik,
217,daycare_ratio,2023,2024,5.8,6.0,3.45,forkert,2,Danmarks Statistik,
219,daycare_ratio,2023,2024,5.9,5.8,-1.69,tempo,2,Danmarks Statistik,
223,daycare_ratio,2023,2024,5.6,5.5,-1.79,rigtig,2,Danmarks Statistik,
230,daycare_ratio,2023,2024,5.8,5.8,0.0,stagneret,2,Danmarks Statistik,
240,daycare_ratio,2023,2024,6.6,6.2,-6.06,rigtig,2,Danmarks Statistik,
250,daycare_ratio,2023,2024,5.9,5.6,-5.08,rigtig,2,Danmarks Statistik,
253,daycare_ratio,2023,2024,6.4,5.9,-7.81,rigtig,2,Danmarks Statistik,
259,daycare_ratio,2023,2024,5.7,5.7,0.0,stagneret,2,Danmarks Statistik,
260,daycare_ratio,2023,2024,5.2,5.3,1.92,forkert,2,Danmarks Statistik,
265,daycare_ratio,2023,2024,6.1,6.0,-1.64,tempo,2,Danmarks Statistik,
269,daycare_ratio,2023,2024,6.3,5.8,-7.94,rigtig,2,Danmarks Statistik,
270,daycare_ratio,2023,2024,5.7,5.5,-3.51,rigtig,2,Danmarks Statistik,
306,daycare_ratio,2023,2024,5.7,5.1,-10.53,rigtig,2,Danmarks Statistik,
316,daycare_ratio,2023,2024,6.4,6.3,-1.56,tempo,2,Danmarks Statistik,
320,daycare_ratio,2023,2024,5.8,6.0,3.45,forkert,2,Danmarks Statistik,
326,daycare_ratio,2023,2024,6.4,6.1,-4.69,rigtig,2,Danmarks Statistik,
329,daycare_ratio,2023,2024,5.9,6.0,1.69,forkert,2,Danmarks Statistik,
330,daycare_ratio,2023,2024,6.4,5.9,-7.81,rigtig,2,Danmarks Statistik,
336,daycare_ratio,2023,2024,6.0,5.6,-6.67,rigtig,2,Danmarks Statistik,
340,daycare_ratio,2023,2024,6.0,5.8,-3.33,rigtig,2,Danmarks Statistik,
350,daycare_ratio,2023,2024,6.0,5.7,-5.0,rigtig,2,Danmarks Statistik,
360,daycare_ratio,2023,2024,5.5,5.0,-9.09,rigtig,2,Danmarks Statistik,
370,daycare_ratio,2023,2024,5.8,5.9,1.72,forkert,2,Danmarks Statistik,
376,daycare_ratio,2023,2024,6.0,6.1,1.67,forkert,2,Danmarks Statistik,
390,daycare_ratio,2023,2024,6.0,6.0,0.0,stagneret,2,Danmarks Statistik,
400,daycare_ratio,2023,2024,5.1,4.9,-3.92,rigtig,2,Danmarks Statistik,
410,daycare_ratio,2023,2024,6.1,5.6,-8.2,rigtig,2,Danmarks Statistik,
420,daycare_ratio,2023,2024,5.9,5.8,-1.69,tempo,2,Danmarks Statistik,
430,daycare_ratio,2023,2024,5.9,5.8,-1.69,tempo,2,Danmarks Statistik,
440,daycare_ratio,2023,2024,5.7,5.7,0.0,stagneret,2,Danmarks Statistik,
450,daycare_ratio,2023,2024,6.0,5.9,-1.67,tempo,2,Danmarks Statistik,
461,daycare_ratio,2023,2024,6.1,5.9,-3.28,rigtig,2,Danmarks Statistik,
479,daycare_ratio,2023,2024,5.5,5.6,1.82,forkert,2,Danmarks Statistik,
480,daycare_ratio,2023,2024,6.2,5.9,-4.84,rigtig,2,Danmarks Statistik,
482,daycare_ratio,2023,2024,4.3,4.2,-2.33,rigtig,2,Danmarks Statistik,
492,daycare_ratio,2023,2024,5.4,4.9,-9.26,rigtig,2,Danmarks Statistik,
510,daycare_ratio,2023,2024,5.6,5.2,-7.14,rigtig,2,Danmarks Statistik,
530,daycare_ratio,2023,2024,5.9,5.9,0.0,stagneret,2,Danmarks Statistik,
540,daycare_ratio,2023,2024,5.8,5.6,-3.45,rigtig,2,Danmarks Statistik,
550,daycare_ratio,2023,2024,5.3,5.3,0.0,stagneret,2,Danmarks Statistik,
561,daycare_ratio,2023,2024,6.3,5.8,-7.94,rigtig,2,Danmarks Statistik,
563,daycare_ratio,2023,2024,5.6,5.9,5.36,forkert,2,Danmarks Statistik,
573,daycare_ratio,2023,2024,6.0,5.6,-6.67,rigtig,2,Danmarks Statistik,
575,daycare_ratio,2023,2024,6.3,5.7,-9.52,rigtig,2,Danmarks Statistik,
580,daycare_ratio,2023,2024,5.5,5.6,1.82,forkert,2,Danmarks Statistik,
607,daycare_ratio,2023,2024,5.1,5.2,1.96,forkert,2,Danmarks Statistik,
615,daycare_ratio,2023,2024,6.3,6.1,-3.17,rigtig,2,Danmarks Statistik,
621,daycare_ratio,2023,2024,5.8,5.9,1.72,forkert,2,Danmarks Statistik,
630,daycare_ratio,2023,2024,5.3,5.4,1.89,forkert,2,Danmarks Statistik,
657,daycare_ratio,2023,2024,6.7,6.1,-8.96,rigtig,2,Danmarks Statistik,
661,daycare_ratio,2023,2024,6.0,6.0,0.0,stagneret,2,Danmarks Statistik,
665,daycare_ratio,2023,2024,5.7,5.6,-1.75,rigtig,2,Danmarks Statistik,
671,daycare_ratio,2023,2024,5.9,5.8,-1.69,tempo,2,Danmarks Statistik,
706,daycare_ratio,2023,2024,5.9,5.7,-3.39,rigtig,2,Danmarks Statistik,
707,daycare_ratio,2023,2024,6.3,5.7,-9.52,rigtig,2,Danmarks Statistik,
710,daycare_ratio,2023,2024,5.4,5.6,3.7,forkert,2,Danmarks Statistik,
727,daycare_ratio,2023,2024,6.0,6.0,0.0,stagneret,2,Danmarks Statistik,
730,daycare_ratio,2023,2024,6.1,5.6,-8.2,rigtig,2,Danmarks Statistik,
740,daycare_ratio,2023,2024,6.4,6.1,-4.69,rigtig,2,Danmarks Statistik,
741,daycare_ratio,2023,2024,3.8,3.9,2.63,forkert,2,Danmarks Statistik,
746,daycare_ratio,2023,2024,6.4,6.0,-6.25,rigtig,2,Danmarks Statistik,
751,daycare_ratio,2023,2024,5.7,5.8,1.75,forkert,2,Danmarks Statistik,
756,daycare_ratio,2023,2024,6.1,6.2,1.64,forkert,2,Danmarks Statistik,
760,daycare_ratio,2023,2024,5.9,6.0,1.69,forkert,2,Danmarks Statistik,
766,daycare_ratio,2023,2024,5.8,5.6,-3.45,rigtig,2,Danmarks Statistik,
773,daycare_ratio,2023,2024,6.0,5.2,-13.33,rigtig,2,Danmarks Statistik,
779,daycare_ratio,2023,2024,6.1,5.7,-6.56,rigtig,2,Danmarks Statistik,
787,daycare_ratio,2023,2024,6.0,6.2,3.33,forkert,2,Danmarks Statistik,
791,daycare_ratio,2023,2024,6.4,6.3,-1.56,tempo,2,Danmarks Statistik,
810,daycare_ratio,2023,2024,5.9,5.8,-1.69,tempo,2,Danmarks Statistik,
813,daycare_ratio,2023,2024,6.6,6.0,-9.09,rigtig,2,Danmarks Statistik,
820,daycare_ratio,2023,2024,5.7,5.4,-5.26,rigtig,2,Danmarks Statistik,
825,daycare_ratio,2023,2024,5.6,5.3,-5.36,rigtig,2,Danmarks Statistik,
840,daycare_ratio,2023,2024,6.5,6.3,-3.08,rigtig,2,Danmarks Statistik,
846,daycare_ratio,2023,2024,5.8,5.9,1.72,forkert,2,Danmarks Statistik,
849,daycare_ratio,2023,2024,5.9,5.7,-3.39,rigtig,2,Danmarks Statistik,
851,daycare_ratio,2023,2024,5.8,5.9,1.72,forkert,2,Danmarks Statistik,
860,daycare_ratio,2023,2024,6.5,6.0,-7.69,rigtig,2,Danmarks Statistik,
101,disposable_income,2010-2012,2022-2024,168702.3333,236498.6667,40.19,rigtig,15,Danmarks Statistik,
147,disposable_income,2010-2012,2022-2024,195882.3333,263547.0,34.54,rigtig,15,Danmarks Statistik,
151,disposable_income,2010-2012,2022-2024,189243.3333,246485.0,30.25,rigtig,15,Danmarks Statistik,
153,disposable_income,2010-2012,2022-2024,176319.6667,224642.0,27.41,tempo,15,Danmarks Statistik,
155,disposable_income,2010-2012,2022-2024,237351.0,317175.3333,33.63,rigtig,15,Danmarks Statistik,
157,disposable_income,2010-2012,2022-2024,248657.3333,326914.3333,31.47,rigtig,15,Danmarks Statistik,
159,disposable_income,2010-2012,2022-2024,196805.0,261885.0,33.07,rigtig,15,Danmarks Statistik,
161,disposable_income,2010-2012,2022-2024,191118.3333,247946.0,29.73,rigtig,15,Danmarks Statistik,
163,disposable_income,2010-2012,2022-2024,193288.0,252252.0,30.51,rigtig,15,Danmarks Statistik,
165,disposable_income,2010-2012,2022-2024,176249.3333,225224.6667,27.79,tempo,15,Danmarks Statistik,
167,disposable_income,2010-2012,2022-2024,188920.6667,248952.3333,31.78,rigtig,15,Danmarks Statistik,
169,disposable_income,2010-2012,2022-2024,190637.3333,243405.3333,27.68,tempo,15,Danmarks Statistik,
173,disposable_income,2010-2012,2022-2024,222042.6667,287490.6667,29.48,rigtig,15,Danmarks Statistik,
175,disposable_income,2010-2012,2022-2024,187707.6667,249060.6667,32.69,rigtig,15,Danmarks Statistik,
183,disposable_income,2010-2012,2022-2024,175304.3333,224863.3333,28.27,tempo,15,Danmarks Statistik,
185,disposable_income,2010-2012,2022-2024,204553.6667,269777.6667,31.89,rigtig,15,Danmarks Statistik,
187,disposable_income,2010-2012,2022-2024,219258.6667,271797.3333,23.96,tempo,15,Danmarks Statistik,
190,disposable_income,2010-2012,2022-2024,231321.3333,309370.3333,33.74,rigtig,15,Danmarks Statistik,
201,disposable_income,2010-2012,2022-2024,241930.3333,320066.0,32.3,rigtig,15,Danmarks Statistik,
210,disposable_income,2010-2012,2022-2024,209103.3333,273143.0,30.63,rigtig,15,Danmarks Statistik,
217,disposable_income,2010-2012,2022-2024,193562.0,254304.0,31.38,rigtig,15,Danmarks Statistik,
219,disposable_income,2010-2012,2022-2024,211592.6667,274063.3333,29.52,rigtig,15,Danmarks Statistik,
223,disposable_income,2010-2012,2022-2024,242938.0,315291.0,29.78,rigtig,15,Danmarks Statistik,
230,disposable_income,2010-2012,2022-2024,250221.6667,336080.3333,34.31,rigtig,15,Danmarks Statistik,
240,disposable_income,2010-2012,2022-2024,229861.3333,296149.6667,28.84,tempo,15,Danmarks Statistik,
250,disposable_income,2010-2012,2022-2024,197135.0,254983.0,29.34,tempo,15,Danmarks Statistik,
253,disposable_income,2010-2012,2022-2024,211554.6667,271626.3333,28.4,tempo,15,Danmarks Statistik,
259,disposable_income,2010-2012,2022-2024,192386.0,253252.0,31.64,rigtig,15,Danmarks Statistik,
260,disposable_income,2010-2012,2022-2024,185969.3333,239934.6667,29.02,tempo,15,Danmarks Statistik,
265,disposable_income,2010-2012,2022-2024,202357.3333,270570.0,33.71,rigtig,15,Danmarks Statistik,
269,disposable_income,2010-2012,2022-2024,220401.0,292772.6667,32.84,rigtig,15,Danmarks Statistik,
270,disposable_income,2010-2012,2022-2024,200733.6667,256623.0,27.84,tempo,15,Danmarks Statistik,
306,disposable_income,2010-2012,2022-2024,171541.6667,219058.0,27.7,tempo,15,Danmarks Statistik,
316,disposable_income,2010-2012,2022-2024,186783.3333,245295.3333,31.33,rigtig,15,Danmarks Statistik,
320,disposable_income,2010-2012,2022-2024,185111.6667,239472.6667,29.37,rigtig,15,Danmarks Statistik,
326,disposable_income,2010-2012,2022-2024,180964.0,234300.3333,29.47,rigtig,15,Danmarks Statistik,
329,disposable_income,2010-2012,2022-2024,189265.3333,248371.3333,31.23,rigtig,15,Danmarks Statistik,
330,disposable_income,2010-2012,2022-2024,178771.6667,228975.3333,28.08,tempo,15,Danmarks Statistik,
336,disposable_income,2010-2012,2022-2024,188541.6667,246535.0,30.76,rigtig,15,Danmarks Statistik,
340,disposable_income,2010-2012,2022-2024,186962.3333,245652.0,31.39,rigtig,15,Danmarks Statistik,
350,disposable_income,2010-2012,2022-2024,210448.0,271558.6667,29.04,tempo,15,Danmarks Statistik,
360,disposable_income,2010-2012,2022-2024,158792.0,200122.3333,26.03,tempo,15,Danmarks Statistik,
370,disposable_income,2010-2012,2022-2024,184815.6667,237442.6667,28.48,tempo,15,Danmarks Statistik,
376,disposable_income,2010-2012,2022-2024,168616.0,216637.6667,28.48,tempo,15,Danmarks Statistik,
390,disposable_income,2010-2012,2022-2024,172805.3333,221863.0,28.39,tempo,15,Danmarks Statistik,
400,disposable_income,2010-2012,2022-2024,166375.3333,212456.6667,27.7,tempo,15,Danmarks Statistik,
410,disposable_income,2010-2012,2022-2024,185790.3333,243693.6667,31.17,rigtig,15,Danmarks Statistik,
420,disposable_income,2010-2012,2022-2024,175471.3333,225671.3333,28.61,tempo,15,Danmarks Statistik,
430,disposable_income,2010-2012,2022-2024,174968.3333,229081.3333,30.93,rigtig,15,Danmarks Statistik,
440,disposable_income,2010-2012,2022-2024,176899.3333,231334.3333,30.77,rigtig,15,Danmarks Statistik,
450,disposable_income,2010-2012,2022-2024,176067.3333,225841.6667,28.27,tempo,15,Danmarks Statistik,
461,disposable_income,2010-2012,2022-2024,170855.6667,218560.0,27.92,tempo,15,Danmarks Statistik,
479,disposable_income,2010-2012,2022-2024,175077.6667,226298.6667,29.26,tempo,15,Danmarks Statistik,
480,disposable_income,2010-2012,2022-2024,173948.0,224298.0,28.95,tempo,15,Danmarks Statistik,
482,disposable_income,2010-2012,2022-2024,157422.0,199114.0,26.48,tempo,15,Danmarks Statistik,
492,disposable_income,2010-2012,2022-2024,161570.3333,203908.3333,26.2,tempo,15,Danmarks Statistik,
510,disposable_income,2010-2012,2022-2024,172209.3333,221835.6667,28.82,tempo,15,Danmarks Statistik,
530,disposable_income,2010-2012,2022-2024,183675.0,238760.3333,29.99,rigtig,15,Danmarks Statistik,
540,disposable_income,2010-2012,2022-2024,171065.3333,220483.0,28.89,tempo,15,Danmarks Statistik,
550,disposable_income,2010-2012,2022-2024,167557.3333,213638.0,27.5,tempo,15,Danmarks Statistik,
561,disposable_income,2010-2012,2022-2024,178047.3333,231923.0,30.26,rigtig,15,Danmarks Statistik,
563,disposable_income,2010-2012,2022-2024,195411.6667,240619.0,23.13,tempo,15,Danmarks Statistik,
573,disposable_income,2010-2012,2022-2024,181159.3333,234072.6667,29.21,tempo,15,Danmarks Statistik,
575,disposable_income,2010-2012,2022-2024,175980.6667,232419.3333,32.07,rigtig,15,Danmarks Statistik,
580,disposable_income,2010-2012,2022-2024,172836.6667,221315.6667,28.05,tempo,15,Danmarks Statistik,
607,disposable_income,2010-2012,2022-2024,180971.0,231987.6667,28.19,tempo,15,Danmarks Statistik,
615,disposable_income,2010-2012,2022-2024,182662.6667,239993.6667,31.39,rigtig,15,Danmarks Statistik,
621,disposable_income,2010-2012,2022-2024,183641.0,237781.6667,29.48,rigtig,15,Danmarks Statistik,
630,disposable_income,2010-2012,2022-2024,188901.6667,249090.0,31.86,rigtig,15,Danmarks Statistik,
657,disposable_income,2010-2012,2022-2024,183241.0,238171.0,29.98,rigtig,15,Danmarks Statistik,
661,disposable_income,2010-2012,2022-2024,183236.0,235202.6667,28.36,tempo,15,Danmarks Statistik,
665,disposable_income,2010-2012,2022-2024,174832.6667,222814.3333,27.44,tempo,15,Danmarks Statistik,
671,disposable_income,2010-2012,2022-2024,176742.0,219796.6667,24.36,tempo,15,Danmarks Statistik,
706,disposable_income,2010-2012,2022-2024,185248.6667,239313.0,29.18,tempo,15,Danmarks Statistik,
707,disposable_income,2010-2012,2022-2024,171281.6667,218754.6667,27.72,tempo,15,Danmarks Statistik,
710,disposable_income,2010-2012,2022-2024,199173.3333,261800.3333,31.44,rigtig,15,Danmarks Statistik,
727,disposable_income,2010-2012,2022-2024,196368.6667,250348.3333,27.49,tempo,15,Danmarks Statistik,
730,disposable_income,2010-2012,2022-2024,175639.6667,227951.6667,29.78,rigtig,15,Danmarks Statistik,
740,disposable_income,2010-2012,2022-2024,189606.0,251660.0,32.73,rigtig,15,Danmarks Statistik,
741,disposable_income,2010-2012,2022-2024,166590.6667,214066.0,28.5,tempo,15,Danmarks Statistik,
746,disposable_income,2010-2012,2022-2024,209447.6667,275037.6667,31.32,rigtig,15,Danmarks Statistik,
751,disposable_income,2010-2012,2022-2024,175947.0,225645.6667,28.25,tempo,15,Danmarks Statistik,
756,disposable_income,2010-2012,2022-2024,180229.6667,232567.3333,29.04,tempo,15,Danmarks Statistik,
760,disposable_income,2010-2012,2022-2024,180566.6667,230852.3333,27.85,tempo,15,Danmarks Statistik,
766,disposable_income,2010-2012,2022-2024,188274.0,247141.3333,31.27,rigtig,15,Danmarks Statistik,
773,disposable_income,2010-2012,2022-2024,164348.6667,213873.3333,30.13,rigtig,15,Danmarks Statistik,
779,disposable_income,2010-2012,2022-2024,174678.3333,224951.6667,28.78,tempo,15,Danmarks Statistik,
787,disposable_income,2010-2012,2022-2024,171583.3333,220651.6667,28.6,tempo,15,Danmarks Statistik,
791,disposable_income,2010-2012,2022-2024,186779.3333,238234.3333,27.55,tempo,15,Danmarks Statistik,
810,disposable_income,2010-2012,2022-2024,174190.6667,228666.6667,31.27,rigtig,15,Danmarks Statistik,
813,disposable_income,2010-2012,2022-2024,174990.3333,222906.0,27.38,tempo,15,Danmarks Statistik,
820,disposable_income,2010-2012,2022-2024,170542.6667,223278.0,30.92,rigtig,15,Danmarks Statistik,
825,disposable_income,2010-2012,2022-2024,162393.0,207963.0,28.06,tempo,15,Danmarks Statistik,
840,disposable_income,2010-2012,2022-2024,189468.3333,256207.6667,35.22,rigtig,15,Danmarks Statistik,
846,disposable_income,2010-2012,2022-2024,175437.0,228074.3333,30.0,rigtig,15,Danmarks Statistik,
849,disposable_income,2010-2012,2022-2024,176036.0,226154.3333,28.47,tempo,15,Danmarks Statistik,
851,disposable_income,2010-2012,2022-2024,174489.0,226242.3333,29.66,rigtig,15,Danmarks Statistik,
860,disposable_income,2010-2012,2022-2024,174020.6667,223138.6667,28.23,tempo,15,Danmarks Statistik,
101,educated_staff,2019-2021,2022-2024,50.0733,45.2467,-9.64,forkert,6,Danmarks Statistik,
147,educated_staff,2019-2021,2022-2024,54.69,46.5933,-14.8,forkert,6,Danmarks Statistik,
151,educated_staff,2019-2021,2022-2024,53.15,48.9967,-7.81,forkert,6,Danmarks Statistik,
153,educated_staff,2019-2021,2022-2024,57.3133,57.08,-0.41,stagneret,6,Danmarks Statistik,
155,educated_staff,2019-2021,2022-2024,39.4933,36.72,-7.02,forkert,6,Danmarks Statistik,
157,educated_staff,2019-2021,2022-2024,54.4233,47.4733,-12.77,forkert,6,Danmarks Statistik,
159,educated_staff,2019-2021,2022-2024,51.16,44.4533,-13.11,forkert,6,Danmarks Statistik,
161,educated_staff,2019-2021,2022-2024,55.9967,45.4,-18.92,forkert,6,Danmarks Statistik,
163,educated_staff,2019-2021,2022-2024,46.9367,44.7,-4.77,forkert,6,Danmarks Statistik,
165,educated_staff,2019-2021,2022-2024,51.0833,48.3267,-5.4,forkert,6,Danmarks Statistik,
167,educated_staff,2019-2021,2022-2024,54.1133,50.74,-6.23,forkert,6,Danmarks Statistik,
169,educated_staff,2019-2021,2022-2024,49.8433,46.1533,-7.4,forkert,6,Danmarks Statistik,
173,educated_staff,2019-2021,2022-2024,51.2033,45.5533,-11.03,forkert,6,Danmarks Statistik,
175,educated_staff,2019-2021,2022-2024,49.84,48.1633,-3.36,forkert,6,Danmarks Statistik,
183,educated_staff,2019-2021,2022-2024,54.2867,50.04,-7.82,forkert,6,Danmarks Statistik,
185,educated_staff,2019-2021,2022-2024,45.3733,43.0433,-5.14,forkert,6,Danmarks Statistik,
187,educated_staff,2019-2021,2022-2024,44.95,45.07,0.27,stagneret,6,Danmarks Statistik,
190,educated_staff,2019-2021,2022-2024,50.4967,47.79,-5.36,forkert,6,Danmarks Statistik,
201,educated_staff,2019-2021,2022-2024,45.6767,40.2667,-11.84,forkert,6,Danmarks Statistik,
210,educated_staff,2019-2021,2022-2024,49.6367,45.9967,-7.33,forkert,6,Danmarks Statistik,
217,educated_staff,2019-2021,2022-2024,52.0567,47.9767,-7.84,forkert,6,Danmarks Statistik,
219,educated_staff,2019-2021,2022-2024,48.7,46.2967,-4.93,forkert,6,Danmarks Statistik,
223,educated_staff,2019-2021,2022-2024,42.8133,38.2567,-10.64,forkert,6,Danmarks Statistik,
230,educated_staff,2019-2021,2022-2024,52.3867,43.1867,-17.56,forkert,6,Danmarks Statistik,
240,educated_staff,2019-2021,2022-2024,46.76,45.6033,-2.47,forkert,6,Danmarks Statistik,
250,educated_staff,2019-2021,2022-2024,49.1467,49.0267,-0.24,stagneret,6,Danmarks Statistik,
253,educated_staff,2019-2021,2022-2024,45.6333,42.61,-6.63,forkert,6,Danmarks Statistik,
259,educated_staff,2019-2021,2022-2024,52.3867,49.6567,-5.21,forkert,6,Danmarks Statistik,
260,educated_staff,2019-2021,2022-2024,41.4433,45.53,9.86,rigtig,6,Danmarks Statistik,
265,educated_staff,2019-2021,2022-2024,47.0667,47.28,0.45,stagneret,6,Danmarks Statistik,
269,educated_staff,2019-2021,2022-2024,43.8733,43.2067,-1.52,stagneret,6,Danmarks Statistik,
270,educated_staff,2019-2021,2022-2024,46.7233,42.7867,-8.43,forkert,6,Danmarks Statistik,
306,educated_staff,2019-2021,2022-2024,42.27,42.31,0.09,stagneret,6,Danmarks Statistik,
316,educated_staff,2019-2021,2022-2024,48.3867,46.83,-3.22,forkert,6,Danmarks Statistik,
320,educated_staff,2019-2021,2022-2024,45.69,42.0767,-7.91,forkert,6,Danmarks Statistik,
326,educated_staff,2019-2021,2022-2024,49.07,45.2233,-7.84,forkert,6,Danmarks Statistik,
329,educated_staff,2019-2021,2022-2024,48.3067,49.9967,3.5,rigtig,6,Danmarks Statistik,
330,educated_staff,2019-2021,2022-2024,48.8533,47.6833,-2.39,forkert,6,Danmarks Statistik,
336,educated_staff,2019-2021,2022-2024,45.47,43.0433,-5.34,forkert,6,Danmarks Statistik,
340,educated_staff,2019-2021,2022-2024,43.5,46.68,7.31,rigtig,6,Danmarks Statistik,
350,educated_staff,2019-2021,2022-2024,42.5833,42.31,-0.64,stagneret,6,Danmarks Statistik,
360,educated_staff,2019-2021,2022-2024,50.2333,48.8,-2.85,forkert,6,Danmarks Statistik,
370,educated_staff,2019-2021,2022-2024,46.5467,49.15,5.59,rigtig,6,Danmarks Statistik,
376,educated_staff,2019-2021,2022-2024,52.9333,53.5567,1.18,stagneret,6,Danmarks Statistik,
390,educated_staff,2019-2021,2022-2024,54.3967,54.1533,-0.45,stagneret,6,Danmarks Statistik,
400,educated_staff,2019-2021,2022-2024,43.8433,45.1067,2.88,rigtig,6,Danmarks Statistik,
410,educated_staff,2019-2021,2022-2024,43.9533,46.02,4.7,rigtig,6,Danmarks Statistik,
420,educated_staff,2019-2021,2022-2024,42.3667,41.6067,-1.79,stagneret,6,Danmarks Statistik,
430,educated_staff,2019-2021,2022-2024,40.2467,43.29,7.56,rigtig,6,Danmarks Statistik,
440,educated_staff,2019-2021,2022-2024,40.35,42.9467,6.44,rigtig,6,Danmarks Statistik,
450,educated_staff,2019-2021,2022-2024,42.3267,44.48,5.09,rigtig,6,Danmarks Statistik,
461,educated_staff,2019-2021,2022-2024,53.6667,51.8733,-3.34,forkert,6,Danmarks Statistik,
479,educated_staff,2019-2021,2022-2024,46.04,48.6667,5.71,rigtig,6,Danmarks Statistik,
480,educated_staff,2019-2021,2022-2024,38.7333,42.7667,10.41,rigtig,6,Danmarks Statistik,
482,educated_staff,2019-2021,2022-2024,39.7367,38.0667,-4.2,forkert,6,Danmarks Statistik,
492,educated_staff,2019-2021,2022-2024,46.2,50.0567,8.35,rigtig,6,Danmarks Statistik,
510,educated_staff,2019-2021,2022-2024,47.2233,48.3433,2.37,rigtig,6,Danmarks Statistik,
530,educated_staff,2019-2021,2022-2024,41.5233,40.4067,-2.69,forkert,6,Danmarks Statistik,
540,educated_staff,2019-2021,2022-2024,52.41,56.3467,7.51,rigtig,6,Danmarks Statistik,
550,educated_staff,2019-2021,2022-2024,47.8733,48.5233,1.36,stagneret,6,Danmarks Statistik,
561,educated_staff,2019-2021,2022-2024,49.73,50.3467,1.24,stagneret,6,Danmarks Statistik,
563,educated_staff,2019-2021,2022-2024,55.36,60.0333,8.44,rigtig,6,Danmarks Statistik,
573,educated_staff,2019-2021,2022-2024,43.55,42.4467,-2.53,forkert,6,Danmarks Statistik,
575,educated_staff,2019-2021,2022-2024,39.8567,40.38,1.31,stagneret,6,Danmarks Statistik,
580,educated_staff,2019-2021,2022-2024,50.31,51.78,2.92,rigtig,6,Danmarks Statistik,
607,educated_staff,2019-2021,2022-2024,53.42,48.7733,-8.7,forkert,6,Danmarks Statistik,
615,educated_staff,2019-2021,2022-2024,47.1367,45.87,-2.69,forkert,6,Danmarks Statistik,
621,educated_staff,2019-2021,2022-2024,46.59,46.86,0.58,stagneret,6,Danmarks Statistik,
630,educated_staff,2019-2021,2022-2024,48.3767,46.6833,-3.5,forkert,6,Danmarks Statistik,
657,educated_staff,2019-2021,2022-2024,43.1867,44.1267,2.18,stagneret,6,Danmarks Statistik,
661,educated_staff,2019-2021,2022-2024,46.5633,46.47,-0.2,stagneret,6,Danmarks Statistik,
665,educated_staff,2019-2021,2022-2024,39.05,41.8633,7.2,rigtig,6,Danmarks Statistik,
671,educated_staff,2019-2021,2022-2024,49.53,48.8667,-1.34,stagneret,6,Danmarks Statistik,
706,educated_staff,2019-2021,2022-2024,46.43,42.92,-7.56,forkert,6,Danmarks Statistik,
707,educated_staff,2019-2021,2022-2024,37.2567,38.32,2.85,rigtig,6,Danmarks Statistik,
710,educated_staff,2019-2021,2022-2024,40.5333,38.7567,-4.38,forkert,6,Danmarks Statistik,
727,educated_staff,2019-2021,2022-2024,43.0,43.1433,0.33,stagneret,6,Danmarks Statistik,
730,educated_staff,2019-2021,2022-2024,44.6167,46.2467,3.65,rigtig,6,Danmarks Statistik,
740,educated_staff,2019-2021,2022-2024,43.4267,43.85,0.97,stagneret,6,Danmarks Statistik,
741,educated_staff,2019-2021,2022-2024,19.3833,16.8867,-12.88,forkert,6,Danmarks Statistik,
746,educated_staff,2019-2021,2022-2024,43.39,40.33,-7.05,forkert,6,Danmarks Statistik,
751,educated_staff,2019-2021,2022-2024,53.9067,50.3667,-6.57,forkert,6,Danmarks Statistik,
756,educated_staff,2019-2021,2022-2024,42.6033,42.4267,-0.41,stagneret,6,Danmarks Statistik,
760,educated_staff,2019-2021,2022-2024,41.34,43.4667,5.14,rigtig,6,Danmarks Statistik,
766,educated_staff,2019-2021,2022-2024,38.6233,39.77,2.97,rigtig,6,Danmarks Statistik,
773,educated_staff,2019-2021,2022-2024,47.4967,49.3733,3.95,rigtig,6,Danmarks Statistik,
779,educated_staff,2019-2021,2022-2024,40.9833,41.97,2.41,stagneret,6,Danmarks Statistik,
787,educated_staff,2019-2021,2022-2024,37.2267,40.5433,8.91,rigtig,6,Danmarks Statistik,
791,educated_staff,2019-2021,2022-2024,54.8233,55.6567,1.52,stagneret,6,Danmarks Statistik,
810,educated_staff,2019-2021,2022-2024,41.8233,42.47,1.55,stagneret,6,Danmarks Statistik,
813,educated_staff,2019-2021,2022-2024,48.98,50.3867,2.87,rigtig,6,Danmarks Statistik,
820,educated_staff,2019-2021,2022-2024,50.9,49.2133,-3.31,forkert,6,Danmarks Statistik,
825,educated_staff,2019-2021,2022-2024,57.6267,57.5767,-0.09,stagneret,6,Danmarks Statistik,
840,educated_staff,2019-2021,2022-2024,49.6167,51.1233,3.04,rigtig,6,Danmarks Statistik,
846,educated_staff,2019-2021,2022-2024,44.7567,44.6533,-0.23,stagneret,6,Danmarks Statistik,
849,educated_staff,2019-2021,2022-2024,46.9533,48.61,3.53,rigtig,6,Danmarks Statistik,
851,educated_staff,2019-2021,2022-2024,53.0433,53.5233,0.9,stagneret,6,Danmarks Statistik,
860,educated_staff,2019-2021,2022-2024,57.93,56.18,-3.02,forkert,6,Danmarks Statistik,
101,education,2010-2012,2023-2025,83.0372,93.1731,12.21,rigtig,16,Danmarks Statistik,
147,education,2010-2012,2023-2025,87.442,94.6569,8.25,rigtig,16,Danmarks Statistik,
151,education,2010-2012,2023-2025,74.5695,84.4706,13.28,rigtig,16,Danmarks Statistik,
153,education,2010-2012,2023-2025,67.1555,80.482,19.84,rigtig,16,Danmarks Statistik,
155,education,2010-2012,2023-2025,83.1721,88.6683,6.61,rigtig,16,Danmarks Statistik,
157,education,2010-2012,2023-2025,82.6121,90.4677,9.51,rigtig,16,Danmarks Statistik,
159,education,2010-2012,2023-2025,79.977,87.5678,9.49,rigtig,16,Danmarks Statistik,
161,education,2010-2012,2023-2025,75.9898,85.0048,11.86,rigtig,16,Danmarks Statistik,
163,education,2010-2012,2023-2025,76.7471,86.7296,13.01,rigtig,16,Danmarks Statistik,
165,education,2010-2012,2023-2025,67.3618,79.562,18.11,rigtig,16,Danmarks Statistik,
167,education,2010-2012,2023-2025,78.2172,83.7276,7.04,rigtig,16,Danmarks Statistik,
169,education,2010-2012,2023-2025,71.5084,84.2961,17.88,rigtig,16,Danmarks Statistik,
173,education,2010-2012,2023-2025,85.4214,91.6738,7.32,rigtig,16,Danmarks Statistik,
175,education,2010-2012,2023-2025,75.7897,86.6076,14.27,rigtig,16,Danmarks Statistik,
183,education,2010-2012,2023-2025,63.7395,78.2231,22.72,rigtig,16,Danmarks Statistik,
185,education,2010-2012,2023-2025,79.2975,83.9017,5.81,rigtig,16,Danmarks Statistik,
187,education,2010-2012,2023-2025,77.208,87.2258,12.98,rigtig,16,Danmarks Statistik,
190,education,2010-2012,2023-2025,78.5301,88.3172,12.46,rigtig,16,Danmarks Statistik,
201,education,2010-2012,2023-2025,86.234,90.3969,4.83,tempo,16,Danmarks Statistik,
210,education,2010-2012,2023-2025,76.1784,85.6771,12.47,rigtig,16,Danmarks Statistik,
217,education,2010-2012,2023-2025,73.678,83.3815,13.17,rigtig,16,Danmarks Statistik,
219,education,2010-2012,2023-2025,82.6491,88.5935,7.19,rigtig,16,Danmarks Statistik,
223,education,2010-2012,2023-2025,82.3132,89.1029,8.25,rigtig,16,Danmarks Statistik,
230,education,2010-2012,2023-2025,81.3724,89.7198,10.26,rigtig,16,Danmarks Statistik,
240,education,2010-2012,2023-2025,86.9237,91.3368,5.08,tempo,16,Danmarks Statistik,
250,education,2010-2012,2023-2025,81.2075,83.5493,2.88,tempo,16,Danmarks Statistik,
253,education,2010-2012,2023-2025,80.85,85.8879,6.23,rigtig,16,Danmarks Statistik,
259,education,2010-2012,2023-2025,79.3748,83.7441,5.5,tempo,16,Danmarks Statistik,
260,education,2010-2012,2023-2025,76.3635,78.1031,2.28,tempo,16,Danmarks Statistik,
265,education,2010-2012,2023-2025,82.6948,87.1867,5.43,tempo,16,Danmarks Statistik,
269,education,2010-2012,2023-2025,84.9982,88.6071,4.25,tempo,16,Danmarks Statistik,
270,education,2010-2012,2023-2025,78.7557,83.6889,6.26,rigtig,16,Danmarks Statistik,
306,education,2010-2012,2023-2025,73.1407,74.0292,1.21,stagneret,16,Danmarks Statistik,
316,education,2010-2012,2023-2025,78.5898,81.3004,3.45,tempo,16,Danmarks Statistik,
320,education,2010-2012,2023-2025,76.5586,79.6211,4.0,tempo,16,Danmarks Statistik,
326,education,2010-2012,2023-2025,75.4181,77.7753,3.13,tempo,16,Danmarks Statistik,
329,education,2010-2012,2023-2025,77.7182,82.4189,6.05,rigtig,16,Danmarks Statistik,
330,education,2010-2012,2023-2025,74.8905,78.7983,5.22,tempo,16,Danmarks Statistik,
336,education,2010-2012,2023-2025,79.3004,80.5423,1.57,tempo,16,Danmarks Statistik,
340,education,2010-2012,2023-2025,78.5131,82.9989,5.71,rigtig,16,Danmarks Statistik,
350,education,2010-2012,2023-2025,86.4907,86.6754,0.21,stagneret,16,Danmarks Statistik,
360,education,2010-2012,2023-2025,65.7328,68.1857,3.73,tempo,16,Danmarks Statistik,
370,education,2010-2012,2023-2025,79.3513,81.2839,2.44,tempo,16,Danmarks Statistik,
376,education,2010-2012,2023-2025,76.0557,76.4474,0.51,stagneret,16,Danmarks Statistik,
390,education,2010-2012,2023-2025,73.6954,78.9784,7.17,rigtig,16,Danmarks Statistik,
400,education,2010-2012,2023-2025,76.0378,78.7053,3.51,tempo,16,Danmarks Statistik,
410,education,2010-2012,2023-2025,82.7546,85.0941,2.83,tempo,16,Danmarks Statistik,
420,education,2010-2012,2023-2025,78.5113,81.5707,3.9,tempo,16,Danmarks Statistik,
430,education,2010-2012,2023-2025,77.758,83.6957,7.64,rigtig,16,Danmarks Statistik,
440,education,2010-2012,2023-2025,80.144,82.4559,2.88,tempo,16,Danmarks Statistik,
450,education,2010-2012,2023-2025,77.9932,81.2963,4.24,tempo,16,Danmarks Statistik,
461,education,2010-2012,2023-2025,81.6333,88.2712,8.13,rigtig,16,Danmarks Statistik,
479,education,2010-2012,2023-2025,79.3316,82.089,3.48,tempo,16,Danmarks Statistik,
480,education,2010-2012,2023-2025,78.5384,81.1291,3.3,tempo,16,Danmarks Statistik,
482,education,2010-2012,2023-2025,76.137,76.975,1.1,stagneret,16,Danmarks Statistik,
492,education,2010-2012,2023-2025,81.5833,82.9113,1.63,tempo,16,Danmarks Statistik,
510,education,2010-2012,2023-2025,76.7432,77.087,0.45,stagneret,16,Danmarks Statistik,
530,education,2010-2012,2023-2025,77.618,81.5409,5.05,tempo,16,Danmarks Statistik,
540,education,2010-2012,2023-2025,78.98,80.785,2.29,tempo,16,Danmarks Statistik,
550,education,2010-2012,2023-2025,76.3294,78.3829,2.69,tempo,16,Danmarks Statistik,
561,education,2010-2012,2023-2025,78.2758,83.7408,6.98,rigtig,16,Danmarks Statistik,
563,education,2010-2012,2023-2025,80.8004,90.3379,11.8,rigtig,16,Danmarks Statistik,
573,education,2010-2012,2023-2025,80.2438,82.1798,2.41,tempo,16,Danmarks Statistik,
575,education,2010-2012,2023-2025,78.5574,81.6421,3.93,tempo,16,Danmarks Statistik,
580,education,2010-2012,2023-2025,77.4372,81.7427,5.56,rigtig,16,Danmarks Statistik,
607,education,2010-2012,2023-2025,74.5197,81.7388,9.69,rigtig,16,Danmarks Statistik,
615,education,2010-2012,2023-2025,80.2114,85.1302,6.13,rigtig,16,Danmarks Statistik,
621,education,2010-2012,2023-2025,81.2278,85.4039,5.14,tempo,16,Danmarks Statistik,
630,education,2010-2012,2023-2025,79.5523,85.3538,7.29,rigtig,16,Danmarks Statistik,
657,education,2010-2012,2023-2025,81.2214,84.9019,4.53,tempo,16,Danmarks Statistik,
661,education,2010-2012,2023-2025,82.1253,84.7264,3.17,tempo,16,Danmarks Statistik,
665,education,2010-2012,2023-2025,79.8052,82.9138,3.9,tempo,16,Danmarks Statistik,
671,education,2010-2012,2023-2025,74.71,81.3951,8.95,rigtig,16,Danmarks Statistik,
706,education,2010-2012,2023-2025,81.0557,86.8875,7.19,rigtig,16,Danmarks Statistik,
707,education,2010-2012,2023-2025,75.963,80.7141,6.25,rigtig,16,Danmarks Statistik,
710,education,2010-2012,2023-2025,85.935,89.0803,3.66,tempo,16,Danmarks Statistik,
727,education,2010-2012,2023-2025,82.7796,88.098,6.42,rigtig,16,Danmarks Statistik,
730,education,2010-2012,2023-2025,79.9725,83.5644,4.49,tempo,16,Danmarks Statistik,
740,education,2010-2012,2023-2025,83.2892,88.5596,6.33,rigtig,16,Danmarks Statistik,
741,education,2010-2012,2023-2025,75.6762,90.4253,19.49,rigtig,16,Danmarks Statistik,
746,education,2010-2012,2023-2025,85.4995,90.3555,5.68,rigtig,16,Danmarks Statistik,
751,education,2010-2012,2023-2025,84.4561,90.8954,7.62,rigtig,16,Danmarks Statistik,
756,education,2010-2012,2023-2025,77.9542,82.9666,6.43,rigtig,16,Danmarks Statistik,
760,education,2010-2012,2023-2025,79.0198,82.7249,4.69,tempo,16,Danmarks Statistik,
766,education,2010-2012,2023-2025,79.9049,83.8461,4.93,tempo,16,Danmarks Statistik,
773,education,2010-2012,2023-2025,73.6347,80.1463,8.84,rigtig,16,Danmarks Statistik,
779,education,2010-2012,2023-2025,78.8603,80.0494,1.51,tempo,16,Danmarks Statistik,
787,education,2010-2012,2023-2025,75.9239,78.7482,3.72,tempo,16,Danmarks Statistik,
791,education,2010-2012,2023-2025,81.0687,84.3046,3.99,tempo,16,Danmarks Statistik,
810,education,2010-2012,2023-2025,81.4722,84.0035,3.11,tempo,16,Danmarks Statistik,
813,education,2010-2012,2023-2025,77.256,80.2345,3.86,tempo,16,Danmarks Statistik,
820,education,2010-2012,2023-2025,74.8105,77.7214,3.89,tempo,16,Danmarks Statistik,
825,education,2010-2012,2023-2025,70.7265,84.0293,18.81,rigtig,16,Danmarks Statistik,
840,education,2010-2012,2023-2025,84.3558,90.2872,7.03,rigtig,16,Danmarks Statistik,
846,education,2010-2012,2023-2025,81.2452,80.0409,-1.48,forkert,16,Danmarks Statistik,
849,education,2010-2012,2023-2025,78.8192,79.3981,0.73,stagneret,16,Danmarks Statistik,
851,education,2010-2012,2023-2025,83.8496,88.6058,5.67,rigtig,16,Danmarks Statistik,
860,education,2010-2012,2023-2025,78.0128,81.7207,4.75,tempo,16,Danmarks Statistik,
101,employment,2010-2012,2022-2024,69.5667,76.7333,10.3,rigtig,15,Danmarks Statistik,
147,employment,2010-2012,2022-2024,72.8333,79.5,9.15,rigtig,15,Danmarks Statistik,
151,employment,2010-2012,2022-2024,71.7667,77.7333,8.31,rigtig,15,Danmarks Statistik,
153,employment,2010-2012,2022-2024,67.9667,74.0,8.88,rigtig,15,Danmarks Statistik,
155,employment,2010-2012,2022-2024,78.5667,83.7333,6.58,tempo,15,Danmarks Statistik,
157,employment,2010-2012,2022-2024,76.0,78.4333,3.2,tempo,15,Danmarks Statistik,
159,employment,2010-2012,2022-2024,73.6333,79.0333,7.33,tempo,15,Danmarks Statistik,
161,employment,2010-2012,2022-2024,74.7333,78.9667,5.66,tempo,15,Danmarks Statistik,
163,employment,2010-2012,2022-2024,73.5,78.8,7.21,tempo,15,Danmarks Statistik,
165,employment,2010-2012,2022-2024,67.1333,74.9667,11.67,rigtig,15,Danmarks Statistik,
167,employment,2010-2012,2022-2024,73.3667,78.6667,7.22,tempo,15,Danmarks Statistik,
169,employment,2010-2012,2022-2024,71.3333,77.7667,9.02,rigtig,15,Danmarks Statistik,
173,employment,2010-2012,2022-2024,75.1333,77.1667,2.71,tempo,15,Danmarks Statistik,
175,employment,2010-2012,2022-2024,73.5,79.2667,7.85,rigtig,15,Danmarks Statistik,
183,employment,2010-2012,2022-2024,67.2,74.4,10.71,rigtig,15,Danmarks Statistik,
185,employment,2010-2012,2022-2024,75.5333,80.4667,6.53,tempo,15,Danmarks Statistik,
187,employment,2010-2012,2022-2024,78.8,82.1333,4.23,tempo,15,Danmarks Statistik,
190,employment,2010-2012,2022-2024,77.0,82.5667,7.23,tempo,15,Danmarks Statistik,
201,employment,2010-2012,2022-2024,80.7667,84.6333,4.79,tempo,15,Danmarks Statistik,
210,employment,2010-2012,2022-2024,74.5333,80.1333,7.51,rigtig,15,Danmarks Statistik,
217,employment,2010-2012,2022-2024,72.6667,78.4667,7.98,rigtig,15,Danmarks Statistik,
219,employment,2010-2012,2022-2024,77.6,81.4667,4.98,tempo,15,Danmarks Statistik,
223,employment,2010-2012,2022-2024,76.9,81.2667,5.68,tempo,15,Danmarks Statistik,
230,employment,2010-2012,2022-2024,76.3667,80.2333,5.06,tempo,15,Danmarks Statistik,
240,employment,2010-2012,2022-2024,80.6333,84.4,4.67,tempo,15,Danmarks Statistik,
250,employment,2010-2012,2022-2024,76.4,80.3,5.1,tempo,15,Danmarks Statistik,
253,employment,2010-2012,2022-2024,76.4333,81.5,6.63,tempo,15,Danmarks Statistik,
259,employment,2010-2012,2022-2024,73.6667,79.2333,7.56,rigtig,15,Danmarks Statistik,
260,employment,2010-2012,2022-2024,71.4333,77.6333,8.68,rigtig,15,Danmarks Statistik,
265,employment,2010-2012,2022-2024,74.7333,80.4333,7.63,rigtig,15,Danmarks Statistik,
269,employment,2010-2012,2022-2024,78.4333,84.3667,7.56,rigtig,15,Danmarks Statistik,
270,employment,2010-2012,2022-2024,75.1333,79.6667,6.03,tempo,15,Danmarks Statistik,
306,employment,2010-2012,2022-2024,66.8333,74.0667,10.82,rigtig,15,Danmarks Statistik,
316,employment,2010-2012,2022-2024,72.5667,78.4667,8.13,rigtig,15,Danmarks Statistik,
320,employment,2010-2012,2022-2024,73.1,78.2667,7.07,tempo,15,Danmarks Statistik,
326,employment,2010-2012,2022-2024,69.1667,74.9,8.29,rigtig,15,Danmarks Statistik,
329,employment,2010-2012,2022-2024,73.7333,78.8333,6.92,tempo,15,Danmarks Statistik,
330,employment,2010-2012,2022-2024,69.3667,75.3,8.55,rigtig,15,Danmarks Statistik,
336,employment,2010-2012,2022-2024,74.2,79.5,7.14,tempo,15,Danmarks Statistik,
340,employment,2010-2012,2022-2024,72.5667,77.9333,7.4,tempo,15,Danmarks Statistik,
350,employment,2010-2012,2022-2024,78.0,81.9,5.0,tempo,15,Danmarks Statistik,
360,employment,2010-2012,2022-2024,61.5333,68.5667,11.43,rigtig,15,Danmarks Statistik,
370,employment,2010-2012,2022-2024,71.6667,77.4,8.0,rigtig,15,Danmarks Statistik,
376,employment,2010-2012,2022-2024,67.3667,73.6333,9.3,rigtig,15,Danmarks Statistik,
390,employment,2010-2012,2022-2024,67.8333,74.5667,9.93,rigtig,15,Danmarks Statistik,
400,employment,2010-2012,2022-2024,66.3333,74.3,12.01,rigtig,15,Danmarks Statistik,
410,employment,2010-2012,2022-2024,73.6333,80.2667,9.01,rigtig,15,Danmarks Statistik,
420,employment,2010-2012,2022-2024,71.4,76.7,7.42,tempo,15,Danmarks Statistik,
430,employment,2010-2012,2022-2024,70.5,76.7333,8.84,rigtig,15,Danmarks Statistik,
440,employment,2010-2012,2022-2024,69.4,77.5,11.67,rigtig,15,Danmarks Statistik,
450,employment,2010-2012,2022-2024,68.6,74.3333,8.36,rigtig,15,Danmarks Statistik,
461,employment,2010-2012,2022-2024,66.2667,72.9333,10.06,rigtig,15,Danmarks Statistik,
479,employment,2010-2012,2022-2024,67.9667,73.8333,8.63,rigtig,15,Danmarks Statistik,
480,employment,2010-2012,2022-2024,71.4667,76.5333,7.09,tempo,15,Danmarks Statistik,
482,employment,2010-2012,2022-2024,64.2,71.3667,11.16,rigtig,15,Danmarks Statistik,
492,employment,2010-2012,2022-2024,65.7667,73.1333,11.2,rigtig,15,Danmarks Statistik,
510,employment,2010-2012,2022-2024,70.5333,76.4667,8.41,rigtig,15,Danmarks Statistik,
530,employment,2010-2012,2022-2024,76.0,80.1,5.39,tempo,15,Danmarks Statistik,
540,employment,2010-2012,2022-2024,69.2667,74.6,7.7,rigtig,15,Danmarks Statistik,
550,employment,2010-2012,2022-2024,70.7667,75.6667,6.92,tempo,15,Danmarks Statistik,
561,employment,2010-2012,2022-2024,70.5333,78.2333,10.92,rigtig,15,Danmarks Statistik,
563,employment,2010-2012,2022-2024,73.0333,79.7667,9.22,rigtig,15,Danmarks Statistik,
573,employment,2010-2012,2022-2024,76.3333,80.6667,5.68,tempo,15,Danmarks Statistik,
575,employment,2010-2012,2022-2024,75.1,80.7333,7.5,tempo,15,Danmarks Statistik,
580,employment,2010-2012,2022-2024,70.2,75.4,7.41,tempo,15,Danmarks Statistik,
607,employment,2010-2012,2022-2024,69.8,76.0,8.88,rigtig,15,Danmarks Statistik,
615,employment,2010-2012,2022-2024,71.4333,78.5,9.89,rigtig,15,Danmarks Statistik,
621,employment,2010-2012,2022-2024,73.5667,78.9667,7.34,tempo,15,Danmarks Statistik,
630,employment,2010-2012,2022-2024,74.3,79.7,7.27,tempo,15,Danmarks Statistik,
657,employment,2010-2012,2022-2024,73.4667,79.6333,8.39,rigtig,15,Danmarks Statistik,
661,employment,2010-2012,2022-2024,74.8667,79.9667,6.81,tempo,15,Danmarks Statistik,
665,employment,2010-2012,2022-2024,74.7667,79.4333,6.24,tempo,15,Danmarks Statistik,
671,employment,2010-2012,2022-2024,71.8,76.5333,6.59,tempo,15,Danmarks Statistik,
706,employment,2010-2012,2022-2024,72.1667,78.0333,8.13,rigtig,15,Danmarks Statistik,
707,employment,2010-2012,2022-2024,69.7667,75.0,7.5,tempo,15,Danmarks Statistik,
710,employment,2010-2012,2022-2024,77.7,82.3333,5.96,tempo,15,Danmarks Statistik,
727,employment,2010-2012,2022-2024,74.5,79.5667,6.8,tempo,15,Danmarks Statistik,
730,employment,2010-2012,2022-2024,71.0,76.2667,7.42,tempo,15,Danmarks Statistik,
740,employment,2010-2012,2022-2024,74.2667,80.5667,8.48,rigtig,15,Danmarks Statistik,
741,employment,2010-2012,2022-2024,68.9,77.2,12.05,rigtig,15,Danmarks Statistik,
746,employment,2010-2012,2022-2024,78.1,82.6,5.76,tempo,15,Danmarks Statistik,
751,employment,2010-2012,2022-2024,68.1333,74.2667,9.0,rigtig,15,Danmarks Statistik,
756,employment,2010-2012,2022-2024,73.9667,77.5333,4.82,tempo,15,Danmarks Statistik,
760,employment,2010-2012,2022-2024,75.4333,80.8,7.11,tempo,15,Danmarks Statistik,
766,employment,2010-2012,2022-2024,77.8667,82.1667,5.52,tempo,15,Danmarks Statistik,
773,employment,2010-2012,2022-2024,68.7333,76.3,11.01,rigtig,15,Danmarks Statistik,
779,employment,2010-2012,2022-2024,72.3,77.7667,7.56,rigtig,15,Danmarks Statistik,
787,employment,2010-2012,2022-2024,72.0667,77.7667,7.91,rigtig,15,Danmarks Statistik,
791,employment,2010-2012,2022-2024,74.4667,78.0333,4.79,tempo,15,Danmarks Statistik,
810,employment,2010-2012,2022-2024,72.3667,77.8,7.51,tempo,15,Danmarks Statistik,
813,employment,2010-2012,2022-2024,70.4667,75.1667,6.67,tempo,15,Danmarks Statistik,
820,employment,2010-2012,2022-2024,72.0,77.4,7.5,tempo,15,Danmarks Statistik,
825,employment,2010-2012,2022-2024,67.3667,75.0667,11.43,rigtig,15,Danmarks Statistik,
840,employment,2010-2012,2022-2024,77.1,82.6667,7.22,tempo,15,Danmarks Statistik,
846,employment,2010-2012,2022-2024,72.2667,77.2667,6.92,tempo,15,Danmarks Statistik,
849,employment,2010-2012,2022-2024,71.9667,77.7,7.97,rigtig,15,Danmarks Statistik,
851,employment,2010-2012,2022-2024,69.1667,75.4667,9.11,rigtig,15,Danmarks Statistik,
860,employment,2010-2012,2022-2024,71.5,77.0333,7.74,rigtig,15,Danmarks Statistik,
101,employment_origin_gap,2010-2012,2022-2024,67.3367,79.2033,17.62,tempo,15,Danmarks Statistik,
147,employment_origin_gap,2010-2012,2022-2024,63.9133,79.0933,23.75,rigtig,15,Danmarks Statistik,
151,employment_origin_gap,2010-2012,2022-2024,70.6,84.92,20.28,rigtig,15,Danmarks Statistik,
153,employment_origin_gap,2010-2012,2022-2024,76.9367,86.0433,11.84,tempo,15,Danmarks Statistik,
155,employment_origin_gap,2010-2012,2022-2024,64.3367,75.58,17.48,tempo,15,Danmarks Statistik,
157,employment_origin_gap,2010-2012,2022-2024,74.5833,79.0333,5.97,tempo,15,Danmarks Statistik,
159,employment_origin_gap,2010-2012,2022-2024,71.95,87.99,22.29,rigtig,15,Danmarks Statistik,
161,employment_origin_gap,2010-2012,2022-2024,78.0167,86.39,10.73,tempo,15,Danmarks Statistik,
163,employment_origin_gap,2010-2012,2022-2024,77.93,89.0,14.21,tempo,15,Danmarks Statistik,
165,employment_origin_gap,2010-2012,2022-2024,79.8233,91.74,14.93,tempo,15,Danmarks Statistik,
167,employment_origin_gap,2010-2012,2022-2024,78.73,86.9067,10.39,tempo,15,Danmarks Statistik,
169,employment_origin_gap,2010-2012,2022-2024,70.5433,85.4767,21.17,rigtig,15,Danmarks Statistik,
173,employment_origin_gap,2010-2012,2022-2024,71.8567,78.9767,9.91,tempo,15,Danmarks Statistik,
175,employment_origin_gap,2010-2012,2022-2024,77.8333,88.2867,13.43,tempo,15,Danmarks Statistik,
183,employment_origin_gap,2010-2012,2022-2024,81.0167,88.1,8.74,tempo,15,Danmarks Statistik,
185,employment_origin_gap,2010-2012,2022-2024,77.3067,87.12,12.69,tempo,15,Danmarks Statistik,
187,employment_origin_gap,2010-2012,2022-2024,82.6933,90.6733,9.65,tempo,15,Danmarks Statistik,
190,employment_origin_gap,2010-2012,2022-2024,68.0667,85.99,26.33,rigtig,15,Danmarks Statistik,
201,employment_origin_gap,2010-2012,2022-2024,66.6367,80.0267,20.09,rigtig,15,Danmarks Statistik,
210,employment_origin_gap,2010-2012,2022-2024,70.18,84.67,20.65,rigtig,15,Danmarks Statistik,
217,employment_origin_gap,2010-2012,2022-2024,64.3633,74.2667,15.39,tempo,15,Danmarks Statistik,
219,employment_origin_gap,2010-2012,2022-2024,68.4367,81.81,19.54,tempo,15,Danmarks Statistik,
223,employment_origin_gap,2010-2012,2022-2024,73.7,82.8433,12.41,tempo,15,Danmarks Statistik,
230,employment_origin_gap,2010-2012,2022-2024,75.81,85.7433,13.1,tempo,15,Danmarks Statistik,
240,employment_origin_gap,2010-2012,2022-2024,76.3967,85.7967,12.3,tempo,15,Danmarks Statistik,
250,employment_origin_gap,2010-2012,2022-2024,69.6867,78.4867,12.63,tempo,15,Danmarks Statistik,
253,employment_origin_gap,2010-2012,2022-2024,70.9933,82.84,16.69,tempo,15,Danmarks Statistik,
259,employment_origin_gap,2010-2012,2022-2024,60.6367,74.9233,23.56,rigtig,15,Danmarks Statistik,
260,employment_origin_gap,2010-2012,2022-2024,71.18,81.1767,14.04,tempo,15,Danmarks Statistik,
265,employment_origin_gap,2010-2012,2022-2024,68.94,79.92,15.93,tempo,15,Danmarks Statistik,
269,employment_origin_gap,2010-2012,2022-2024,64.9633,83.11,27.93,rigtig,15,Danmarks Statistik,
270,employment_origin_gap,2010-2012,2022-2024,73.08,82.5767,12.99,tempo,15,Danmarks Statistik,
306,employment_origin_gap,2010-2012,2022-2024,75.8267,86.9667,14.69,tempo,15,Danmarks Statistik,
316,employment_origin_gap,2010-2012,2022-2024,61.2233,79.76,30.28,rigtig,15,Danmarks Statistik,
320,employment_origin_gap,2010-2012,2022-2024,69.4933,80.4,15.69,tempo,15,Danmarks Statistik,
326,employment_origin_gap,2010-2012,2022-2024,62.5133,82.7633,32.39,rigtig,15,Danmarks Statistik,
329,employment_origin_gap,2010-2012,2022-2024,63.9467,77.29,20.87,rigtig,15,Danmarks Statistik,
330,employment_origin_gap,2010-2012,2022-2024,66.3067,77.5767,17.0,tempo,15,Danmarks Statistik,
336,employment_origin_gap,2010-2012,2022-2024,64.46,86.2033,33.73,rigtig,15,Danmarks Statistik,
340,employment_origin_gap,2010-2012,2022-2024,70.1867,78.1333,11.32,tempo,15,Danmarks Statistik,
350,employment_origin_gap,2010-2012,2022-2024,58.9,80.6633,36.95,rigtig,15,Danmarks Statistik,
360,employment_origin_gap,2010-2012,2022-2024,64.3667,90.54,40.66,rigtig,15,Danmarks Statistik,
370,employment_origin_gap,2010-2012,2022-2024,72.09,82.31,14.18,tempo,15,Danmarks Statistik,
376,employment_origin_gap,2010-2012,2022-2024,70.6633,82.64,16.95,tempo,15,Danmarks Statistik,
390,employment_origin_gap,2010-2012,2022-2024,63.04,89.1267,41.38,rigtig,15,Danmarks Statistik,
400,employment_origin_gap,2010-2012,2022-2024,76.9667,86.63,12.56,tempo,15,Danmarks Statistik,
410,employment_origin_gap,2010-2012,2022-2024,65.7833,84.06,27.78,rigtig,15,Danmarks Statistik,
420,employment_origin_gap,2010-2012,2022-2024,64.8233,85.0033,31.13,rigtig,15,Danmarks Statistik,
430,employment_origin_gap,2010-2012,2022-2024,68.81,80.1033,16.41,tempo,15,Danmarks Statistik,
440,employment_origin_gap,2010-2012,2022-2024,73.4067,84.29,14.83,tempo,15,Danmarks Statistik,
450,employment_origin_gap,2010-2012,2022-2024,65.79,78.9467,20.0,tempo,15,Danmarks Statistik,
461,employment_origin_gap,2010-2012,2022-2024,58.0733,71.3733,22.9,rigtig,15,Danmarks Statistik,
479,employment_origin_gap,2010-2012,2022-2024,65.84,78.3667,19.03,tempo,15,Danmarks Statistik,
480,employment_origin_gap,2010-2012,2022-2024,62.3267,73.0767,17.25,tempo,15,Danmarks Statistik,
482,employment_origin_gap,2010-2012,2022-2024,69.6433,91.7567,31.75,rigtig,15,Danmarks Statistik,
492,employment_origin_gap,2010-2012,2022-2024,99.6267,92.0933,-7.56,forkert,15,Danmarks Statistik,
510,employment_origin_gap,2010-2012,2022-2024,65.0267,77.34,18.94,tempo,15,Danmarks Statistik,
530,employment_origin_gap,2010-2012,2022-2024,71.51,91.4833,27.93,rigtig,15,Danmarks Statistik,
540,employment_origin_gap,2010-2012,2022-2024,59.3233,76.2067,28.46,rigtig,15,Danmarks Statistik,
550,employment_origin_gap,2010-2012,2022-2024,68.2967,85.1433,24.67,rigtig,15,Danmarks Statistik,
561,employment_origin_gap,2010-2012,2022-2024,65.41,83.06,26.98,rigtig,15,Danmarks Statistik,
563,employment_origin_gap,2010-2012,2022-2024,87.6867,96.3767,9.91,tempo,15,Danmarks Statistik,
573,employment_origin_gap,2010-2012,2022-2024,64.2633,85.2267,32.62,rigtig,15,Danmarks Statistik,
575,employment_origin_gap,2010-2012,2022-2024,73.0933,89.42,22.34,rigtig,15,Danmarks Statistik,
580,employment_origin_gap,2010-2012,2022-2024,61.75,79.5233,28.78,rigtig,15,Danmarks Statistik,
607,employment_origin_gap,2010-2012,2022-2024,63.28,75.0533,18.61,tempo,15,Danmarks Statistik,
615,employment_origin_gap,2010-2012,2022-2024,68.43,80.9667,18.32,tempo,15,Danmarks Statistik,
621,employment_origin_gap,2010-2012,2022-2024,63.6767,78.8033,23.76,rigtig,15,Danmarks Statistik,
630,employment_origin_gap,2010-2012,2022-2024,63.2233,77.9733,23.33,rigtig,15,Danmarks Statistik,
657,employment_origin_gap,2010-2012,2022-2024,67.05,81.1967,21.1,rigtig,15,Danmarks Statistik,
661,employment_origin_gap,2010-2012,2022-2024,64.8,80.6,24.38,rigtig,15,Danmarks Statistik,
665,employment_origin_gap,2010-2012,2022-2024,74.3533,94.92,27.66,rigtig,15,Danmarks Statistik,
671,employment_origin_gap,2010-2012,2022-2024,75.8467,82.13,8.28,tempo,15,Danmarks Statistik,
706,employment_origin_gap,2010-2012,2022-2024,67.44,79.52,17.91,tempo,15,Danmarks Statistik,
707,employment_origin_gap,2010-2012,2022-2024,67.4333,86.6667,28.52,rigtig,15,Danmarks Statistik,
710,employment_origin_gap,2010-2012,2022-2024,69.52,85.0667,22.36,rigtig,15,Danmarks Statistik,
727,employment_origin_gap,2010-2012,2022-2024,66.2667,74.0333,11.72,tempo,15,Danmarks Statistik,
730,employment_origin_gap,2010-2012,2022-2024,66.8167,76.57,14.6,tempo,15,Danmarks Statistik,
740,employment_origin_gap,2010-2012,2022-2024,63.5467,78.44,23.44,rigtig,15,Danmarks Statistik,
741,employment_origin_gap,2010-2012,2022-2024,99.3,84.49,-14.91,forkert,15,Danmarks Statistik,
746,employment_origin_gap,2010-2012,2022-2024,67.3833,78.1633,16.0,tempo,15,Danmarks Statistik,
751,employment_origin_gap,2010-2012,2022-2024,58.05,71.8267,23.73,rigtig,15,Danmarks Statistik,
756,employment_origin_gap,2010-2012,2022-2024,68.6367,72.11,5.06,tempo,15,Danmarks Statistik,
760,employment_origin_gap,2010-2012,2022-2024,71.19,91.7933,28.94,rigtig,15,Danmarks Statistik,
766,employment_origin_gap,2010-2012,2022-2024,67.4533,81.6767,21.09,rigtig,15,Danmarks Statistik,
773,employment_origin_gap,2010-2012,2022-2024,61.8767,92.1967,49.0,rigtig,15,Danmarks Statistik,
779,employment_origin_gap,2010-2012,2022-2024,68.5367,86.32,25.95,rigtig,15,Danmarks Statistik,
787,employment_origin_gap,2010-2012,2022-2024,68.7967,89.35,29.88,rigtig,15,Danmarks Statistik,
791,employment_origin_gap,2010-2012,2022-2024,66.66,81.06,21.6,rigtig,15,Danmarks Statistik,
810,employment_origin_gap,2010-2012,2022-2024,61.9733,79.46,28.22,rigtig,15,Danmarks Statistik,
813,employment_origin_gap,2010-2012,2022-2024,72.3,75.82,4.87,tempo,15,Danmarks Statistik,
820,employment_origin_gap,2010-2012,2022-2024,70.0733,90.45,29.08,rigtig,15,Danmarks Statistik,
825,employment_origin_gap,2010-2012,2022-2024,73.7967,101.15,37.07,rigtig,15,Danmarks Statistik,
840,employment_origin_gap,2010-2012,2022-2024,67.45,91.61,35.82,rigtig,15,Danmarks Statistik,
846,employment_origin_gap,2010-2012,2022-2024,69.5267,85.7767,23.37,rigtig,15,Danmarks Statistik,
849,employment_origin_gap,2010-2012,2022-2024,62.49,84.3667,35.01,rigtig,15,Danmarks Statistik,
851,employment_origin_gap,2010-2012,2022-2024,67.5833,78.8333,16.65,tempo,15,Danmarks Statistik,
860,employment_origin_gap,2010-2012,2022-2024,68.35,83.0733,21.54,rigtig,15,Danmarks Statistik,
101,ensomhed,2021,2025,14.3,12.9,-9.79,tempo,2,Danmarks Statistik,
147,ensomhed,2021,2025,13.0,10.3,-20.77,rigtig,2,Danmarks Statistik,
151,ensomhed,2021,2025,12.7,11.8,-7.09,stagneret,2,Danmarks Statistik,
153,ensomhed,2021,2025,13.5,13.7,1.48,stagneret,2,Danmarks Statistik,
155,ensomhed,2021,2025,9.5,7.7,-18.95,rigtig,2,Danmarks Statistik,
157,ensomhed,2021,2025,9.6,8.7,-9.38,tempo,2,Danmarks Statistik,
159,ensomhed,2021,2025,13.7,11.3,-17.52,rigtig,2,Danmarks Statistik,
161,ensomhed,2021,2025,14.4,12.1,-15.97,rigtig,2,Danmarks Statistik,
163,ensomhed,2021,2025,12.9,10.8,-16.28,rigtig,2,Danmarks Statistik,
165,ensomhed,2021,2025,15.1,15.1,0.0,stagneret,2,Danmarks Statistik,
167,ensomhed,2021,2025,12.3,11.6,-5.69,stagneret,2,Danmarks Statistik,
169,ensomhed,2021,2025,14.1,14.5,2.84,stagneret,2,Danmarks Statistik,
173,ensomhed,2021,2025,12.5,9.2,-26.4,rigtig,2,Danmarks Statistik,
175,ensomhed,2021,2025,12.1,9.4,-22.31,rigtig,2,Danmarks Statistik,
183,ensomhed,2021,2025,12.8,14.0,9.37,forkert,2,Danmarks Statistik,
185,ensomhed,2021,2025,12.4,9.5,-23.39,rigtig,2,Danmarks Statistik,
187,ensomhed,2021,2025,10.6,9.9,-6.6,stagneret,2,Danmarks Statistik,
190,ensomhed,2021,2025,9.6,9.7,1.04,forkert,2,Danmarks Statistik,
201,ensomhed,2021,2025,9.9,7.4,-25.25,rigtig,2,Danmarks Statistik,
210,ensomhed,2021,2025,11.9,8.6,-27.73,rigtig,2,Danmarks Statistik,
217,ensomhed,2021,2025,11.2,8.8,-21.43,rigtig,2,Danmarks Statistik,
219,ensomhed,2021,2025,12.0,11.7,-2.5,stagneret,2,Danmarks Statistik,
223,ensomhed,2021,2025,8.3,7.8,-6.02,tempo,2,Danmarks Statistik,
230,ensomhed,2021,2025,9.5,7.1,-25.26,rigtig,2,Danmarks Statistik,
240,ensomhed,2021,2025,9.1,8.0,-12.09,rigtig,2,Danmarks Statistik,
250,ensomhed,2021,2025,10.9,10.8,-0.92,stagneret,2,Danmarks Statistik,
253,ensomhed,2021,2025,10.3,11.0,6.8,stagneret,2,Danmarks Statistik,
259,ensomhed,2021,2025,13.3,9.5,-28.57,rigtig,2,Danmarks Statistik,
260,ensomhed,2021,2025,10.9,11.1,1.83,stagneret,2,Danmarks Statistik,
265,ensomhed,2021,2025,11.4,11.6,1.75,stagneret,2,Danmarks Statistik,
269,ensomhed,2021,2025,10.2,8.6,-15.69,rigtig,2,Danmarks Statistik,
270,ensomhed,2021,2025,12.2,9.6,-21.31,rigtig,2,Danmarks Statistik,
306,ensomhed,2021,2025,12.7,10.8,-14.96,rigtig,2,Danmarks Statistik,
316,ensomhed,2021,2025,12.8,12.5,-2.34,stagneret,2,Danmarks Statistik,
320,ensomhed,2021,2025,12.2,12.3,0.82,stagneret,2,Danmarks Statistik,
326,ensomhed,2021,2025,15.9,14.1,-11.32,tempo,2,Danmarks Statistik,
329,ensomhed,2021,2025,13.2,11.6,-12.12,rigtig,2,Danmarks Statistik,
330,ensomhed,2021,2025,13.7,10.9,-20.44,rigtig,2,Danmarks Statistik,
336,ensomhed,2021,2025,12.9,9.3,-27.91,rigtig,2,Danmarks Statistik,
340,ensomhed,2021,2025,11.6,10.2,-12.07,tempo,2,Danmarks Statistik,
350,ensomhed,2021,2025,11.9,10.6,-10.92,tempo,2,Danmarks Statistik,
360,ensomhed,2021,2025,12.6,13.3,5.56,stagneret,2,Danmarks Statistik,
370,ensomhed,2021,2025,14.2,9.9,-30.28,rigtig,2,Danmarks Statistik,
376,ensomhed,2021,2025,11.5,11.7,1.74,stagneret,2,Danmarks Statistik,
390,ensomhed,2021,2025,12.5,12.6,0.8,stagneret,2,Danmarks Statistik,
400,ensomhed,2021,2025,10.9,10.6,-2.75,stagneret,2,Danmarks Statistik,
410,ensomhed,2021,2025,9.6,7.9,-17.71,rigtig,2,Danmarks Statistik,
420,ensomhed,2021,2025,9.3,8.6,-7.53,tempo,2,Danmarks Statistik,
430,ensomhed,2021,2025,10.6,9.3,-12.26,rigtig,2,Danmarks Statistik,
440,ensomhed,2021,2025,9.6,8.7,-9.38,tempo,2,Danmarks Statistik,
450,ensomhed,2021,2025,13.0,9.5,-26.92,rigtig,2,Danmarks Statistik,
461,ensomhed,2021,2025,13.3,11.3,-15.04,rigtig,2,Danmarks Statistik,
479,ensomhed,2021,2025,10.0,9.2,-8.0,stagneret,2,Danmarks Statistik,
480,ensomhed,2021,2025,10.2,9.8,-3.92,stagneret,2,Danmarks Statistik,
482,ensomhed,2021,2025,9.3,10.4,11.83,forkert,2,Danmarks Statistik,
492,ensomhed,2021,2025,9.6,7.5,-21.87,rigtig,2,Danmarks Statistik,
510,ensomhed,2021,2025,9.8,9.4,-4.08,tempo,2,Danmarks Statistik,
530,ensomhed,2021,2025,11.6,9.4,-18.97,rigtig,2,Danmarks Statistik,
540,ensomhed,2021,2025,10.7,9.5,-11.21,tempo,2,Danmarks Statistik,
550,ensomhed,2021,2025,8.6,9.0,4.65,forkert,2,Danmarks Statistik,
561,ensomhed,2021,2025,12.0,9.0,-25.0,rigtig,2,Danmarks Statistik,
563,ensomhed,2021,2025,8.3,7.0,-15.66,rigtig,2,Danmarks Statistik,
573,ensomhed,2021,2025,9.1,7.9,-13.19,rigtig,2,Danmarks Statistik,
575,ensomhed,2021,2025,10.0,9.5,-5.0,stagneret,2,Danmarks Statistik,
580,ensomhed,2021,2025,10.0,9.0,-10.0,tempo,2,Danmarks Statistik,
607,ensomhed,2021,2025,11.4,11.9,4.39,stagneret,2,Danmarks Statistik,
615,ensomhed,2021,2025,14.8,12.0,-18.92,rigtig,2,Danmarks Statistik,
621,ensomhed,2021,2025,10.7,12.6,17.76,forkert,2,Danmarks Statistik,
630,ensomhed,2021,2025,11.2,9.6,-14.29,rigtig,2,Danmarks Statistik,
657,ensomhed,2021,2025,11.2,12.2,8.93,forkert,2,Danmarks Statistik,
661,ensomhed,2021,2025,12.3,11.8,-4.07,stagneret,2,Danmarks Statistik,
665,ensomhed,2021,2025,10.7,8.6,-19.63,rigtig,2,Danmarks Statistik,
671,ensomhed,2021,2025,12.5,12.0,-4.0,stagneret,2,Danmarks Statistik,
706,ensomhed,2021,2025,11.9,8.6,-27.73,rigtig,2,Danmarks Statistik,
707,ensomhed,2021,2025,13.5,9.6,-28.89,rigtig,2,Danmarks Statistik,
710,ensomhed,2021,2025,12.0,9.0,-25.0,rigtig,2,Danmarks Statistik,
727,ensomhed,2021,2025,11.7,9.8,-16.24,rigtig,2,Danmarks Statistik,
730,ensomhed,2021,2025,13.9,10.5,-24.46,rigtig,2,Danmarks Statistik,
740,ensomhed,2021,2025,13.2,8.4,-36.36,rigtig,2,Danmarks Statistik,
741,ensomhed,2021,2025,13.9,8.5,-38.85,rigtig,2,Danmarks Statistik,
746,ensomhed,2021,2025,14.5,9.2,-36.55,rigtig,2,Danmarks Statistik,
751,ensomhed,2021,2025,14.9,11.1,-25.5,rigtig,2,Danmarks Statistik,
756,ensomhed,2021,2025,11.8,9.1,-22.88,rigtig,2,Danmarks Statistik,
760,ensomhed,2021,2025,11.8,9.0,-23.73,rigtig,2,Danmarks Statistik,
766,ensomhed,2021,2025,13.5,8.1,-40.0,rigtig,2,Danmarks Statistik,
773,ensomhed,2021,2025,11.1,11.6,4.5,stagneret,2,Danmarks Statistik,
779,ensomhed,2021,2025,11.8,12.1,2.54,stagneret,2,Danmarks Statistik,
787,ensomhed,2021,2025,12.1,11.5,-4.96,stagneret,2,Danmarks Statistik,
791,ensomhed,2021,2025,13.7,10.8,-21.17,rigtig,2,Danmarks Statistik,
810,ensomhed,2021,2025,11.4,11.3,-0.88,stagneret,2,Danmarks Statistik,
813,ensomhed,2021,2025,12.9,10.8,-16.28,rigtig,2,Danmarks Statistik,
820,ensomhed,2021,2025,11.6,10.6,-8.62,tempo,2,Danmarks Statistik,
825,ensomhed,2021,2025,9.2,10.4,13.04,forkert,2,Danmarks Statistik,
840,ensomhed,2021,2025,11.3,9.8,-13.27,rigtig,2,Danmarks Statistik,
846,ensomhed,2021,2025,8.4,12.5,48.81,forkert,2,Danmarks Statistik,
849,ensomhed,2021,2025,10.2,10.4,1.96,stagneret,2,Danmarks Statistik,
851,ensomhed,2021,2025,13.6,11.7,-13.97,rigtig,2,Danmarks Statistik,
860,ensomhed,2021,2025,11.4,10.6,-7.02,stagneret,2,Danmarks Statistik,
101,exam_grade,2011-2013,2023-2025,7.0,7.8667,12.38,rigtig,15,Danmarks Statistik,
147,exam_grade,2011-2013,2023-2025,7.6,8.2667,8.77,rigtig,15,Danmarks Statistik,
151,exam_grade,2011-2013,2023-2025,7.0333,7.3333,4.27,tempo,15,Danmarks Statistik,
153,exam_grade,2011-2013,2023-2025,6.3333,6.9,8.95,rigtig,15,Danmarks Statistik,
155,exam_grade,2011-2013,2023-2025,7.6,7.9333,4.39,tempo,15,Danmarks Statistik,
157,exam_grade,2011-2013,2023-2025,8.1,8.6333,6.58,rigtig,15,Danmarks Statistik,
159,exam_grade,2011-2013,2023-2025,7.4,7.8,5.41,rigtig,15,Danmarks Statistik,
161,exam_grade,2011-2013,2023-2025,6.9333,7.0333,1.44,tempo,15,Danmarks Statistik,
163,exam_grade,2011-2013,2023-2025,6.7667,7.5,10.84,rigtig,15,Danmarks Statistik,
165,exam_grade,2011-2013,2023-2025,6.5333,6.9,5.61,rigtig,15,Danmarks Statistik,
167,exam_grade,2011-2013,2023-2025,6.6333,7.3,10.05,rigtig,15,Danmarks Statistik,
169,exam_grade,2011-2013,2023-2025,6.6,7.0333,6.57,rigtig,15,Danmarks Statistik,
173,exam_grade,2011-2013,2023-2025,8.1,8.5667,5.76,rigtig,15,Danmarks Statistik,
175,exam_grade,2011-2013,2023-2025,6.9333,7.4333,7.21,rigtig,15,Danmarks Statistik,
183,exam_grade,2011-2013,2023-2025,6.1667,6.8333,10.81,rigtig,15,Danmarks Statistik,
185,exam_grade,2011-2013,2023-2025,6.7333,7.3333,8.91,rigtig,15,Danmarks Statistik,
187,exam_grade,2011-2013,2023-2025,7.0333,7.5333,7.11,rigtig,15,Danmarks Statistik,
190,exam_grade,2011-2013,2023-2025,7.7333,8.3,7.33,rigtig,15,Danmarks Statistik,
201,exam_grade,2011-2013,2023-2025,7.8,8.1333,4.27,tempo,15,Danmarks Statistik,
210,exam_grade,2011-2013,2023-2025,7.5,7.7667,3.56,tempo,15,Danmarks Statistik,
217,exam_grade,2011-2013,2023-2025,7.1333,7.5,5.14,rigtig,15,Danmarks Statistik,
219,exam_grade,2011-2013,2023-2025,7.4,7.6667,3.6,tempo,15,Danmarks Statistik,
223,exam_grade,2011-2013,2023-2025,8.0667,8.5,5.37,rigtig,15,Danmarks Statistik,
230,exam_grade,2011-2013,2023-2025,8.1,8.3333,2.88,tempo,15,Danmarks Statistik,
240,exam_grade,2011-2013,2023-2025,7.3333,7.5333,2.73,tempo,15,Danmarks Statistik,
250,exam_grade,2011-2013,2023-2025,6.8,7.1333,4.9,rigtig,15,Danmarks Statistik,
253,exam_grade,2011-2013,2023-2025,6.9333,7.4333,7.21,rigtig,15,Danmarks Statistik,
259,exam_grade,2011-2013,2023-2025,6.6667,7.4333,11.5,rigtig,15,Danmarks Statistik,
260,exam_grade,2011-2013,2023-2025,6.5,6.9667,7.18,rigtig,15,Danmarks Statistik,
265,exam_grade,2011-2013,2023-2025,7.5,7.7333,3.11,tempo,15,Danmarks Statistik,
269,exam_grade,2011-2013,2023-2025,7.2667,7.7,5.96,rigtig,15,Danmarks Statistik,
270,exam_grade,2011-2013,2023-2025,7.0,7.0333,0.48,stagneret,15,Danmarks Statistik,
306,exam_grade,2011-2013,2023-2025,6.2333,6.8333,9.63,rigtig,15,Danmarks Statistik,
316,exam_grade,2011-2013,2023-2025,6.7333,7.1667,6.44,rigtig,15,Danmarks Statistik,
320,exam_grade,2011-2013,2023-2025,6.5667,6.7333,2.54,tempo,15,Danmarks Statistik,
326,exam_grade,2011-2013,2023-2025,6.5,6.7,3.08,tempo,15,Danmarks Statistik,
329,exam_grade,2011-2013,2023-2025,6.7,7.2,7.46,rigtig,15,Danmarks Statistik,
330,exam_grade,2011-2013,2023-2025,6.7,7.1667,6.97,rigtig,15,Danmarks Statistik,
336,exam_grade,2011-2013,2023-2025,6.3333,6.9667,10.0,rigtig,15,Danmarks Statistik,
340,exam_grade,2011-2013,2023-2025,6.9333,7.3,5.29,rigtig,15,Danmarks Statistik,
350,exam_grade,2011-2013,2023-2025,7.1667,7.4,3.26,tempo,15,Danmarks Statistik,
360,exam_grade,2011-2013,2023-2025,6.3,6.3333,0.53,stagneret,15,Danmarks Statistik,
370,exam_grade,2011-2013,2023-2025,6.7667,7.0,3.45,tempo,15,Danmarks Statistik,
376,exam_grade,2011-2013,2023-2025,6.4667,6.7667,4.64,tempo,15,Danmarks Statistik,
390,exam_grade,2011-2013,2023-2025,6.4,6.9667,8.85,rigtig,15,Danmarks Statistik,
400,exam_grade,2011-2013,2023-2025,6.7333,7.2333,7.43,rigtig,15,Danmarks Statistik,
410,exam_grade,2011-2013,2023-2025,7.0667,7.1667,1.42,tempo,15,Danmarks Statistik,
420,exam_grade,2011-2013,2023-2025,6.8,7.1333,4.9,rigtig,15,Danmarks Statistik,
430,exam_grade,2011-2013,2023-2025,6.7,6.7667,1.0,stagneret,15,Danmarks Statistik,
440,exam_grade,2011-2013,2023-2025,7.0,7.0667,0.95,stagneret,15,Danmarks Statistik,
450,exam_grade,2011-2013,2023-2025,6.9667,7.1333,2.39,tempo,15,Danmarks Statistik,
461,exam_grade,2011-2013,2023-2025,7.0667,7.3,3.3,tempo,15,Danmarks Statistik,
479,exam_grade,2011-2013,2023-2025,7.0,7.1333,1.9,tempo,15,Danmarks Statistik,
480,exam_grade,2011-2013,2023-2025,6.6333,6.6667,0.5,stagneret,15,Danmarks Statistik,
482,exam_grade,2011-2013,2023-2025,6.2667,6.5667,4.79,tempo,15,Danmarks Statistik,
492,exam_grade,2011-2013,2023-2025,6.8333,7.4,8.29,rigtig,15,Danmarks Statistik,
510,exam_grade,2011-2013,2023-2025,6.8333,6.9333,1.46,tempo,15,Danmarks Statistik,
530,exam_grade,2011-2013,2023-2025,6.8333,6.6667,-2.44,forkert,15,Danmarks Statistik,
540,exam_grade,2011-2013,2023-2025,6.8667,7.2,4.85,rigtig,15,Danmarks Statistik,
550,exam_grade,2011-2013,2023-2025,6.5667,6.8333,4.06,tempo,15,Danmarks Statistik,
561,exam_grade,2011-2013,2023-2025,6.9333,6.9,-0.48,stagneret,15,Danmarks Statistik,
563,exam_grade,2011-2013,2023-2025,7.4333,7.5667,1.79,tempo,15,Danmarks Statistik,
573,exam_grade,2011-2013,2023-2025,6.8333,6.8667,0.49,stagneret,15,Danmarks Statistik,
575,exam_grade,2011-2013,2023-2025,6.7,6.8333,1.99,tempo,15,Danmarks Statistik,
580,exam_grade,2011-2013,2023-2025,6.8333,6.7667,-0.98,stagneret,15,Danmarks Statistik,
607,exam_grade,2011-2013,2023-2025,6.6333,6.8333,3.02,tempo,15,Danmarks Statistik,
615,exam_grade,2011-2013,2023-2025,6.8333,7.2,5.37,rigtig,15,Danmarks Statistik,
621,exam_grade,2011-2013,2023-2025,7.1333,7.5333,5.61,rigtig,15,Danmarks Statistik,
630,exam_grade,2011-2013,2023-2025,7.0,7.4333,6.19,rigtig,15,Danmarks Statistik,
657,exam_grade,2011-2013,2023-2025,6.9667,7.2333,3.83,tempo,15,Danmarks Statistik,
661,exam_grade,2011-2013,2023-2025,6.9333,7.1333,2.88,tempo,15,Danmarks Statistik,
665,exam_grade,2011-2013,2023-2025,6.9,7.3333,6.28,rigtig,15,Danmarks Statistik,
671,exam_grade,2011-2013,2023-2025,6.7333,7.1,5.45,rigtig,15,Danmarks Statistik,
706,exam_grade,2011-2013,2023-2025,7.0,7.3333,4.76,tempo,15,Danmarks Statistik,
707,exam_grade,2011-2013,2023-2025,6.6,6.4,-3.03,forkert,15,Danmarks Statistik,
710,exam_grade,2011-2013,2023-2025,7.2333,7.5333,4.15,tempo,15,Danmarks Statistik,
727,exam_grade,2011-2013,2023-2025,7.0667,7.4,4.72,tempo,15,Danmarks Statistik,
730,exam_grade,2011-2013,2023-2025,6.8667,7.2333,5.34,rigtig,15,Danmarks Statistik,
740,exam_grade,2011-2013,2023-2025,7.2,7.4667,3.7,tempo,15,Danmarks Statistik,
741,exam_grade,2011-2013,2023-2025,6.6,7.1,7.58,rigtig,15,Danmarks Statistik,
746,exam_grade,2011-2013,2023-2025,7.3667,7.4,0.45,stagneret,15,Danmarks Statistik,
751,exam_grade,2011-2013,2023-2025,7.3,7.7667,6.39,rigtig,15,Danmarks Statistik,
756,exam_grade,2011-2013,2023-2025,6.7,7.0333,4.98,rigtig,15,Danmarks Statistik,
760,exam_grade,2011-2013,2023-2025,6.7,7.1,5.97,rigtig,15,Danmarks Statistik,
766,exam_grade,2011-2013,2023-2025,6.7333,6.8667,1.98,tempo,15,Danmarks Statistik,
773,exam_grade,2011-2013,2023-2025,6.6,6.7667,2.53,tempo,15,Danmarks Statistik,
779,exam_grade,2011-2013,2023-2025,6.6667,7.0,5.0,rigtig,15,Danmarks Statistik,
787,exam_grade,2011-2013,2023-2025,6.7333,7.0,3.96,tempo,15,Danmarks Statistik,
791,exam_grade,2011-2013,2023-2025,6.8667,7.2,4.85,rigtig,15,Danmarks Statistik,
810,exam_grade,2011-2013,2023-2025,6.8667,7.1333,3.88,tempo,15,Danmarks Statistik,
813,exam_grade,2011-2013,2023-2025,6.7,7.0667,5.47,rigtig,15,Danmarks Statistik,
820,exam_grade,2011-2013,2023-2025,6.5333,7.0667,8.16,rigtig,15,Danmarks Statistik,
825,exam_grade,2011-2013,2023-2025,6.6,6.6667,1.01,tempo,15,Danmarks Statistik,
840,exam_grade,2011-2013,2023-2025,6.8667,7.6667,11.65,rigtig,15,Danmarks Statistik,
846,exam_grade,2011-2013,2023-2025,6.8667,7.1333,3.88,tempo,15,Danmarks Statistik,
849,exam_grade,2011-2013,2023-2025,6.6667,6.8333,2.5,tempo,15,Danmarks Statistik,
851,exam_grade,2011-2013,2023-2025,7.0,7.5333,7.62,rigtig,15,Danmarks Statistik,
860,exam_grade,2011-2013,2023-2025,6.7667,7.0667,4.43,tempo,15,Danmarks Statistik,
101,gender_leadership,2010-2012,2022-2024,32.8521,37.9023,15.37,rigtig,15,Danmarks Statistik,
147,gender_leadership,2010-2012,2022-2024,36.9298,42.2068,14.29,rigtig,15,Danmarks Statistik,
151,gender_leadership,2010-2012,2022-2024,28.581,31.8447,11.42,rigtig,15,Danmarks Statistik,
153,gender_leadership,2010-2012,2022-2024,22.1952,24.1872,8.97,tempo,15,Danmarks Statistik,
155,gender_leadership,2010-2012,2022-2024,38.0814,25.9161,-31.95,forkert,15,Danmarks Statistik,
157,gender_leadership,2010-2012,2022-2024,30.5086,32.3971,6.19,tempo,15,Danmarks Statistik,
159,gender_leadership,2010-2012,2022-2024,28.5326,34.7901,21.93,rigtig,15,Danmarks Statistik,
161,gender_leadership,2010-2012,2022-2024,27.9463,30.352,8.61,tempo,15,Danmarks Statistik,
163,gender_leadership,2010-2012,2022-2024,23.7087,31.6717,33.59,rigtig,15,Danmarks Statistik,
165,gender_leadership,2010-2012,2022-2024,23.0441,33.0548,43.44,rigtig,15,Danmarks Statistik,
167,gender_leadership,2010-2012,2022-2024,23.8987,24.874,4.08,stagneret,15,Danmarks Statistik,
169,gender_leadership,2010-2012,2022-2024,27.2397,31.2923,14.88,rigtig,15,Danmarks Statistik,
173,gender_leadership,2010-2012,2022-2024,28.2115,35.1872,24.73,rigtig,15,Danmarks Statistik,
175,gender_leadership,2010-2012,2022-2024,24.8037,27.3929,10.44,tempo,15,Danmarks Statistik,
183,gender_leadership,2010-2012,2022-2024,29.0271,28.607,-1.45,stagneret,15,Danmarks Statistik,
185,gender_leadership,2010-2012,2022-2024,29.797,32.9824,10.69,tempo,15,Danmarks Statistik,
187,gender_leadership,2010-2012,2022-2024,34.2504,35.8514,4.67,tempo,15,Danmarks Statistik,
190,gender_leadership,2010-2012,2022-2024,31.5137,28.125,-10.75,forkert,15,Danmarks Statistik,
201,gender_leadership,2010-2012,2022-2024,27.122,29.0129,6.97,tempo,15,Danmarks Statistik,
210,gender_leadership,2010-2012,2022-2024,34.2725,37.661,9.89,tempo,15,Danmarks Statistik,
217,gender_leadership,2010-2012,2022-2024,34.0183,36.3872,6.96,tempo,15,Danmarks Statistik,
219,gender_leadership,2010-2012,2022-2024,34.2235,35.2074,2.87,stagneret,15,Danmarks Statistik,
223,gender_leadership,2010-2012,2022-2024,32.8286,35.306,7.55,tempo,15,Danmarks Statistik,
230,gender_leadership,2010-2012,2022-2024,28.53,33.6749,18.03,rigtig,15,Danmarks Statistik,
240,gender_leadership,2010-2012,2022-2024,28.7382,36.5211,27.08,rigtig,15,Danmarks Statistik,
250,gender_leadership,2010-2012,2022-2024,34.246,33.4039,-2.46,stagneret,15,Danmarks Statistik,
253,gender_leadership,2010-2012,2022-2024,29.1048,27.917,-4.08,forkert,15,Danmarks Statistik,
259,gender_leadership,2010-2012,2022-2024,27.2534,30.2573,11.02,tempo,15,Danmarks Statistik,
260,gender_leadership,2010-2012,2022-2024,35.806,37.9561,6.0,tempo,15,Danmarks Statistik,
265,gender_leadership,2010-2012,2022-2024,32.5211,32.9917,1.45,stagneret,15,Danmarks Statistik,
269,gender_leadership,2010-2012,2022-2024,31.6549,28.4376,-10.16,forkert,15,Danmarks Statistik,
270,gender_leadership,2010-2012,2022-2024,37.9054,39.5383,4.31,tempo,15,Danmarks Statistik,
306,gender_leadership,2010-2012,2022-2024,35.3325,43.7604,23.85,rigtig,15,Danmarks Statistik,
316,gender_leadership,2010-2012,2022-2024,31.4496,37.1709,18.19,rigtig,15,Danmarks Statistik,
320,gender_leadership,2010-2012,2022-2024,27.0589,29.9808,10.8,tempo,15,Danmarks Statistik,
326,gender_leadership,2010-2012,2022-2024,34.6641,33.8228,-2.43,stagneret,15,Danmarks Statistik,
329,gender_leadership,2010-2012,2022-2024,26.0912,29.1027,11.54,rigtig,15,Danmarks Statistik,
330,gender_leadership,2010-2012,2022-2024,29.5513,32.3078,9.33,tempo,15,Danmarks Statistik,
336,gender_leadership,2010-2012,2022-2024,37.5271,35.6652,-4.96,forkert,15,Danmarks Statistik,
340,gender_leadership,2010-2012,2022-2024,29.6219,31.3455,5.82,tempo,15,Danmarks Statistik,
350,gender_leadership,2010-2012,2022-2024,30.0543,36.9667,23.0,rigtig,15,Danmarks Statistik,
360,gender_leadership,2010-2012,2022-2024,30.4266,33.4829,10.04,tempo,15,Danmarks Statistik,
370,gender_leadership,2010-2012,2022-2024,31.2565,38.8754,24.38,rigtig,15,Danmarks Statistik,
376,gender_leadership,2010-2012,2022-2024,28.4212,34.2137,20.38,rigtig,15,Danmarks Statistik,
390,gender_leadership,2010-2012,2022-2024,32.5054,33.0695,1.74,stagneret,15,Danmarks Statistik,
400,gender_leadership,2010-2012,2022-2024,30.4026,36.4015,19.73,rigtig,15,Danmarks Statistik,
410,gender_leadership,2010-2012,2022-2024,25.4626,29.7499,16.84,rigtig,15,Danmarks Statistik,
420,gender_leadership,2010-2012,2022-2024,22.168,25.6033,15.5,rigtig,15,Danmarks Statistik,
430,gender_leadership,2010-2012,2022-2024,25.1877,30.4531,20.9,rigtig,15,Danmarks Statistik,
440,gender_leadership,2010-2012,2022-2024,22.7976,28.3702,24.44,rigtig,15,Danmarks Statistik,
450,gender_leadership,2010-2012,2022-2024,27.431,35.3544,28.88,rigtig,15,Danmarks Statistik,
461,gender_leadership,2010-2012,2022-2024,29.1267,31.2898,7.43,tempo,15,Danmarks Statistik,
479,gender_leadership,2010-2012,2022-2024,29.0989,35.383,21.6,rigtig,15,Danmarks Statistik,
480,gender_leadership,2010-2012,2022-2024,25.2774,30.0721,18.97,rigtig,15,Danmarks Statistik,
482,gender_leadership,2010-2012,2022-2024,19.2721,31.3107,62.47,rigtig,15,Danmarks Statistik,
492,gender_leadership,2010-2012,2022-2024,25.0438,38.0799,52.05,rigtig,15,Danmarks Statistik,
510,gender_leadership,2010-2012,2022-2024,26.3649,29.2663,11.0,tempo,15,Danmarks Statistik,
530,gender_leadership,2010-2012,2022-2024,26.0532,34.6404,32.96,rigtig,15,Danmarks Statistik,
540,gender_leadership,2010-2012,2022-2024,28.1481,29.3385,4.23,tempo,15,Danmarks Statistik,
550,gender_leadership,2010-2012,2022-2024,30.3026,34.7476,14.67,rigtig,15,Danmarks Statistik,
561,gender_leadership,2010-2012,2022-2024,24.0364,26.7716,11.38,tempo,15,Danmarks Statistik,
563,gender_leadership,2010-2012,2022-2024,43.1411,33.7074,-21.87,forkert,15,Danmarks Statistik,
573,gender_leadership,2010-2012,2022-2024,29.2156,33.2389,13.77,rigtig,15,Danmarks Statistik,
575,gender_leadership,2010-2012,2022-2024,24.0002,24.8475,3.53,stagneret,15,Danmarks Statistik,
580,gender_leadership,2010-2012,2022-2024,23.5133,27.3821,16.45,rigtig,15,Danmarks Statistik,
607,gender_leadership,2010-2012,2022-2024,23.9885,25.601,6.72,tempo,15,Danmarks Statistik,
615,gender_leadership,2010-2012,2022-2024,24.4776,28.7584,17.49,rigtig,15,Danmarks Statistik,
621,gender_leadership,2010-2012,2022-2024,24.5496,27.0578,10.22,tempo,15,Danmarks Statistik,
630,gender_leadership,2010-2012,2022-2024,23.8777,28.8724,20.92,rigtig,15,Danmarks Statistik,
657,gender_leadership,2010-2012,2022-2024,24.4149,26.7226,9.45,tempo,15,Danmarks Statistik,
661,gender_leadership,2010-2012,2022-2024,26.1849,25.6029,-2.22,stagneret,15,Danmarks Statistik,
665,gender_leadership,2010-2012,2022-2024,21.8133,28.0951,28.8,rigtig,15,Danmarks Statistik,
671,gender_leadership,2010-2012,2022-2024,28.781,23.2451,-19.23,forkert,15,Danmarks Statistik,
706,gender_leadership,2010-2012,2022-2024,25.3769,30.7866,21.32,rigtig,15,Danmarks Statistik,
707,gender_leadership,2010-2012,2022-2024,23.6408,28.5857,20.92,rigtig,15,Danmarks Statistik,
710,gender_leadership,2010-2012,2022-2024,22.5791,26.382,16.84,rigtig,15,Danmarks Statistik,
727,gender_leadership,2010-2012,2022-2024,32.0459,42.8909,33.84,rigtig,15,Danmarks Statistik,
730,gender_leadership,2010-2012,2022-2024,25.1921,26.4603,5.03,tempo,15,Danmarks Statistik,
740,gender_leadership,2010-2012,2022-2024,25.6837,28.074,9.31,tempo,15,Danmarks Statistik,
741,gender_leadership,2010-2012,2022-2024,23.8843,36.8848,54.43,rigtig,15,Danmarks Statistik,
746,gender_leadership,2010-2012,2022-2024,25.7364,28.0899,9.14,tempo,15,Danmarks Statistik,
751,gender_leadership,2010-2012,2022-2024,27.7064,29.7821,7.49,tempo,15,Danmarks Statistik,
756,gender_leadership,2010-2012,2022-2024,22.6913,26.6152,17.29,rigtig,15,Danmarks Statistik,
760,gender_leadership,2010-2012,2022-2024,21.8755,25.6539,17.27,rigtig,15,Danmarks Statistik,
766,gender_leadership,2010-2012,2022-2024,20.8347,24.9961,19.97,rigtig,15,Danmarks Statistik,
773,gender_leadership,2010-2012,2022-2024,21.3479,28.1332,31.78,rigtig,15,Danmarks Statistik,
779,gender_leadership,2010-2012,2022-2024,21.9358,24.6292,12.28,rigtig,15,Danmarks Statistik,
787,gender_leadership,2010-2012,2022-2024,24.6046,25.5219,3.73,stagneret,15,Danmarks Statistik,
791,gender_leadership,2010-2012,2022-2024,25.7236,27.6001,7.29,tempo,15,Danmarks Statistik,
810,gender_leadership,2010-2012,2022-2024,26.5407,32.359,21.92,rigtig,15,Danmarks Statistik,
813,gender_leadership,2010-2012,2022-2024,26.8858,28.1131,4.56,tempo,15,Danmarks Statistik,
820,gender_leadership,2010-2012,2022-2024,23.758,27.7666,16.87,rigtig,15,Danmarks Statistik,
825,gender_leadership,2010-2012,2022-2024,21.7262,32.7485,50.73,rigtig,15,Danmarks Statistik,
840,gender_leadership,2010-2012,2022-2024,24.6461,27.2167,10.43,tempo,15,Danmarks Statistik,
846,gender_leadership,2010-2012,2022-2024,21.4037,27.2259,27.2,rigtig,15,Danmarks Statistik,
849,gender_leadership,2010-2012,2022-2024,26.2923,34.3128,30.5,rigtig,15,Danmarks Statistik,
851,gender_leadership,2010-2012,2022-2024,27.3265,28.5849,4.61,tempo,15,Danmarks Statistik,
860,gender_leadership,2010-2012,2022-2024,26.0596,29.6239,13.68,rigtig,15,Danmarks Statistik,
101,gini,2010-2012,2022-2024,31.3567,34.8367,11.1,forkert,15,Danmarks Statistik,
147,gini,2010-2012,2022-2024,33.2267,36.7133,10.49,forkert,15,Danmarks Statistik,
151,gini,2010-2012,2022-2024,24.3967,26.6867,9.39,forkert,15,Danmarks Statistik,
153,gini,2010-2012,2022-2024,24.0533,25.61,6.47,forkert,15,Danmarks Statistik,
155,gini,2010-2012,2022-2024,27.2467,28.8533,5.9,forkert,15,Danmarks Statistik,
157,gini,2010-2012,2022-2024,42.7933,51.3,19.88,forkert,15,Danmarks Statistik,
159,gini,2010-2012,2022-2024,27.2367,29.47,8.2,forkert,15,Danmarks Statistik,
161,gini,2010-2012,2022-2024,23.9167,25.83,8.0,forkert,15,Danmarks Statistik,
163,gini,2010-2012,2022-2024,24.2267,26.2233,8.24,forkert,15,Danmarks Statistik,
165,gini,2010-2012,2022-2024,25.0267,24.5733,-1.81,stagneret,15,Danmarks Statistik,
167,gini,2010-2012,2022-2024,23.9633,25.6367,6.98,forkert,15,Danmarks Statistik,
169,gini,2010-2012,2022-2024,23.9067,25.55,6.87,forkert,15,Danmarks Statistik,
173,gini,2010-2012,2022-2024,32.7567,39.7167,21.25,forkert,15,Danmarks Statistik,
175,gini,2010-2012,2022-2024,23.5433,26.15,11.07,forkert,15,Danmarks Statistik,
183,gini,2010-2012,2022-2024,24.0,24.67,2.79,stagneret,15,Danmarks Statistik,
185,gini,2010-2012,2022-2024,22.9967,24.4733,6.42,forkert,15,Danmarks Statistik,
187,gini,2010-2012,2022-2024,23.33,25.8667,10.87,forkert,15,Danmarks Statistik,
190,gini,2010-2012,2022-2024,28.2333,29.8833,5.84,forkert,15,Danmarks Statistik,
201,gini,2010-2012,2022-2024,25.4533,26.8,5.29,forkert,15,Danmarks Statistik,
210,gini,2010-2012,2022-2024,29.7367,32.0,7.61,forkert,15,Danmarks Statistik,
217,gini,2010-2012,2022-2024,27.6,30.4633,10.37,forkert,15,Danmarks Statistik,
219,gini,2010-2012,2022-2024,25.1867,27.55,9.38,forkert,15,Danmarks Statistik,
223,gini,2010-2012,2022-2024,37.46,40.4033,7.86,forkert,15,Danmarks Statistik,
230,gini,2010-2012,2022-2024,38.7633,44.84,15.68,forkert,15,Danmarks Statistik,
240,gini,2010-2012,2022-2024,21.1333,23.7467,12.37,forkert,15,Danmarks Statistik,
250,gini,2010-2012,2022-2024,23.25,25.4,9.25,forkert,15,Danmarks Statistik,
253,gini,2010-2012,2022-2024,24.0233,26.3933,9.87,forkert,15,Danmarks Statistik,
259,gini,2010-2012,2022-2024,23.6233,26.2133,10.96,forkert,15,Danmarks Statistik,
260,gini,2010-2012,2022-2024,21.5833,23.77,10.13,forkert,15,Danmarks Statistik,
265,gini,2010-2012,2022-2024,26.8667,29.11,8.35,forkert,15,Danmarks Statistik,
269,gini,2010-2012,2022-2024,24.9833,26.9167,7.74,forkert,15,Danmarks Statistik,
270,gini,2010-2012,2022-2024,24.65,27.37,11.03,forkert,15,Danmarks Statistik,
306,gini,2010-2012,2022-2024,22.9333,24.84,8.31,forkert,15,Danmarks Statistik,
316,gini,2010-2012,2022-2024,24.5667,25.5833,4.14,forkert,15,Danmarks Statistik,
320,gini,2010-2012,2022-2024,22.8767,24.35,6.44,forkert,15,Danmarks Statistik,
326,gini,2010-2012,2022-2024,24.2333,27.2033,12.26,forkert,15,Danmarks Statistik,
329,gini,2010-2012,2022-2024,23.7867,25.1767,5.84,forkert,15,Danmarks Statistik,
330,gini,2010-2012,2022-2024,23.8633,25.2767,5.92,forkert,15,Danmarks Statistik,
336,gini,2010-2012,2022-2024,23.3033,24.8633,6.69,forkert,15,Danmarks Statistik,
340,gini,2010-2012,2022-2024,24.26,25.01,3.09,stagneret,15,Danmarks Statistik,
350,gini,2010-2012,2022-2024,24.0033,25.6933,7.04,forkert,15,Danmarks Statistik,
360,gini,2010-2012,2022-2024,25.3133,26.82,5.95,forkert,15,Danmarks Statistik,
370,gini,2010-2012,2022-2024,24.09,25.24,4.77,forkert,15,Danmarks Statistik,
376,gini,2010-2012,2022-2024,25.1167,25.8,2.72,stagneret,15,Danmarks Statistik,
390,gini,2010-2012,2022-2024,24.3333,26.0667,7.12,forkert,15,Danmarks Statistik,
400,gini,2010-2012,2022-2024,22.5933,23.89,5.74,forkert,15,Danmarks Statistik,
410,gini,2010-2012,2022-2024,24.57,27.6133,12.39,forkert,15,Danmarks Statistik,
420,gini,2010-2012,2022-2024,22.6433,24.2533,7.11,forkert,15,Danmarks Statistik,
430,gini,2010-2012,2022-2024,22.8267,23.74,4.0,stagneret,15,Danmarks Statistik,
440,gini,2010-2012,2022-2024,23.53,27.1367,15.33,forkert,15,Danmarks Statistik,
450,gini,2010-2012,2022-2024,22.5667,25.1567,11.48,forkert,15,Danmarks Statistik,
461,gini,2010-2012,2022-2024,27.1467,28.62,5.43,forkert,15,Danmarks Statistik,
479,gini,2010-2012,2022-2024,25.7233,27.4167,6.58,forkert,15,Danmarks Statistik,
480,gini,2010-2012,2022-2024,22.8767,25.19,10.11,forkert,15,Danmarks Statistik,
482,gini,2010-2012,2022-2024,23.4067,25.7633,10.07,forkert,15,Danmarks Statistik,
492,gini,2010-2012,2022-2024,24.8967,27.2233,9.35,forkert,15,Danmarks Statistik,
510,gini,2010-2012,2022-2024,24.8467,25.8267,3.94,stagneret,15,Danmarks Statistik,
530,gini,2010-2012,2022-2024,24.6367,34.32,39.3,forkert,15,Danmarks Statistik,
540,gini,2010-2012,2022-2024,25.38,27.4567,8.18,forkert,15,Danmarks Statistik,
550,gini,2010-2012,2022-2024,25.5767,28.6767,12.12,forkert,15,Danmarks Statistik,
561,gini,2010-2012,2022-2024,25.84,26.9467,4.28,forkert,15,Danmarks Statistik,
563,gini,2010-2012,2022-2024,25.7533,25.3867,-1.42,stagneret,15,Danmarks Statistik,
573,gini,2010-2012,2022-2024,25.7333,25.8033,0.27,stagneret,15,Danmarks Statistik,
575,gini,2010-2012,2022-2024,24.8467,40.3367,62.34,forkert,15,Danmarks Statistik,
580,gini,2010-2012,2022-2024,24.9767,27.6033,10.52,forkert,15,Danmarks Statistik,
607,gini,2010-2012,2022-2024,24.0567,26.6667,10.85,forkert,15,Danmarks Statistik,
615,gini,2010-2012,2022-2024,24.7233,25.44,2.9,stagneret,15,Danmarks Statistik,
621,gini,2010-2012,2022-2024,25.2333,27.3367,8.34,forkert,15,Danmarks Statistik,
630,gini,2010-2012,2022-2024,25.6767,27.4733,7.0,forkert,15,Danmarks Statistik,
657,gini,2010-2012,2022-2024,25.4267,26.4067,3.85,stagneret,15,Danmarks Statistik,
661,gini,2010-2012,2022-2024,25.6167,26.5733,3.73,stagneret,15,Danmarks Statistik,
665,gini,2010-2012,2022-2024,27.5667,29.6733,7.64,forkert,15,Danmarks Statistik,
671,gini,2010-2012,2022-2024,24.3367,26.86,10.37,forkert,15,Danmarks Statistik,
706,gini,2010-2012,2022-2024,24.66,26.1467,6.03,forkert,15,Danmarks Statistik,
707,gini,2010-2012,2022-2024,24.1567,25.5767,5.88,forkert,15,Danmarks Statistik,
710,gini,2010-2012,2022-2024,22.4467,24.64,9.77,forkert,15,Danmarks Statistik,
727,gini,2010-2012,2022-2024,23.2267,24.84,6.95,forkert,15,Danmarks Statistik,
730,gini,2010-2012,2022-2024,23.52,25.69,9.23,forkert,15,Danmarks Statistik,
740,gini,2010-2012,2022-2024,25.69,26.83,4.44,forkert,15,Danmarks Statistik,
741,gini,2010-2012,2022-2024,25.2633,27.4267,8.56,forkert,15,Danmarks Statistik,
746,gini,2010-2012,2022-2024,22.7333,25.14,10.59,forkert,15,Danmarks Statistik,
751,gini,2010-2012,2022-2024,30.8033,33.7667,9.62,forkert,15,Danmarks Statistik,
756,gini,2010-2012,2022-2024,24.3733,26.25,7.7,forkert,15,Danmarks Statistik,
760,gini,2010-2012,2022-2024,25.82,26.68,3.33,stagneret,15,Danmarks Statistik,
766,gini,2010-2012,2022-2024,23.3233,24.48,4.96,forkert,15,Danmarks Statistik,
773,gini,2010-2012,2022-2024,26.0,26.5867,2.26,stagneret,15,Danmarks Statistik,
779,gini,2010-2012,2022-2024,23.48,26.07,11.03,forkert,15,Danmarks Statistik,
787,gini,2010-2012,2022-2024,25.5167,26.9267,5.53,forkert,15,Danmarks Statistik,
791,gini,2010-2012,2022-2024,24.3133,25.8433,6.29,forkert,15,Danmarks Statistik,
810,gini,2010-2012,2022-2024,23.9233,25.7933,7.82,forkert,15,Danmarks Statistik,
813,gini,2010-2012,2022-2024,24.5467,25.6933,4.67,forkert,15,Danmarks Statistik,
820,gini,2010-2012,2022-2024,24.7267,26.6567,7.81,forkert,15,Danmarks Statistik,
825,gini,2010-2012,2022-2024,23.1,24.4333,5.77,forkert,15,Danmarks Statistik,
840,gini,2010-2012,2022-2024,24.6767,25.77,4.43,forkert,15,Danmarks Statistik,
846,gini,2010-2012,2022-2024,24.1267,25.9633,7.61,forkert,15,Danmarks Statistik,
849,gini,2010-2012,2022-2024,24.4933,25.02,2.15,stagneret,15,Danmarks Statistik,
851,gini,2010-2012,2022-2024,26.5033,28.76,8.51,forkert,15,Danmarks Statistik,
860,gini,2010-2012,2022-2024,25.83,26.4733,2.49,stagneret,15,Danmarks Statistik,
101,high_absence,2020-2022,2023-2025,20.5333,23.7667,15.75,forkert,6,Danmarks Statistik,
147,high_absence,2020-2022,2023-2025,12.6,19.8667,57.67,forkert,6,Danmarks Statistik,
151,high_absence,2020-2022,2023-2025,17.1667,24.1333,40.58,forkert,6,Danmarks Statistik,
153,high_absence,2020-2022,2023-2025,25.4333,29.1,14.42,forkert,6,Danmarks Statistik,
155,high_absence,2020-2022,2023-2025,22.6,28.6333,26.7,forkert,6,Danmarks Statistik,
157,high_absence,2020-2022,2023-2025,14.1,18.9,34.04,forkert,6,Danmarks Statistik,
159,high_absence,2020-2022,2023-2025,14.2667,20.2667,42.06,forkert,6,Danmarks Statistik,
161,high_absence,2020-2022,2023-2025,20.1667,19.8333,-1.65,stagneret,6,Danmarks Statistik,
163,high_absence,2020-2022,2023-2025,18.0,22.0,22.22,forkert,6,Danmarks Statistik,
165,high_absence,2020-2022,2023-2025,23.0,23.9,3.91,stagneret,6,Danmarks Statistik,
167,high_absence,2020-2022,2023-2025,15.7,19.8,26.11,forkert,6,Danmarks Statistik,
169,high_absence,2020-2022,2023-2025,25.1,24.7667,-1.33,stagneret,6,Danmarks Statistik,
173,high_absence,2020-2022,2023-2025,10.2667,16.5667,61.36,forkert,6,Danmarks Statistik,
175,high_absence,2020-2022,2023-2025,15.1,19.2333,27.37,forkert,6,Danmarks Statistik,
183,high_absence,2020-2022,2023-2025,22.4,24.0,7.14,forkert,6,Danmarks Statistik,
185,high_absence,2020-2022,2023-2025,18.9,26.1,38.1,forkert,6,Danmarks Statistik,
187,high_absence,2020-2022,2023-2025,19.8667,24.1,21.31,forkert,6,Danmarks Statistik,
190,high_absence,2020-2022,2023-2025,14.8,20.6,39.19,forkert,6,Danmarks Statistik,
201,high_absence,2020-2022,2023-2025,11.8667,18.0,51.69,forkert,6,Danmarks Statistik,
210,high_absence,2020-2022,2023-2025,16.2,21.7,33.95,forkert,6,Danmarks Statistik,
217,high_absence,2020-2022,2023-2025,21.8333,27.3333,25.19,forkert,6,Danmarks Statistik,
219,high_absence,2020-2022,2023-2025,21.8333,27.4333,25.65,forkert,6,Danmarks Statistik,
223,high_absence,2020-2022,2023-2025,17.3667,28.2333,62.57,forkert,6,Danmarks Statistik,
230,high_absence,2020-2022,2023-2025,12.1,20.1333,66.39,forkert,6,Danmarks Statistik,
240,high_absence,2020-2022,2023-2025,16.7,23.4667,40.52,forkert,6,Danmarks Statistik,
250,high_absence,2020-2022,2023-2025,24.7333,29.0,17.25,forkert,6,Danmarks Statistik,
253,high_absence,2020-2022,2023-2025,21.1,24.3667,15.48,forkert,6,Danmarks Statistik,
259,high_absence,2020-2022,2023-2025,20.6667,30.2333,46.29,forkert,6,Danmarks Statistik,
260,high_absence,2020-2022,2023-2025,21.9667,26.2667,19.58,forkert,6,Danmarks Statistik,
265,high_absence,2020-2022,2023-2025,18.4667,25.0,35.38,forkert,6,Danmarks Statistik,
269,high_absence,2020-2022,2023-2025,14.8667,21.9,47.31,forkert,6,Danmarks Statistik,
270,high_absence,2020-2022,2023-2025,30.8667,35.1333,13.82,forkert,6,Danmarks Statistik,
306,high_absence,2020-2022,2023-2025,28.1667,33.8,20.0,forkert,6,Danmarks Statistik,
316,high_absence,2020-2022,2023-2025,24.2667,29.8667,23.08,forkert,6,Danmarks Statistik,
320,high_absence,2020-2022,2023-2025,24.3667,27.8667,14.36,forkert,6,Danmarks Statistik,
326,high_absence,2020-2022,2023-2025,24.8,29.5667,19.22,forkert,6,Danmarks Statistik,
329,high_absence,2020-2022,2023-2025,24.0667,25.6667,6.65,forkert,6,Danmarks Statistik,
330,high_absence,2020-2022,2023-2025,24.9,28.8333,15.8,forkert,6,Danmarks Statistik,
336,high_absence,2020-2022,2023-2025,15.7333,26.5,68.43,forkert,6,Danmarks Statistik,
340,high_absence,2020-2022,2023-2025,24.5667,29.2333,19.0,forkert,6,Danmarks Statistik,
350,high_absence,2020-2022,2023-2025,15.7333,23.0,46.19,forkert,6,Danmarks Statistik,
360,high_absence,2020-2022,2023-2025,29.8,34.2333,14.88,forkert,6,Danmarks Statistik,
370,high_absence,2020-2022,2023-2025,21.7,27.7,27.65,forkert,6,Danmarks Statistik,
376,high_absence,2020-2022,2023-2025,25.0333,25.7667,2.93,stagneret,6,Danmarks Statistik,
390,high_absence,2020-2022,2023-2025,24.1,26.4333,9.68,forkert,6,Danmarks Statistik,
400,high_absence,2020-2022,2023-2025,24.8667,29.3,17.83,forkert,6,Danmarks Statistik,
410,high_absence,2020-2022,2023-2025,14.8,20.3333,37.39,forkert,6,Danmarks Statistik,
420,high_absence,2020-2022,2023-2025,18.7667,23.2667,23.98,forkert,6,Danmarks Statistik,
430,high_absence,2020-2022,2023-2025,15.5667,19.8667,27.62,forkert,6,Danmarks Statistik,
440,high_absence,2020-2022,2023-2025,14.3333,22.5,56.98,forkert,6,Danmarks Statistik,
450,high_absence,2020-2022,2023-2025,15.8333,18.4,16.21,forkert,6,Danmarks Statistik,
461,high_absence,2020-2022,2023-2025,18.1333,17.2667,-4.78,stagneret,6,Danmarks Statistik,
479,high_absence,2020-2022,2023-2025,16.3,28.0333,71.98,forkert,6,Danmarks Statistik,
480,high_absence,2020-2022,2023-2025,18.6333,27.9,49.73,forkert,6,Danmarks Statistik,
482,high_absence,2020-2022,2023-2025,18.3,22.1,20.77,forkert,6,Danmarks Statistik,
492,high_absence,2020-2022,2023-2025,16.7333,27.7333,65.74,forkert,6,Danmarks Statistik,
510,high_absence,2020-2022,2023-2025,18.6333,22.0333,18.25,forkert,6,Danmarks Statistik,
530,high_absence,2020-2022,2023-2025,16.3667,19.5667,19.55,forkert,6,Danmarks Statistik,
540,high_absence,2020-2022,2023-2025,13.2667,15.4333,16.33,forkert,6,Danmarks Statistik,
550,high_absence,2020-2022,2023-2025,15.1667,18.2333,20.22,forkert,6,Danmarks Statistik,
561,high_absence,2020-2022,2023-2025,12.4667,21.4333,71.93,forkert,6,Danmarks Statistik,
563,high_absence,2020-2022,2023-2025,26.1,31.4333,20.43,forkert,6,Danmarks Statistik,
573,high_absence,2020-2022,2023-2025,12.7333,16.8333,32.2,forkert,6,Danmarks Statistik,
575,high_absence,2020-2022,2023-2025,13.6,21.5333,58.33,forkert,6,Danmarks Statistik,
580,high_absence,2020-2022,2023-2025,13.1667,16.4,24.56,forkert,6,Danmarks Statistik,
607,high_absence,2020-2022,2023-2025,19.5,21.1333,8.38,forkert,6,Danmarks Statistik,
615,high_absence,2020-2022,2023-2025,13.9667,20.2667,45.11,forkert,6,Danmarks Statistik,
621,high_absence,2020-2022,2023-2025,16.0333,20.7,29.11,forkert,6,Danmarks Statistik,
630,high_absence,2020-2022,2023-2025,13.3,17.3,30.08,forkert,6,Danmarks Statistik,
657,high_absence,2020-2022,2023-2025,9.2333,12.0333,30.32,forkert,6,Danmarks Statistik,
661,high_absence,2020-2022,2023-2025,12.0667,15.1,25.14,forkert,6,Danmarks Statistik,
665,high_absence,2020-2022,2023-2025,11.4,11.1333,-2.34,stagneret,6,Danmarks Statistik,
671,high_absence,2020-2022,2023-2025,14.3667,18.1667,26.45,forkert,6,Danmarks Statistik,
706,high_absence,2020-2022,2023-2025,15.1,20.4,35.1,forkert,6,Danmarks Statistik,
707,high_absence,2020-2022,2023-2025,17.8,22.5,26.4,forkert,6,Danmarks Statistik,
710,high_absence,2020-2022,2023-2025,14.3667,22.0333,53.36,forkert,6,Danmarks Statistik,
727,high_absence,2020-2022,2023-2025,10.0333,11.9333,18.94,forkert,6,Danmarks Statistik,
730,high_absence,2020-2022,2023-2025,15.9667,18.9667,18.79,forkert,6,Danmarks Statistik,
740,high_absence,2020-2022,2023-2025,10.5,14.8,40.95,forkert,6,Danmarks Statistik,
741,high_absence,2020-2022,2023-2025,23.0,41.1667,78.99,forkert,6,Danmarks Statistik,
746,high_absence,2020-2022,2023-2025,11.6333,20.7667,78.51,forkert,6,Danmarks Statistik,
751,high_absence,2020-2022,2023-2025,11.9667,14.4333,20.61,forkert,6,Danmarks Statistik,
756,high_absence,2020-2022,2023-2025,11.2,15.9,41.96,forkert,6,Danmarks Statistik,
760,high_absence,2020-2022,2023-2025,11.3,17.1333,51.62,forkert,6,Danmarks Statistik,
766,high_absence,2020-2022,2023-2025,11.4333,20.7,81.05,forkert,6,Danmarks Statistik,
773,high_absence,2020-2022,2023-2025,11.9,18.6333,56.58,forkert,6,Danmarks Statistik,
779,high_absence,2020-2022,2023-2025,11.9,16.3,36.97,forkert,6,Danmarks Statistik,
787,high_absence,2020-2022,2023-2025,17.7667,24.1667,36.02,forkert,6,Danmarks Statistik,
791,high_absence,2020-2022,2023-2025,13.2,17.1333,29.8,forkert,6,Danmarks Statistik,
810,high_absence,2020-2022,2023-2025,14.0333,20.5667,46.56,forkert,6,Danmarks Statistik,
813,high_absence,2020-2022,2023-2025,18.6667,23.0,23.21,forkert,6,Danmarks Statistik,
820,high_absence,2020-2022,2023-2025,14.3667,17.4667,21.58,forkert,6,Danmarks Statistik,
825,high_absence,2020-2022,2023-2025,14.5,10.5,-27.59,rigtig,6,Danmarks Statistik,
840,high_absence,2020-2022,2023-2025,10.2667,15.2667,48.7,forkert,6,Danmarks Statistik,
846,high_absence,2020-2022,2023-2025,13.0667,16.4,25.51,forkert,6,Danmarks Statistik,
849,high_absence,2020-2022,2023-2025,16.5,21.1667,28.28,forkert,6,Danmarks Statistik,
851,high_absence,2020-2022,2023-2025,16.1667,24.5667,51.96,forkert,6,Danmarks Statistik,
860,high_absence,2020-2022,2023-2025,17.2333,21.3,23.6,forkert,6,Danmarks Statistik,
101,hjemsyg,2016-2020,2023-2025,9.34,10.8833,16.52,forkert,8,Danmarks Statistik,
147,hjemsyg,2017-2019,2023-2025,16.53,17.92,8.41,forkert,9,Danmarks Statistik,
151,hjemsyg,2017-2019,2023-2025,22.6567,29.06,28.26,forkert,9,Danmarks Statistik,
153,hjemsyg,2017-2019,2023-2025,22.6167,22.03,-2.59,stagneret,9,Danmarks Statistik,
155,hjemsyg,2018-2020,2023-2025,20.1967,26.3367,30.4,forkert,8,Danmarks Statistik,
157,hjemsyg,2016-2018,2023-2025,12.7,15.71,23.7,forkert,10,Danmarks Statistik,
159,hjemsyg,2016-2018,2023-2025,17.8033,20.3533,14.32,forkert,10,Danmarks Statistik,
161,hjemsyg,2016-2018,2023-2025,15.4567,23.37,51.2,forkert,10,Danmarks Statistik,
163,hjemsyg,2016-2018,2023-2025,18.6633,20.2967,8.75,forkert,10,Danmarks Statistik,
165,hjemsyg,2017-2019,2023-2025,17.8533,23.7933,33.27,forkert,9,Danmarks Statistik,
167,hjemsyg,2017-2019,2023-2025,16.8333,20.6467,22.65,forkert,9,Danmarks Statistik,
169,hjemsyg,2016-2018,2023-2025,13.8133,19.1033,38.3,forkert,10,Danmarks Statistik,
173,hjemsyg,2017-2019,2023-2025,19.2167,18.9833,-1.21,stagneret,9,Danmarks Statistik,
175,hjemsyg,2018-2021,2023-2025,22.0733,22.56,2.2,stagneret,7,Danmarks Statistik,
183,hjemsyg,2016-2018,2023-2025,16.8733,20.1433,19.38,forkert,10,Danmarks Statistik,
185,hjemsyg,2019-2021,2023-2025,18.48,21.85,18.24,forkert,7,Danmarks Statistik,
187,hjemsyg,2018-2020,2023-2025,17.5667,22.24,26.6,forkert,8,Danmarks Statistik,
190,hjemsyg,2016-2018,2023-2025,16.5433,18.7733,13.48,forkert,10,Danmarks Statistik,
201,hjemsyg,2017-2020,2023-2025,13.3933,15.6633,16.95,forkert,8,Danmarks Statistik,
210,hjemsyg,2018-2020,2023-2025,18.99,20.2333,6.55,forkert,8,Danmarks Statistik,
217,hjemsyg,2016-2018,2023-2025,21.8367,26.2633,20.27,forkert,10,Danmarks Statistik,
219,hjemsyg,2017-2019,2023-2025,15.5067,17.9167,15.54,forkert,9,Danmarks Statistik,
223,hjemsyg,2018-2020,2023-2025,25.3533,29.1967,15.16,forkert,8,Danmarks Statistik,
230,hjemsyg,2017-2019,2023-2025,20.4467,20.9667,2.54,stagneret,9,Danmarks Statistik,
240,hjemsyg,2016-2018,2023-2025,12.92,21.3333,65.12,forkert,10,Danmarks Statistik,
250,hjemsyg,2017-2020,2023-2025,21.8467,28.68,31.28,forkert,8,Danmarks Statistik,
253,hjemsyg,2018-2020,2023-2025,13.6467,25.74,88.62,forkert,8,Danmarks Statistik,
259,hjemsyg,2019-2021,2023-2025,21.9,24.4867,11.81,forkert,7,Danmarks Statistik,
260,hjemsyg,2017-2019,2023-2025,23.79,28.77,20.93,forkert,9,Danmarks Statistik,
265,hjemsyg,2017-2019,2023-2025,19.6267,22.94,16.88,forkert,9,Danmarks Statistik,
269,hjemsyg,2018-2020,2023-2025,11.6567,19.6867,68.89,forkert,8,Danmarks Statistik,
270,hjemsyg,2018-2020,2023-2025,20.3733,23.12,13.48,forkert,8,Danmarks Statistik,
306,hjemsyg,2019-2021,2023-2025,35.0733,44.7967,27.72,forkert,7,Danmarks Statistik,
316,hjemsyg,2018-2020,2023-2025,23.8233,29.8767,25.41,forkert,8,Danmarks Statistik,
320,hjemsyg,2016-2018,2023-2025,11.7667,32.5133,176.32,forkert,10,Danmarks Statistik,
326,hjemsyg,2016-2018,2023-2025,26.7433,34.6333,29.5,forkert,10,Danmarks Statistik,
329,hjemsyg,2017-2020,2023-2025,19.2033,22.2633,15.93,forkert,8,Danmarks Statistik,
330,hjemsyg,2017-2020,2023-2025,22.1733,30.1267,35.87,forkert,8,Danmarks Statistik,
336,hjemsyg,2016-2018,2023-2025,24.7133,34.52,39.68,forkert,9,Danmarks Statistik,
340,hjemsyg,2017-2019,2023-2025,23.24,24.7167,6.35,forkert,9,Danmarks Statistik,
350,hjemsyg,2017-2019,2023-2025,20.04,21.3233,6.4,forkert,9,Danmarks Statistik,
360,hjemsyg,2018-2020,2023-2025,35.6067,36.0733,1.31,stagneret,8,Danmarks Statistik,
370,hjemsyg,2016-2018,2023-2025,17.69,24.9067,40.8,forkert,10,Danmarks Statistik,
376,hjemsyg,2016-2018,2023-2025,27.55,33.4033,21.25,forkert,10,Danmarks Statistik,
390,hjemsyg,2016-2018,2023-2025,26.7233,38.5267,44.17,forkert,10,Danmarks Statistik,
400,hjemsyg,2016-2018,2023-2025,37.4767,42.0367,12.17,forkert,10,Danmarks Statistik,
410,hjemsyg,2017-2019,2023-2025,23.55,30.3533,28.89,forkert,9,Danmarks Statistik,
420,hjemsyg,2017-2019,2023-2025,32.66,32.1733,-1.49,stagneret,9,Danmarks Statistik,
430,hjemsyg,2017-2019,2023-2025,30.7267,33.0633,7.6,forkert,9,Danmarks Statistik,
440,hjemsyg,2017-2019,2023-2025,25.4,29.8633,17.57,forkert,9,Danmarks Statistik,
450,hjemsyg,2017-2019,2023-2025,30.2567,38.7767,28.16,forkert,9,Danmarks Statistik,
461,hjemsyg,2016-2018,2023-2025,17.6,25.4367,44.53,forkert,10,Danmarks Statistik,
479,hjemsyg,2016-2018,2023-2025,18.8,32.12,70.85,forkert,10,Danmarks Statistik,
480,hjemsyg,2016-2019,2023-2025,28.4933,33.8667,18.86,forkert,9,Danmarks Statistik,
482,hjemsyg,2017-2019,2023-2025,49.2567,56.2167,14.13,forkert,9,Danmarks Statistik,
492,hjemsyg,2018-2020,2023-2025,38.3967,39.4533,2.75,forkert,8,Danmarks Statistik,
510,hjemsyg,2016-2018,2023-2025,26.8267,31.72,18.24,forkert,10,Danmarks Statistik,
530,hjemsyg,2017-2019,2023-2025,25.73,34.7567,35.08,forkert,9,Danmarks Statistik,
540,hjemsyg,2016-2019,2023-2025,36.4733,37.67,3.28,forkert,9,Danmarks Statistik,
550,hjemsyg,2016-2019,2023-2025,34.2467,42.56,24.27,forkert,9,Danmarks Statistik,
561,hjemsyg,2016-2018,2023-2025,27.51,32.0067,16.35,forkert,10,Danmarks Statistik,
563,hjemsyg,2017-2019,2023-2025,34.2967,42.8967,25.08,forkert,9,Danmarks Statistik,
573,hjemsyg,2017-2019,2023-2025,28.1633,32.35,14.87,forkert,9,Danmarks Statistik,
575,hjemsyg,2016-2018,2023-2025,27.5733,31.8767,15.61,forkert,10,Danmarks Statistik,
580,hjemsyg,2019-2021,2023-2025,30.2067,33.71,11.6,forkert,7,Danmarks Statistik,
607,hjemsyg,2016-2018,2023-2025,25.68,31.5967,23.04,forkert,10,Danmarks Statistik,
615,hjemsyg,2016-2018,2023-2025,20.0333,26.8133,33.84,forkert,10,Danmarks Statistik,
621,hjemsyg,2017-2019,2023-2025,25.0033,26.1133,4.44,forkert,9,Danmarks Statistik,
630,hjemsyg,2017-2019,2023-2025,23.8233,26.9933,13.31,forkert,9,Danmarks Statistik,
657,hjemsyg,2016-2018,2023-2025,21.08,30.7233,45.75,forkert,10,Danmarks Statistik,
661,hjemsyg,2018-2020,2023-2025,26.2233,28.3467,8.1,forkert,8,Danmarks Statistik,
665,hjemsyg,2017-2019,2023-2025,36.81,41.1367,11.75,forkert,9,Danmarks Statistik,
671,hjemsyg,2016-2018,2023-2025,30.0233,39.2633,30.78,forkert,10,Danmarks Statistik,
706,hjemsyg,2018-2021,2023-2025,21.5067,28.8833,34.3,forkert,7,Danmarks Statistik,
707,hjemsyg,2017-2019,2023-2025,29.5867,36.9867,25.01,forkert,9,Danmarks Statistik,
710,hjemsyg,2016-2018,2023-2025,16.8933,21.4767,27.13,forkert,10,Danmarks Statistik,
727,hjemsyg,2016-2018,2023-2025,25.5733,28.05,9.68,forkert,10,Danmarks Statistik,
730,hjemsyg,2016-2018,2023-2025,23.4467,25.7533,9.84,forkert,10,Danmarks Statistik,
740,hjemsyg,2016-2018,2023-2025,20.33,23.49,15.54,forkert,10,Danmarks Statistik,
741,hjemsyg,2017-2019,2023-2025,49.9667,51.5433,3.16,forkert,9,Danmarks Statistik,
746,hjemsyg,2016-2019,2023-2025,15.34,21.2733,38.68,forkert,9,Danmarks Statistik,
751,hjemsyg,2020-2022,2023-2025,13.3067,14.61,9.79,forkert,6,Danmarks Statistik,
756,hjemsyg,2016-2018,2023-2025,22.0933,24.1167,9.16,forkert,10,Danmarks Statistik,
760,hjemsyg,2017-2019,2023-2025,21.5367,26.3733,22.46,forkert,9,Danmarks Statistik,
766,hjemsyg,2016-2019,2023-2025,22.77,28.8667,26.77,forkert,9,Danmarks Statistik,
773,hjemsyg,2016-2018,2023-2025,33.01,37.2633,12.88,forkert,10,Danmarks Statistik,
779,hjemsyg,2018-2020,2023-2025,31.24,33.5967,7.54,forkert,8,Danmarks Statistik,
787,hjemsyg,2016-2018,2023-2025,27.6433,40.8067,47.62,forkert,10,Danmarks Statistik,
791,hjemsyg,2016-2018,2023-2025,26.5333,31.8367,19.99,forkert,10,Danmarks Statistik,
810,hjemsyg,2017-2019,2023-2025,27.1433,29.8833,10.09,forkert,9,Danmarks Statistik,
813,hjemsyg,2018-2020,2023-2025,29.2933,37.9667,29.61,forkert,8,Danmarks Statistik,
820,hjemsyg,2017-2021,2023-2025,34.03,40.4167,18.77,forkert,7,Danmarks Statistik,
825,hjemsyg,2017-2019,2023-2025,31.32,60.01,91.6,forkert,9,Danmarks Statistik,
840,hjemsyg,2017-2019,2023-2025,25.5133,34.66,35.85,forkert,9,Danmarks Statistik,
846,hjemsyg,2018-2021,2023-2025,36.8367,40.6067,10.23,forkert,7,Danmarks Statistik,
849,hjemsyg,2018-2020,2023-2025,24.73,29.37,18.76,forkert,8,Danmarks Statistik,
851,hjemsyg,2017-2021,2023-2025,23.47,24.7867,5.61,forkert,7,Danmarks Statistik,
860,hjemsyg,2019-2021,2023-2025,34.45,33.8133,-1.85,stagneret,7,Danmarks Statistik,
101,hospital_long,2017-2019,2023-2025,8.5253,7.2237,-15.27,rigtig,9,Danmarks Statistik,
147,hospital_long,2017-2019,2023-2025,9.371,8.171,-12.81,rigtig,9,Danmarks Statistik,
151,hospital_long,2017-2019,2023-2025,10.0772,8.7637,-13.03,rigtig,9,Danmarks Statistik,
153,hospital_long,2017-2019,2023-2025,10.7636,9.1488,-15.0,rigtig,9,Danmarks Statistik,
155,hospital_long,2017-2019,2023-2025,9.2963,8.7234,-6.16,tempo,9,Danmarks Statistik,
157,hospital_long,2017-2019,2023-2025,8.6435,7.5977,-12.1,rigtig,9,Danmarks Statistik,
159,hospital_long,2017-2019,2023-2025,9.3981,8.108,-13.73,rigtig,9,Danmarks Statistik,
161,hospital_long,2017-2019,2023-2025,10.6906,9.0325,-15.51,rigtig,9,Danmarks Statistik,
163,hospital_long,2017-2019,2023-2025,10.1111,8.7544,-13.42,rigtig,9,Danmarks Statistik,
165,hospital_long,2017-2019,2023-2025,9.7133,8.9368,-7.99,tempo,9,Danmarks Statistik,
167,hospital_long,2017-2019,2023-2025,10.0337,8.727,-13.02,rigtig,9,Danmarks Statistik,
169,hospital_long,2017-2019,2023-2025,9.8072,8.9029,-9.22,rigtig,9,Danmarks Statistik,
173,hospital_long,2017-2019,2023-2025,8.7185,7.4086,-15.02,rigtig,9,Danmarks Statistik,
175,hospital_long,2017-2019,2023-2025,9.9536,8.5309,-14.29,rigtig,9,Danmarks Statistik,
183,hospital_long,2017-2019,2023-2025,10.0792,8.8817,-11.88,rigtig,9,Danmarks Statistik,
185,hospital_long,2017-2019,2023-2025,9.6143,8.436,-12.26,rigtig,9,Danmarks Statistik,
187,hospital_long,2017-2019,2023-2025,9.4679,8.07,-14.77,rigtig,9,Danmarks Statistik,
190,hospital_long,2017-2019,2023-2025,9.2708,8.1793,-11.77,rigtig,9,Danmarks Statistik,
201,hospital_long,2017-2019,2023-2025,9.0523,8.0517,-11.05,rigtig,9,Danmarks Statistik,
210,hospital_long,2017-2019,2023-2025,10.172,8.5608,-15.84,rigtig,9,Danmarks Statistik,
217,hospital_long,2017-2019,2023-2025,10.5724,9.0041,-14.83,rigtig,9,Danmarks Statistik,
219,hospital_long,2017-2019,2023-2025,10.3592,8.6087,-16.9,rigtig,9,Danmarks Statistik,
223,hospital_long,2017-2019,2023-2025,9.9693,8.5265,-14.47,rigtig,9,Danmarks Statistik,
230,hospital_long,2017-2019,2023-2025,9.2315,8.09,-12.36,rigtig,9,Danmarks Statistik,
240,hospital_long,2017-2019,2023-2025,8.7389,8.3667,-4.26,tempo,9,Danmarks Statistik,
250,hospital_long,2017-2019,2023-2025,11.1032,9.1467,-17.62,rigtig,9,Danmarks Statistik,
253,hospital_long,2017-2019,2023-2025,9.0591,8.2113,-9.36,rigtig,9,Danmarks Statistik,
259,hospital_long,2017-2019,2023-2025,9.2114,8.4718,-8.03,tempo,9,Danmarks Statistik,
260,hospital_long,2017-2019,2023-2025,11.8429,9.7622,-17.57,rigtig,9,Danmarks Statistik,
265,hospital_long,2017-2019,2023-2025,8.5997,7.8573,-8.63,rigtig,9,Danmarks Statistik,
269,hospital_long,2017-2019,2023-2025,8.8377,7.9701,-9.82,rigtig,9,Danmarks Statistik,
270,hospital_long,2017-2019,2023-2025,10.9556,9.6042,-12.34,rigtig,9,Danmarks Statistik,
306,hospital_long,2017-2019,2023-2025,10.3735,10.2084,-1.59,stagneret,9,Danmarks Statistik,
316,hospital_long,2017-2019,2023-2025,9.2657,8.645,-6.7,tempo,9,Danmarks Statistik,
320,hospital_long,2017-2019,2023-2025,9.6554,9.0152,-6.63,tempo,9,Danmarks Statistik,
326,hospital_long,2017-2019,2023-2025,9.7403,9.283,-4.69,tempo,9,Danmarks Statistik,
329,hospital_long,2017-2019,2023-2025,8.8593,8.2546,-6.83,tempo,9,Danmarks Statistik,
330,hospital_long,2017-2019,2023-2025,10.069,9.693,-3.73,stagneret,9,Danmarks Statistik,
336,hospital_long,2017-2019,2023-2025,9.3289,8.7503,-6.2,tempo,9,Danmarks Statistik,
340,hospital_long,2017-2019,2023-2025,9.3857,9.1663,-2.34,tempo,9,Danmarks Statistik,
350,hospital_long,2017-2019,2023-2025,8.8023,8.1803,-7.07,tempo,9,Danmarks Statistik,
360,hospital_long,2017-2019,2023-2025,11.3559,10.8659,-4.32,stagneret,9,Danmarks Statistik,
370,hospital_long,2017-2019,2023-2025,9.4743,8.9124,-5.93,tempo,9,Danmarks Statistik,
376,hospital_long,2017-2019,2023-2025,10.7647,10.3904,-3.48,stagneret,9,Danmarks Statistik,
390,hospital_long,2017-2019,2023-2025,10.1621,9.8565,-3.01,stagneret,9,Danmarks Statistik,
400,hospital_long,2017-2019,2023-2025,11.8467,10.4898,-11.45,rigtig,9,Danmarks Statistik,
410,hospital_long,2017-2019,2023-2025,9.0608,8.376,-7.56,tempo,9,Danmarks Statistik,
420,hospital_long,2017-2019,2023-2025,8.3755,8.0053,-4.42,tempo,9,Danmarks Statistik,
430,hospital_long,2017-2019,2023-2025,8.2013,7.9063,-3.6,tempo,9,Danmarks Statistik,
440,hospital_long,2017-2019,2023-2025,8.5198,8.2261,-3.45,tempo,9,Danmarks Statistik,
450,hospital_long,2017-2019,2023-2025,8.6206,8.3139,-3.56,tempo,9,Danmarks Statistik,
461,hospital_long,2017-2019,2023-2025,7.572,7.1313,-5.82,tempo,9,Danmarks Statistik,
479,hospital_long,2017-2019,2023-2025,8.4062,7.8399,-6.74,tempo,9,Danmarks Statistik,
480,hospital_long,2017-2019,2023-2025,8.1109,7.9524,-1.95,tempo,9,Danmarks Statistik,
482,hospital_long,2017-2019,2023-2025,9.6715,9.3881,-2.93,tempo,9,Danmarks Statistik,
492,hospital_long,2017-2019,2023-2025,11.3585,9.9554,-12.35,rigtig,9,Danmarks Statistik,
510,hospital_long,2017-2019,2023-2025,9.2172,8.5545,-7.19,tempo,9,Danmarks Statistik,
530,hospital_long,2017-2019,2023-2025,9.3182,7.8579,-15.67,rigtig,9,Danmarks Statistik,
540,hospital_long,2017-2019,2023-2025,9.5552,8.6634,-9.33,rigtig,9,Danmarks Statistik,
550,hospital_long,2017-2019,2023-2025,9.4988,8.7249,-8.15,tempo,9,Danmarks Statistik,
561,hospital_long,2017-2019,2023-2025,10.1101,8.6252,-14.69,rigtig,9,Danmarks Statistik,
563,hospital_long,2017-2019,2023-2025,10.1392,8.8262,-12.95,rigtig,9,Danmarks Statistik,
573,hospital_long,2017-2019,2023-2025,9.8314,8.3586,-14.98,rigtig,9,Danmarks Statistik,
575,hospital_long,2017-2019,2023-2025,9.3264,8.0057,-14.16,rigtig,9,Danmarks Statistik,
580,hospital_long,2017-2019,2023-2025,9.3693,8.6343,-7.84,tempo,9,Danmarks Statistik,
607,hospital_long,2017-2019,2023-2025,9.5258,8.21,-13.81,rigtig,9,Danmarks Statistik,
615,hospital_long,2017-2019,2023-2025,8.3742,7.6198,-9.01,rigtig,9,Danmarks Statistik,
621,hospital_long,2017-2019,2023-2025,8.9915,7.7139,-14.21,rigtig,9,Danmarks Statistik,
630,hospital_long,2017-2019,2023-2025,8.8551,7.853,-11.32,rigtig,9,Danmarks Statistik,
657,hospital_long,2017-2019,2023-2025,8.1945,7.4933,-8.56,rigtig,9,Danmarks Statistik,
661,hospital_long,2017-2019,2023-2025,8.31,7.526,-9.44,rigtig,9,Danmarks Statistik,
665,hospital_long,2017-2019,2023-2025,8.7699,8.2318,-6.14,tempo,9,Danmarks Statistik,
671,hospital_long,2017-2019,2023-2025,8.7639,8.3215,-5.05,tempo,9,Danmarks Statistik,
706,hospital_long,2017-2019,2023-2025,8.3292,7.5732,-9.08,rigtig,9,Danmarks Statistik,
707,hospital_long,2017-2019,2023-2025,8.7655,8.2192,-6.23,tempo,9,Danmarks Statistik,
710,hospital_long,2017-2019,2023-2025,7.4958,6.9964,-6.66,tempo,9,Danmarks Statistik,
727,hospital_long,2017-2019,2023-2025,8.2161,7.2739,-11.47,rigtig,9,Danmarks Statistik,
730,hospital_long,2017-2019,2023-2025,8.6448,7.9552,-7.98,tempo,9,Danmarks Statistik,
740,hospital_long,2017-2019,2023-2025,8.4708,8.0527,-4.94,tempo,9,Danmarks Statistik,
741,hospital_long,2017-2019,2023-2025,10.843,11.0778,2.17,stagneret,9,Danmarks Statistik,
746,hospital_long,2017-2019,2023-2025,7.5347,6.7565,-10.33,rigtig,9,Danmarks Statistik,
751,hospital_long,2017-2019,2023-2025,7.6051,6.5993,-13.23,rigtig,9,Danmarks Statistik,
756,hospital_long,2017-2019,2023-2025,8.3971,7.7114,-8.17,rigtig,9,Danmarks Statistik,
760,hospital_long,2017-2019,2023-2025,8.3355,7.5262,-9.71,rigtig,9,Danmarks Statistik,
766,hospital_long,2017-2019,2023-2025,8.2465,7.7259,-6.31,tempo,9,Danmarks Statistik,
773,hospital_long,2017-2019,2023-2025,9.5484,9.1581,-4.09,tempo,9,Danmarks Statistik,
779,hospital_long,2017-2019,2023-2025,9.2264,8.8401,-4.19,tempo,9,Danmarks Statistik,
787,hospital_long,2017-2019,2023-2025,9.6427,8.7659,-9.09,rigtig,9,Danmarks Statistik,
791,hospital_long,2017-2019,2023-2025,9.0142,8.5337,-5.33,tempo,9,Danmarks Statistik,
810,hospital_long,2017-2019,2023-2025,8.9571,8.6736,-3.17,tempo,9,Danmarks Statistik,
813,hospital_long,2017-2019,2023-2025,9.1203,9.0769,-0.48,stagneret,9,Danmarks Statistik,
820,hospital_long,2017-2019,2023-2025,9.3705,8.9475,-4.51,tempo,9,Danmarks Statistik,
825,hospital_long,2017-2019,2023-2025,10.184,10.0592,-1.23,stagneret,9,Danmarks Statistik,
840,hospital_long,2017-2019,2023-2025,8.601,8.1774,-4.93,tempo,9,Danmarks Statistik,
846,hospital_long,2017-2019,2023-2025,9.1673,8.9584,-2.28,tempo,9,Danmarks Statistik,
849,hospital_long,2017-2019,2023-2025,9.3187,9.2697,-0.53,stagneret,9,Danmarks Statistik,
851,hospital_long,2017-2019,2023-2025,8.3109,7.8907,-5.06,tempo,9,Danmarks Statistik,
860,hospital_long,2017-2019,2023-2025,9.1928,8.9882,-2.23,tempo,9,Danmarks Statistik,
101,housing_area,2010-2012,2024-2026,41.8333,40.9333,-2.15,stagneret,17,Danmarks Statistik,
147,housing_area,2010-2012,2024-2026,48.2333,47.4333,-1.66,stagneret,17,Danmarks Statistik,
151,housing_area,2010-2012,2024-2026,44.1667,45.3333,2.64,tempo,17,Danmarks Statistik,
153,housing_area,2010-2012,2024-2026,44.5667,41.6333,-6.58,forkert,17,Danmarks Statistik,
155,housing_area,2010-2012,2024-2026,52.5,53.8,2.48,tempo,17,Danmarks Statistik,
157,housing_area,2010-2012,2024-2026,53.0333,54.2,2.2,tempo,17,Danmarks Statistik,
159,housing_area,2010-2012,2024-2026,41.1667,41.7667,1.46,stagneret,17,Danmarks Statistik,
161,housing_area,2010-2012,2024-2026,45.2,43.7667,-3.17,forkert,17,Danmarks Statistik,
163,housing_area,2010-2012,2024-2026,43.2333,43.6667,1.0,stagneret,17,Danmarks Statistik,
165,housing_area,2010-2012,2024-2026,40.8667,42.0333,2.85,tempo,17,Danmarks Statistik,
167,housing_area,2010-2012,2024-2026,42.2333,42.1667,-0.16,stagneret,17,Danmarks Statistik,
169,housing_area,2010-2012,2024-2026,43.4333,41.9667,-3.38,forkert,17,Danmarks Statistik,
173,housing_area,2010-2012,2024-2026,46.7667,46.8333,0.14,stagneret,17,Danmarks Statistik,
175,housing_area,2010-2012,2024-2026,42.4,41.5,-2.12,stagneret,17,Danmarks Statistik,
183,housing_area,2010-2012,2024-2026,43.1333,41.9,-2.86,forkert,17,Danmarks Statistik,
185,housing_area,2010-2012,2024-2026,43.8333,43.9667,0.3,stagneret,17,Danmarks Statistik,
187,housing_area,2010-2012,2024-2026,46.0667,43.4333,-5.72,forkert,17,Danmarks Statistik,
190,housing_area,2010-2012,2024-2026,49.6,51.1,3.02,tempo,17,Danmarks Statistik,
201,housing_area,2010-2012,2024-2026,49.9,53.1,6.41,tempo,17,Danmarks Statistik,
210,housing_area,2010-2012,2024-2026,49.8667,51.8667,4.01,tempo,17,Danmarks Statistik,
217,housing_area,2010-2012,2024-2026,47.7,51.2,7.34,rigtig,17,Danmarks Statistik,
219,housing_area,2010-2012,2024-2026,48.8,50.9667,4.44,tempo,17,Danmarks Statistik,
223,housing_area,2010-2012,2024-2026,56.2,59.3333,5.58,tempo,17,Danmarks Statistik,
230,housing_area,2010-2012,2024-2026,53.9667,56.4333,4.57,tempo,17,Danmarks Statistik,
240,housing_area,2010-2012,2024-2026,48.3333,50.1667,3.79,tempo,17,Danmarks Statistik,
250,housing_area,2010-2012,2024-2026,49.6,53.4333,7.73,rigtig,17,Danmarks Statistik,
253,housing_area,2010-2012,2024-2026,49.7333,50.6333,1.81,stagneret,17,Danmarks Statistik,
259,housing_area,2010-2012,2024-2026,49.1,51.2,4.28,tempo,17,Danmarks Statistik,
260,housing_area,2010-2012,2024-2026,48.9,52.5333,7.43,rigtig,17,Danmarks Statistik,
265,housing_area,2010-2012,2024-2026,47.4667,50.0333,5.41,tempo,17,Danmarks Statistik,
269,housing_area,2010-2012,2024-2026,50.9333,52.0667,2.23,tempo,17,Danmarks Statistik,
270,housing_area,2010-2012,2024-2026,52.0,56.9333,9.49,rigtig,17,Danmarks Statistik,
306,housing_area,2010-2012,2024-2026,55.4667,60.6,9.25,rigtig,17,Danmarks Statistik,
316,housing_area,2010-2012,2024-2026,51.3,55.0,7.21,rigtig,17,Danmarks Statistik,
320,housing_area,2010-2012,2024-2026,55.6333,58.2667,4.73,tempo,17,Danmarks Statistik,
326,housing_area,2010-2012,2024-2026,55.5667,59.9,7.8,rigtig,17,Danmarks Statistik,
329,housing_area,2010-2012,2024-2026,51.0,53.0333,3.99,tempo,17,Danmarks Statistik,
330,housing_area,2010-2012,2024-2026,52.2333,54.9,5.11,tempo,17,Danmarks Statistik,
336,housing_area,2010-2012,2024-2026,56.0333,59.7,6.54,tempo,17,Danmarks Statistik,
340,housing_area,2010-2012,2024-2026,54.3,58.4333,7.61,rigtig,17,Danmarks Statistik,
350,housing_area,2010-2012,2024-2026,52.8667,55.3667,4.73,tempo,17,Danmarks Statistik,
360,housing_area,2010-2012,2024-2026,60.2667,65.6333,8.9,rigtig,17,Danmarks Statistik,
370,housing_area,2010-2012,2024-2026,53.1,56.0,5.46,tempo,17,Danmarks Statistik,
376,housing_area,2010-2012,2024-2026,58.5,62.6,7.01,rigtig,17,Danmarks Statistik,
390,housing_area,2010-2012,2024-2026,57.3,61.5667,7.45,rigtig,17,Danmarks Statistik,
400,housing_area,2010-2012,2024-2026,60.0,64.1333,6.89,rigtig,17,Danmarks Statistik,
410,housing_area,2010-2012,2024-2026,55.6,60.2333,8.33,rigtig,17,Danmarks Statistik,
420,housing_area,2010-2012,2024-2026,58.2,63.2667,8.71,rigtig,17,Danmarks Statistik,
430,housing_area,2010-2012,2024-2026,59.0333,63.2333,7.11,rigtig,17,Danmarks Statistik,
440,housing_area,2010-2012,2024-2026,55.1333,59.6333,8.16,rigtig,17,Danmarks Statistik,
450,housing_area,2010-2012,2024-2026,55.9667,59.7,6.67,rigtig,17,Danmarks Statistik,
461,housing_area,2010-2012,2024-2026,48.7,50.2667,3.22,tempo,17,Danmarks Statistik,
479,housing_area,2010-2012,2024-2026,54.9667,58.1,5.7,tempo,17,Danmarks Statistik,
480,housing_area,2010-2012,2024-2026,58.7,63.5,8.18,rigtig,17,Danmarks Statistik,
482,housing_area,2010-2012,2024-2026,65.5,70.8333,8.14,rigtig,17,Danmarks Statistik,
492,housing_area,2010-2012,2024-2026,67.7,75.2667,11.18,rigtig,17,Danmarks Statistik,
510,housing_area,2010-2012,2024-2026,56.6,61.5667,8.78,rigtig,17,Danmarks Statistik,
530,housing_area,2010-2012,2024-2026,56.1333,60.4,7.6,rigtig,17,Danmarks Statistik,
540,housing_area,2010-2012,2024-2026,56.3,61.0333,8.41,rigtig,17,Danmarks Statistik,
550,housing_area,2010-2012,2024-2026,61.4,67.0333,9.17,rigtig,17,Danmarks Statistik,
561,housing_area,2010-2012,2024-2026,52.3667,56.9,8.66,rigtig,17,Danmarks Statistik,
563,housing_area,2010-2012,2024-2026,64.5667,69.4,7.49,rigtig,17,Danmarks Statistik,
573,housing_area,2010-2012,2024-2026,57.4667,62.8,9.28,rigtig,17,Danmarks Statistik,
575,housing_area,2010-2012,2024-2026,58.2,63.0,8.25,rigtig,17,Danmarks Statistik,
580,housing_area,2010-2012,2024-2026,58.1,62.7333,7.97,rigtig,17,Danmarks Statistik,
607,housing_area,2010-2012,2024-2026,51.9667,55.0667,5.97,tempo,17,Danmarks Statistik,
615,housing_area,2010-2012,2024-2026,53.1,54.6333,2.89,tempo,17,Danmarks Statistik,
621,housing_area,2010-2012,2024-2026,53.0333,55.9333,5.47,tempo,17,Danmarks Statistik,
630,housing_area,2010-2012,2024-2026,54.6,56.8667,4.15,tempo,17,Danmarks Statistik,
657,housing_area,2010-2012,2024-2026,55.2,59.1,7.07,rigtig,17,Danmarks Statistik,
661,housing_area,2010-2012,2024-2026,55.3,58.8,6.33,tempo,17,Danmarks Statistik,
665,housing_area,2010-2012,2024-2026,61.7,69.0,11.83,rigtig,17,Danmarks Statistik,
671,housing_area,2010-2012,2024-2026,57.8,65.0667,12.57,rigtig,17,Danmarks Statistik,
706,housing_area,2010-2012,2024-2026,57.8,61.6333,6.63,rigtig,17,Danmarks Statistik,
707,housing_area,2010-2012,2024-2026,59.0333,64.3,8.92,rigtig,17,Danmarks Statistik,
710,housing_area,2010-2012,2024-2026,54.8667,58.6333,6.87,rigtig,17,Danmarks Statistik,
727,housing_area,2010-2012,2024-2026,55.3333,59.4667,7.47,rigtig,17,Danmarks Statistik,
730,housing_area,2010-2012,2024-2026,54.6,58.1333,6.47,tempo,17,Danmarks Statistik,
740,housing_area,2010-2012,2024-2026,54.2,56.9,4.98,tempo,17,Danmarks Statistik,
741,housing_area,2010-2012,2024-2026,69.3333,75.4667,8.85,rigtig,17,Danmarks Statistik,
746,housing_area,2010-2012,2024-2026,52.6333,55.4333,5.32,tempo,17,Danmarks Statistik,
751,housing_area,2010-2012,2024-2026,45.8333,46.9333,2.4,tempo,17,Danmarks Statistik,
756,housing_area,2010-2012,2024-2026,55.9333,59.2667,5.96,tempo,17,Danmarks Statistik,
760,housing_area,2010-2012,2024-2026,58.0,63.5333,9.54,rigtig,17,Danmarks Statistik,
766,housing_area,2010-2012,2024-2026,57.6,62.1667,7.93,rigtig,17,Danmarks Statistik,
773,housing_area,2010-2012,2024-2026,60.9667,67.0667,10.01,rigtig,17,Danmarks Statistik,
779,housing_area,2010-2012,2024-2026,57.9667,64.4333,11.16,rigtig,17,Danmarks Statistik,
787,housing_area,2010-2012,2024-2026,60.2333,65.6333,8.97,rigtig,17,Danmarks Statistik,
791,housing_area,2010-2012,2024-2026,56.3,60.3,7.1,rigtig,17,Danmarks Statistik,
810,housing_area,2010-2012,2024-2026,59.6333,63.3333,6.2,tempo,17,Danmarks Statistik,
813,housing_area,2010-2012,2024-2026,57.3667,62.5667,9.06,rigtig,17,Danmarks Statistik,
820,housing_area,2010-2012,2024-2026,60.2,66.2,9.97,rigtig,17,Danmarks Statistik,
825,housing_area,2010-2012,2024-2026,68.8,74.9667,8.96,rigtig,17,Danmarks Statistik,
840,housing_area,2010-2012,2024-2026,59.7333,63.2667,5.92,tempo,17,Danmarks Statistik,
846,housing_area,2010-2012,2024-2026,58.0333,63.8333,9.99,rigtig,17,Danmarks Statistik,
849,housing_area,2010-2012,2024-2026,60.2,66.2667,10.08,rigtig,17,Danmarks Statistik,
851,housing_area,2010-2012,2024-2026,52.1333,54.4,4.35,tempo,17,Danmarks Statistik,
860,housing_area,2010-2012,2024-2026,58.4667,64.7,10.66,rigtig,17,Danmarks Statistik,
101,housing_no_bath,2010-2012,2024-2026,7.6351,3.7506,-50.88,rigtig,17,Danmarks Statistik,
147,housing_no_bath,2010-2012,2024-2026,7.5982,3.9424,-48.11,rigtig,17,Danmarks Statistik,
151,housing_no_bath,2010-2012,2024-2026,0.2037,0.1277,-37.29,tempo,17,Danmarks Statistik,
153,housing_no_bath,2010-2012,2024-2026,0.2534,0.1041,-58.91,rigtig,17,Danmarks Statistik,
155,housing_no_bath,2010-2012,2024-2026,0.8401,0.5702,-32.12,tempo,17,Danmarks Statistik,
157,housing_no_bath,2010-2012,2024-2026,2.6574,1.852,-30.31,tempo,17,Danmarks Statistik,
159,housing_no_bath,2010-2012,2024-2026,1.2604,0.8978,-28.76,tempo,17,Danmarks Statistik,
161,housing_no_bath,2010-2012,2024-2026,2.607,1.2875,-50.61,rigtig,17,Danmarks Statistik,
163,housing_no_bath,2010-2012,2024-2026,1.1869,0.8884,-25.14,tempo,17,Danmarks Statistik,
165,housing_no_bath,2010-2012,2024-2026,0.2965,0.2448,-17.43,tempo,17,Danmarks Statistik,
167,housing_no_bath,2010-2012,2024-2026,1.2465,0.568,-54.43,rigtig,17,Danmarks Statistik,
169,housing_no_bath,2010-2012,2024-2026,1.3242,0.8277,-37.5,tempo,17,Danmarks Statistik,
173,housing_no_bath,2010-2012,2024-2026,1.5084,0.9999,-33.71,tempo,17,Danmarks Statistik,
175,housing_no_bath,2010-2012,2024-2026,1.1996,0.8765,-26.93,tempo,17,Danmarks Statistik,
183,housing_no_bath,2010-2012,2024-2026,0.1165,0.0736,-36.84,tempo,17,Danmarks Statistik,
185,housing_no_bath,2010-2012,2024-2026,1.3869,0.8418,-39.31,rigtig,17,Danmarks Statistik,
187,housing_no_bath,2010-2012,2024-2026,0.1214,0.1198,-1.35,tempo,17,Danmarks Statistik,
190,housing_no_bath,2010-2012,2024-2026,0.4978,0.3254,-34.63,tempo,17,Danmarks Statistik,
201,housing_no_bath,2010-2012,2024-2026,0.6016,0.2559,-57.47,rigtig,17,Danmarks Statistik,
210,housing_no_bath,2010-2012,2024-2026,0.4649,0.2503,-46.16,rigtig,17,Danmarks Statistik,
217,housing_no_bath,2010-2012,2024-2026,3.275,2.0719,-36.74,tempo,17,Danmarks Statistik,
219,housing_no_bath,2010-2012,2024-2026,1.5256,0.6627,-56.56,rigtig,17,Danmarks Statistik,
223,housing_no_bath,2010-2012,2024-2026,0.4993,0.3358,-32.76,tempo,17,Danmarks Statistik,
230,housing_no_bath,2010-2012,2024-2026,0.5857,0.4182,-28.6,tempo,17,Danmarks Statistik,
240,housing_no_bath,2010-2012,2024-2026,0.326,0.1997,-38.74,tempo,17,Danmarks Statistik,
250,housing_no_bath,2010-2012,2024-2026,1.5046,0.9863,-34.45,tempo,17,Danmarks Statistik,
253,housing_no_bath,2010-2012,2024-2026,0.3757,0.126,-66.46,rigtig,17,Danmarks Statistik,
259,housing_no_bath,2010-2012,2024-2026,1.3521,0.7849,-41.95,rigtig,17,Danmarks Statistik,
260,housing_no_bath,2010-2012,2024-2026,2.9651,1.7806,-39.95,rigtig,17,Danmarks Statistik,
265,housing_no_bath,2010-2012,2024-2026,1.3624,0.6853,-49.7,rigtig,17,Danmarks Statistik,
269,housing_no_bath,2010-2012,2024-2026,0.4483,0.1866,-58.37,rigtig,17,Danmarks Statistik,
270,housing_no_bath,2010-2012,2024-2026,1.8651,1.0355,-44.48,rigtig,17,Danmarks Statistik,
306,housing_no_bath,2010-2012,2024-2026,3.967,2.7399,-30.93,tempo,17,Danmarks Statistik,
316,housing_no_bath,2010-2012,2024-2026,2.5933,1.497,-42.28,rigtig,17,Danmarks Statistik,
320,housing_no_bath,2010-2012,2024-2026,1.7658,0.9022,-48.91,rigtig,17,Danmarks Statistik,
326,housing_no_bath,2010-2012,2024-2026,2.1282,1.4469,-32.02,tempo,17,Danmarks Statistik,
329,housing_no_bath,2010-2012,2024-2026,1.8888,1.083,-42.66,rigtig,17,Danmarks Statistik,
330,housing_no_bath,2010-2012,2024-2026,2.1972,1.3201,-39.92,rigtig,17,Danmarks Statistik,
336,housing_no_bath,2010-2012,2024-2026,2.4512,1.3687,-44.16,rigtig,17,Danmarks Statistik,
340,housing_no_bath,2010-2012,2024-2026,2.6835,1.474,-45.07,rigtig,17,Danmarks Statistik,
350,housing_no_bath,2010-2012,2024-2026,1.5274,0.9776,-36.0,tempo,17,Danmarks Statistik,
360,housing_no_bath,2010-2012,2024-2026,3.4442,2.5935,-24.7,tempo,17,Danmarks Statistik,
370,housing_no_bath,2010-2012,2024-2026,1.8818,1.1431,-39.25,rigtig,17,Danmarks Statistik,
376,housing_no_bath,2010-2012,2024-2026,3.3898,2.1936,-35.29,tempo,17,Danmarks Statistik,
390,housing_no_bath,2010-2012,2024-2026,3.1993,1.9359,-39.49,rigtig,17,Danmarks Statistik,
400,housing_no_bath,2010-2012,2024-2026,1.7783,1.1611,-34.71,tempo,17,Danmarks Statistik,
410,housing_no_bath,2010-2012,2024-2026,1.3129,0.7514,-42.77,rigtig,17,Danmarks Statistik,
420,housing_no_bath,2010-2012,2024-2026,1.3896,0.9315,-32.97,tempo,17,Danmarks Statistik,
430,housing_no_bath,2010-2012,2024-2026,0.9759,0.5421,-44.45,rigtig,17,Danmarks Statistik,
440,housing_no_bath,2010-2012,2024-2026,1.1654,0.7423,-36.31,tempo,17,Danmarks Statistik,
450,housing_no_bath,2010-2012,2024-2026,1.3476,0.6337,-52.98,rigtig,17,Danmarks Statistik,
461,housing_no_bath,2010-2012,2024-2026,0.8717,0.4517,-48.19,rigtig,17,Danmarks Statistik,
479,housing_no_bath,2010-2012,2024-2026,1.8741,1.1694,-37.6,tempo,17,Danmarks Statistik,
480,housing_no_bath,2010-2012,2024-2026,1.5264,0.9615,-37.01,tempo,17,Danmarks Statistik,
482,housing_no_bath,2010-2012,2024-2026,2.9499,2.0332,-31.08,tempo,17,Danmarks Statistik,
492,housing_no_bath,2010-2012,2024-2026,2.5857,1.6815,-34.97,tempo,17,Danmarks Statistik,
510,housing_no_bath,2010-2012,2024-2026,1.132,0.6452,-43.01,rigtig,17,Danmarks Statistik,
530,housing_no_bath,2010-2012,2024-2026,0.4947,0.3009,-39.18,tempo,17,Danmarks Statistik,
540,housing_no_bath,2010-2012,2024-2026,1.0123,0.5443,-46.23,rigtig,17,Danmarks Statistik,
550,housing_no_bath,2010-2012,2024-2026,0.7654,0.5513,-27.97,tempo,17,Danmarks Statistik,
561,housing_no_bath,2010-2012,2024-2026,1.1368,0.697,-38.69,tempo,17,Danmarks Statistik,
563,housing_no_bath,2010-2012,2024-2026,1.0624,0.6943,-34.65,tempo,17,Danmarks Statistik,
573,housing_no_bath,2010-2012,2024-2026,0.8884,0.5472,-38.4,tempo,17,Danmarks Statistik,
575,housing_no_bath,2010-2012,2024-2026,0.7032,0.3575,-49.17,rigtig,17,Danmarks Statistik,
580,housing_no_bath,2010-2012,2024-2026,1.0269,0.6328,-38.38,tempo,17,Danmarks Statistik,
607,housing_no_bath,2010-2012,2024-2026,0.9594,0.6555,-31.67,tempo,17,Danmarks Statistik,
615,housing_no_bath,2010-2012,2024-2026,1.518,0.6406,-57.8,rigtig,17,Danmarks Statistik,
621,housing_no_bath,2010-2012,2024-2026,1.176,0.7057,-39.99,rigtig,17,Danmarks Statistik,
630,housing_no_bath,2010-2012,2024-2026,1.2735,0.6227,-51.1,rigtig,17,Danmarks Statistik,
657,housing_no_bath,2010-2012,2024-2026,0.8341,0.5164,-38.09,tempo,17,Danmarks Statistik,
661,housing_no_bath,2010-2012,2024-2026,0.8115,0.5705,-29.7,tempo,17,Danmarks Statistik,
665,housing_no_bath,2010-2012,2024-2026,1.7884,1.1115,-37.85,tempo,17,Danmarks Statistik,
671,housing_no_bath,2010-2012,2024-2026,0.8581,0.6024,-29.79,tempo,17,Danmarks Statistik,
706,housing_no_bath,2010-2012,2024-2026,1.9887,1.1473,-42.31,rigtig,17,Danmarks Statistik,
707,housing_no_bath,2010-2012,2024-2026,2.2541,1.8447,-18.16,tempo,17,Danmarks Statistik,
710,housing_no_bath,2010-2012,2024-2026,1.1983,0.5459,-54.44,rigtig,17,Danmarks Statistik,
727,housing_no_bath,2010-2012,2024-2026,1.3583,0.7442,-45.21,rigtig,17,Danmarks Statistik,
730,housing_no_bath,2010-2012,2024-2026,1.4238,0.8695,-38.93,tempo,17,Danmarks Statistik,
740,housing_no_bath,2010-2012,2024-2026,1.4026,0.6794,-51.56,rigtig,17,Danmarks Statistik,
741,housing_no_bath,2010-2012,2024-2026,3.3792,1.4458,-57.22,rigtig,17,Danmarks Statistik,
746,housing_no_bath,2010-2012,2024-2026,0.9971,0.5071,-49.14,rigtig,17,Danmarks Statistik,
751,housing_no_bath,2010-2012,2024-2026,1.0811,0.4995,-53.8,rigtig,17,Danmarks Statistik,
756,housing_no_bath,2010-2012,2024-2026,0.7024,0.4203,-40.17,rigtig,17,Danmarks Statistik,
760,housing_no_bath,2010-2012,2024-2026,0.9245,0.6272,-32.15,tempo,17,Danmarks Statistik,
766,housing_no_bath,2010-2012,2024-2026,0.9765,0.4795,-50.9,rigtig,17,Danmarks Statistik,
773,housing_no_bath,2010-2012,2024-2026,3.7022,2.5881,-30.09,tempo,17,Danmarks Statistik,
779,housing_no_bath,2010-2012,2024-2026,1.1625,0.7785,-33.03,tempo,17,Danmarks Statistik,
787,housing_no_bath,2010-2012,2024-2026,2.3546,1.5072,-35.99,tempo,17,Danmarks Statistik,
791,housing_no_bath,2010-2012,2024-2026,1.1633,0.6773,-41.78,rigtig,17,Danmarks Statistik,
810,housing_no_bath,2010-2012,2024-2026,1.0867,0.7012,-35.47,tempo,17,Danmarks Statistik,
813,housing_no_bath,2010-2012,2024-2026,1.6947,1.0039,-40.76,rigtig,17,Danmarks Statistik,
820,housing_no_bath,2010-2012,2024-2026,1.7645,0.1401,-92.06,rigtig,17,Danmarks Statistik,
825,housing_no_bath,2010-2012,2024-2026,0.7167,0.4064,-43.3,rigtig,17,Danmarks Statistik,
840,housing_no_bath,2010-2012,2024-2026,1.6743,0.9328,-44.29,rigtig,17,Danmarks Statistik,
846,housing_no_bath,2010-2012,2024-2026,2.143,0.081,-96.22,rigtig,17,Danmarks Statistik,
849,housing_no_bath,2010-2012,2024-2026,1.1965,0.7383,-38.29,tempo,17,Danmarks Statistik,
851,housing_no_bath,2010-2012,2024-2026,1.3241,0.7422,-43.95,rigtig,17,Danmarks Statistik,
860,housing_no_bath,2010-2012,2024-2026,1.7588,1.1555,-34.3,tempo,17,Danmarks Statistik,
101,housing_no_wc,2010-2012,2024-2026,1.3665,0.8802,-35.59,rigtig,17,Danmarks Statistik,
147,housing_no_wc,2010-2012,2024-2026,1.6728,1.4719,-12.01,tempo,17,Danmarks Statistik,
151,housing_no_wc,2010-2012,2024-2026,0.1308,0.5909,351.78,forkert,17,Danmarks Statistik,
153,housing_no_wc,2010-2012,2024-2026,0.0,0.1871,,ingen,17,Danmarks Statistik,
155,housing_no_wc,2010-2012,2024-2026,0.3854,0.2933,-23.91,tempo,17,Danmarks Statistik,
157,housing_no_wc,2010-2012,2024-2026,0.9648,0.8015,-16.93,tempo,17,Danmarks Statistik,
159,housing_no_wc,2010-2012,2024-2026,0.1106,0.0745,-32.66,rigtig,17,Danmarks Statistik,
161,housing_no_wc,2010-2012,2024-2026,0.1246,0.0638,-48.82,rigtig,17,Danmarks Statistik,
163,housing_no_wc,2010-2012,2024-2026,0.1322,0.0396,-70.06,rigtig,17,Danmarks Statistik,
165,housing_no_wc,2010-2012,2024-2026,0.1833,0.1718,-6.26,tempo,17,Danmarks Statistik,
167,housing_no_wc,2010-2012,2024-2026,0.2104,0.4442,111.12,forkert,17,Danmarks Statistik,
169,housing_no_wc,2010-2012,2024-2026,0.1217,0.116,-4.66,tempo,17,Danmarks Statistik,
173,housing_no_wc,2010-2012,2024-2026,1.085,0.5321,-50.96,rigtig,17,Danmarks Statistik,
175,housing_no_wc,2010-2012,2024-2026,0.1993,0.1562,-21.63,tempo,17,Danmarks Statistik,
183,housing_no_wc,2010-2012,2024-2026,0.1199,0.2199,83.38,forkert,17,Danmarks Statistik,
185,housing_no_wc,2010-2012,2024-2026,0.3422,0.3011,-12.01,tempo,17,Danmarks Statistik,
187,housing_no_wc,2010-2012,2024-2026,0.0,0.0276,,ingen,17,Danmarks Statistik,
190,housing_no_wc,2010-2012,2024-2026,0.112,0.0185,-83.48,rigtig,17,Danmarks Statistik,
201,housing_no_wc,2010-2012,2024-2026,0.2574,0.7177,178.88,forkert,17,Danmarks Statistik,
210,housing_no_wc,2010-2012,2024-2026,0.1334,0.1019,-23.57,tempo,17,Danmarks Statistik,
217,housing_no_wc,2010-2012,2024-2026,0.6775,0.5601,-17.32,tempo,17,Danmarks Statistik,
219,housing_no_wc,2010-2012,2024-2026,0.6926,0.8167,17.91,forkert,17,Danmarks Statistik,
223,housing_no_wc,2010-2012,2024-2026,0.1744,0.1593,-8.66,tempo,17,Danmarks Statistik,
230,housing_no_wc,2010-2012,2024-2026,0.2418,0.4259,76.13,forkert,17,Danmarks Statistik,
240,housing_no_wc,2010-2012,2024-2026,0.2043,0.0882,-56.83,rigtig,17,Danmarks Statistik,
250,housing_no_wc,2010-2012,2024-2026,0.5685,0.4504,-20.78,tempo,17,Danmarks Statistik,
253,housing_no_wc,2010-2012,2024-2026,0.1623,0.1484,-8.53,tempo,17,Danmarks Statistik,
259,housing_no_wc,2010-2012,2024-2026,0.593,0.3935,-33.64,rigtig,17,Danmarks Statistik,
260,housing_no_wc,2010-2012,2024-2026,1.1451,0.9583,-16.32,tempo,17,Danmarks Statistik,
265,housing_no_wc,2010-2012,2024-2026,1.1769,1.2919,9.77,forkert,17,Danmarks Statistik,
269,housing_no_wc,2010-2012,2024-2026,0.1188,0.1061,-10.64,tempo,17,Danmarks Statistik,
270,housing_no_wc,2010-2012,2024-2026,0.7547,0.5252,-30.4,rigtig,17,Danmarks Statistik,
306,housing_no_wc,2010-2012,2024-2026,1.7867,1.435,-19.68,tempo,17,Danmarks Statistik,
316,housing_no_wc,2010-2012,2024-2026,1.138,0.9037,-20.59,tempo,17,Danmarks Statistik,
320,housing_no_wc,2010-2012,2024-2026,0.6989,0.8467,21.15,forkert,17,Danmarks Statistik,
326,housing_no_wc,2010-2012,2024-2026,0.9401,0.7002,-25.52,tempo,17,Danmarks Statistik,
329,housing_no_wc,2010-2012,2024-2026,1.1206,0.8358,-25.42,tempo,17,Danmarks Statistik,
330,housing_no_wc,2010-2012,2024-2026,1.0014,0.6654,-33.56,rigtig,17,Danmarks Statistik,
336,housing_no_wc,2010-2012,2024-2026,0.7687,0.5891,-23.37,tempo,17,Danmarks Statistik,
340,housing_no_wc,2010-2012,2024-2026,0.8023,0.4008,-50.04,rigtig,17,Danmarks Statistik,
350,housing_no_wc,2010-2012,2024-2026,0.3048,0.1966,-35.5,rigtig,17,Danmarks Statistik,
360,housing_no_wc,2010-2012,2024-2026,0.8603,0.4934,-42.65,rigtig,17,Danmarks Statistik,
370,housing_no_wc,2010-2012,2024-2026,0.7109,0.5143,-27.66,rigtig,17,Danmarks Statistik,
376,housing_no_wc,2010-2012,2024-2026,1.0279,0.7031,-31.6,rigtig,17,Danmarks Statistik,
390,housing_no_wc,2010-2012,2024-2026,1.3246,0.8351,-36.95,rigtig,17,Danmarks Statistik,
400,housing_no_wc,2010-2012,2024-2026,0.7912,0.5931,-25.03,tempo,17,Danmarks Statistik,
410,housing_no_wc,2010-2012,2024-2026,0.7256,0.3174,-56.26,rigtig,17,Danmarks Statistik,
420,housing_no_wc,2010-2012,2024-2026,0.2945,0.2211,-24.93,tempo,17,Danmarks Statistik,
430,housing_no_wc,2010-2012,2024-2026,0.7491,0.4178,-44.23,rigtig,17,Danmarks Statistik,
440,housing_no_wc,2010-2012,2024-2026,0.5536,0.3062,-44.7,rigtig,17,Danmarks Statistik,
450,housing_no_wc,2010-2012,2024-2026,0.4385,0.1262,-71.22,rigtig,17,Danmarks Statistik,
461,housing_no_wc,2010-2012,2024-2026,1.3099,0.8703,-33.56,rigtig,17,Danmarks Statistik,
479,housing_no_wc,2010-2012,2024-2026,0.9847,0.7298,-25.88,tempo,17,Danmarks Statistik,
480,housing_no_wc,2010-2012,2024-2026,0.4655,0.2852,-38.72,rigtig,17,Danmarks Statistik,
482,housing_no_wc,2010-2012,2024-2026,0.7767,0.4625,-40.45,rigtig,17,Danmarks Statistik,
492,housing_no_wc,2010-2012,2024-2026,1.2365,0.5878,-52.46,rigtig,17,Danmarks Statistik,
510,housing_no_wc,2010-2012,2024-2026,0.7057,0.4874,-30.93,rigtig,17,Danmarks Statistik,
530,housing_no_wc,2010-2012,2024-2026,0.2846,0.2797,-1.72,tempo,17,Danmarks Statistik,
540,housing_no_wc,2010-2012,2024-2026,0.335,0.2821,-15.78,tempo,17,Danmarks Statistik,
550,housing_no_wc,2010-2012,2024-2026,0.3309,0.2653,-19.82,tempo,17,Danmarks Statistik,
561,housing_no_wc,2010-2012,2024-2026,0.7069,0.516,-27.0,rigtig,17,Danmarks Statistik,
563,housing_no_wc,2010-2012,2024-2026,0.4249,0.3665,-13.76,tempo,17,Danmarks Statistik,
573,housing_no_wc,2010-2012,2024-2026,0.2559,0.2386,-6.77,tempo,17,Danmarks Statistik,
575,housing_no_wc,2010-2012,2024-2026,0.3117,0.2137,-31.44,rigtig,17,Danmarks Statistik,
580,housing_no_wc,2010-2012,2024-2026,0.5777,0.4077,-29.43,rigtig,17,Danmarks Statistik,
607,housing_no_wc,2010-2012,2024-2026,0.6943,0.506,-27.13,rigtig,17,Danmarks Statistik,
615,housing_no_wc,2010-2012,2024-2026,1.2399,0.953,-23.14,tempo,17,Danmarks Statistik,
621,housing_no_wc,2010-2012,2024-2026,0.4694,0.4583,-2.36,tempo,17,Danmarks Statistik,
630,housing_no_wc,2010-2012,2024-2026,0.9279,0.4064,-56.2,rigtig,17,Danmarks Statistik,
657,housing_no_wc,2010-2012,2024-2026,0.967,0.6029,-37.65,rigtig,17,Danmarks Statistik,
661,housing_no_wc,2010-2012,2024-2026,0.9326,0.4994,-46.45,rigtig,17,Danmarks Statistik,
665,housing_no_wc,2010-2012,2024-2026,0.37,0.5067,36.97,forkert,17,Danmarks Statistik,
671,housing_no_wc,2010-2012,2024-2026,0.2516,0.2397,-4.7,tempo,17,Danmarks Statistik,
706,housing_no_wc,2010-2012,2024-2026,0.3357,0.2518,-24.99,tempo,17,Danmarks Statistik,
707,housing_no_wc,2010-2012,2024-2026,0.6165,0.8644,40.22,forkert,17,Danmarks Statistik,
710,housing_no_wc,2010-2012,2024-2026,0.3194,0.2069,-35.21,rigtig,17,Danmarks Statistik,
727,housing_no_wc,2010-2012,2024-2026,0.4245,0.4395,3.53,forkert,17,Danmarks Statistik,
730,housing_no_wc,2010-2012,2024-2026,0.5605,0.3474,-38.01,rigtig,17,Danmarks Statistik,
740,housing_no_wc,2010-2012,2024-2026,0.9109,0.3838,-57.86,rigtig,17,Danmarks Statistik,
741,housing_no_wc,2010-2012,2024-2026,0.4972,0.2721,-45.27,rigtig,17,Danmarks Statistik,
746,housing_no_wc,2010-2012,2024-2026,0.3024,0.3402,12.49,forkert,17,Danmarks Statistik,
751,housing_no_wc,2010-2012,2024-2026,2.3535,1.3128,-44.22,rigtig,17,Danmarks Statistik,
756,housing_no_wc,2010-2012,2024-2026,0.2335,0.2406,3.04,forkert,17,Danmarks Statistik,
760,housing_no_wc,2010-2012,2024-2026,0.4835,0.3478,-28.06,rigtig,17,Danmarks Statistik,
766,housing_no_wc,2010-2012,2024-2026,0.1717,0.0778,-54.7,rigtig,17,Danmarks Statistik,
773,housing_no_wc,2010-2012,2024-2026,0.5538,0.4218,-23.84,tempo,17,Danmarks Statistik,
779,housing_no_wc,2010-2012,2024-2026,0.5397,0.4104,-23.96,tempo,17,Danmarks Statistik,
787,housing_no_wc,2010-2012,2024-2026,0.7398,0.8731,18.01,forkert,17,Danmarks Statistik,
791,housing_no_wc,2010-2012,2024-2026,0.639,0.451,-29.42,rigtig,17,Danmarks Statistik,
810,housing_no_wc,2010-2012,2024-2026,0.2716,0.1704,-37.26,rigtig,17,Danmarks Statistik,
813,housing_no_wc,2010-2012,2024-2026,0.3873,0.2307,-40.43,rigtig,17,Danmarks Statistik,
820,housing_no_wc,2010-2012,2024-2026,0.8417,0.2362,-71.94,rigtig,17,Danmarks Statistik,
825,housing_no_wc,2010-2012,2024-2026,0.2607,0.3383,29.75,forkert,17,Danmarks Statistik,
840,housing_no_wc,2010-2012,2024-2026,0.2262,0.0998,-55.89,rigtig,17,Danmarks Statistik,
846,housing_no_wc,2010-2012,2024-2026,0.6198,0.2892,-53.34,rigtig,17,Danmarks Statistik,
849,housing_no_wc,2010-2012,2024-2026,0.2506,0.1421,-43.29,rigtig,17,Danmarks Statistik,
851,housing_no_wc,2010-2012,2024-2026,1.2188,0.6839,-43.88,rigtig,17,Danmarks Statistik,
860,housing_no_wc,2010-2012,2024-2026,0.6216,0.4321,-30.49,rigtig,17,Danmarks Statistik,
101,income_gender_gap,2010-2012,2022-2024,95.8007,90.8282,-5.19,forkert,15,Danmarks Statistik,
147,income_gender_gap,2010-2012,2022-2024,89.3086,87.3204,-2.23,forkert,15,Danmarks Statistik,
151,income_gender_gap,2010-2012,2022-2024,91.8707,87.8411,-4.39,forkert,15,Danmarks Statistik,
153,income_gender_gap,2010-2012,2022-2024,92.0183,87.7284,-4.66,forkert,15,Danmarks Statistik,
155,income_gender_gap,2010-2012,2022-2024,83.8394,81.1522,-3.21,forkert,15,Danmarks Statistik,
157,income_gender_gap,2010-2012,2022-2024,80.2532,80.212,-0.05,stagneret,15,Danmarks Statistik,
159,income_gender_gap,2010-2012,2022-2024,92.8308,89.0656,-4.06,forkert,15,Danmarks Statistik,
161,income_gender_gap,2010-2012,2022-2024,88.8998,88.2513,-0.73,stagneret,15,Danmarks Statistik,
163,income_gender_gap,2010-2012,2022-2024,92.7264,89.9713,-2.97,forkert,15,Danmarks Statistik,
165,income_gender_gap,2010-2012,2022-2024,95.2062,93.0261,-2.29,forkert,15,Danmarks Statistik,
167,income_gender_gap,2010-2012,2022-2024,92.275,88.4309,-4.17,forkert,15,Danmarks Statistik,
169,income_gender_gap,2010-2012,2022-2024,89.7524,85.8566,-4.34,forkert,15,Danmarks Statistik,
173,income_gender_gap,2010-2012,2022-2024,87.5911,88.9085,1.5,rigtig,15,Danmarks Statistik,
175,income_gender_gap,2010-2012,2022-2024,92.6395,89.1133,-3.81,forkert,15,Danmarks Statistik,
183,income_gender_gap,2010-2012,2022-2024,94.2964,89.2758,-5.32,forkert,15,Danmarks Statistik,
185,income_gender_gap,2010-2012,2022-2024,87.8869,87.1507,-0.84,stagneret,15,Danmarks Statistik,
187,income_gender_gap,2010-2012,2022-2024,86.8283,85.3481,-1.7,forkert,15,Danmarks Statistik,
190,income_gender_gap,2010-2012,2022-2024,85.0088,83.4045,-1.89,forkert,15,Danmarks Statistik,
201,income_gender_gap,2010-2012,2022-2024,82.2178,82.0605,-0.19,stagneret,15,Danmarks Statistik,
210,income_gender_gap,2010-2012,2022-2024,86.7938,83.7373,-3.52,forkert,15,Danmarks Statistik,
217,income_gender_gap,2010-2012,2022-2024,91.2131,87.7,-3.85,forkert,15,Danmarks Statistik,
219,income_gender_gap,2010-2012,2022-2024,88.2629,86.1875,-2.35,forkert,15,Danmarks Statistik,
223,income_gender_gap,2010-2012,2022-2024,76.24,76.9671,0.95,stagneret,15,Danmarks Statistik,
230,income_gender_gap,2010-2012,2022-2024,78.4526,80.1016,2.1,rigtig,15,Danmarks Statistik,
240,income_gender_gap,2010-2012,2022-2024,86.4584,84.6009,-2.15,forkert,15,Danmarks Statistik,
250,income_gender_gap,2010-2012,2022-2024,88.7201,84.7948,-4.42,forkert,15,Danmarks Statistik,
253,income_gender_gap,2010-2012,2022-2024,86.5703,83.6425,-3.38,forkert,15,Danmarks Statistik,
259,income_gender_gap,2010-2012,2022-2024,88.9431,84.7967,-4.66,forkert,15,Danmarks Statistik,
260,income_gender_gap,2010-2012,2022-2024,91.2974,85.9839,-5.82,forkert,15,Danmarks Statistik,
265,income_gender_gap,2010-2012,2022-2024,88.6908,85.542,-3.55,forkert,15,Danmarks Statistik,
269,income_gender_gap,2010-2012,2022-2024,85.6042,82.0328,-4.17,forkert,15,Danmarks Statistik,
270,income_gender_gap,2010-2012,2022-2024,91.0911,86.4882,-5.05,forkert,15,Danmarks Statistik,
306,income_gender_gap,2010-2012,2022-2024,91.9708,88.3629,-3.92,forkert,15,Danmarks Statistik,
316,income_gender_gap,2010-2012,2022-2024,89.0948,84.872,-4.74,forkert,15,Danmarks Statistik,
320,income_gender_gap,2010-2012,2022-2024,87.7437,84.1449,-4.1,forkert,15,Danmarks Statistik,
326,income_gender_gap,2010-2012,2022-2024,87.9315,84.0609,-4.4,forkert,15,Danmarks Statistik,
329,income_gender_gap,2010-2012,2022-2024,87.5408,84.2252,-3.79,forkert,15,Danmarks Statistik,
330,income_gender_gap,2010-2012,2022-2024,89.6339,86.3998,-3.61,forkert,15,Danmarks Statistik,
336,income_gender_gap,2010-2012,2022-2024,87.7209,83.3932,-4.93,forkert,15,Danmarks Statistik,
340,income_gender_gap,2010-2012,2022-2024,89.5752,83.7889,-6.46,forkert,15,Danmarks Statistik,
350,income_gender_gap,2010-2012,2022-2024,86.3637,83.6897,-3.1,forkert,15,Danmarks Statistik,
360,income_gender_gap,2010-2012,2022-2024,95.3456,91.8175,-3.7,forkert,15,Danmarks Statistik,
370,income_gender_gap,2010-2012,2022-2024,88.7018,84.9242,-4.26,forkert,15,Danmarks Statistik,
376,income_gender_gap,2010-2012,2022-2024,93.9553,89.5265,-4.71,forkert,15,Danmarks Statistik,
390,income_gender_gap,2010-2012,2022-2024,93.0631,88.1898,-5.24,forkert,15,Danmarks Statistik,
400,income_gender_gap,2010-2012,2022-2024,92.8361,89.4691,-3.63,forkert,15,Danmarks Statistik,
410,income_gender_gap,2010-2012,2022-2024,88.3814,83.7198,-5.27,forkert,15,Danmarks Statistik,
420,income_gender_gap,2010-2012,2022-2024,90.5289,84.6271,-6.52,forkert,15,Danmarks Statistik,
430,income_gender_gap,2010-2012,2022-2024,90.4277,84.573,-6.47,forkert,15,Danmarks Statistik,
440,income_gender_gap,2010-2012,2022-2024,91.6851,83.6525,-8.76,forkert,15,Danmarks Statistik,
450,income_gender_gap,2010-2012,2022-2024,90.3898,85.6418,-5.25,forkert,15,Danmarks Statistik,
461,income_gender_gap,2010-2012,2022-2024,93.7433,89.5903,-4.43,forkert,15,Danmarks Statistik,
479,income_gender_gap,2010-2012,2022-2024,91.3099,87.8652,-3.77,forkert,15,Danmarks Statistik,
480,income_gender_gap,2010-2012,2022-2024,91.258,82.8578,-9.2,forkert,15,Danmarks Statistik,
482,income_gender_gap,2010-2012,2022-2024,92.8819,90.771,-2.27,forkert,15,Danmarks Statistik,
492,income_gender_gap,2010-2012,2022-2024,89.44,89.9752,0.6,stagneret,15,Danmarks Statistik,
510,income_gender_gap,2010-2012,2022-2024,89.4403,84.4582,-5.57,forkert,15,Danmarks Statistik,
530,income_gender_gap,2010-2012,2022-2024,85.333,78.9842,-7.44,forkert,15,Danmarks Statistik,
540,income_gender_gap,2010-2012,2022-2024,91.5313,86.3382,-5.67,forkert,15,Danmarks Statistik,
550,income_gender_gap,2010-2012,2022-2024,89.9579,84.6183,-5.94,forkert,15,Danmarks Statistik,
561,income_gender_gap,2010-2012,2022-2024,87.5773,84.2653,-3.78,forkert,15,Danmarks Statistik,
563,income_gender_gap,2010-2012,2022-2024,82.8486,83.6162,0.93,stagneret,15,Danmarks Statistik,
573,income_gender_gap,2010-2012,2022-2024,86.0144,80.2879,-6.66,forkert,15,Danmarks Statistik,
575,income_gender_gap,2010-2012,2022-2024,86.5717,79.7276,-7.91,forkert,15,Danmarks Statistik,
580,income_gender_gap,2010-2012,2022-2024,87.5343,84.0043,-4.03,forkert,15,Danmarks Statistik,
607,income_gender_gap,2010-2012,2022-2024,87.8261,82.814,-5.71,forkert,15,Danmarks Statistik,
615,income_gender_gap,2010-2012,2022-2024,87.5574,83.2675,-4.9,forkert,15,Danmarks Statistik,
621,income_gender_gap,2010-2012,2022-2024,87.3452,83.2295,-4.71,forkert,15,Danmarks Statistik,
630,income_gender_gap,2010-2012,2022-2024,88.4182,82.1906,-7.04,forkert,15,Danmarks Statistik,
657,income_gender_gap,2010-2012,2022-2024,85.8201,81.1947,-5.39,forkert,15,Danmarks Statistik,
661,income_gender_gap,2010-2012,2022-2024,86.3259,82.7654,-4.12,forkert,15,Danmarks Statistik,
665,income_gender_gap,2010-2012,2022-2024,85.3926,79.5627,-6.83,forkert,15,Danmarks Statistik,
671,income_gender_gap,2010-2012,2022-2024,87.0783,82.4114,-5.36,forkert,15,Danmarks Statistik,
706,income_gender_gap,2010-2012,2022-2024,86.9533,83.8107,-3.61,forkert,15,Danmarks Statistik,
707,income_gender_gap,2010-2012,2022-2024,88.5715,83.8451,-5.34,forkert,15,Danmarks Statistik,
710,income_gender_gap,2010-2012,2022-2024,86.8626,81.1923,-6.53,forkert,15,Danmarks Statistik,
727,income_gender_gap,2010-2012,2022-2024,86.5283,82.6768,-4.45,forkert,15,Danmarks Statistik,
730,income_gender_gap,2010-2012,2022-2024,89.1113,84.2531,-5.45,forkert,15,Danmarks Statistik,
740,income_gender_gap,2010-2012,2022-2024,88.0579,83.473,-5.21,forkert,15,Danmarks Statistik,
741,income_gender_gap,2010-2012,2022-2024,98.5471,92.5067,-6.13,forkert,15,Danmarks Statistik,
746,income_gender_gap,2010-2012,2022-2024,87.3845,81.8572,-6.33,forkert,15,Danmarks Statistik,
751,income_gender_gap,2010-2012,2022-2024,92.6546,88.6059,-4.37,forkert,15,Danmarks Statistik,
756,income_gender_gap,2010-2012,2022-2024,86.188,81.2331,-5.75,forkert,15,Danmarks Statistik,
760,income_gender_gap,2010-2012,2022-2024,85.2843,79.7984,-6.43,forkert,15,Danmarks Statistik,
766,income_gender_gap,2010-2012,2022-2024,85.8,79.6964,-7.11,forkert,15,Danmarks Statistik,
773,income_gender_gap,2010-2012,2022-2024,89.8107,83.5059,-7.02,forkert,15,Danmarks Statistik,
779,income_gender_gap,2010-2012,2022-2024,90.0584,83.0828,-7.75,forkert,15,Danmarks Statistik,
787,income_gender_gap,2010-2012,2022-2024,90.5717,83.8525,-7.42,forkert,15,Danmarks Statistik,
791,income_gender_gap,2010-2012,2022-2024,89.0922,83.4585,-6.32,forkert,15,Danmarks Statistik,
810,income_gender_gap,2010-2012,2022-2024,90.298,83.7477,-7.25,forkert,15,Danmarks Statistik,
813,income_gender_gap,2010-2012,2022-2024,87.4362,83.862,-4.09,forkert,15,Danmarks Statistik,
820,income_gender_gap,2010-2012,2022-2024,90.6289,83.4811,-7.89,forkert,15,Danmarks Statistik,
825,income_gender_gap,2010-2012,2022-2024,93.1154,90.2139,-3.12,forkert,15,Danmarks Statistik,
840,income_gender_gap,2010-2012,2022-2024,87.8193,80.5316,-8.3,forkert,15,Danmarks Statistik,
846,income_gender_gap,2010-2012,2022-2024,89.8418,83.0291,-7.58,forkert,15,Danmarks Statistik,
849,income_gender_gap,2010-2012,2022-2024,91.0641,84.7578,-6.93,forkert,15,Danmarks Statistik,
851,income_gender_gap,2010-2012,2022-2024,90.9757,87.399,-3.93,forkert,15,Danmarks Statistik,
860,income_gender_gap,2010-2012,2022-2024,91.1808,86.2429,-5.42,forkert,15,Danmarks Statistik,
101,klimapaavirkning,2018-2020,2022-2024,2.3404,1.3907,-40.58,rigtig,7,Klimaregnskabet.dk,
147,klimapaavirkning,2018-2020,2022-2024,1.885,1.0607,-43.73,rigtig,7,Klimaregnskabet.dk,
151,klimapaavirkning,2018-2020,2022-2024,4.7331,2.8985,-38.76,rigtig,7,Klimaregnskabet.dk,
163,klimapaavirkning,2018-2020,2022-2024,3.4255,2.1949,-35.93,rigtig,7,Klimaregnskabet.dk,
165,klimapaavirkning,2018-2020,2022-2024,3.6051,2.5649,-28.85,rigtig,7,Klimaregnskabet.dk,
173,klimapaavirkning,2018-2020,2022-2024,3.9957,2.4106,-39.67,rigtig,7,Klimaregnskabet.dk,
175,klimapaavirkning,2018-2020,2022-2024,3.0627,1.9857,-35.17,rigtig,7,Klimaregnskabet.dk,
183,klimapaavirkning,2018-2020,2022-2024,3.958,2.8267,-28.58,rigtig,7,Klimaregnskabet.dk,
185,klimapaavirkning,2018-2020,2022-2024,3.9637,2.4843,-37.32,rigtig,7,Klimaregnskabet.dk,
187,klimapaavirkning,2018-2020,2022-2024,3.1085,2.2033,-29.12,rigtig,7,Klimaregnskabet.dk,
190,klimapaavirkning,2018-2020,2022-2024,3.9789,2.5881,-34.95,rigtig,7,Klimaregnskabet.dk,
201,klimapaavirkning,2018-2020,2022-2024,4.752,3.5002,-26.34,rigtig,7,Klimaregnskabet.dk,
210,klimapaavirkning,2018-2020,2022-2024,3.6829,2.7308,-25.85,rigtig,7,Klimaregnskabet.dk,
219,klimapaavirkning,2018-2020,2022-2024,4.6858,3.2631,-30.36,rigtig,7,Klimaregnskabet.dk,
223,klimapaavirkning,2018-2020,2022-2024,3.9234,2.7394,-30.18,rigtig,7,Klimaregnskabet.dk,
230,klimapaavirkning,2018-2020,2022-2024,4.8077,3.1167,-35.17,rigtig,7,Klimaregnskabet.dk,
240,klimapaavirkning,2018-2020,2022-2024,3.6989,2.5045,-32.29,rigtig,7,Klimaregnskabet.dk,
250,klimapaavirkning,2018-2020,2022-2024,5.6811,3.9216,-30.97,rigtig,7,Klimaregnskabet.dk,
253,klimapaavirkning,2018-2020,2022-2024,4.7132,3.2522,-31.0,rigtig,7,Klimaregnskabet.dk,
259,klimapaavirkning,2018-2020,2022-2024,7.6538,5.8086,-24.11,rigtig,7,Klimaregnskabet.dk,
260,klimapaavirkning,2018-2020,2022-2024,6.6309,5.6897,-14.19,tempo,7,Klimaregnskabet.dk,
265,klimapaavirkning,2018-2020,2022-2024,3.7995,2.6887,-29.24,rigtig,7,Klimaregnskabet.dk,
269,klimapaavirkning,2018-2020,2022-2024,4.9046,3.4122,-30.43,rigtig,7,Klimaregnskabet.dk,
270,klimapaavirkning,2018-2020,2022-2024,5.4002,4.0046,-25.84,rigtig,7,Klimaregnskabet.dk,
306,klimapaavirkning,2018-2020,2022-2024,8.4989,6.9571,-18.14,tempo,7,Klimaregnskabet.dk,
316,klimapaavirkning,2018-2020,2022-2024,6.0099,4.6131,-23.24,rigtig,7,Klimaregnskabet.dk,
320,klimapaavirkning,2018-2020,2022-2024,6.7273,5.3821,-20.0,tempo,7,Klimaregnskabet.dk,
326,klimapaavirkning,2018-2020,2022-2024,21.563,15.2494,-29.28,rigtig,7,Klimaregnskabet.dk,
329,klimapaavirkning,2018-2020,2022-2024,6.4738,4.8381,-25.27,rigtig,7,Klimaregnskabet.dk,
330,klimapaavirkning,2018-2020,2022-2024,6.1664,5.0384,-18.29,tempo,7,Klimaregnskabet.dk,
336,klimapaavirkning,2018-2020,2022-2024,5.5263,3.6458,-34.03,rigtig,7,Klimaregnskabet.dk,
340,klimapaavirkning,2018-2020,2022-2024,8.3337,6.4558,-22.53,rigtig,7,Klimaregnskabet.dk,
350,klimapaavirkning,2018-2020,2022-2024,6.4944,5.1894,-20.09,tempo,7,Klimaregnskabet.dk,
360,klimapaavirkning,2018-2020,2022-2024,7.5695,6.9242,-8.52,tempo,7,Klimaregnskabet.dk,
370,klimapaavirkning,2018-2020,2022-2024,6.1466,5.2301,-14.91,tempo,7,Klimaregnskabet.dk,
376,klimapaavirkning,2018-2020,2022-2024,8.1287,7.1373,-12.2,tempo,7,Klimaregnskabet.dk,
390,klimapaavirkning,2018-2020,2022-2024,7.947,6.4974,-18.24,tempo,7,Klimaregnskabet.dk,
400,klimapaavirkning,2018-2020,2022-2024,6.0048,5.428,-9.61,tempo,7,Klimaregnskabet.dk,
410,klimapaavirkning,2018-2020,2022-2024,8.8475,6.5928,-25.48,rigtig,7,Klimaregnskabet.dk,
420,klimapaavirkning,2018-2020,2022-2024,10.2777,8.3038,-19.21,tempo,7,Klimaregnskabet.dk,
430,klimapaavirkning,2018-2020,2022-2024,7.3225,5.2619,-28.14,rigtig,7,Klimaregnskabet.dk,
440,klimapaavirkning,2018-2020,2022-2024,6.9859,5.345,-23.49,rigtig,7,Klimaregnskabet.dk,
450,klimapaavirkning,2018-2020,2022-2024,13.1477,12.2101,-7.13,stagneret,7,Klimaregnskabet.dk,
461,klimapaavirkning,2018-2020,2022-2024,5.2459,4.2053,-19.84,tempo,7,Klimaregnskabet.dk,
479,klimapaavirkning,2018-2020,2022-2024,5.227,3.8075,-27.16,rigtig,7,Klimaregnskabet.dk,
480,klimapaavirkning,2018-2020,2022-2024,8.3528,6.7815,-18.81,tempo,7,Klimaregnskabet.dk,
482,klimapaavirkning,2018-2020,2022-2024,10.6092,9.4803,-10.64,tempo,7,Klimaregnskabet.dk,
492,klimapaavirkning,2018-2020,2022-2024,6.2904,5.4149,-13.92,tempo,7,Klimaregnskabet.dk,
510,klimapaavirkning,2018-2020,2022-2024,10.4383,7.6019,-27.17,rigtig,7,Klimaregnskabet.dk,
530,klimapaavirkning,2018-2020,2022-2024,9.1429,7.4816,-18.17,tempo,7,Klimaregnskabet.dk,
540,klimapaavirkning,2018-2020,2022-2024,7.1321,4.323,-39.39,rigtig,7,Klimaregnskabet.dk,
550,klimapaavirkning,2018-2020,2022-2024,26.6975,24.5627,-8.0,tempo,7,Klimaregnskabet.dk,
561,klimapaavirkning,2018-2020,2022-2024,9.3177,7.5016,-19.49,tempo,7,Klimaregnskabet.dk,
563,klimapaavirkning,2018-2020,2022-2024,5.4126,4.1417,-23.48,rigtig,7,Klimaregnskabet.dk,
573,klimapaavirkning,2018-2020,2022-2024,18.2753,15.2318,-16.65,tempo,7,Klimaregnskabet.dk,
575,klimapaavirkning,2018-2020,2022-2024,13.0303,11.5118,-11.65,tempo,7,Klimaregnskabet.dk,
580,klimapaavirkning,2018-2020,2022-2024,14.2684,10.619,-25.58,rigtig,7,Klimaregnskabet.dk,
607,klimapaavirkning,2018-2020,2022-2024,14.461,10.9963,-23.96,rigtig,7,Klimaregnskabet.dk,
615,klimapaavirkning,2018-2020,2022-2024,6.6777,4.456,-33.27,rigtig,7,Klimaregnskabet.dk,
621,klimapaavirkning,2018-2020,2022-2024,7.9997,5.5881,-30.15,rigtig,7,Klimaregnskabet.dk,
630,klimapaavirkning,2018-2020,2022-2024,7.1792,5.5805,-22.27,rigtig,7,Klimaregnskabet.dk,
657,klimapaavirkning,2018-2020,2022-2024,8.1515,7.2501,-11.06,tempo,7,Klimaregnskabet.dk,
661,klimapaavirkning,2018-2020,2022-2024,8.7,8.2084,-5.65,tempo,7,Klimaregnskabet.dk,
665,klimapaavirkning,2018-2020,2022-2024,19.9815,17.0474,-14.68,tempo,7,Klimaregnskabet.dk,
671,klimapaavirkning,2018-2020,2022-2024,7.2067,6.665,-7.52,tempo,7,Klimaregnskabet.dk,
706,klimapaavirkning,2018-2020,2022-2024,8.0858,6.3758,-21.15,rigtig,7,Klimaregnskabet.dk,
707,klimapaavirkning,2018-2020,2022-2024,9.3954,8.4735,-9.81,tempo,7,Klimaregnskabet.dk,
710,klimapaavirkning,2018-2020,2022-2024,9.8055,7.23,-26.27,rigtig,7,Klimaregnskabet.dk,
727,klimapaavirkning,2018-2020,2022-2024,5.9234,4.8429,-18.24,tempo,7,Klimaregnskabet.dk,
730,klimapaavirkning,2018-2020,2022-2024,4.7735,4.0787,-14.55,tempo,7,Klimaregnskabet.dk,
740,klimapaavirkning,2018-2020,2022-2024,5.8054,4.4992,-22.5,rigtig,7,Klimaregnskabet.dk,
741,klimapaavirkning,2018-2020,2022-2024,8.6956,8.3436,-4.05,tempo,7,Klimaregnskabet.dk,
746,klimapaavirkning,2018-2020,2022-2024,5.7383,4.6494,-18.98,tempo,7,Klimaregnskabet.dk,
751,klimapaavirkning,2018-2020,2022-2024,3.3049,2.7598,-16.49,tempo,7,Klimaregnskabet.dk,
756,klimapaavirkning,2018-2020,2022-2024,9.0766,7.1966,-20.71,rigtig,7,Klimaregnskabet.dk,
760,klimapaavirkning,2018-2020,2022-2024,15.1436,13.6514,-9.85,tempo,7,Klimaregnskabet.dk,
766,klimapaavirkning,2018-2020,2022-2024,10.1582,7.3901,-27.25,rigtig,7,Klimaregnskabet.dk,
773,klimapaavirkning,2018-2020,2022-2024,11.2092,9.8164,-12.43,tempo,7,Klimaregnskabet.dk,
779,klimapaavirkning,2018-2020,2022-2024,9.7158,8.6172,-11.31,tempo,7,Klimaregnskabet.dk,
787,klimapaavirkning,2018-2020,2022-2024,12.5088,11.3756,-9.06,tempo,7,Klimaregnskabet.dk,
791,klimapaavirkning,2018-2020,2022-2024,11.5686,9.3027,-19.59,tempo,7,Klimaregnskabet.dk,
810,klimapaavirkning,2018-2020,2022-2024,13.1242,11.209,-14.59,tempo,7,Klimaregnskabet.dk,
813,klimapaavirkning,2018-2020,2022-2024,8.5072,7.7505,-8.89,tempo,7,Klimaregnskabet.dk,
820,klimapaavirkning,2018-2020,2022-2024,18.4376,17.3427,-5.94,tempo,7,Klimaregnskabet.dk,
840,klimapaavirkning,2018-2020,2022-2024,19.0848,16.8808,-11.55,tempo,7,Klimaregnskabet.dk,
846,klimapaavirkning,2018-2020,2022-2024,14.518,12.4354,-14.35,tempo,7,Klimaregnskabet.dk,
849,klimapaavirkning,2018-2020,2022-2024,11.1355,10.2546,-7.91,stagneret,7,Klimaregnskabet.dk,
851,klimapaavirkning,2018-2020,2022-2024,18.8902,15.3548,-18.72,tempo,7,Klimaregnskabet.dk,
860,klimapaavirkning,2018-2020,2022-2024,11.1675,11.1942,0.24,stagneret,7,Klimaregnskabet.dk,
101,kost,2017,2025,10.4,11.8,13.46,forkert,2,Danmarks Statistik,
147,kost,2017,2025,8.5,11.8,38.82,forkert,2,Danmarks Statistik,
151,kost,2017,2025,16.6,18.2,9.64,forkert,2,Danmarks Statistik,
153,kost,2017,2025,19.5,22.6,15.9,forkert,2,Danmarks Statistik,
155,kost,2017,2025,9.7,13.3,37.11,forkert,2,Danmarks Statistik,
157,kost,2017,2025,8.6,9.6,11.63,forkert,2,Danmarks Statistik,
159,kost,2017,2025,11.0,13.5,22.73,forkert,2,Danmarks Statistik,
161,kost,2017,2025,19.0,20.4,7.37,forkert,2,Danmarks Statistik,
163,kost,2017,2025,15.5,17.9,15.48,forkert,2,Danmarks Statistik,
165,kost,2017,2025,16.4,20.0,21.95,forkert,2,Danmarks Statistik,
167,kost,2017,2025,15.3,18.7,22.22,forkert,2,Danmarks Statistik,
169,kost,2017,2025,17.1,17.8,4.09,stagneret,2,Danmarks Statistik,
173,kost,2017,2025,9.7,9.1,-6.19,rigtig,2,Danmarks Statistik,
175,kost,2017,2025,15.9,15.6,-1.89,stagneret,2,Danmarks Statistik,
183,kost,2017,2025,18.8,20.5,9.04,forkert,2,Danmarks Statistik,
185,kost,2017,2025,18.2,21.0,15.38,forkert,2,Danmarks Statistik,
187,kost,2017,2025,12.7,16.3,28.35,forkert,2,Danmarks Statistik,
190,kost,2017,2025,9.6,10.0,4.17,stagneret,2,Danmarks Statistik,
201,kost,2017,2025,10.3,11.7,13.59,forkert,2,Danmarks Statistik,
210,kost,2017,2025,12.7,12.3,-3.15,stagneret,2,Danmarks Statistik,
217,kost,2017,2025,12.7,14.0,10.24,forkert,2,Danmarks Statistik,
219,kost,2017,2025,12.1,15.1,24.79,forkert,2,Danmarks Statistik,
223,kost,2017,2025,9.5,10.8,13.68,forkert,2,Danmarks Statistik,
230,kost,2017,2025,8.9,8.8,-1.12,rigtig,2,Danmarks Statistik,
240,kost,2017,2025,13.1,17.6,34.35,forkert,2,Danmarks Statistik,
250,kost,2017,2025,14.7,19.1,29.93,forkert,2,Danmarks Statistik,
253,kost,2017,2025,15.4,19.2,24.68,forkert,2,Danmarks Statistik,
259,kost,2017,2025,15.0,18.8,25.33,forkert,2,Danmarks Statistik,
260,kost,2017,2025,17.1,21.6,26.32,forkert,2,Danmarks Statistik,
265,kost,2017,2025,11.6,14.8,27.59,forkert,2,Danmarks Statistik,
269,kost,2017,2025,13.1,18.5,41.22,forkert,2,Danmarks Statistik,
270,kost,2017,2025,15.9,18.7,17.61,forkert,2,Danmarks Statistik,
306,kost,2017,2025,19.2,24.4,27.08,forkert,2,Danmarks Statistik,
316,kost,2017,2025,16.8,20.5,22.02,forkert,2,Danmarks Statistik,
320,kost,2017,2025,16.1,21.9,36.02,forkert,2,Danmarks Statistik,
326,kost,2017,2025,20.4,21.7,6.37,forkert,2,Danmarks Statistik,
329,kost,2017,2025,15.0,22.6,50.67,forkert,2,Danmarks Statistik,
330,kost,2017,2025,19.6,20.7,5.61,forkert,2,Danmarks Statistik,
336,kost,2017,2025,14.5,20.0,37.93,forkert,2,Danmarks Statistik,
340,kost,2017,2025,14.1,15.6,10.64,forkert,2,Danmarks Statistik,
350,kost,2017,2025,12.6,16.7,32.54,forkert,2,Danmarks Statistik,
360,kost,2017,2025,21.8,26.0,19.27,forkert,2,Danmarks Statistik,
370,kost,2017,2025,16.5,20.7,25.45,forkert,2,Danmarks Statistik,
376,kost,2017,2025,17.8,19.7,10.67,forkert,2,Danmarks Statistik,
390,kost,2017,2025,15.7,20.5,30.57,forkert,2,Danmarks Statistik,
400,kost,2017,2025,17.2,19.0,10.47,forkert,2,Danmarks Statistik,
410,kost,2017,2025,17.8,19.7,10.67,forkert,2,Danmarks Statistik,
420,kost,2017,2025,19.3,22.4,16.06,forkert,2,Danmarks Statistik,
430,kost,2017,2025,17.9,19.1,6.7,forkert,2,Danmarks Statistik,
440,kost,2017,2025,18.1,21.7,19.89,forkert,2,Danmarks Statistik,
450,kost,2017,2025,16.1,23.1,43.48,forkert,2,Danmarks Statistik,
461,kost,2017,2025,17.0,18.1,6.47,forkert,2,Danmarks Statistik,
479,kost,2017,2025,14.8,16.6,12.16,forkert,2,Danmarks Statistik,
480,kost,2017,2025,20.8,24.5,17.79,forkert,2,Danmarks Statistik,
482,kost,2017,2025,22.5,20.1,-10.67,rigtig,2,Danmarks Statistik,
492,kost,2017,2025,18.3,18.3,0.0,stagneret,2,Danmarks Statistik,
510,kost,2017,2025,17.7,25.0,41.24,forkert,2,Danmarks Statistik,
530,kost,2017,2025,18.1,19.4,7.18,forkert,2,Danmarks Statistik,
540,kost,2017,2025,18.2,21.7,19.23,forkert,2,Danmarks Statistik,
550,kost,2017,2025,22.5,24.2,7.56,forkert,2,Danmarks Statistik,
561,kost,2017,2025,19.6,22.9,16.84,forkert,2,Danmarks Statistik,
563,kost,2017,2025,13.4,16.5,23.13,forkert,2,Danmarks Statistik,
573,kost,2017,2025,18.4,21.1,14.67,forkert,2,Danmarks Statistik,
575,kost,2017,2025,21.8,23.7,8.72,forkert,2,Danmarks Statistik,
580,kost,2017,2025,19.3,19.9,3.11,stagneret,2,Danmarks Statistik,
607,kost,2017,2025,19.7,22.5,14.21,forkert,2,Danmarks Statistik,
615,kost,2017,2025,20.0,21.9,9.5,forkert,2,Danmarks Statistik,
621,kost,2017,2025,15.7,19.1,21.66,forkert,2,Danmarks Statistik,
630,kost,2017,2025,15.8,18.5,17.09,forkert,2,Danmarks Statistik,
657,kost,2017,2025,19.6,23.0,17.35,forkert,2,Danmarks Statistik,
661,kost,2017,2025,20.6,23.8,15.53,forkert,2,Danmarks Statistik,
665,kost,2017,2025,20.1,22.2,10.45,forkert,2,Danmarks Statistik,
671,kost,2017,2025,22.4,25.3,12.95,forkert,2,Danmarks Statistik,
706,kost,2017,2025,17.9,16.2,-9.5,rigtig,2,Danmarks Statistik,
707,kost,2017,2025,21.1,24.8,17.54,forkert,2,Danmarks Statistik,
710,kost,2017,2025,14.2,18.9,33.1,forkert,2,Danmarks Statistik,
727,kost,2017,2025,16.4,16.3,-0.61,stagneret,2,Danmarks Statistik,
730,kost,2017,2025,20.1,23.8,18.41,forkert,2,Danmarks Statistik,
740,kost,2017,2025,18.6,18.0,-3.23,stagneret,2,Danmarks Statistik,
741,kost,2017,2025,13.8,14.3,3.62,stagneret,2,Danmarks Statistik,
746,kost,2017,2025,13.8,15.6,13.04,forkert,2,Danmarks Statistik,
751,kost,2017,2025,12.6,15.2,20.63,forkert,2,Danmarks Statistik,
756,kost,2017,2025,19.5,22.5,15.38,forkert,2,Danmarks Statistik,
760,kost,2017,2025,21.1,22.4,6.16,forkert,2,Danmarks Statistik,
766,kost,2017,2025,19.3,22.7,17.62,forkert,2,Danmarks Statistik,
773,kost,2017,2025,22.9,29.1,27.07,forkert,2,Danmarks Statistik,
779,kost,2017,2025,22.1,25.2,14.03,forkert,2,Danmarks Statistik,
787,kost,2017,2025,20.4,24.9,22.06,forkert,2,Danmarks Statistik,
791,kost,2017,2025,20.2,24.2,19.8,forkert,2,Danmarks Statistik,
810,kost,2017,2025,22.3,24.9,11.66,forkert,2,Danmarks Statistik,
813,kost,2017,2025,20.3,22.9,12.81,forkert,2,Danmarks Statistik,
820,kost,2017,2025,21.2,25.4,19.81,forkert,2,Danmarks Statistik,
825,kost,2017,2025,20.1,20.4,1.49,stagneret,2,Danmarks Statistik,
840,kost,2017,2025,16.2,20.3,25.31,forkert,2,Danmarks Statistik,
846,kost,2017,2025,20.0,21.7,8.5,forkert,2,Danmarks Statistik,
849,kost,2017,2025,21.2,23.6,11.32,forkert,2,Danmarks Statistik,
851,kost,2017,2025,17.1,20.9,22.22,forkert,2,Danmarks Statistik,
860,kost,2017,2025,19.1,22.3,16.75,forkert,2,Danmarks Statistik,
101,kultur_spending,2010-2012,2023-2025,322.3333,521.0,61.63,rigtig,16,Danmarks Statistik,
147,kultur_spending,2010-2012,2023-2025,193.6667,311.3333,60.76,rigtig,16,Danmarks Statistik,
151,kultur_spending,2010-2012,2023-2025,466.0,538.0,15.45,tempo,16,Danmarks Statistik,
153,kultur_spending,2010-2012,2023-2025,144.3333,630.6667,336.95,rigtig,16,Danmarks Statistik,
155,kultur_spending,2010-2012,2023-2025,158.0,232.0,46.84,rigtig,16,Danmarks Statistik,
157,kultur_spending,2010-2012,2023-2025,228.0,550.6667,141.52,rigtig,16,Danmarks Statistik,
159,kultur_spending,2010-2012,2023-2025,214.3333,247.6667,15.55,tempo,16,Danmarks Statistik,
161,kultur_spending,2010-2012,2023-2025,238.3333,268.0,12.45,tempo,16,Danmarks Statistik,
163,kultur_spending,2010-2012,2023-2025,737.6667,665.6667,-9.76,forkert,16,Danmarks Statistik,
165,kultur_spending,2010-2012,2023-2025,601.0,645.3333,7.38,tempo,16,Danmarks Statistik,
167,kultur_spending,2010-2012,2023-2025,443.0,567.3333,28.07,tempo,16,Danmarks Statistik,
169,kultur_spending,2010-2012,2023-2025,490.3333,517.6667,5.57,tempo,16,Danmarks Statistik,
173,kultur_spending,2010-2012,2023-2025,350.0,404.6667,15.62,tempo,16,Danmarks Statistik,
175,kultur_spending,2010-2012,2023-2025,307.3333,366.6667,19.31,tempo,16,Danmarks Statistik,
183,kultur_spending,2010-2012,2023-2025,532.6667,762.3333,43.12,rigtig,16,Danmarks Statistik,
185,kultur_spending,2010-2012,2023-2025,269.3333,288.6667,7.18,tempo,16,Danmarks Statistik,
187,kultur_spending,2010-2012,2023-2025,223.3333,260.0,16.42,tempo,16,Danmarks Statistik,
190,kultur_spending,2010-2012,2023-2025,585.3333,653.0,11.56,tempo,16,Danmarks Statistik,
201,kultur_spending,2010-2012,2023-2025,493.3333,517.0,4.8,tempo,16,Danmarks Statistik,
210,kultur_spending,2010-2012,2023-2025,199.0,297.3333,49.41,rigtig,16,Danmarks Statistik,
217,kultur_spending,2010-2012,2023-2025,597.6667,751.6667,25.77,tempo,16,Danmarks Statistik,
219,kultur_spending,2010-2012,2023-2025,223.3333,334.6667,49.85,rigtig,16,Danmarks Statistik,
223,kultur_spending,2010-2012,2023-2025,505.3333,636.3333,25.92,tempo,16,Danmarks Statistik,
230,kultur_spending,2010-2012,2023-2025,482.3333,510.3333,5.81,tempo,16,Danmarks Statistik,
240,kultur_spending,2010-2012,2023-2025,173.6667,152.3333,-12.28,forkert,16,Danmarks Statistik,
250,kultur_spending,2010-2012,2023-2025,293.6667,341.6667,16.35,tempo,16,Danmarks Statistik,
253,kultur_spending,2010-2012,2023-2025,401.6667,259.6667,-35.35,forkert,16,Danmarks Statistik,
259,kultur_spending,2010-2012,2023-2025,391.3333,478.0,22.15,tempo,16,Danmarks Statistik,
260,kultur_spending,2010-2012,2023-2025,304.0,389.3333,28.07,tempo,16,Danmarks Statistik,
265,kultur_spending,2010-2012,2023-2025,395.3333,547.0,38.36,rigtig,16,Danmarks Statistik,
269,kultur_spending,2010-2012,2023-2025,84.6667,94.0,11.02,tempo,16,Danmarks Statistik,
270,kultur_spending,2010-2012,2023-2025,195.0,268.3333,37.61,rigtig,16,Danmarks Statistik,
306,kultur_spending,2010-2012,2023-2025,275.6667,386.0,40.02,rigtig,16,Danmarks Statistik,
316,kultur_spending,2010-2012,2023-2025,313.6667,522.3333,66.52,rigtig,16,Danmarks Statistik,
320,kultur_spending,2010-2012,2023-2025,153.3333,214.0,39.57,rigtig,16,Danmarks Statistik,
326,kultur_spending,2010-2012,2023-2025,219.6667,300.3333,36.72,rigtig,16,Danmarks Statistik,
329,kultur_spending,2010-2012,2023-2025,389.6667,477.0,22.41,tempo,16,Danmarks Statistik,
330,kultur_spending,2010-2012,2023-2025,335.3333,373.3333,11.33,tempo,16,Danmarks Statistik,
336,kultur_spending,2010-2012,2023-2025,93.0,417.3333,348.75,rigtig,16,Danmarks Statistik,
340,kultur_spending,2010-2012,2023-2025,229.3333,342.0,49.13,rigtig,16,Danmarks Statistik,
350,kultur_spending,2010-2012,2023-2025,286.0,385.0,34.62,rigtig,16,Danmarks Statistik,
360,kultur_spending,2010-2012,2023-2025,316.3333,416.3333,31.61,tempo,16,Danmarks Statistik,
370,kultur_spending,2010-2012,2023-2025,348.6667,466.6667,33.84,tempo,16,Danmarks Statistik,
376,kultur_spending,2010-2012,2023-2025,383.0,481.3333,25.67,tempo,16,Danmarks Statistik,
390,kultur_spending,2010-2012,2023-2025,316.3333,408.6667,29.19,tempo,16,Danmarks Statistik,
400,kultur_spending,2010-2012,2023-2025,330.6667,477.3333,44.35,rigtig,16,Danmarks Statistik,
410,kultur_spending,2010-2012,2023-2025,221.0,245.6667,11.16,tempo,16,Danmarks Statistik,
420,kultur_spending,2010-2012,2023-2025,267.3333,449.0,67.96,rigtig,16,Danmarks Statistik,
430,kultur_spending,2010-2012,2023-2025,217.0,370.0,70.51,rigtig,16,Danmarks Statistik,
440,kultur_spending,2010-2012,2023-2025,339.3333,241.0,-28.98,forkert,16,Danmarks Statistik,
450,kultur_spending,2010-2012,2023-2025,185.3333,364.6667,96.76,rigtig,16,Danmarks Statistik,
461,kultur_spending,2010-2012,2023-2025,681.0,705.0,3.52,tempo,16,Danmarks Statistik,
479,kultur_spending,2010-2012,2023-2025,305.3333,417.3333,36.68,rigtig,16,Danmarks Statistik,
480,kultur_spending,2010-2012,2023-2025,210.0,342.3333,63.02,rigtig,16,Danmarks Statistik,
482,kultur_spending,2010-2012,2023-2025,250.0,315.0,26.0,tempo,16,Danmarks Statistik,
492,kultur_spending,2010-2012,2023-2025,232.0,421.0,81.47,rigtig,16,Danmarks Statistik,
510,kultur_spending,2010-2012,2023-2025,395.6667,607.0,53.41,rigtig,16,Danmarks Statistik,
530,kultur_spending,2010-2012,2023-2025,267.0,572.0,114.23,rigtig,16,Danmarks Statistik,
540,kultur_spending,2010-2012,2023-2025,370.0,447.3333,20.9,tempo,16,Danmarks Statistik,
550,kultur_spending,2010-2012,2023-2025,224.0,362.0,61.61,rigtig,16,Danmarks Statistik,
561,kultur_spending,2010-2012,2023-2025,503.6667,795.0,57.84,rigtig,16,Danmarks Statistik,
563,kultur_spending,2010-2012,2023-2025,390.6667,305.6667,-21.76,forkert,16,Danmarks Statistik,
573,kultur_spending,2010-2012,2023-2025,184.6667,288.0,55.96,rigtig,16,Danmarks Statistik,
575,kultur_spending,2010-2012,2023-2025,117.0,182.6667,56.13,rigtig,16,Danmarks Statistik,
580,kultur_spending,2010-2012,2023-2025,238.0,415.0,74.37,rigtig,16,Danmarks Statistik,
607,kultur_spending,2010-2012,2023-2025,796.0,951.0,19.47,tempo,16,Danmarks Statistik,
615,kultur_spending,2010-2012,2023-2025,370.0,657.6667,77.75,rigtig,16,Danmarks Statistik,
621,kultur_spending,2010-2012,2023-2025,454.6667,669.6667,47.29,rigtig,16,Danmarks Statistik,
630,kultur_spending,2010-2012,2023-2025,294.3333,387.0,31.48,tempo,16,Danmarks Statistik,
657,kultur_spending,2010-2012,2023-2025,509.3333,722.0,41.75,rigtig,16,Danmarks Statistik,
661,kultur_spending,2010-2012,2023-2025,714.0,952.3333,33.38,tempo,16,Danmarks Statistik,
665,kultur_spending,2010-2012,2023-2025,202.6667,343.0,69.24,rigtig,16,Danmarks Statistik,
671,kultur_spending,2010-2012,2023-2025,385.6667,482.0,24.98,tempo,16,Danmarks Statistik,
706,kultur_spending,2010-2012,2023-2025,227.0,370.6667,63.29,rigtig,16,Danmarks Statistik,
707,kultur_spending,2010-2012,2023-2025,165.3333,384.0,132.26,rigtig,16,Danmarks Statistik,
710,kultur_spending,2010-2012,2023-2025,226.0,318.6667,41.0,rigtig,16,Danmarks Statistik,
727,kultur_spending,2010-2012,2023-2025,103.3333,173.3333,67.74,rigtig,16,Danmarks Statistik,
730,kultur_spending,2010-2012,2023-2025,441.0,517.0,17.23,tempo,16,Danmarks Statistik,
740,kultur_spending,2010-2012,2023-2025,333.0,399.6667,20.02,tempo,16,Danmarks Statistik,
741,kultur_spending,2010-2012,2023-2025,147.3333,172.0,16.74,tempo,16,Danmarks Statistik,
746,kultur_spending,2010-2012,2023-2025,200.0,348.0,74.0,rigtig,16,Danmarks Statistik,
751,kultur_spending,2010-2012,2023-2025,406.0,355.6667,-12.4,forkert,16,Danmarks Statistik,
756,kultur_spending,2010-2012,2023-2025,201.6667,197.3333,-2.15,forkert,16,Danmarks Statistik,
760,kultur_spending,2010-2012,2023-2025,222.6667,470.3333,111.23,rigtig,16,Danmarks Statistik,
766,kultur_spending,2010-2012,2023-2025,82.3333,131.6667,59.92,rigtig,16,Danmarks Statistik,
773,kultur_spending,2010-2012,2023-2025,272.6667,564.3333,106.97,rigtig,16,Danmarks Statistik,
779,kultur_spending,2010-2012,2023-2025,271.3333,395.6667,45.82,rigtig,16,Danmarks Statistik,
787,kultur_spending,2010-2012,2023-2025,286.0,429.6667,50.23,rigtig,16,Danmarks Statistik,
791,kultur_spending,2010-2012,2023-2025,372.0,476.0,27.96,tempo,16,Danmarks Statistik,
810,kultur_spending,2010-2012,2023-2025,199.0,287.6667,44.56,rigtig,16,Danmarks Statistik,
813,kultur_spending,2010-2012,2023-2025,352.6667,459.6667,30.34,tempo,16,Danmarks Statistik,
820,kultur_spending,2010-2012,2023-2025,148.6667,236.6667,59.19,rigtig,16,Danmarks Statistik,
825,kultur_spending,2010-2012,2023-2025,123.6667,462.3333,273.85,rigtig,16,Danmarks Statistik,
840,kultur_spending,2010-2012,2023-2025,290.3333,338.6667,16.65,tempo,16,Danmarks Statistik,
846,kultur_spending,2010-2012,2023-2025,278.6667,462.6667,66.03,rigtig,16,Danmarks Statistik,
849,kultur_spending,2010-2012,2023-2025,233.0,284.3333,22.03,tempo,16,Danmarks Statistik,
851,kultur_spending,2010-2012,2023-2025,646.6667,812.3333,25.62,tempo,16,Danmarks Statistik,
860,kultur_spending,2010-2012,2023-2025,314.3333,374.6667,19.19,tempo,16,Danmarks Statistik,
101,le_gender_gap,2014-2016,2023-2025,5.2667,4.5333,-13.92,rigtig,12,Danmarks Statistik,
147,le_gender_gap,2014-2016,2023-2025,4.1,3.5667,-13.01,rigtig,12,Danmarks Statistik,
151,le_gender_gap,2014-2016,2023-2025,4.5667,3.8667,-15.33,rigtig,12,Danmarks Statistik,
153,le_gender_gap,2014-2016,2023-2025,4.6,2.6667,-42.03,rigtig,12,Danmarks Statistik,
155,le_gender_gap,2014-2016,2023-2025,3.5,3.8,8.57,forkert,12,Danmarks Statistik,
157,le_gender_gap,2014-2016,2023-2025,3.4333,3.8333,11.65,forkert,12,Danmarks Statistik,
159,le_gender_gap,2014-2016,2023-2025,4.3333,3.9667,-8.46,rigtig,12,Danmarks Statistik,
161,le_gender_gap,2014-2016,2023-2025,3.8,3.9333,3.51,forkert,12,Danmarks Statistik,
163,le_gender_gap,2014-2016,2023-2025,3.9333,3.7333,-5.08,tempo,12,Danmarks Statistik,
165,le_gender_gap,2014-2016,2023-2025,3.7,3.2,-13.51,rigtig,12,Danmarks Statistik,
167,le_gender_gap,2014-2016,2023-2025,4.0667,3.2667,-19.67,rigtig,12,Danmarks Statistik,
169,le_gender_gap,2014-2016,2023-2025,3.4333,4.1667,21.36,forkert,12,Danmarks Statistik,
173,le_gender_gap,2014-2016,2023-2025,4.2,3.6333,-13.49,rigtig,12,Danmarks Statistik,
175,le_gender_gap,2014-2016,2023-2025,4.1,3.8,-7.32,rigtig,12,Danmarks Statistik,
183,le_gender_gap,2014-2016,2023-2025,3.3333,3.7,11.0,forkert,12,Danmarks Statistik,
185,le_gender_gap,2014-2016,2023-2025,4.0667,3.8333,-5.74,rigtig,12,Danmarks Statistik,
187,le_gender_gap,2014-2016,2023-2025,2.9,3.6667,26.44,forkert,12,Danmarks Statistik,
190,le_gender_gap,2014-2016,2023-2025,3.1667,3.5333,11.58,forkert,12,Danmarks Statistik,
201,le_gender_gap,2014-2016,2023-2025,3.9667,2.0667,-47.9,rigtig,12,Danmarks Statistik,
210,le_gender_gap,2014-2016,2023-2025,3.7667,3.3333,-11.5,rigtig,12,Danmarks Statistik,
217,le_gender_gap,2014-2016,2023-2025,4.0333,4.8667,20.66,forkert,12,Danmarks Statistik,
219,le_gender_gap,2014-2016,2023-2025,3.1667,4.2667,34.74,forkert,12,Danmarks Statistik,
223,le_gender_gap,2014-2016,2023-2025,3.2333,3.8333,18.56,forkert,12,Danmarks Statistik,
230,le_gender_gap,2014-2016,2023-2025,3.2,3.5333,10.42,forkert,12,Danmarks Statistik,
240,le_gender_gap,2014-2016,2023-2025,2.8667,3.2333,12.79,forkert,12,Danmarks Statistik,
250,le_gender_gap,2014-2016,2023-2025,4.2,3.9333,-6.35,rigtig,12,Danmarks Statistik,
253,le_gender_gap,2014-2016,2023-2025,2.6,3.0,15.38,forkert,12,Danmarks Statistik,
259,le_gender_gap,2014-2016,2023-2025,3.2667,3.9,19.39,forkert,12,Danmarks Statistik,
260,le_gender_gap,2014-2016,2023-2025,4.4667,3.6,-19.4,rigtig,12,Danmarks Statistik,
265,le_gender_gap,2014-2016,2023-2025,4.2667,3.1667,-25.78,rigtig,12,Danmarks Statistik,
269,le_gender_gap,2014-2016,2023-2025,2.2667,4.5667,101.47,forkert,12,Danmarks Statistik,
270,le_gender_gap,2014-2016,2023-2025,3.8667,3.7,-4.31,tempo,12,Danmarks Statistik,
306,le_gender_gap,2014-2016,2023-2025,4.3333,4.0,-7.69,rigtig,12,Danmarks Statistik,
316,le_gender_gap,2014-2016,2023-2025,3.8333,4.3,12.17,forkert,12,Danmarks Statistik,
320,le_gender_gap,2014-2016,2023-2025,4.7333,4.1,-13.38,rigtig,12,Danmarks Statistik,
326,le_gender_gap,2014-2016,2023-2025,4.5,3.7667,-16.3,rigtig,12,Danmarks Statistik,
329,le_gender_gap,2014-2016,2023-2025,4.4667,3.6,-19.4,rigtig,12,Danmarks Statistik,
330,le_gender_gap,2014-2016,2023-2025,5.0,4.1667,-16.67,rigtig,12,Danmarks Statistik,
336,le_gender_gap,2014-2016,2023-2025,2.9667,3.8667,30.34,forkert,12,Danmarks Statistik,
340,le_gender_gap,2014-2016,2023-2025,3.8667,4.7333,22.41,forkert,12,Danmarks Statistik,
350,le_gender_gap,2014-2016,2023-2025,4.7667,2.6333,-44.76,rigtig,12,Danmarks Statistik,
360,le_gender_gap,2014-2016,2023-2025,4.8667,5.3333,9.59,forkert,12,Danmarks Statistik,
370,le_gender_gap,2014-2016,2023-2025,4.4333,3.8333,-13.53,rigtig,12,Danmarks Statistik,
376,le_gender_gap,2014-2016,2023-2025,5.1333,4.9,-4.55,tempo,12,Danmarks Statistik,
390,le_gender_gap,2014-2016,2023-2025,5.0667,3.8667,-23.68,rigtig,12,Danmarks Statistik,
400,le_gender_gap,2014-2016,2023-2025,4.2333,4.6,8.66,forkert,12,Danmarks Statistik,
410,le_gender_gap,2014-2016,2023-2025,3.9667,4.2667,7.56,forkert,12,Danmarks Statistik,
420,le_gender_gap,2014-2016,2023-2025,3.7333,2.9667,-20.54,rigtig,12,Danmarks Statistik,
430,le_gender_gap,2014-2016,2023-2025,4.3,4.7333,10.08,forkert,12,Danmarks Statistik,
440,le_gender_gap,2014-2016,2023-2025,4.9667,4.2333,-14.77,rigtig,12,Danmarks Statistik,
450,le_gender_gap,2014-2016,2023-2025,4.4333,3.0,-32.33,rigtig,12,Danmarks Statistik,
461,le_gender_gap,2014-2016,2023-2025,4.2333,4.3333,2.36,forkert,12,Danmarks Statistik,
479,le_gender_gap,2014-2016,2023-2025,3.9333,4.8,22.03,forkert,12,Danmarks Statistik,
480,le_gender_gap,2014-2016,2023-2025,3.2667,3.8,16.33,forkert,12,Danmarks Statistik,
482,le_gender_gap,2014-2016,2023-2025,4.1667,3.8,-8.8,rigtig,12,Danmarks Statistik,
510,le_gender_gap,2014-2016,2023-2025,3.4,4.2333,24.51,forkert,12,Danmarks Statistik,
530,le_gender_gap,2014-2016,2023-2025,3.1,4.4667,44.09,forkert,12,Danmarks Statistik,
540,le_gender_gap,2014-2016,2023-2025,4.3333,3.4333,-20.77,rigtig,12,Danmarks Statistik,
550,le_gender_gap,2014-2016,2023-2025,4.4,4.1667,-5.3,tempo,12,Danmarks Statistik,
561,le_gender_gap,2014-2016,2023-2025,3.9,3.6667,-5.98,rigtig,12,Danmarks Statistik,
573,le_gender_gap,2014-2016,2023-2025,3.8,3.2333,-14.91,rigtig,12,Danmarks Statistik,
575,le_gender_gap,2014-2016,2023-2025,3.5667,3.7,3.74,forkert,12,Danmarks Statistik,
580,le_gender_gap,2014-2016,2023-2025,4.4333,3.7,-16.54,rigtig,12,Danmarks Statistik,
607,le_gender_gap,2014-2016,2023-2025,2.7667,4.0333,45.78,forkert,12,Danmarks Statistik,
615,le_gender_gap,2014-2016,2023-2025,4.1333,4.2667,3.23,forkert,12,Danmarks Statistik,
621,le_gender_gap,2014-2016,2023-2025,4.0333,3.8667,-4.13,tempo,12,Danmarks Statistik,
630,le_gender_gap,2014-2016,2023-2025,4.3667,3.6333,-16.79,rigtig,12,Danmarks Statistik,
657,le_gender_gap,2014-2016,2023-2025,3.9667,4.0333,1.68,forkert,12,Danmarks Statistik,
661,le_gender_gap,2014-2016,2023-2025,4.1,3.7333,-8.94,rigtig,12,Danmarks Statistik,
665,le_gender_gap,2014-2016,2023-2025,3.5,4.2333,20.95,forkert,12,Danmarks Statistik,
671,le_gender_gap,2014-2016,2023-2025,4.0,4.3333,8.33,forkert,12,Danmarks Statistik,
706,le_gender_gap,2014-2016,2023-2025,3.6333,3.1667,-12.84,rigtig,12,Danmarks Statistik,
707,le_gender_gap,2014-2016,2023-2025,4.0333,4.0333,0.0,stagneret,12,Danmarks Statistik,
710,le_gender_gap,2014-2016,2023-2025,3.3,3.2667,-1.01,tempo,12,Danmarks Statistik,
727,le_gender_gap,2014-2016,2023-2025,4.7,3.1333,-33.33,rigtig,12,Danmarks Statistik,
730,le_gender_gap,2014-2016,2023-2025,4.1667,4.5333,8.8,forkert,12,Danmarks Statistik,
740,le_gender_gap,2014-2016,2023-2025,3.7667,3.4667,-7.96,rigtig,12,Danmarks Statistik,
746,le_gender_gap,2014-2016,2023-2025,3.7667,3.4667,-7.96,rigtig,12,Danmarks Statistik,
751,le_gender_gap,2014-2016,2023-2025,4.2333,3.7667,-11.02,rigtig,12,Danmarks Statistik,
756,le_gender_gap,2014-2016,2023-2025,3.2333,3.9333,21.65,forkert,12,Danmarks Statistik,
760,le_gender_gap,2014-2016,2023-2025,4.1667,3.6333,-12.8,rigtig,12,Danmarks Statistik,
766,le_gender_gap,2014-2016,2023-2025,3.9,3.8333,-1.71,tempo,12,Danmarks Statistik,
773,le_gender_gap,2014-2016,2023-2025,5.3333,3.5667,-33.12,rigtig,12,Danmarks Statistik,
779,le_gender_gap,2014-2016,2023-2025,3.9667,2.6667,-32.77,rigtig,12,Danmarks Statistik,
787,le_gender_gap,2014-2016,2023-2025,4.4333,4.3333,-2.26,tempo,12,Danmarks Statistik,
791,le_gender_gap,2014-2016,2023-2025,3.7667,3.6,-4.42,tempo,12,Danmarks Statistik,
810,le_gender_gap,2014-2016,2023-2025,4.0667,2.2333,-45.08,rigtig,12,Danmarks Statistik,
813,le_gender_gap,2014-2016,2023-2025,3.8667,3.8333,-0.86,stagneret,12,Danmarks Statistik,
820,le_gender_gap,2014-2016,2023-2025,3.7333,3.4333,-8.04,rigtig,12,Danmarks Statistik,
840,le_gender_gap,2014-2016,2023-2025,3.6333,3.0333,-16.51,rigtig,12,Danmarks Statistik,
846,le_gender_gap,2014-2016,2023-2025,4.0,3.9667,-0.83,stagneret,12,Danmarks Statistik,
849,le_gender_gap,2014-2016,2023-2025,3.9333,3.5333,-10.17,rigtig,12,Danmarks Statistik,
851,le_gender_gap,2014-2016,2023-2025,3.8333,3.5,-8.7,rigtig,12,Danmarks Statistik,
860,le_gender_gap,2014-2016,2023-2025,4.1333,3.9,-5.65,rigtig,12,Danmarks Statistik,
101,library_use,2010-2012,2023-2025,7.4167,4.1133,-44.54,forkert,14,Danmarks Statistik,
147,library_use,2010-2012,2023-2025,8.6733,3.7933,-56.26,forkert,14,Danmarks Statistik,
151,library_use,2010-2012,2023-2025,10.74,4.8733,-54.62,forkert,14,Danmarks Statistik,
153,library_use,2010-2012,2023-2025,6.27,2.9067,-53.64,forkert,14,Danmarks Statistik,
155,library_use,2010-2012,2023-2025,7.8933,3.61,-54.27,forkert,14,Danmarks Statistik,
157,library_use,2010-2012,2023-2025,12.22,9.5933,-21.49,forkert,14,Danmarks Statistik,
159,library_use,2010-2012,2023-2025,10.3967,4.6333,-55.43,forkert,14,Danmarks Statistik,
161,library_use,2010-2012,2023-2025,10.0367,4.1267,-58.88,forkert,14,Danmarks Statistik,
163,library_use,2010-2012,2023-2025,8.87,4.4833,-49.46,forkert,14,Danmarks Statistik,
165,library_use,2010-2012,2023-2025,9.76,3.7,-62.09,forkert,14,Danmarks Statistik,
167,library_use,2010-2012,2023-2025,9.8133,6.1133,-37.7,forkert,14,Danmarks Statistik,
169,library_use,2010-2012,2023-2025,7.5733,3.5767,-52.77,forkert,14,Danmarks Statistik,
173,library_use,2010-2012,2023-2025,9.5533,6.9133,-27.63,forkert,14,Danmarks Statistik,
175,library_use,2010-2012,2023-2025,8.1767,4.8367,-40.85,forkert,14,Danmarks Statistik,
183,library_use,2010-2012,2023-2025,7.8467,2.8233,-64.02,forkert,14,Danmarks Statistik,
185,library_use,2010-2012,2023-2025,10.97,5.0733,-53.75,forkert,14,Danmarks Statistik,
187,library_use,2010-2012,2023-2025,7.7233,2.3033,-70.18,forkert,14,Danmarks Statistik,
190,library_use,2010-2012,2023-2025,10.2767,6.28,-38.89,forkert,14,Danmarks Statistik,
201,library_use,2010-2012,2023-2025,11.58,8.89,-23.23,forkert,14,Danmarks Statistik,
210,library_use,2010-2012,2023-2025,7.7,4.3333,-43.72,forkert,14,Danmarks Statistik,
217,library_use,2010-2012,2023-2025,10.5567,5.3,-49.79,forkert,14,Danmarks Statistik,
219,library_use,2010-2012,2023-2025,7.54,5.26,-30.24,forkert,14,Danmarks Statistik,
223,library_use,2010-2012,2023-2025,10.8133,6.9333,-35.88,forkert,14,Danmarks Statistik,
230,library_use,2010-2012,2023-2025,10.99,6.9533,-36.73,forkert,14,Danmarks Statistik,
240,library_use,2010-2012,2023-2025,7.8433,3.9533,-49.6,forkert,14,Danmarks Statistik,
250,library_use,2010-2012,2023-2025,8.0733,4.3533,-46.08,forkert,14,Danmarks Statistik,
253,library_use,2010-2012,2023-2025,7.3933,3.4333,-53.56,forkert,14,Danmarks Statistik,
259,library_use,2010-2012,2023-2025,8.2867,4.3,-48.11,forkert,14,Danmarks Statistik,
260,library_use,2010-2012,2023-2025,7.9167,4.05,-48.84,forkert,14,Danmarks Statistik,
265,library_use,2010-2012,2023-2025,11.74,7.0367,-40.06,forkert,14,Danmarks Statistik,
269,library_use,2010-2012,2023-2025,6.8733,4.34,-36.86,forkert,14,Danmarks Statistik,
270,library_use,2010-2012,2023-2025,1.32,5.39,308.33,rigtig,14,Danmarks Statistik,
306,library_use,2010-2012,2023-2025,8.21,3.28,-60.05,forkert,14,Danmarks Statistik,
316,library_use,2010-2012,2023-2025,7.6467,3.4467,-54.93,forkert,14,Danmarks Statistik,
320,library_use,2010-2012,2023-2025,6.5033,3.0933,-52.43,forkert,14,Danmarks Statistik,
326,library_use,2010-2012,2023-2025,6.13,2.7467,-55.19,forkert,14,Danmarks Statistik,
329,library_use,2010-2012,2023-2025,7.97,3.59,-54.96,forkert,14,Danmarks Statistik,
330,library_use,2010-2012,2023-2025,6.95,2.8233,-59.38,forkert,14,Danmarks Statistik,
336,library_use,2010-2012,2023-2025,7.5067,3.3433,-55.46,forkert,14,Danmarks Statistik,
340,library_use,2010-2012,2023-2025,7.01,4.06,-42.08,forkert,14,Danmarks Statistik,
350,library_use,2010-2012,2023-2025,6.6367,3.32,-49.97,forkert,14,Danmarks Statistik,
360,library_use,2010-2012,2023-2025,6.16,3.1533,-48.81,forkert,14,Danmarks Statistik,
370,library_use,2010-2012,2023-2025,6.0633,3.0133,-50.3,forkert,14,Danmarks Statistik,
376,library_use,2010-2012,2023-2025,8.3533,4.5267,-45.81,forkert,14,Danmarks Statistik,
390,library_use,2010-2012,2023-2025,7.9767,4.4867,-43.75,forkert,14,Danmarks Statistik,
400,library_use,2010-2012,2023-2025,8.4933,6.9167,-18.56,forkert,14,Danmarks Statistik,
410,library_use,2010-2012,2023-2025,9.7633,4.5033,-53.88,forkert,14,Danmarks Statistik,
420,library_use,2010-2012,2023-2025,6.0667,3.25,-46.43,forkert,14,Danmarks Statistik,
430,library_use,2010-2012,2023-2025,8.6833,4.2833,-50.67,forkert,14,Danmarks Statistik,
440,library_use,2010-2012,2023-2025,5.63,3.7833,-32.8,forkert,14,Danmarks Statistik,
450,library_use,2010-2012,2023-2025,8.04,6.0933,-24.21,forkert,14,Danmarks Statistik,
461,library_use,2010-2012,2023-2025,7.59,4.0133,-47.12,forkert,14,Danmarks Statistik,
479,library_use,2010-2012,2023-2025,9.4833,6.47,-31.78,forkert,14,Danmarks Statistik,
480,library_use,2010-2012,2023-2025,5.2233,3.11,-40.46,forkert,14,Danmarks Statistik,
482,library_use,2010-2012,2023-2025,5.76,3.98,-30.9,forkert,14,Danmarks Statistik,
492,library_use,2010-2012,2023-2025,6.8433,4.2533,-37.85,forkert,14,Danmarks Statistik,
510,library_use,2010-2012,2023-2025,7.1533,3.5767,-50.0,forkert,14,Danmarks Statistik,
530,library_use,2010-2012,2023-2025,8.3667,3.3533,-59.92,forkert,14,Danmarks Statistik,
540,library_use,2010-2012,2023-2025,7.3433,3.9533,-46.16,forkert,14,Danmarks Statistik,
550,library_use,2010-2012,2023-2025,6.4733,3.2567,-49.69,forkert,14,Danmarks Statistik,
561,library_use,2010-2012,2023-2025,6.6867,3.2767,-51.0,forkert,14,Danmarks Statistik,
573,library_use,2010-2012,2023-2025,9.1933,3.9867,-56.64,forkert,14,Danmarks Statistik,
575,library_use,2010-2012,2023-2025,6.8733,3.3933,-50.63,forkert,14,Danmarks Statistik,
580,library_use,2010-2012,2023-2025,6.6567,3.5,-47.42,forkert,14,Danmarks Statistik,
607,library_use,2010-2012,2023-2025,6.2367,3.0833,-50.56,forkert,14,Danmarks Statistik,
615,library_use,2010-2012,2023-2025,6.5833,3.3767,-48.71,forkert,14,Danmarks Statistik,
621,library_use,2010-2012,2023-2025,7.1567,3.64,-49.14,forkert,14,Danmarks Statistik,
630,library_use,2010-2012,2023-2025,9.7867,4.86,-50.34,forkert,14,Danmarks Statistik,
657,library_use,2010-2012,2023-2025,10.2967,6.11,-40.66,forkert,14,Danmarks Statistik,
661,library_use,2010-2012,2023-2025,8.4867,4.1067,-51.61,forkert,14,Danmarks Statistik,
665,library_use,2010-2012,2023-2025,8.5633,4.6867,-45.27,forkert,14,Danmarks Statistik,
671,library_use,2010-2012,2023-2025,8.6767,4.5133,-47.98,forkert,14,Danmarks Statistik,
706,library_use,2010-2012,2023-2025,6.3333,4.0567,-35.95,forkert,14,Danmarks Statistik,
707,library_use,2010-2012,2023-2025,8.5,3.4833,-59.02,forkert,14,Danmarks Statistik,
710,library_use,2010-2012,2023-2025,9.2133,4.9333,-46.45,forkert,14,Danmarks Statistik,
727,library_use,2010-2012,2023-2025,13.0767,6.5733,-49.73,forkert,14,Danmarks Statistik,
730,library_use,2010-2012,2023-2025,7.4933,4.2667,-43.06,forkert,14,Danmarks Statistik,
740,library_use,2010-2012,2023-2025,8.9667,4.9333,-44.98,forkert,14,Danmarks Statistik,
741,library_use,2010-2012,2023-2025,5.6133,5.8133,3.56,rigtig,14,Danmarks Statistik,
746,library_use,2010-2012,2023-2025,7.9567,4.6733,-41.27,forkert,14,Danmarks Statistik,
751,library_use,2010-2012,2023-2025,8.17,4.25,-47.98,forkert,14,Danmarks Statistik,
756,library_use,2010-2012,2023-2025,4.5433,3.78,-16.8,forkert,14,Danmarks Statistik,
760,library_use,2010-2012,2023-2025,7.0167,3.86,-44.99,forkert,14,Danmarks Statistik,
766,library_use,2010-2012,2023-2025,5.31,3.23,-39.17,forkert,14,Danmarks Statistik,
773,library_use,2010-2012,2023-2025,7.7133,3.2867,-57.39,forkert,14,Danmarks Statistik,
779,library_use,2010-2012,2023-2025,6.8233,3.3867,-50.37,forkert,14,Danmarks Statistik,
787,library_use,2010-2012,2023-2025,6.6433,3.1033,-53.29,forkert,14,Danmarks Statistik,
791,library_use,2010-2012,2023-2025,7.7933,4.48,-42.51,forkert,14,Danmarks Statistik,
810,library_use,2010-2012,2023-2025,8.5167,5.0867,-40.27,forkert,14,Danmarks Statistik,
813,library_use,2010-2012,2023-2025,6.35,3.3033,-47.98,forkert,14,Danmarks Statistik,
820,library_use,2010-2012,2023-2025,6.2333,3.25,-47.86,forkert,14,Danmarks Statistik,
825,library_use,2010-2012,2023-2025,3.1533,1.63,-48.31,forkert,14,Danmarks Statistik,
840,library_use,2010-2012,2023-2025,6.5033,4.04,-37.88,forkert,14,Danmarks Statistik,
846,library_use,2010-2012,2023-2025,9.42,4.3233,-54.1,forkert,14,Danmarks Statistik,
849,library_use,2010-2012,2023-2025,5.83,4.08,-30.02,forkert,14,Danmarks Statistik,
851,library_use,2010-2012,2023-2025,8.32,4.07,-51.08,forkert,14,Danmarks Statistik,
860,library_use,2010-2012,2023-2025,7.4633,3.89,-47.88,forkert,14,Danmarks Statistik,
101,life_expectancy,2014-2016,2023-2025,77.9667,80.6667,3.46,rigtig,12,Danmarks Statistik,
147,life_expectancy,2014-2016,2023-2025,80.1,82.4333,2.91,rigtig,12,Danmarks Statistik,
151,life_expectancy,2014-2016,2023-2025,79.7,80.9,1.51,tempo,12,Danmarks Statistik,
153,life_expectancy,2014-2016,2023-2025,79.1333,80.1667,1.31,tempo,12,Danmarks Statistik,
155,life_expectancy,2014-2016,2023-2025,81.3333,83.0667,2.13,rigtig,12,Danmarks Statistik,
157,life_expectancy,2014-2016,2023-2025,82.4,83.8667,1.78,rigtig,12,Danmarks Statistik,
159,life_expectancy,2014-2016,2023-2025,79.5,81.4667,2.47,rigtig,12,Danmarks Statistik,
161,life_expectancy,2014-2016,2023-2025,80.1,81.1,1.25,stagneret,12,Danmarks Statistik,
163,life_expectancy,2014-2016,2023-2025,79.2333,80.2667,1.3,tempo,12,Danmarks Statistik,
165,life_expectancy,2014-2016,2023-2025,80.2667,81.5333,1.58,tempo,12,Danmarks Statistik,
167,life_expectancy,2014-2016,2023-2025,79.7333,80.9667,1.55,tempo,12,Danmarks Statistik,
169,life_expectancy,2014-2016,2023-2025,79.4333,81.3,2.35,rigtig,12,Danmarks Statistik,
173,life_expectancy,2014-2016,2023-2025,82.2,83.7333,1.87,rigtig,12,Danmarks Statistik,
175,life_expectancy,2014-2016,2023-2025,79.5333,81.2,2.1,rigtig,12,Danmarks Statistik,
183,life_expectancy,2014-2016,2023-2025,78.4,79.6333,1.57,tempo,12,Danmarks Statistik,
185,life_expectancy,2014-2016,2023-2025,79.6333,81.0333,1.76,rigtig,12,Danmarks Statistik,
187,life_expectancy,2014-2016,2023-2025,81.0333,82.4,1.69,rigtig,12,Danmarks Statistik,
190,life_expectancy,2014-2016,2023-2025,82.1333,83.0667,1.14,stagneret,12,Danmarks Statistik,
201,life_expectancy,2014-2016,2023-2025,82.1333,83.6,1.79,rigtig,12,Danmarks Statistik,
210,life_expectancy,2014-2016,2023-2025,81.2333,82.1333,1.11,stagneret,12,Danmarks Statistik,
217,life_expectancy,2014-2016,2023-2025,80.0333,81.4667,1.79,rigtig,12,Danmarks Statistik,
219,life_expectancy,2014-2016,2023-2025,80.9667,82.3333,1.69,rigtig,12,Danmarks Statistik,
223,life_expectancy,2014-2016,2023-2025,81.9667,83.4,1.75,rigtig,12,Danmarks Statistik,
230,life_expectancy,2014-2016,2023-2025,82.4667,83.8333,1.66,rigtig,12,Danmarks Statistik,
240,life_expectancy,2014-2016,2023-2025,81.8333,82.9,1.3,tempo,12,Danmarks Statistik,
250,life_expectancy,2014-2016,2023-2025,79.5,81.1667,2.1,rigtig,12,Danmarks Statistik,
253,life_expectancy,2014-2016,2023-2025,80.3333,81.9333,1.99,rigtig,12,Danmarks Statistik,
259,life_expectancy,2014-2016,2023-2025,80.2,81.1333,1.16,stagneret,12,Danmarks Statistik,
260,life_expectancy,2014-2016,2023-2025,78.8,80.5667,2.24,rigtig,12,Danmarks Statistik,
265,life_expectancy,2014-2016,2023-2025,80.7,81.9667,1.57,tempo,12,Danmarks Statistik,
269,life_expectancy,2014-2016,2023-2025,80.7667,83.1,2.89,rigtig,12,Danmarks Statistik,
270,life_expectancy,2014-2016,2023-2025,80.2333,81.9,2.08,rigtig,12,Danmarks Statistik,
306,life_expectancy,2014-2016,2023-2025,78.8667,80.2667,1.78,rigtig,12,Danmarks Statistik,
316,life_expectancy,2014-2016,2023-2025,79.8333,80.9667,1.42,tempo,12,Danmarks Statistik,
320,life_expectancy,2014-2016,2023-2025,79.5667,81.1,1.93,rigtig,12,Danmarks Statistik,
326,life_expectancy,2014-2016,2023-2025,79.0,80.4333,1.81,rigtig,12,Danmarks Statistik,
329,life_expectancy,2014-2016,2023-2025,79.7667,81.3,1.92,rigtig,12,Danmarks Statistik,
330,life_expectancy,2014-2016,2023-2025,78.7333,80.2667,1.95,rigtig,12,Danmarks Statistik,
336,life_expectancy,2014-2016,2023-2025,80.2,81.0667,1.08,stagneret,12,Danmarks Statistik,
340,life_expectancy,2014-2016,2023-2025,78.9333,80.3667,1.82,rigtig,12,Danmarks Statistik,
350,life_expectancy,2014-2016,2023-2025,81.1333,82.7667,2.01,rigtig,12,Danmarks Statistik,
360,life_expectancy,2014-2016,2023-2025,77.0667,78.6,1.99,rigtig,12,Danmarks Statistik,
370,life_expectancy,2014-2016,2023-2025,79.5333,80.6333,1.38,tempo,12,Danmarks Statistik,
376,life_expectancy,2014-2016,2023-2025,78.1,79.2,1.41,tempo,12,Danmarks Statistik,
390,life_expectancy,2014-2016,2023-2025,78.5333,79.7333,1.53,tempo,12,Danmarks Statistik,
400,life_expectancy,2014-2016,2023-2025,79.4,80.7333,1.68,rigtig,12,Danmarks Statistik,
410,life_expectancy,2014-2016,2023-2025,80.6667,81.6667,1.24,tempo,12,Danmarks Statistik,
420,life_expectancy,2014-2016,2023-2025,80.5,81.1333,0.79,stagneret,12,Danmarks Statistik,
430,life_expectancy,2014-2016,2023-2025,80.5,81.5333,1.28,tempo,12,Danmarks Statistik,
440,life_expectancy,2014-2016,2023-2025,80.5,82.0333,1.9,rigtig,12,Danmarks Statistik,
450,life_expectancy,2014-2016,2023-2025,80.2,81.0333,1.04,stagneret,12,Danmarks Statistik,
461,life_expectancy,2014-2016,2023-2025,79.7,81.3667,2.09,rigtig,12,Danmarks Statistik,
479,life_expectancy,2014-2016,2023-2025,80.6333,81.1333,0.62,stagneret,12,Danmarks Statistik,
480,life_expectancy,2014-2016,2023-2025,79.6333,81.1,1.84,rigtig,12,Danmarks Statistik,
482,life_expectancy,2014-2016,2023-2025,79.5333,80.7,1.47,tempo,12,Danmarks Statistik,
510,life_expectancy,2014-2016,2023-2025,80.3,81.7,1.74,rigtig,12,Danmarks Statistik,
530,life_expectancy,2014-2016,2023-2025,80.6333,82.1333,1.86,rigtig,12,Danmarks Statistik,
540,life_expectancy,2014-2016,2023-2025,80.4333,81.7667,1.66,rigtig,12,Danmarks Statistik,
550,life_expectancy,2014-2016,2023-2025,80.3333,80.7667,0.54,stagneret,12,Danmarks Statistik,
561,life_expectancy,2014-2016,2023-2025,79.6667,80.8333,1.46,tempo,12,Danmarks Statistik,
573,life_expectancy,2014-2016,2023-2025,81.2333,82.1,1.07,stagneret,12,Danmarks Statistik,
575,life_expectancy,2014-2016,2023-2025,80.5333,81.8,1.57,tempo,12,Danmarks Statistik,
580,life_expectancy,2014-2016,2023-2025,79.9667,81.5,1.92,rigtig,12,Danmarks Statistik,
607,life_expectancy,2014-2016,2023-2025,79.6,81.1333,1.93,rigtig,12,Danmarks Statistik,
615,life_expectancy,2014-2016,2023-2025,80.4,81.4333,1.29,tempo,12,Danmarks Statistik,
621,life_expectancy,2014-2016,2023-2025,80.3667,81.8667,1.87,rigtig,12,Danmarks Statistik,
630,life_expectancy,2014-2016,2023-2025,80.5667,81.9,1.65,rigtig,12,Danmarks Statistik,
657,life_expectancy,2014-2016,2023-2025,81.0,81.7333,0.91,stagneret,12,Danmarks Statistik,
661,life_expectancy,2014-2016,2023-2025,80.7333,81.8,1.32,tempo,12,Danmarks Statistik,
665,life_expectancy,2014-2016,2023-2025,80.1333,81.6667,1.91,rigtig,12,Danmarks Statistik,
671,life_expectancy,2014-2016,2023-2025,80.1667,81.2667,1.37,tempo,12,Danmarks Statistik,
706,life_expectancy,2014-2016,2023-2025,81.1667,82.2,1.27,tempo,12,Danmarks Statistik,
707,life_expectancy,2014-2016,2023-2025,79.2667,80.9667,2.14,rigtig,12,Danmarks Statistik,
710,life_expectancy,2014-2016,2023-2025,81.5667,82.4,1.02,stagneret,12,Danmarks Statistik,
727,life_expectancy,2014-2016,2023-2025,81.1333,83.5333,2.96,rigtig,12,Danmarks Statistik,
730,life_expectancy,2014-2016,2023-2025,79.6667,80.7,1.3,tempo,12,Danmarks Statistik,
740,life_expectancy,2014-2016,2023-2025,80.8,82.3667,1.94,rigtig,12,Danmarks Statistik,
746,life_expectancy,2014-2016,2023-2025,81.5667,82.9333,1.68,rigtig,12,Danmarks Statistik,
751,life_expectancy,2014-2016,2023-2025,80.8,82.2333,1.77,rigtig,12,Danmarks Statistik,
756,life_expectancy,2014-2016,2023-2025,80.5333,81.5333,1.24,tempo,12,Danmarks Statistik,
760,life_expectancy,2014-2016,2023-2025,80.9333,81.9,1.19,stagneret,12,Danmarks Statistik,
766,life_expectancy,2014-2016,2023-2025,80.9333,82.0,1.32,tempo,12,Danmarks Statistik,
773,life_expectancy,2014-2016,2023-2025,79.4333,80.7,1.59,rigtig,12,Danmarks Statistik,
779,life_expectancy,2014-2016,2023-2025,80.3333,81.3,1.2,stagneret,12,Danmarks Statistik,
787,life_expectancy,2014-2016,2023-2025,79.4333,80.6,1.47,tempo,12,Danmarks Statistik,
791,life_expectancy,2014-2016,2023-2025,80.9,81.9667,1.32,tempo,12,Danmarks Statistik,
810,life_expectancy,2014-2016,2023-2025,79.9,81.0,1.38,tempo,12,Danmarks Statistik,
813,life_expectancy,2014-2016,2023-2025,79.6333,80.7333,1.38,tempo,12,Danmarks Statistik,
820,life_expectancy,2014-2016,2023-2025,80.3333,80.9333,0.75,stagneret,12,Danmarks Statistik,
840,life_expectancy,2014-2016,2023-2025,80.7,81.9,1.49,tempo,12,Danmarks Statistik,
846,life_expectancy,2014-2016,2023-2025,80.2,81.5333,1.66,rigtig,12,Danmarks Statistik,
849,life_expectancy,2014-2016,2023-2025,80.1667,81.2333,1.33,tempo,12,Danmarks Statistik,
851,life_expectancy,2014-2016,2023-2025,80.2,81.1333,1.16,stagneret,12,Danmarks Statistik,
860,life_expectancy,2014-2016,2023-2025,80.6333,81.3,0.83,stagneret,12,Danmarks Statistik,
101,low_education,2010-2012,2023-2025,11.9252,6.3527,-46.73,rigtig,16,Danmarks Statistik,
147,low_education,2010-2012,2023-2025,8.1427,5.6232,-30.94,rigtig,16,Danmarks Statistik,
151,low_education,2010-2012,2023-2025,29.7284,18.3886,-38.14,rigtig,16,Danmarks Statistik,
153,low_education,2010-2012,2023-2025,33.8634,21.5806,-36.27,rigtig,16,Danmarks Statistik,
155,low_education,2010-2012,2023-2025,22.087,20.7581,-6.02,tempo,16,Danmarks Statistik,
157,low_education,2010-2012,2023-2025,12.554,10.3454,-17.59,rigtig,16,Danmarks Statistik,
159,low_education,2010-2012,2023-2025,20.5978,15.1136,-26.62,rigtig,16,Danmarks Statistik,
161,low_education,2010-2012,2023-2025,23.6699,15.1429,-36.02,rigtig,16,Danmarks Statistik,
163,low_education,2010-2012,2023-2025,26.2616,17.0739,-34.99,rigtig,16,Danmarks Statistik,
165,low_education,2010-2012,2023-2025,29.9832,19.2982,-35.64,rigtig,16,Danmarks Statistik,
167,low_education,2010-2012,2023-2025,26.7689,17.7629,-33.64,rigtig,16,Danmarks Statistik,
169,low_education,2010-2012,2023-2025,30.8991,16.17,-47.67,rigtig,16,Danmarks Statistik,
173,low_education,2010-2012,2023-2025,12.7262,7.9257,-37.72,rigtig,16,Danmarks Statistik,
175,low_education,2010-2012,2023-2025,26.2689,15.7171,-40.17,rigtig,16,Danmarks Statistik,
183,low_education,2010-2012,2023-2025,34.22,21.1715,-38.13,rigtig,16,Danmarks Statistik,
185,low_education,2010-2012,2023-2025,27.209,23.2694,-14.48,tempo,16,Danmarks Statistik,
187,low_education,2010-2012,2023-2025,22.5648,15.179,-32.73,rigtig,16,Danmarks Statistik,
190,low_education,2010-2012,2023-2025,30.4726,23.6241,-22.47,rigtig,16,Danmarks Statistik,
201,low_education,2010-2012,2023-2025,22.4958,18.7088,-16.83,tempo,16,Danmarks Statistik,
210,low_education,2010-2012,2023-2025,29.0252,21.4971,-25.94,rigtig,16,Danmarks Statistik,
217,low_education,2010-2012,2023-2025,32.2629,23.9925,-25.63,rigtig,16,Danmarks Statistik,
219,low_education,2010-2012,2023-2025,23.1597,16.8838,-27.1,rigtig,16,Danmarks Statistik,
223,low_education,2010-2012,2023-2025,15.3501,17.7199,15.44,forkert,16,Danmarks Statistik,
230,low_education,2010-2012,2023-2025,16.4735,15.1136,-8.26,tempo,16,Danmarks Statistik,
240,low_education,2010-2012,2023-2025,21.9606,16.0906,-26.73,rigtig,16,Danmarks Statistik,
250,low_education,2010-2012,2023-2025,28.2274,21.9815,-22.13,rigtig,16,Danmarks Statistik,
253,low_education,2010-2012,2023-2025,28.517,19.6234,-31.19,rigtig,16,Danmarks Statistik,
259,low_education,2010-2012,2023-2025,25.9063,20.0339,-22.67,rigtig,16,Danmarks Statistik,
260,low_education,2010-2012,2023-2025,31.4067,26.9781,-14.1,tempo,16,Danmarks Statistik,
265,low_education,2010-2012,2023-2025,19.7187,14.8857,-24.51,rigtig,16,Danmarks Statistik,
269,low_education,2010-2012,2023-2025,21.3747,16.4168,-23.2,rigtig,16,Danmarks Statistik,
270,low_education,2010-2012,2023-2025,29.0868,25.7535,-11.46,tempo,16,Danmarks Statistik,
306,low_education,2010-2012,2023-2025,32.7544,33.74,3.01,stagneret,16,Danmarks Statistik,
316,low_education,2010-2012,2023-2025,27.3892,23.1574,-15.45,tempo,16,Danmarks Statistik,
320,low_education,2010-2012,2023-2025,29.6111,28.7755,-2.82,stagneret,16,Danmarks Statistik,
326,low_education,2010-2012,2023-2025,32.035,23.8167,-25.65,rigtig,16,Danmarks Statistik,
329,low_education,2010-2012,2023-2025,26.975,19.6296,-27.23,rigtig,16,Danmarks Statistik,
330,low_education,2010-2012,2023-2025,29.0342,23.9522,-17.5,rigtig,16,Danmarks Statistik,
336,low_education,2010-2012,2023-2025,29.7359,25.702,-13.57,tempo,16,Danmarks Statistik,
340,low_education,2010-2012,2023-2025,28.0931,25.8989,-7.81,tempo,16,Danmarks Statistik,
350,low_education,2010-2012,2023-2025,23.2686,23.0066,-1.13,stagneret,16,Danmarks Statistik,
360,low_education,2010-2012,2023-2025,37.542,38.6592,2.98,forkert,16,Danmarks Statistik,
370,low_education,2010-2012,2023-2025,25.9837,22.878,-11.95,tempo,16,Danmarks Statistik,
376,low_education,2010-2012,2023-2025,29.3044,27.3579,-6.64,tempo,16,Danmarks Statistik,
390,low_education,2010-2012,2023-2025,29.7812,28.3947,-4.66,tempo,16,Danmarks Statistik,
400,low_education,2010-2012,2023-2025,31.6608,26.2591,-17.06,tempo,16,Danmarks Statistik,
410,low_education,2010-2012,2023-2025,27.2951,20.9936,-23.09,rigtig,16,Danmarks Statistik,
420,low_education,2010-2012,2023-2025,29.6752,26.4193,-10.97,tempo,16,Danmarks Statistik,
430,low_education,2010-2012,2023-2025,27.1407,22.753,-16.17,tempo,16,Danmarks Statistik,
440,low_education,2010-2012,2023-2025,27.1707,23.0964,-15.0,tempo,16,Danmarks Statistik,
450,low_education,2010-2012,2023-2025,29.3422,25.1635,-14.24,tempo,16,Danmarks Statistik,
461,low_education,2010-2012,2023-2025,17.6025,10.1294,-42.45,rigtig,16,Danmarks Statistik,
479,low_education,2010-2012,2023-2025,25.4853,23.4354,-8.04,tempo,16,Danmarks Statistik,
480,low_education,2010-2012,2023-2025,26.3238,22.8186,-13.32,tempo,16,Danmarks Statistik,
482,low_education,2010-2012,2023-2025,33.4542,25.6135,-23.44,rigtig,16,Danmarks Statistik,
492,low_education,2010-2012,2023-2025,20.9429,16.7132,-20.2,rigtig,16,Danmarks Statistik,
510,low_education,2010-2012,2023-2025,26.5358,27.0884,2.08,stagneret,16,Danmarks Statistik,
530,low_education,2010-2012,2023-2025,25.6834,21.3586,-16.84,tempo,16,Danmarks Statistik,
540,low_education,2010-2012,2023-2025,25.315,24.4023,-3.61,stagneret,16,Danmarks Statistik,
550,low_education,2010-2012,2023-2025,25.7079,25.9256,0.85,stagneret,16,Danmarks Statistik,
561,low_education,2010-2012,2023-2025,22.5436,17.4496,-22.6,rigtig,16,Danmarks Statistik,
563,low_education,2010-2012,2023-2025,20.8613,16.9819,-18.6,rigtig,16,Danmarks Statistik,
573,low_education,2010-2012,2023-2025,22.1267,20.8329,-5.85,tempo,16,Danmarks Statistik,
575,low_education,2010-2012,2023-2025,26.8033,22.9613,-14.33,tempo,16,Danmarks Statistik,
580,low_education,2010-2012,2023-2025,26.3574,22.431,-14.9,tempo,16,Danmarks Statistik,
607,low_education,2010-2012,2023-2025,30.4779,22.4008,-26.5,rigtig,16,Danmarks Statistik,
615,low_education,2010-2012,2023-2025,23.925,19.1192,-20.09,rigtig,16,Danmarks Statistik,
621,low_education,2010-2012,2023-2025,21.6367,17.4705,-19.26,rigtig,16,Danmarks Statistik,
630,low_education,2010-2012,2023-2025,25.1216,19.2474,-23.38,rigtig,16,Danmarks Statistik,
657,low_education,2010-2012,2023-2025,20.6779,19.626,-5.09,tempo,16,Danmarks Statistik,
661,low_education,2010-2012,2023-2025,20.0768,17.6161,-12.26,tempo,16,Danmarks Statistik,
665,low_education,2010-2012,2023-2025,23.2953,22.6419,-2.8,stagneret,16,Danmarks Statistik,
671,low_education,2010-2012,2023-2025,29.3981,23.7752,-19.13,rigtig,16,Danmarks Statistik,
706,low_education,2010-2012,2023-2025,27.34,21.5911,-21.03,rigtig,16,Danmarks Statistik,
707,low_education,2010-2012,2023-2025,27.4336,24.187,-11.83,tempo,16,Danmarks Statistik,
710,low_education,2010-2012,2023-2025,22.6317,17.8762,-21.01,rigtig,16,Danmarks Statistik,
727,low_education,2010-2012,2023-2025,23.0649,23.1088,0.19,stagneret,16,Danmarks Statistik,
730,low_education,2010-2012,2023-2025,24.8081,20.1677,-18.71,rigtig,16,Danmarks Statistik,
740,low_education,2010-2012,2023-2025,22.4939,17.1257,-23.86,rigtig,16,Danmarks Statistik,
741,low_education,2010-2012,2023-2025,18.719,18.4949,-1.2,stagneret,16,Danmarks Statistik,
746,low_education,2010-2012,2023-2025,22.4316,19.0628,-15.02,tempo,16,Danmarks Statistik,
751,low_education,2010-2012,2023-2025,11.8951,7.1378,-39.99,rigtig,16,Danmarks Statistik,
756,low_education,2010-2012,2023-2025,23.676,21.3512,-9.82,tempo,16,Danmarks Statistik,
760,low_education,2010-2012,2023-2025,22.8365,20.9008,-8.48,tempo,16,Danmarks Statistik,
766,low_education,2010-2012,2023-2025,23.8007,22.1426,-6.97,tempo,16,Danmarks Statistik,
773,low_education,2010-2012,2023-2025,30.0337,26.7098,-11.07,tempo,16,Danmarks Statistik,
779,low_education,2010-2012,2023-2025,26.0324,23.293,-10.52,tempo,16,Danmarks Statistik,
787,low_education,2010-2012,2023-2025,27.1916,23.2923,-14.34,tempo,16,Danmarks Statistik,
791,low_education,2010-2012,2023-2025,22.8115,20.4737,-10.25,tempo,16,Danmarks Statistik,
810,low_education,2010-2012,2023-2025,25.4848,19.7909,-22.34,rigtig,16,Danmarks Statistik,
813,low_education,2010-2012,2023-2025,26.6972,24.9645,-6.49,tempo,16,Danmarks Statistik,
820,low_education,2010-2012,2023-2025,29.0124,25.5496,-11.94,tempo,16,Danmarks Statistik,
825,low_education,2010-2012,2023-2025,40.6951,14.1504,-65.23,rigtig,16,Danmarks Statistik,
840,low_education,2010-2012,2023-2025,21.7266,17.5314,-19.31,rigtig,16,Danmarks Statistik,
846,low_education,2010-2012,2023-2025,25.9828,23.3313,-10.2,tempo,16,Danmarks Statistik,
849,low_education,2010-2012,2023-2025,29.2474,24.6176,-15.83,tempo,16,Danmarks Statistik,
851,low_education,2010-2012,2023-2025,15.6179,9.9425,-36.34,rigtig,16,Danmarks Statistik,
860,low_education,2010-2012,2023-2025,26.906,22.043,-18.07,rigtig,16,Danmarks Statistik,
101,low_income,2015-2017,2022-2024,5.5667,4.9667,-10.78,rigtig,10,Danmarks Statistik,
147,low_income,2015-2017,2022-2024,3.4333,3.2,-6.8,tempo,10,Danmarks Statistik,
151,low_income,2015-2017,2022-2024,3.6,3.6667,1.85,forkert,10,Danmarks Statistik,
153,low_income,2015-2017,2022-2024,6.3,6.6667,5.82,forkert,10,Danmarks Statistik,
155,low_income,2015-2017,2022-2024,2.2,1.8,-18.18,rigtig,10,Danmarks Statistik,
157,low_income,2015-2017,2022-2024,2.9,2.6667,-8.05,rigtig,10,Danmarks Statistik,
159,low_income,2015-2017,2022-2024,4.1667,4.1,-1.6,tempo,10,Danmarks Statistik,
161,low_income,2015-2017,2022-2024,4.0667,4.2667,4.92,forkert,10,Danmarks Statistik,
163,low_income,2015-2017,2022-2024,3.4667,3.6667,5.77,forkert,10,Danmarks Statistik,
165,low_income,2015-2017,2022-2024,6.0333,5.3,-12.15,rigtig,10,Danmarks Statistik,
167,low_income,2015-2017,2022-2024,3.7333,3.8,1.79,forkert,10,Danmarks Statistik,
169,low_income,2015-2017,2022-2024,5.5,5.5,0.0,stagneret,10,Danmarks Statistik,
173,low_income,2015-2017,2022-2024,2.7,2.7333,1.23,forkert,10,Danmarks Statistik,
175,low_income,2015-2017,2022-2024,4.2333,4.8333,14.17,forkert,10,Danmarks Statistik,
183,low_income,2015-2017,2022-2024,6.1,5.8,-4.92,tempo,10,Danmarks Statistik,
185,low_income,2015-2017,2022-2024,3.4333,3.5333,2.91,forkert,10,Danmarks Statistik,
187,low_income,2015-2017,2022-2024,3.3,3.9333,19.19,forkert,10,Danmarks Statistik,
190,low_income,2015-2017,2022-2024,2.9333,2.7,-7.95,rigtig,10,Danmarks Statistik,
201,low_income,2015-2017,2022-2024,2.0667,1.8333,-11.29,rigtig,10,Danmarks Statistik,
210,low_income,2015-2017,2022-2024,3.5,3.0,-14.29,rigtig,10,Danmarks Statistik,
217,low_income,2015-2017,2022-2024,4.1,3.4,-17.07,rigtig,10,Danmarks Statistik,
219,low_income,2015-2017,2022-2024,3.1,3.2,3.23,forkert,10,Danmarks Statistik,
223,low_income,2015-2017,2022-2024,2.3333,2.2667,-2.86,tempo,10,Danmarks Statistik,
230,low_income,2015-2017,2022-2024,2.4,2.1333,-11.11,rigtig,10,Danmarks Statistik,
240,low_income,2015-2017,2022-2024,2.1,2.0667,-1.59,tempo,10,Danmarks Statistik,
250,low_income,2015-2017,2022-2024,2.9667,2.9667,0.0,stagneret,10,Danmarks Statistik,
253,low_income,2015-2017,2022-2024,3.3333,3.5,5.0,forkert,10,Danmarks Statistik,
259,low_income,2015-2017,2022-2024,3.6,3.6667,1.85,forkert,10,Danmarks Statistik,
260,low_income,2015-2017,2022-2024,3.6,3.1667,-12.04,rigtig,10,Danmarks Statistik,
265,low_income,2015-2017,2022-2024,3.0667,2.6333,-14.13,rigtig,10,Danmarks Statistik,
269,low_income,2015-2017,2022-2024,2.3667,2.0,-15.49,rigtig,10,Danmarks Statistik,
270,low_income,2015-2017,2022-2024,3.4333,3.0,-12.62,rigtig,10,Danmarks Statistik,
306,low_income,2015-2017,2022-2024,4.4333,3.8,-14.29,rigtig,10,Danmarks Statistik,
316,low_income,2015-2017,2022-2024,3.9333,3.4333,-12.71,rigtig,10,Danmarks Statistik,
320,low_income,2015-2017,2022-2024,4.2,3.7333,-11.11,rigtig,10,Danmarks Statistik,
326,low_income,2015-2017,2022-2024,4.3667,3.8667,-11.45,rigtig,10,Danmarks Statistik,
329,low_income,2015-2017,2022-2024,3.8,3.5667,-6.14,tempo,10,Danmarks Statistik,
330,low_income,2015-2017,2022-2024,5.1,4.9333,-3.27,tempo,10,Danmarks Statistik,
336,low_income,2015-2017,2022-2024,3.3333,2.8333,-15.0,rigtig,10,Danmarks Statistik,
340,low_income,2015-2017,2022-2024,3.4667,3.3333,-3.85,tempo,10,Danmarks Statistik,
350,low_income,2015-2017,2022-2024,2.6667,2.4333,-8.75,rigtig,10,Danmarks Statistik,
360,low_income,2015-2017,2022-2024,5.3333,4.8333,-9.38,rigtig,10,Danmarks Statistik,
370,low_income,2015-2017,2022-2024,4.0667,4.0,-1.64,tempo,10,Danmarks Statistik,
376,low_income,2015-2017,2022-2024,5.2,4.9,-5.77,tempo,10,Danmarks Statistik,
390,low_income,2015-2017,2022-2024,4.5,4.2333,-5.93,tempo,10,Danmarks Statistik,
400,low_income,2015-2017,2022-2024,3.2667,3.0333,-7.14,rigtig,10,Danmarks Statistik,
410,low_income,2015-2017,2022-2024,2.8333,2.7667,-2.35,tempo,10,Danmarks Statistik,
420,low_income,2015-2017,2022-2024,3.5333,3.4,-3.77,tempo,10,Danmarks Statistik,
430,low_income,2015-2017,2022-2024,3.2,3.0667,-4.17,tempo,10,Danmarks Statistik,
440,low_income,2015-2017,2022-2024,3.2667,3.3667,3.06,forkert,10,Danmarks Statistik,
450,low_income,2015-2017,2022-2024,3.8667,3.6,-6.9,rigtig,10,Danmarks Statistik,
461,low_income,2015-2017,2022-2024,5.3,5.2667,-0.63,stagneret,10,Danmarks Statistik,
479,low_income,2015-2017,2022-2024,4.2667,4.3333,1.56,forkert,10,Danmarks Statistik,
480,low_income,2015-2017,2022-2024,3.3,3.3333,1.01,forkert,10,Danmarks Statistik,
482,low_income,2015-2017,2022-2024,4.6667,3.9,-16.43,rigtig,10,Danmarks Statistik,
492,low_income,2015-2017,2022-2024,3.5333,3.5667,0.94,stagneret,10,Danmarks Statistik,
510,low_income,2015-2017,2022-2024,4.5333,4.2,-7.35,rigtig,10,Danmarks Statistik,
530,low_income,2015-2017,2022-2024,3.2,2.6667,-16.67,rigtig,10,Danmarks Statistik,
540,low_income,2015-2017,2022-2024,3.8667,3.8,-1.72,tempo,10,Danmarks Statistik,
550,low_income,2015-2017,2022-2024,4.4667,4.1333,-7.46,rigtig,10,Danmarks Statistik,
561,low_income,2015-2017,2022-2024,4.2,3.5,-16.67,rigtig,10,Danmarks Statistik,
563,low_income,2015-2017,2022-2024,3.1333,2.1333,-31.91,rigtig,10,Danmarks Statistik,
573,low_income,2015-2017,2022-2024,3.4667,2.8667,-17.31,rigtig,10,Danmarks Statistik,
575,low_income,2015-2017,2022-2024,3.8333,2.8333,-26.09,rigtig,10,Danmarks Statistik,
580,low_income,2015-2017,2022-2024,4.4333,3.5333,-20.3,rigtig,10,Danmarks Statistik,
607,low_income,2015-2017,2022-2024,4.5667,4.8,5.11,forkert,10,Danmarks Statistik,
615,low_income,2015-2017,2022-2024,3.9333,3.5667,-9.32,rigtig,10,Danmarks Statistik,
621,low_income,2015-2017,2022-2024,3.9,3.8333,-1.71,tempo,10,Danmarks Statistik,
630,low_income,2015-2017,2022-2024,3.5333,3.5,-0.94,stagneret,10,Danmarks Statistik,
657,low_income,2015-2017,2022-2024,3.6,3.4667,-3.7,tempo,10,Danmarks Statistik,
661,low_income,2015-2017,2022-2024,3.6333,3.4,-6.42,tempo,10,Danmarks Statistik,
665,low_income,2015-2017,2022-2024,3.3,2.7667,-16.16,rigtig,10,Danmarks Statistik,
671,low_income,2015-2017,2022-2024,4.2667,3.5667,-16.41,rigtig,10,Danmarks Statistik,
706,low_income,2015-2017,2022-2024,3.1333,2.8667,-8.51,rigtig,10,Danmarks Statistik,
707,low_income,2015-2017,2022-2024,4.3,3.6667,-14.73,rigtig,10,Danmarks Statistik,
710,low_income,2015-2017,2022-2024,2.3,2.3,0.0,stagneret,10,Danmarks Statistik,
727,low_income,2015-2017,2022-2024,2.9333,2.5667,-12.5,rigtig,10,Danmarks Statistik,
730,low_income,2015-2017,2022-2024,4.3,4.8,11.63,forkert,10,Danmarks Statistik,
740,low_income,2015-2017,2022-2024,3.0667,2.7,-11.96,rigtig,10,Danmarks Statistik,
741,low_income,2015-2017,2022-2024,3.2333,3.9667,22.68,forkert,10,Danmarks Statistik,
746,low_income,2015-2017,2022-2024,2.2,1.9333,-12.12,rigtig,10,Danmarks Statistik,
751,low_income,2015-2017,2022-2024,4.2667,4.7,10.16,forkert,10,Danmarks Statistik,
756,low_income,2015-2017,2022-2024,3.0333,3.2667,7.69,forkert,10,Danmarks Statistik,
760,low_income,2015-2017,2022-2024,3.2667,2.6667,-18.37,rigtig,10,Danmarks Statistik,
766,low_income,2015-2017,2022-2024,2.5333,2.4667,-2.63,tempo,10,Danmarks Statistik,
773,low_income,2015-2017,2022-2024,4.1667,3.1667,-24.0,rigtig,10,Danmarks Statistik,
779,low_income,2015-2017,2022-2024,3.6,3.2333,-10.19,rigtig,10,Danmarks Statistik,
787,low_income,2015-2017,2022-2024,3.8,3.3,-13.16,rigtig,10,Danmarks Statistik,
791,low_income,2015-2017,2022-2024,3.5667,3.3667,-5.61,tempo,10,Danmarks Statistik,
810,low_income,2015-2017,2022-2024,4.1,3.3667,-17.89,rigtig,10,Danmarks Statistik,
813,low_income,2015-2017,2022-2024,3.6667,3.6333,-0.91,stagneret,10,Danmarks Statistik,
820,low_income,2015-2017,2022-2024,4.1667,3.3667,-19.2,rigtig,10,Danmarks Statistik,
825,low_income,2015-2017,2022-2024,3.2,2.6667,-16.67,rigtig,10,Danmarks Statistik,
840,low_income,2015-2017,2022-2024,2.4333,2.0,-17.81,rigtig,10,Danmarks Statistik,
846,low_income,2015-2017,2022-2024,3.8333,3.6,-6.09,tempo,10,Danmarks Statistik,
849,low_income,2015-2017,2022-2024,3.8,3.3,-13.16,rigtig,10,Danmarks Statistik,
851,low_income,2015-2017,2022-2024,4.0667,4.3667,7.38,forkert,10,Danmarks Statistik,
860,low_income,2015-2017,2022-2024,4.2,3.3333,-20.63,rigtig,10,Danmarks Statistik,
101,mentalt_helbred,2017,2025,15.5,18.8,21.29,forkert,2,Danmarks Statistik,
147,mentalt_helbred,2017,2025,13.6,15.3,12.5,forkert,2,Danmarks Statistik,
151,mentalt_helbred,2017,2025,14.1,18.5,31.21,forkert,2,Danmarks Statistik,
153,mentalt_helbred,2017,2025,16.0,21.3,33.13,forkert,2,Danmarks Statistik,
155,mentalt_helbred,2017,2025,10.1,14.4,42.57,forkert,2,Danmarks Statistik,
157,mentalt_helbred,2017,2025,10.6,12.0,13.21,forkert,2,Danmarks Statistik,
159,mentalt_helbred,2017,2025,13.4,17.0,26.87,forkert,2,Danmarks Statistik,
161,mentalt_helbred,2017,2025,11.3,17.1,51.33,forkert,2,Danmarks Statistik,
163,mentalt_helbred,2017,2025,15.4,16.1,4.55,stagneret,2,Danmarks Statistik,
165,mentalt_helbred,2017,2025,14.0,20.6,47.14,forkert,2,Danmarks Statistik,
167,mentalt_helbred,2017,2025,15.6,16.7,7.05,forkert,2,Danmarks Statistik,
169,mentalt_helbred,2017,2025,14.0,16.8,20.0,forkert,2,Danmarks Statistik,
173,mentalt_helbred,2017,2025,12.1,12.9,6.61,stagneret,2,Danmarks Statistik,
175,mentalt_helbred,2017,2025,13.3,14.5,9.02,forkert,2,Danmarks Statistik,
183,mentalt_helbred,2017,2025,14.4,18.9,31.25,forkert,2,Danmarks Statistik,
185,mentalt_helbred,2017,2025,14.0,15.4,10.0,forkert,2,Danmarks Statistik,
187,mentalt_helbred,2017,2025,10.8,13.9,28.7,forkert,2,Danmarks Statistik,
190,mentalt_helbred,2017,2025,10.5,13.7,30.48,forkert,2,Danmarks Statistik,
201,mentalt_helbred,2017,2025,10.5,11.1,5.71,stagneret,2,Danmarks Statistik,
210,mentalt_helbred,2017,2025,11.4,14.8,29.82,forkert,2,Danmarks Statistik,
217,mentalt_helbred,2017,2025,14.5,15.0,3.45,stagneret,2,Danmarks Statistik,
219,mentalt_helbred,2017,2025,10.4,17.0,63.46,forkert,2,Danmarks Statistik,
223,mentalt_helbred,2017,2025,9.4,10.3,9.57,stagneret,2,Danmarks Statistik,
230,mentalt_helbred,2017,2025,11.3,12.5,10.62,forkert,2,Danmarks Statistik,
240,mentalt_helbred,2017,2025,10.0,13.8,38.0,forkert,2,Danmarks Statistik,
250,mentalt_helbred,2017,2025,11.7,15.2,29.91,forkert,2,Danmarks Statistik,
253,mentalt_helbred,2017,2025,11.7,16.5,41.03,forkert,2,Danmarks Statistik,
259,mentalt_helbred,2017,2025,12.5,15.3,22.4,forkert,2,Danmarks Statistik,
260,mentalt_helbred,2017,2025,13.4,15.9,18.66,forkert,2,Danmarks Statistik,
265,mentalt_helbred,2017,2025,12.2,17.3,41.8,forkert,2,Danmarks Statistik,
269,mentalt_helbred,2017,2025,10.1,14.1,39.6,forkert,2,Danmarks Statistik,
270,mentalt_helbred,2017,2025,11.5,14.6,26.96,forkert,2,Danmarks Statistik,
306,mentalt_helbred,2017,2025,15.5,13.1,-15.48,rigtig,2,Danmarks Statistik,
316,mentalt_helbred,2017,2025,14.0,16.4,17.14,forkert,2,Danmarks Statistik,
320,mentalt_helbred,2017,2025,12.6,17.1,35.71,forkert,2,Danmarks Statistik,
326,mentalt_helbred,2017,2025,13.7,17.8,29.93,forkert,2,Danmarks Statistik,
329,mentalt_helbred,2017,2025,13.6,14.4,5.88,stagneret,2,Danmarks Statistik,
330,mentalt_helbred,2017,2025,15.9,18.3,15.09,forkert,2,Danmarks Statistik,
336,mentalt_helbred,2017,2025,12.2,15.6,27.87,forkert,2,Danmarks Statistik,
340,mentalt_helbred,2017,2025,11.8,14.5,22.88,forkert,2,Danmarks Statistik,
350,mentalt_helbred,2017,2025,9.2,14.0,52.17,forkert,2,Danmarks Statistik,
360,mentalt_helbred,2017,2025,12.6,17.4,38.1,forkert,2,Danmarks Statistik,
370,mentalt_helbred,2017,2025,13.3,18.2,36.84,forkert,2,Danmarks Statistik,
376,mentalt_helbred,2017,2025,14.2,16.2,14.08,forkert,2,Danmarks Statistik,
390,mentalt_helbred,2017,2025,14.3,18.3,27.97,forkert,2,Danmarks Statistik,
400,mentalt_helbred,2017,2025,14.0,13.9,-0.71,stagneret,2,Danmarks Statistik,
410,mentalt_helbred,2017,2025,11.7,13.5,15.38,forkert,2,Danmarks Statistik,
420,mentalt_helbred,2017,2025,13.4,13.8,2.99,stagneret,2,Danmarks Statistik,
430,mentalt_helbred,2017,2025,12.6,15.1,19.84,forkert,2,Danmarks Statistik,
440,mentalt_helbred,2017,2025,13.0,15.7,20.77,forkert,2,Danmarks Statistik,
450,mentalt_helbred,2017,2025,14.9,13.8,-7.38,rigtig,2,Danmarks Statistik,
461,mentalt_helbred,2017,2025,15.4,17.0,10.39,forkert,2,Danmarks Statistik,
479,mentalt_helbred,2017,2025,13.2,13.5,2.27,stagneret,2,Danmarks Statistik,
480,mentalt_helbred,2017,2025,13.1,15.2,16.03,forkert,2,Danmarks Statistik,
482,mentalt_helbred,2017,2025,13.4,14.9,11.19,forkert,2,Danmarks Statistik,
492,mentalt_helbred,2017,2025,13.9,12.3,-11.51,rigtig,2,Danmarks Statistik,
510,mentalt_helbred,2017,2025,13.6,15.4,13.24,forkert,2,Danmarks Statistik,
530,mentalt_helbred,2017,2025,11.4,14.9,30.7,forkert,2,Danmarks Statistik,
540,mentalt_helbred,2017,2025,13.2,14.1,6.82,stagneret,2,Danmarks Statistik,
550,mentalt_helbred,2017,2025,10.8,13.5,25.0,forkert,2,Danmarks Statistik,
561,mentalt_helbred,2017,2025,13.8,18.6,34.78,forkert,2,Danmarks Statistik,
563,mentalt_helbred,2017,2025,15.1,10.7,-29.14,rigtig,2,Danmarks Statistik,
573,mentalt_helbred,2017,2025,11.0,12.0,9.09,forkert,2,Danmarks Statistik,
575,mentalt_helbred,2017,2025,12.7,15.5,22.05,forkert,2,Danmarks Statistik,
580,mentalt_helbred,2017,2025,14.2,14.3,0.7,stagneret,2,Danmarks Statistik,
607,mentalt_helbred,2017,2025,16.9,17.8,5.33,stagneret,2,Danmarks Statistik,
615,mentalt_helbred,2017,2025,14.3,15.2,6.29,stagneret,2,Danmarks Statistik,
621,mentalt_helbred,2017,2025,12.7,15.7,23.62,forkert,2,Danmarks Statistik,
630,mentalt_helbred,2017,2025,12.8,15.2,18.75,forkert,2,Danmarks Statistik,
657,mentalt_helbred,2017,2025,12.7,14.9,17.32,forkert,2,Danmarks Statistik,
661,mentalt_helbred,2017,2025,10.2,13.6,33.33,forkert,2,Danmarks Statistik,
665,mentalt_helbred,2017,2025,11.3,12.9,14.16,forkert,2,Danmarks Statistik,
671,mentalt_helbred,2017,2025,10.1,14.7,45.54,forkert,2,Danmarks Statistik,
706,mentalt_helbred,2017,2025,12.3,14.9,21.14,forkert,2,Danmarks Statistik,
707,mentalt_helbred,2017,2025,11.9,14.8,24.37,forkert,2,Danmarks Statistik,
710,mentalt_helbred,2017,2025,10.7,13.7,28.04,forkert,2,Danmarks Statistik,
727,mentalt_helbred,2017,2025,11.8,15.6,32.2,forkert,2,Danmarks Statistik,
730,mentalt_helbred,2017,2025,12.3,17.3,40.65,forkert,2,Danmarks Statistik,
740,mentalt_helbred,2017,2025,11.6,13.1,12.93,forkert,2,Danmarks Statistik,
741,mentalt_helbred,2017,2025,9.5,13.0,36.84,forkert,2,Danmarks Statistik,
746,mentalt_helbred,2017,2025,12.4,11.9,-4.03,stagneret,2,Danmarks Statistik,
751,mentalt_helbred,2017,2025,13.8,18.2,31.88,forkert,2,Danmarks Statistik,
756,mentalt_helbred,2017,2025,11.6,13.7,18.1,forkert,2,Danmarks Statistik,
760,mentalt_helbred,2017,2025,11.7,11.2,-4.27,stagneret,2,Danmarks Statistik,
766,mentalt_helbred,2017,2025,10.4,13.5,29.81,forkert,2,Danmarks Statistik,
773,mentalt_helbred,2017,2025,10.4,12.0,15.38,forkert,2,Danmarks Statistik,
779,mentalt_helbred,2017,2025,13.3,15.5,16.54,forkert,2,Danmarks Statistik,
787,mentalt_helbred,2017,2025,11.0,12.0,9.09,forkert,2,Danmarks Statistik,
791,mentalt_helbred,2017,2025,12.6,14.2,12.7,forkert,2,Danmarks Statistik,
810,mentalt_helbred,2017,2025,11.9,14.7,23.53,forkert,2,Danmarks Statistik,
813,mentalt_helbred,2017,2025,12.3,14.7,19.51,forkert,2,Danmarks Statistik,
820,mentalt_helbred,2017,2025,10.6,15.6,47.17,forkert,2,Danmarks Statistik,
825,mentalt_helbred,2017,2025,13.6,11.4,-16.18,rigtig,2,Danmarks Statistik,
840,mentalt_helbred,2017,2025,11.9,12.1,1.68,stagneret,2,Danmarks Statistik,
846,mentalt_helbred,2017,2025,10.4,14.2,36.54,forkert,2,Danmarks Statistik,
849,mentalt_helbred,2017,2025,12.3,15.1,22.76,forkert,2,Danmarks Statistik,
851,mentalt_helbred,2017,2025,14.3,17.2,20.28,forkert,2,Danmarks Statistik,
860,mentalt_helbred,2017,2025,13.1,14.8,12.98,forkert,2,Danmarks Statistik,
101,music_school,2022,2025,1.86,2.5,34.41,rigtig,4,Danmarks Statistik,
147,music_school,2022,2025,10.85,10.2,-5.99,stagneret,4,Danmarks Statistik,
151,music_school,2022,2025,13.98,25.18,80.11,rigtig,4,Danmarks Statistik,
153,music_school,2022,2025,10.21,9.13,-10.58,forkert,4,Danmarks Statistik,
155,music_school,2022,2025,11.2,14.12,26.07,rigtig,4,Danmarks Statistik,
157,music_school,2022,2025,15.52,14.89,-4.06,stagneret,4,Danmarks Statistik,
159,music_school,2022,2025,14.4,13.47,-6.46,stagneret,4,Danmarks Statistik,
161,music_school,2022,2025,8.59,7.72,-10.13,forkert,4,Danmarks Statistik,
163,music_school,2022,2025,10.84,12.44,14.76,rigtig,4,Danmarks Statistik,
165,music_school,2022,2025,13.15,16.89,28.44,rigtig,4,Danmarks Statistik,
167,music_school,2022,2025,20.48,17.56,-14.26,forkert,4,Danmarks Statistik,
169,music_school,2022,2025,6.41,9.77,52.42,rigtig,4,Danmarks Statistik,
173,music_school,2022,2025,21.12,20.39,-3.46,stagneret,4,Danmarks Statistik,
175,music_school,2022,2025,16.5,17.03,3.21,stagneret,4,Danmarks Statistik,
183,music_school,2022,2025,15.16,17.44,15.04,rigtig,4,Danmarks Statistik,
185,music_school,2022,2025,14.07,13.97,-0.71,stagneret,4,Danmarks Statistik,
187,music_school,2022,2025,20.86,17.85,-14.43,forkert,4,Danmarks Statistik,
190,music_school,2022,2025,20.6,23.13,12.28,rigtig,4,Danmarks Statistik,
201,music_school,2022,2025,24.43,23.73,-2.87,stagneret,4,Danmarks Statistik,
210,music_school,2022,2025,12.38,14.72,18.9,rigtig,4,Danmarks Statistik,
217,music_school,2022,2025,7.22,9.55,32.27,rigtig,4,Danmarks Statistik,
219,music_school,2022,2025,14.05,13.22,-5.91,stagneret,4,Danmarks Statistik,
223,music_school,2022,2025,19.22,19.19,-0.16,stagneret,4,Danmarks Statistik,
230,music_school,2022,2025,17.7,18.87,6.61,rigtig,4,Danmarks Statistik,
240,music_school,2022,2025,13.86,10.93,-21.14,forkert,4,Danmarks Statistik,
250,music_school,2022,2025,7.36,6.82,-7.34,forkert,4,Danmarks Statistik,
253,music_school,2022,2025,16.37,15.22,-7.03,forkert,4,Danmarks Statistik,
259,music_school,2022,2025,10.43,9.58,-8.15,stagneret,4,Danmarks Statistik,
260,music_school,2022,2025,12.73,15.33,20.42,rigtig,4,Danmarks Statistik,
265,music_school,2022,2025,21.05,16.85,-19.95,forkert,4,Danmarks Statistik,
269,music_school,2022,2025,8.07,11.4,41.26,rigtig,4,Danmarks Statistik,
270,music_school,2022,2025,9.45,9.04,-4.34,forkert,4,Danmarks Statistik,
306,music_school,2022,2025,6.72,9.31,38.54,rigtig,4,Danmarks Statistik,
316,music_school,2022,2025,6.84,8.87,29.68,rigtig,4,Danmarks Statistik,
320,music_school,2022,2025,8.75,8.67,-0.91,stagneret,4,Danmarks Statistik,
326,music_school,2022,2025,7.22,7.63,5.68,rigtig,4,Danmarks Statistik,
329,music_school,2022,2025,16.87,15.02,-10.97,forkert,4,Danmarks Statistik,
330,music_school,2022,2025,7.2,5.42,-24.72,forkert,4,Danmarks Statistik,
336,music_school,2022,2025,9.24,11.9,28.79,rigtig,4,Danmarks Statistik,
340,music_school,2022,2025,11.93,11.85,-0.67,stagneret,4,Danmarks Statistik,
350,music_school,2022,2025,20.37,17.81,-12.57,forkert,4,Danmarks Statistik,
360,music_school,2022,2025,11.07,11.4,2.98,stagneret,4,Danmarks Statistik,
370,music_school,2022,2025,11.54,11.53,-0.09,stagneret,4,Danmarks Statistik,
376,music_school,2022,2025,8.27,8.19,-0.97,stagneret,4,Danmarks Statistik,
390,music_school,2022,2025,14.69,17.84,21.44,rigtig,4,Danmarks Statistik,
400,music_school,2022,2025,10.67,11.04,3.47,stagneret,4,Danmarks Statistik,
410,music_school,2022,2025,9.57,10.81,12.96,rigtig,4,Danmarks Statistik,
420,music_school,2022,2025,12.52,12.87,2.8,stagneret,4,Danmarks Statistik,
430,music_school,2022,2025,10.76,13.54,25.84,rigtig,4,Danmarks Statistik,
440,music_school,2022,2025,9.94,10.36,4.23,stagneret,4,Danmarks Statistik,
450,music_school,2022,2025,10.72,11.35,5.88,stagneret,4,Danmarks Statistik,
461,music_school,2022,2025,5.32,5.42,1.88,rigtig,4,Danmarks Statistik,
479,music_school,2022,2025,13.38,14.18,5.98,stagneret,4,Danmarks Statistik,
480,music_school,2022,2025,8.75,10.36,18.4,rigtig,4,Danmarks Statistik,
482,music_school,2022,2025,15.75,14.78,-6.16,stagneret,4,Danmarks Statistik,
492,music_school,2022,2025,11.95,10.71,-10.38,forkert,4,Danmarks Statistik,
510,music_school,2022,2025,10.16,10.06,-0.98,stagneret,4,Danmarks Statistik,
530,music_school,2022,2025,18.89,22.82,20.8,rigtig,4,Danmarks Statistik,
540,music_school,2022,2025,10.11,10.59,4.75,stagneret,4,Danmarks Statistik,
550,music_school,2022,2025,6.0,7.61,26.83,rigtig,4,Danmarks Statistik,
561,music_school,2022,2025,17.25,18.13,5.1,stagneret,4,Danmarks Statistik,
563,music_school,2022,2025,0.0,0.0,,ingen,4,Danmarks Statistik,
573,music_school,2022,2025,14.86,14.86,0.0,stagneret,4,Danmarks Statistik,
575,music_school,2022,2025,6.64,5.43,-18.22,forkert,4,Danmarks Statistik,
580,music_school,2022,2025,6.12,5.97,-2.45,forkert,4,Danmarks Statistik,
607,music_school,2022,2025,14.11,11.61,-17.72,forkert,4,Danmarks Statistik,
615,music_school,2022,2025,10.74,9.46,-11.92,forkert,4,Danmarks Statistik,
621,music_school,2022,2025,12.89,12.39,-3.88,stagneret,4,Danmarks Statistik,
630,music_school,2022,2025,8.81,10.17,15.44,rigtig,4,Danmarks Statistik,
657,music_school,2022,2025,8.44,7.91,-6.28,forkert,4,Danmarks Statistik,
661,music_school,2022,2025,11.1,9.46,-14.77,forkert,4,Danmarks Statistik,
665,music_school,2022,2025,13.35,15.64,17.15,rigtig,4,Danmarks Statistik,
671,music_school,2022,2025,20.91,17.99,-13.96,forkert,4,Danmarks Statistik,
706,music_school,2022,2025,12.27,11.16,-9.05,forkert,4,Danmarks Statistik,
707,music_school,2022,2025,9.67,9.36,-3.21,forkert,4,Danmarks Statistik,
710,music_school,2022,2025,13.79,10.72,-22.26,forkert,4,Danmarks Statistik,
727,music_school,2022,2025,13.43,11.21,-16.53,forkert,4,Danmarks Statistik,
730,music_school,2022,2025,7.11,7.3,2.67,rigtig,4,Danmarks Statistik,
740,music_school,2022,2025,13.19,12.48,-5.38,stagneret,4,Danmarks Statistik,
746,music_school,2022,2025,16.79,19.3,14.95,rigtig,4,Danmarks Statistik,
751,music_school,2022,2025,6.76,6.52,-3.55,forkert,4,Danmarks Statistik,
756,music_school,2022,2025,7.43,7.74,4.17,rigtig,4,Danmarks Statistik,
760,music_school,2022,2025,13.42,12.16,-9.39,forkert,4,Danmarks Statistik,
766,music_school,2022,2025,9.28,7.93,-14.55,forkert,4,Danmarks Statistik,
773,music_school,2022,2025,7.97,5.43,-31.87,forkert,4,Danmarks Statistik,
779,music_school,2022,2025,9.16,10.42,13.76,rigtig,4,Danmarks Statistik,
787,music_school,2022,2025,9.86,11.55,17.14,rigtig,4,Danmarks Statistik,
791,music_school,2022,2025,8.31,7.57,-8.9,forkert,4,Danmarks Statistik,
810,music_school,2022,2025,11.91,10.19,-14.44,forkert,4,Danmarks Statistik,
813,music_school,2022,2025,13.86,16.45,18.69,rigtig,4,Danmarks Statistik,
820,music_school,2022,2025,14.04,14.02,-0.14,stagneret,4,Danmarks Statistik,
840,music_school,2022,2025,14.06,11.05,-21.41,forkert,4,Danmarks Statistik,
846,music_school,2022,2025,15.48,15.5,0.13,stagneret,4,Danmarks Statistik,
849,music_school,2022,2025,21.71,24.29,11.88,rigtig,4,Danmarks Statistik,
851,music_school,2022,2025,18.33,17.67,-3.6,stagneret,4,Danmarks Statistik,
860,music_school,2022,2025,14.21,12.87,-9.43,forkert,4,Danmarks Statistik,
101,naer_nitrogen,2010-2012,2022-2024,0.9463,1.1883,25.57,forkert,15,Danmarks Statistik,
151,naer_nitrogen,2010-2012,2022-2024,0.536,0.5503,2.67,forkert,15,Danmarks Statistik,
153,naer_nitrogen,2014-2016,2022-2024,0.105,0.1423,35.56,forkert,11,Danmarks Statistik,
155,naer_nitrogen,2010-2012,2022-2024,0.5613,0.617,9.92,forkert,15,Danmarks Statistik,
157,naer_nitrogen,2014-2016,2022-2024,0.3927,0.3747,-4.58,rigtig,11,Danmarks Statistik,
159,naer_nitrogen,2014-2016,2022-2024,0.139,0.0523,-62.35,rigtig,11,Danmarks Statistik,
161,naer_nitrogen,2014-2016,2022-2024,0.045,0.099,120.0,forkert,11,Danmarks Statistik,
163,naer_nitrogen,2014-2016,2022-2024,0.095,0.1133,19.3,forkert,11,Danmarks Statistik,
165,naer_nitrogen,2014-2016,2022-2024,0.1797,0.1933,7.61,forkert,11,Danmarks Statistik,
167,naer_nitrogen,2010-2012,2022-2024,2.5583,3.1713,23.96,forkert,15,Danmarks Statistik,
169,naer_nitrogen,2010-2012,2022-2024,0.07,0.1683,140.48,forkert,15,Danmarks Statistik,
173,naer_nitrogen,2010-2012,2022-2024,1.402,1.4467,3.19,forkert,15,Danmarks Statistik,
175,naer_nitrogen,2014-2016,2022-2024,0.0793,0.062,-21.85,rigtig,11,Danmarks Statistik,
183,naer_nitrogen,2014-2016,2022-2024,0.0763,0.241,215.72,forkert,10,Danmarks Statistik,
185,naer_nitrogen,2010-2012,2022-2024,0.6777,1.1497,69.65,forkert,15,Danmarks Statistik,
187,naer_nitrogen,2014-2016,2022-2024,0.5033,0.35,-30.46,rigtig,11,Danmarks Statistik,
190,naer_nitrogen,2010-2012,2022-2024,0.078,0.2613,235.04,forkert,14,Danmarks Statistik,
201,naer_nitrogen,2010-2012,2022-2024,0.3737,0.4107,9.9,forkert,15,Danmarks Statistik,
210,naer_nitrogen,2010-2012,2022-2024,0.322,0.4083,26.81,forkert,15,Danmarks Statistik,
217,naer_nitrogen,2010-2012,2022-2024,0.5433,0.915,68.4,forkert,15,Danmarks Statistik,
219,naer_nitrogen,2010-2012,2022-2024,0.8087,0.494,-38.91,rigtig,15,Danmarks Statistik,
223,naer_nitrogen,2010-2012,2022-2024,0.8063,0.8483,5.21,forkert,15,Danmarks Statistik,
230,naer_nitrogen,2010-2012,2022-2024,0.476,0.5417,13.8,forkert,15,Danmarks Statistik,
240,naer_nitrogen,2010-2012,2022-2024,0.168,0.288,71.43,forkert,15,Danmarks Statistik,
250,naer_nitrogen,2010-2012,2022-2024,0.3917,0.513,30.98,forkert,15,Danmarks Statistik,
253,naer_nitrogen,2010-2012,2022-2024,0.5567,0.7733,38.92,forkert,15,Danmarks Statistik,
259,naer_nitrogen,2010-2012,2022-2024,0.8447,0.8017,-5.09,rigtig,15,Danmarks Statistik,
260,naer_nitrogen,2010-2012,2022-2024,0.881,0.8053,-8.59,rigtig,15,Danmarks Statistik,
265,naer_nitrogen,2010-2012,2022-2024,0.6583,0.491,-25.42,rigtig,15,Danmarks Statistik,
269,naer_nitrogen,2010-2012,2022-2024,0.3017,0.425,40.88,forkert,15,Danmarks Statistik,
270,naer_nitrogen,2010-2012,2022-2024,0.8933,0.7863,-11.98,rigtig,15,Danmarks Statistik,
306,naer_nitrogen,2010-2012,2022-2024,0.8223,0.8127,-1.18,rigtig,15,Danmarks Statistik,
316,naer_nitrogen,2010-2012,2022-2024,0.5417,0.6617,22.15,forkert,15,Danmarks Statistik,
320,naer_nitrogen,2010-2012,2022-2024,1.012,0.953,-5.83,rigtig,15,Danmarks Statistik,
326,naer_nitrogen,2010-2012,2022-2024,3.277,4.0957,24.98,forkert,15,Danmarks Statistik,
329,naer_nitrogen,2010-2012,2022-2024,0.6697,0.801,19.61,forkert,15,Danmarks Statistik,
330,naer_nitrogen,2010-2012,2022-2024,1.0983,0.9233,-15.93,rigtig,15,Danmarks Statistik,
336,naer_nitrogen,2010-2012,2022-2024,0.7313,0.5223,-28.58,rigtig,15,Danmarks Statistik,
340,naer_nitrogen,2010-2012,2022-2024,0.7123,0.758,6.41,forkert,15,Danmarks Statistik,
350,naer_nitrogen,2010-2012,2022-2024,0.448,0.5513,23.07,forkert,15,Danmarks Statistik,
360,naer_nitrogen,2010-2012,2022-2024,2.9537,3.2277,9.28,forkert,15,Danmarks Statistik,
370,naer_nitrogen,2010-2012,2022-2024,0.9133,0.7657,-16.17,rigtig,15,Danmarks Statistik,
376,naer_nitrogen,2010-2012,2022-2024,1.6557,1.8307,10.57,forkert,15,Danmarks Statistik,
390,naer_nitrogen,2010-2012,2022-2024,1.511,1.4273,-5.54,rigtig,15,Danmarks Statistik,
400,naer_nitrogen,2010-2012,2022-2024,0.8697,1.3593,56.31,forkert,15,Danmarks Statistik,
410,naer_nitrogen,2010-2012,2022-2024,0.8053,1.1517,43.0,forkert,15,Danmarks Statistik,
420,naer_nitrogen,2010-2012,2022-2024,0.5357,0.596,11.26,forkert,15,Danmarks Statistik,
430,naer_nitrogen,2010-2012,2022-2024,0.822,0.888,8.03,forkert,15,Danmarks Statistik,
440,naer_nitrogen,2010-2012,2022-2024,0.3363,0.932,177.11,forkert,15,Danmarks Statistik,
450,naer_nitrogen,2010-2012,2022-2024,0.9613,1.284,33.56,forkert,15,Danmarks Statistik,
461,naer_nitrogen,2010-2012,2022-2024,0.7317,0.9173,25.38,forkert,15,Danmarks Statistik,
479,naer_nitrogen,2010-2012,2022-2024,0.698,0.8723,24.98,forkert,15,Danmarks Statistik,
480,naer_nitrogen,2010-2012,2022-2024,0.7233,1.0447,44.42,forkert,15,Danmarks Statistik,
482,naer_nitrogen,2010-2012,2022-2024,1.2763,1.572,23.17,forkert,15,Danmarks Statistik,
492,naer_nitrogen,2010-2012,2022-2024,0.7503,0.668,-10.97,rigtig,15,Danmarks Statistik,
510,naer_nitrogen,2010-2012,2022-2024,1.7437,1.896,8.74,forkert,15,Danmarks Statistik,
530,naer_nitrogen,2010-2012,2022-2024,2.6987,2.4617,-8.78,rigtig,15,Danmarks Statistik,
540,naer_nitrogen,2010-2012,2022-2024,1.062,0.9217,-13.21,rigtig,15,Danmarks Statistik,
550,naer_nitrogen,2010-2012,2022-2024,1.1917,1.4677,23.16,forkert,15,Danmarks Statistik,
561,naer_nitrogen,2010-2012,2022-2024,0.9523,1.056,10.89,forkert,15,Danmarks Statistik,
563,naer_nitrogen,2014-2017,2019-2023,0.3037,0.291,-4.17,rigtig,6,Danmarks Statistik,
573,naer_nitrogen,2010-2012,2022-2024,1.3387,1.4513,8.42,forkert,15,Danmarks Statistik,
575,naer_nitrogen,2010-2012,2022-2024,1.7553,1.7533,-0.11,stagneret,15,Danmarks Statistik,
580,naer_nitrogen,2010-2012,2022-2024,0.753,1.0607,40.86,forkert,15,Danmarks Statistik,
607,naer_nitrogen,2010-2012,2022-2024,1.1123,1.304,17.23,forkert,15,Danmarks Statistik,
615,naer_nitrogen,2010-2012,2022-2024,0.9923,1.009,1.68,forkert,15,Danmarks Statistik,
621,naer_nitrogen,2010-2012,2022-2024,1.0533,1.1363,7.88,forkert,15,Danmarks Statistik,
630,naer_nitrogen,2010-2012,2022-2024,1.2297,1.3223,7.54,forkert,15,Danmarks Statistik,
657,naer_nitrogen,2010-2012,2022-2024,1.535,1.6833,9.66,forkert,15,Danmarks Statistik,
661,naer_nitrogen,2010-2012,2022-2024,1.4407,1.852,28.55,forkert,15,Danmarks Statistik,
665,naer_nitrogen,2010-2012,2022-2024,2.384,2.2997,-3.54,rigtig,15,Danmarks Statistik,
671,naer_nitrogen,2010-2012,2022-2024,0.8697,0.7397,-14.95,rigtig,15,Danmarks Statistik,
706,naer_nitrogen,2010-2012,2022-2024,0.528,0.561,6.25,forkert,15,Danmarks Statistik,
707,naer_nitrogen,2010-2012,2022-2024,0.772,1.1567,49.83,forkert,15,Danmarks Statistik,
710,naer_nitrogen,2010-2012,2022-2024,0.5833,0.948,62.51,forkert,15,Danmarks Statistik,
727,naer_nitrogen,2010-2012,2022-2024,0.7037,1.2253,74.14,forkert,15,Danmarks Statistik,
730,naer_nitrogen,2010-2012,2022-2024,0.906,1.0363,14.39,forkert,15,Danmarks Statistik,
740,naer_nitrogen,2010-2012,2022-2024,0.6597,0.641,-2.83,rigtig,15,Danmarks Statistik,
741,naer_nitrogen,2010-2012,2022-2024,3.383,4.112,21.55,forkert,15,Danmarks Statistik,
746,naer_nitrogen,2010-2012,2022-2024,0.4217,0.539,27.83,forkert,15,Danmarks Statistik,
751,naer_nitrogen,2010-2012,2022-2024,0.513,0.731,42.5,forkert,15,Danmarks Statistik,
756,naer_nitrogen,2010-2012,2022-2024,1.3477,1.376,2.1,forkert,15,Danmarks Statistik,
760,naer_nitrogen,2010-2012,2022-2024,1.54,2.779,80.45,forkert,15,Danmarks Statistik,
766,naer_nitrogen,2010-2012,2022-2024,1.362,1.908,40.09,forkert,15,Danmarks Statistik,
773,naer_nitrogen,2010-2012,2022-2024,1.2483,0.8703,-30.28,rigtig,15,Danmarks Statistik,
779,naer_nitrogen,2010-2012,2022-2024,0.7373,1.1567,56.87,forkert,15,Danmarks Statistik,
787,naer_nitrogen,2010-2012,2022-2024,1.0793,1.3983,29.56,forkert,15,Danmarks Statistik,
791,naer_nitrogen,2010-2012,2022-2024,1.1257,1.14,1.27,forkert,15,Danmarks Statistik,
810,naer_nitrogen,2010-2012,2022-2024,0.9037,0.8593,-4.91,rigtig,15,Danmarks Statistik,
813,naer_nitrogen,2010-2012,2022-2024,1.8477,3.5813,93.83,forkert,15,Danmarks Statistik,
820,naer_nitrogen,2010-2012,2022-2024,1.0133,1.6903,66.81,forkert,15,Danmarks Statistik,
825,naer_nitrogen,2010-2012,2022-2024,2.7557,3.0077,9.14,forkert,15,Danmarks Statistik,
840,naer_nitrogen,2010-2012,2022-2024,1.0027,0.9947,-0.8,stagneret,15,Danmarks Statistik,
846,naer_nitrogen,2010-2012,2022-2024,0.8777,0.83,-5.43,rigtig,15,Danmarks Statistik,
849,naer_nitrogen,2010-2012,2022-2024,0.9033,0.967,7.05,forkert,15,Danmarks Statistik,
851,naer_nitrogen,2010-2012,2022-2024,0.8463,0.9967,17.76,forkert,15,Danmarks Statistik,
860,naer_nitrogen,2010-2012,2022-2024,0.8477,1.2747,50.37,forkert,15,Danmarks Statistik,
101,naer_phosphorus,2010-2012,2022-2024,0.2367,0.1,-57.75,rigtig,15,Danmarks Statistik,
151,naer_phosphorus,2010-2012,2022-2024,0.1113,0.093,-16.47,rigtig,15,Danmarks Statistik,
153,naer_phosphorus,2014-2016,2021-2024,0.0287,0.027,-5.81,rigtig,7,Danmarks Statistik,
155,naer_phosphorus,2010-2012,2022-2024,0.0977,0.0683,-30.03,rigtig,15,Danmarks Statistik,
157,naer_phosphorus,2014-2016,2022-2024,0.1023,0.0623,-39.09,rigtig,11,Danmarks Statistik,
159,naer_phosphorus,2014-2016,2017-2024,0.035,0.0143,-59.05,rigtig,6,Danmarks Statistik,
163,naer_phosphorus,2014,2017,0.036,0.035,-2.78,rigtig,4,Danmarks Statistik,
165,naer_phosphorus,2014-2016,2022-2024,0.036,0.036,0.0,stagneret,10,Danmarks Statistik,
167,naer_phosphorus,2010-2012,2022-2024,0.3193,0.405,26.83,forkert,15,Danmarks Statistik,
169,naer_phosphorus,2014-2016,2022-2024,0.034,0.018,-47.06,rigtig,11,Danmarks Statistik,
173,naer_phosphorus,2010-2012,2022-2024,0.183,0.2113,15.48,forkert,15,Danmarks Statistik,
175,naer_phosphorus,2014,2023,0.027,0.023,-14.81,rigtig,4,Danmarks Statistik,
183,naer_phosphorus,2023,2024,0.043,0.042,-2.33,rigtig,2,Danmarks Statistik,
185,naer_phosphorus,2010-2012,2022-2024,0.1633,0.115,-29.59,rigtig,15,Danmarks Statistik,
187,naer_phosphorus,2014-2016,2022-2024,0.1313,0.0587,-55.33,rigtig,11,Danmarks Statistik,
190,naer_phosphorus,2015-2017,2022-2024,0.0253,0.032,26.32,forkert,10,Danmarks Statistik,
201,naer_phosphorus,2010-2012,2022-2024,0.097,0.0513,-47.08,rigtig,15,Danmarks Statistik,
210,naer_phosphorus,2010-2012,2022-2024,0.0593,0.04,-32.58,rigtig,15,Danmarks Statistik,
217,naer_phosphorus,2010-2012,2022-2024,0.0927,0.1313,41.73,forkert,15,Danmarks Statistik,
219,naer_phosphorus,2010-2012,2022-2024,0.0487,0.0553,13.7,forkert,15,Danmarks Statistik,
223,naer_phosphorus,2010-2012,2022-2024,0.0547,0.0803,46.95,forkert,14,Danmarks Statistik,
230,naer_phosphorus,2010-2012,2022-2024,0.043,0.0813,89.15,forkert,15,Danmarks Statistik,
240,naer_phosphorus,2010-2012,2022-2024,0.024,0.0517,115.28,forkert,15,Danmarks Statistik,
250,naer_phosphorus,2010-2012,2022-2024,0.0603,0.058,-3.87,rigtig,15,Danmarks Statistik,
253,naer_phosphorus,2010-2012,2022-2024,0.0767,0.084,9.57,forkert,15,Danmarks Statistik,
259,naer_phosphorus,2010-2012,2022-2024,0.204,0.112,-45.1,rigtig,15,Danmarks Statistik,
260,naer_phosphorus,2010-2012,2022-2024,0.0537,0.0637,18.63,forkert,15,Danmarks Statistik,
265,naer_phosphorus,2010-2012,2022-2024,0.0887,0.059,-33.46,rigtig,15,Danmarks Statistik,
269,naer_phosphorus,2010-2012,2022-2024,0.0633,0.0683,7.89,forkert,14,Danmarks Statistik,
270,naer_phosphorus,2010-2012,2022-2024,0.082,0.088,7.32,forkert,15,Danmarks Statistik,
306,naer_phosphorus,2010-2012,2022-2024,0.1523,0.0913,-40.04,rigtig,15,Danmarks Statistik,
316,naer_phosphorus,2010-2012,2022-2024,0.0623,0.1083,73.8,forkert,15,Danmarks Statistik,
320,naer_phosphorus,2010-2012,2022-2024,0.1137,0.1247,9.68,forkert,15,Danmarks Statistik,
326,naer_phosphorus,2010-2012,2022-2024,0.3677,0.427,16.14,forkert,15,Danmarks Statistik,
329,naer_phosphorus,2010-2012,2022-2024,0.071,0.0463,-34.74,rigtig,15,Danmarks Statistik,
330,naer_phosphorus,2010-2012,2022-2024,0.1463,0.113,-22.78,rigtig,15,Danmarks Statistik,
336,naer_phosphorus,2010-2012,2022-2024,0.122,0.0847,-30.6,rigtig,15,Danmarks Statistik,
340,naer_phosphorus,2010-2012,2022-2024,0.068,0.099,45.59,forkert,15,Danmarks Statistik,
350,naer_phosphorus,2010-2012,2022-2024,0.062,0.092,48.39,forkert,15,Danmarks Statistik,
360,naer_phosphorus,2010-2012,2022-2024,0.3553,0.4013,12.95,forkert,15,Danmarks Statistik,
370,naer_phosphorus,2010-2012,2022-2024,0.1483,0.095,-35.96,rigtig,15,Danmarks Statistik,
376,naer_phosphorus,2010-2012,2022-2024,0.2133,0.2107,-1.25,rigtig,15,Danmarks Statistik,
390,naer_phosphorus,2010-2012,2022-2024,0.2027,0.1977,-2.47,rigtig,15,Danmarks Statistik,
400,naer_phosphorus,2010-2012,2022-2024,0.1113,0.169,51.8,forkert,15,Danmarks Statistik,
410,naer_phosphorus,2010-2012,2022-2024,0.062,0.15,141.94,forkert,15,Danmarks Statistik,
420,naer_phosphorus,2010-2012,2022-2024,0.064,0.049,-23.44,rigtig,15,Danmarks Statistik,
430,naer_phosphorus,2010-2012,2022-2024,0.0773,0.096,24.14,forkert,15,Danmarks Statistik,
440,naer_phosphorus,2010-2012,2022-2024,0.056,0.0833,48.81,forkert,15,Danmarks Statistik,
450,naer_phosphorus,2010-2012,2022-2024,0.1163,0.1863,60.17,forkert,15,Danmarks Statistik,
461,naer_phosphorus,2010-2012,2022-2024,0.021,0.0867,312.7,forkert,15,Danmarks Statistik,
479,naer_phosphorus,2010-2012,2022-2024,0.085,0.1007,18.43,forkert,15,Danmarks Statistik,
480,naer_phosphorus,2010-2012,2022-2024,0.079,0.1237,56.54,forkert,15,Danmarks Statistik,
482,naer_phosphorus,2010-2012,2022-2024,0.15,0.1893,26.22,forkert,15,Danmarks Statistik,
492,naer_phosphorus,2011-2014,2015-2017,0.2053,0.2133,3.9,forkert,6,Danmarks Statistik,
510,naer_phosphorus,2010-2012,2022-2024,0.2667,0.1747,-34.5,rigtig,15,Danmarks Statistik,
530,naer_phosphorus,2010-2012,2022-2024,0.369,0.2227,-39.66,rigtig,15,Danmarks Statistik,
540,naer_phosphorus,2010-2012,2022-2024,0.1357,0.0943,-30.47,rigtig,15,Danmarks Statistik,
550,naer_phosphorus,2010-2012,2022-2024,0.1183,0.1543,30.42,forkert,15,Danmarks Statistik,
561,naer_phosphorus,2010-2012,2022-2024,0.0957,0.121,26.48,forkert,15,Danmarks Statistik,
573,naer_phosphorus,2010-2012,2022-2024,0.1653,0.1473,-10.89,rigtig,15,Danmarks Statistik,
575,naer_phosphorus,2010-2012,2022-2024,0.1873,0.2027,8.19,forkert,15,Danmarks Statistik,
580,naer_phosphorus,2010-2012,2022-2024,0.145,0.227,56.55,forkert,15,Danmarks Statistik,
607,naer_phosphorus,2010-2012,2022-2024,0.1663,0.211,26.85,forkert,15,Danmarks Statistik,
615,naer_phosphorus,2010-2012,2022-2024,0.032,0.083,159.38,forkert,15,Danmarks Statistik,
621,naer_phosphorus,2010-2012,2022-2024,0.1307,0.1553,18.88,forkert,15,Danmarks Statistik,
630,naer_phosphorus,2010-2012,2022-2024,0.0903,0.116,28.41,forkert,15,Danmarks Statistik,
657,naer_phosphorus,2010-2012,2022-2024,0.1087,0.1747,60.74,forkert,15,Danmarks Statistik,
661,naer_phosphorus,2010-2012,2022-2024,0.134,0.1533,14.43,forkert,15,Danmarks Statistik,
665,naer_phosphorus,2010-2012,2022-2024,0.3717,0.3287,-11.57,rigtig,15,Danmarks Statistik,
671,naer_phosphorus,2010-2012,2022-2024,0.0747,0.0803,7.59,forkert,15,Danmarks Statistik,
706,naer_phosphorus,2010-2012,2022-2024,0.072,0.0833,15.74,forkert,15,Danmarks Statistik,
707,naer_phosphorus,2010-2012,2022-2024,0.07,0.1627,132.38,forkert,15,Danmarks Statistik,
710,naer_phosphorus,2010-2012,2022-2024,0.0497,0.1013,104.03,forkert,15,Danmarks Statistik,
727,naer_phosphorus,2010-2012,2022-2024,0.0763,0.113,48.03,forkert,15,Danmarks Statistik,
730,naer_phosphorus,2010-2012,2022-2024,0.0557,0.0937,68.26,forkert,15,Danmarks Statistik,
740,naer_phosphorus,2010-2012,2022-2024,0.049,0.057,16.33,forkert,15,Danmarks Statistik,
741,naer_phosphorus,2010-2012,2022-2024,0.4237,0.2683,-36.66,rigtig,14,Danmarks Statistik,
746,naer_phosphorus,2010-2012,2022-2024,0.023,0.046,100.0,forkert,15,Danmarks Statistik,
751,naer_phosphorus,2010-2012,2022-2024,0.0267,0.0423,58.75,forkert,15,Danmarks Statistik,
756,naer_phosphorus,2010-2012,2022-2024,0.1313,0.126,-4.06,rigtig,15,Danmarks Statistik,
760,naer_phosphorus,2010-2012,2022-2024,0.1493,0.2427,62.5,forkert,15,Danmarks Statistik,
766,naer_phosphorus,2010-2012,2022-2024,0.152,0.1967,29.39,forkert,15,Danmarks Statistik,
773,naer_phosphorus,2010-2012,2022-2024,0.17,0.1003,-40.98,rigtig,15,Danmarks Statistik,
779,naer_phosphorus,2010-2012,2022-2024,0.0903,0.104,15.13,forkert,15,Danmarks Statistik,
787,naer_phosphorus,2010-2012,2022-2024,0.096,0.1313,36.81,forkert,15,Danmarks Statistik,
791,naer_phosphorus,2010-2012,2022-2024,0.0713,0.082,14.95,forkert,15,Danmarks Statistik,
810,naer_phosphorus,2010-2012,2022-2024,0.0653,0.1097,67.86,forkert,15,Danmarks Statistik,
813,naer_phosphorus,2010-2012,2022-2024,0.1083,0.3067,183.08,forkert,15,Danmarks Statistik,
820,naer_phosphorus,2010-2012,2022-2024,0.053,0.101,90.57,forkert,15,Danmarks Statistik,
825,naer_phosphorus,2010-2012,2022-2024,0.516,0.5643,9.37,forkert,15,Danmarks Statistik,
840,naer_phosphorus,2010-2012,2022-2024,0.104,0.1513,45.51,forkert,15,Danmarks Statistik,
846,naer_phosphorus,2010-2012,2022-2024,0.039,0.096,146.15,forkert,15,Danmarks Statistik,
849,naer_phosphorus,2010-2012,2022-2024,0.0773,0.096,24.14,forkert,15,Danmarks Statistik,
851,naer_phosphorus,2010-2012,2022-2024,0.057,0.1183,107.6,forkert,15,Danmarks Statistik,
860,naer_phosphorus,2010-2012,2022-2024,0.08,0.1463,82.92,forkert,15,Danmarks Statistik,
101,neet,2010-2012,2022-2024,10.6467,8.13,-23.64,rigtig,15,Danmarks Statistik,
147,neet,2010-2012,2022-2024,10.2867,6.5967,-35.87,rigtig,15,Danmarks Statistik,
151,neet,2010-2012,2022-2024,11.98,8.8867,-25.82,rigtig,15,Danmarks Statistik,
153,neet,2010-2012,2022-2024,13.14,10.06,-23.44,rigtig,15,Danmarks Statistik,
155,neet,2010-2012,2022-2024,11.34,7.3567,-35.13,rigtig,15,Danmarks Statistik,
157,neet,2010-2012,2022-2024,10.6533,9.7467,-8.51,stagneret,15,Danmarks Statistik,
159,neet,2010-2012,2022-2024,10.69,8.0133,-25.04,rigtig,15,Danmarks Statistik,
161,neet,2010-2012,2022-2024,10.97,8.9567,-18.35,rigtig,15,Danmarks Statistik,
163,neet,2010-2012,2022-2024,11.0467,8.77,-20.61,rigtig,15,Danmarks Statistik,
165,neet,2010-2012,2022-2024,13.1133,9.2867,-29.18,rigtig,15,Danmarks Statistik,
167,neet,2010-2012,2022-2024,11.2933,8.25,-26.95,rigtig,15,Danmarks Statistik,
169,neet,2010-2012,2022-2024,12.33,9.69,-21.41,rigtig,15,Danmarks Statistik,
173,neet,2010-2012,2022-2024,8.7967,7.1633,-18.57,rigtig,15,Danmarks Statistik,
175,neet,2010-2012,2022-2024,11.4133,9.2333,-19.1,rigtig,15,Danmarks Statistik,
183,neet,2010-2012,2022-2024,13.44,10.1467,-24.5,rigtig,15,Danmarks Statistik,
185,neet,2010-2012,2022-2024,12.3633,9.54,-22.84,rigtig,15,Danmarks Statistik,
187,neet,2010-2012,2022-2024,9.8967,8.1967,-17.18,rigtig,15,Danmarks Statistik,
190,neet,2010-2012,2022-2024,10.0433,8.59,-14.47,rigtig,15,Danmarks Statistik,
201,neet,2010-2012,2022-2024,8.2633,7.8433,-5.08,tempo,15,Danmarks Statistik,
210,neet,2010-2012,2022-2024,10.95,9.5233,-13.03,rigtig,15,Danmarks Statistik,
217,neet,2010-2012,2022-2024,10.8967,9.3267,-14.41,rigtig,15,Danmarks Statistik,
219,neet,2010-2012,2022-2024,9.47,9.2633,-2.18,tempo,15,Danmarks Statistik,
223,neet,2010-2012,2022-2024,10.6,9.3333,-11.95,rigtig,15,Danmarks Statistik,
230,neet,2010-2012,2022-2024,9.2133,8.4033,-8.79,rigtig,15,Danmarks Statistik,
240,neet,2010-2012,2022-2024,8.1267,8.08,-0.57,stagneret,15,Danmarks Statistik,
250,neet,2010-2012,2022-2024,10.8433,10.0167,-7.62,stagneret,15,Danmarks Statistik,
253,neet,2010-2012,2022-2024,9.46,8.91,-5.81,tempo,15,Danmarks Statistik,
259,neet,2010-2012,2022-2024,10.96,9.8567,-10.07,rigtig,15,Danmarks Statistik,
260,neet,2010-2012,2022-2024,13.6233,11.6767,-14.29,rigtig,15,Danmarks Statistik,
265,neet,2010-2012,2022-2024,10.65,7.57,-28.92,rigtig,15,Danmarks Statistik,
269,neet,2010-2012,2022-2024,9.0,7.2,-20.0,rigtig,15,Danmarks Statistik,
270,neet,2010-2012,2022-2024,11.24,10.0267,-10.79,rigtig,15,Danmarks Statistik,
306,neet,2010-2012,2022-2024,17.08,13.4867,-21.04,rigtig,15,Danmarks Statistik,
316,neet,2010-2012,2022-2024,12.28,10.48,-14.66,rigtig,15,Danmarks Statistik,
320,neet,2010-2012,2022-2024,12.1667,11.66,-4.16,stagneret,15,Danmarks Statistik,
326,neet,2010-2012,2022-2024,13.6833,11.22,-18.0,rigtig,15,Danmarks Statistik,
329,neet,2010-2012,2022-2024,12.1233,9.63,-20.57,rigtig,15,Danmarks Statistik,
330,neet,2010-2012,2022-2024,12.5633,10.61,-15.55,rigtig,15,Danmarks Statistik,
336,neet,2010-2012,2022-2024,12.1033,11.3933,-5.87,stagneret,15,Danmarks Statistik,
340,neet,2010-2012,2022-2024,11.7533,11.2333,-4.42,stagneret,15,Danmarks Statistik,
350,neet,2010-2012,2022-2024,10.7067,9.49,-11.36,rigtig,15,Danmarks Statistik,
360,neet,2010-2012,2022-2024,13.98,16.1933,15.83,forkert,15,Danmarks Statistik,
370,neet,2010-2012,2022-2024,11.4833,10.6133,-7.58,stagneret,15,Danmarks Statistik,
376,neet,2010-2012,2022-2024,13.3233,12.7167,-4.55,stagneret,15,Danmarks Statistik,
390,neet,2010-2012,2022-2024,13.2467,13.7167,3.55,stagneret,15,Danmarks Statistik,
400,neet,2010-2012,2022-2024,12.8567,12.1467,-5.52,stagneret,15,Danmarks Statistik,
410,neet,2010-2012,2022-2024,9.1967,10.6167,15.44,forkert,15,Danmarks Statistik,
420,neet,2010-2012,2022-2024,11.7667,13.2633,12.72,forkert,15,Danmarks Statistik,
430,neet,2010-2012,2022-2024,11.54,10.8467,-6.01,stagneret,15,Danmarks Statistik,
440,neet,2010-2012,2022-2024,13.1133,9.8633,-24.78,rigtig,15,Danmarks Statistik,
450,neet,2010-2012,2022-2024,11.1167,10.53,-5.28,stagneret,15,Danmarks Statistik,
461,neet,2010-2012,2022-2024,9.2167,8.1533,-11.54,rigtig,15,Danmarks Statistik,
479,neet,2010-2012,2022-2024,11.7133,11.2,-4.38,stagneret,15,Danmarks Statistik,
480,neet,2010-2012,2022-2024,12.22,13.2,8.02,stagneret,15,Danmarks Statistik,
482,neet,2010-2012,2022-2024,12.2633,13.8733,13.13,forkert,15,Danmarks Statistik,
492,neet,2010-2012,2022-2024,11.6233,9.8767,-15.03,rigtig,15,Danmarks Statistik,
510,neet,2010-2012,2022-2024,11.13,11.03,-0.9,stagneret,15,Danmarks Statistik,
530,neet,2010-2012,2022-2024,11.6533,9.5333,-18.19,rigtig,15,Danmarks Statistik,
540,neet,2010-2012,2022-2024,11.4067,11.1033,-2.66,stagneret,15,Danmarks Statistik,
550,neet,2010-2012,2022-2024,11.8733,11.3767,-4.18,stagneret,15,Danmarks Statistik,
561,neet,2010-2012,2022-2024,11.21,9.3967,-16.18,rigtig,15,Danmarks Statistik,
563,neet,2010-2012,2022-2024,10.8267,10.45,-3.48,stagneret,15,Danmarks Statistik,
573,neet,2010-2012,2022-2024,10.5067,9.9,-5.77,stagneret,15,Danmarks Statistik,
575,neet,2010-2012,2022-2024,10.8,10.82,0.19,stagneret,15,Danmarks Statistik,
580,neet,2010-2012,2022-2024,11.3733,11.1567,-1.91,stagneret,15,Danmarks Statistik,
607,neet,2010-2012,2022-2024,11.7733,11.29,-4.11,stagneret,15,Danmarks Statistik,
615,neet,2010-2012,2022-2024,10.7867,10.7467,-0.37,stagneret,15,Danmarks Statistik,
621,neet,2010-2012,2022-2024,10.1933,9.3333,-8.44,stagneret,15,Danmarks Statistik,
630,neet,2010-2012,2022-2024,11.0,10.0633,-8.52,stagneret,15,Danmarks Statistik,
657,neet,2010-2012,2022-2024,10.6267,9.6733,-8.97,stagneret,15,Danmarks Statistik,
661,neet,2010-2012,2022-2024,9.94,8.58,-13.68,rigtig,15,Danmarks Statistik,
665,neet,2010-2012,2022-2024,10.02,9.69,-3.29,stagneret,15,Danmarks Statistik,
671,neet,2010-2012,2022-2024,11.8433,11.3333,-4.31,stagneret,15,Danmarks Statistik,
706,neet,2010-2012,2022-2024,12.58,12.9867,3.23,stagneret,15,Danmarks Statistik,
707,neet,2010-2012,2022-2024,12.1967,12.0733,-1.01,stagneret,15,Danmarks Statistik,
710,neet,2010-2012,2022-2024,9.7133,9.8733,1.65,forkert,15,Danmarks Statistik,
727,neet,2010-2012,2022-2024,10.43,10.83,3.84,stagneret,15,Danmarks Statistik,
730,neet,2010-2012,2022-2024,11.4267,11.48,0.47,stagneret,15,Danmarks Statistik,
740,neet,2010-2012,2022-2024,10.5767,9.7967,-7.37,stagneret,15,Danmarks Statistik,
741,neet,2010-2012,2022-2024,13.2133,11.65,-11.83,rigtig,15,Danmarks Statistik,
746,neet,2010-2012,2022-2024,9.5567,9.4,-1.64,tempo,15,Danmarks Statistik,
751,neet,2010-2012,2022-2024,8.8133,7.8267,-11.2,rigtig,15,Danmarks Statistik,
756,neet,2010-2012,2022-2024,10.4667,12.8733,22.99,forkert,15,Danmarks Statistik,
760,neet,2010-2012,2022-2024,9.6467,9.17,-4.94,tempo,15,Danmarks Statistik,
766,neet,2010-2012,2022-2024,10.09,11.9567,18.5,forkert,15,Danmarks Statistik,
773,neet,2010-2012,2022-2024,11.4033,10.53,-7.66,stagneret,15,Danmarks Statistik,
779,neet,2010-2012,2022-2024,11.09,11.35,2.34,stagneret,15,Danmarks Statistik,
787,neet,2010-2012,2022-2024,11.4633,10.7067,-6.6,stagneret,15,Danmarks Statistik,
791,neet,2010-2012,2022-2024,11.1967,9.91,-11.49,rigtig,15,Danmarks Statistik,
810,neet,2010-2012,2022-2024,13.0867,11.4367,-12.61,rigtig,15,Danmarks Statistik,
813,neet,2010-2012,2022-2024,11.61,11.5133,-0.83,stagneret,15,Danmarks Statistik,
820,neet,2010-2012,2022-2024,12.84,12.2567,-4.54,stagneret,15,Danmarks Statistik,
825,neet,2010-2012,2022-2024,10.31,13.7467,33.33,forkert,15,Danmarks Statistik,
840,neet,2010-2012,2022-2024,9.29,8.0067,-13.81,rigtig,15,Danmarks Statistik,
846,neet,2010-2012,2022-2024,11.7833,12.0533,2.29,stagneret,15,Danmarks Statistik,
849,neet,2010-2012,2022-2024,12.18,13.08,7.39,stagneret,15,Danmarks Statistik,
851,neet,2010-2012,2022-2024,9.6533,7.42,-23.14,rigtig,15,Danmarks Statistik,
860,neet,2010-2012,2022-2024,10.68,11.5633,8.27,stagneret,15,Danmarks Statistik,
101,poverty_relative,2010-2012,2022-2024,23.6667,21.5333,-9.01,rigtig,15,Danmarks Statistik,
147,poverty_relative,2010-2012,2022-2024,16.5333,15.3667,-7.06,rigtig,15,Danmarks Statistik,
151,poverty_relative,2010-2012,2022-2024,9.6667,11.3333,17.24,forkert,15,Danmarks Statistik,
153,poverty_relative,2010-2012,2022-2024,13.4667,17.4,29.21,forkert,15,Danmarks Statistik,
155,poverty_relative,2010-2012,2022-2024,5.8667,6.0667,3.41,forkert,15,Danmarks Statistik,
157,poverty_relative,2010-2012,2022-2024,9.2667,10.0,7.91,stagneret,15,Danmarks Statistik,
159,poverty_relative,2010-2012,2022-2024,11.8667,12.9667,9.27,forkert,15,Danmarks Statistik,
161,poverty_relative,2010-2012,2022-2024,9.8,12.7667,30.27,forkert,15,Danmarks Statistik,
163,poverty_relative,2010-2012,2022-2024,10.0667,11.4667,13.91,forkert,15,Danmarks Statistik,
165,poverty_relative,2010-2012,2022-2024,16.7667,16.3667,-2.39,stagneret,15,Danmarks Statistik,
167,poverty_relative,2010-2012,2022-2024,11.7,12.6333,7.98,stagneret,15,Danmarks Statistik,
169,poverty_relative,2010-2012,2022-2024,11.9333,14.7667,23.74,forkert,15,Danmarks Statistik,
173,poverty_relative,2010-2012,2022-2024,10.1,12.1333,20.13,forkert,15,Danmarks Statistik,
175,poverty_relative,2010-2012,2022-2024,11.4,13.1333,15.2,forkert,15,Danmarks Statistik,
183,poverty_relative,2010-2012,2022-2024,14.7,16.3667,11.34,forkert,15,Danmarks Statistik,
185,poverty_relative,2010-2012,2022-2024,8.6333,9.8,13.51,forkert,15,Danmarks Statistik,
187,poverty_relative,2010-2012,2022-2024,7.4667,10.6333,42.41,forkert,15,Danmarks Statistik,
190,poverty_relative,2010-2012,2022-2024,7.2667,7.1,-2.29,rigtig,15,Danmarks Statistik,
201,poverty_relative,2010-2012,2022-2024,4.8667,5.4333,11.64,forkert,15,Danmarks Statistik,
210,poverty_relative,2010-2012,2022-2024,8.6667,9.3333,7.69,forkert,15,Danmarks Statistik,
217,poverty_relative,2010-2012,2022-2024,10.0667,10.2667,1.99,stagneret,15,Danmarks Statistik,
219,poverty_relative,2010-2012,2022-2024,7.9,9.2333,16.88,forkert,15,Danmarks Statistik,
223,poverty_relative,2010-2012,2022-2024,6.6667,7.4667,12.0,forkert,15,Danmarks Statistik,
230,poverty_relative,2010-2012,2022-2024,8.0,7.7333,-3.33,rigtig,15,Danmarks Statistik,
240,poverty_relative,2010-2012,2022-2024,4.3667,6.2,41.98,forkert,15,Danmarks Statistik,
250,poverty_relative,2010-2012,2022-2024,7.3667,9.0,22.17,forkert,15,Danmarks Statistik,
253,poverty_relative,2010-2012,2022-2024,6.9333,9.0667,30.77,forkert,15,Danmarks Statistik,
259,poverty_relative,2010-2012,2022-2024,9.0,10.4667,16.3,forkert,15,Danmarks Statistik,
260,poverty_relative,2010-2012,2022-2024,8.4667,10.1,19.29,forkert,15,Danmarks Statistik,
265,poverty_relative,2010-2012,2022-2024,10.0333,9.8667,-1.66,stagneret,15,Danmarks Statistik,
269,poverty_relative,2010-2012,2022-2024,5.7667,6.1667,6.94,forkert,15,Danmarks Statistik,
270,poverty_relative,2010-2012,2022-2024,7.5333,9.5667,26.99,forkert,15,Danmarks Statistik,
306,poverty_relative,2010-2012,2022-2024,9.7333,12.4333,27.74,forkert,15,Danmarks Statistik,
316,poverty_relative,2010-2012,2022-2024,10.3,10.7,3.88,stagneret,15,Danmarks Statistik,
320,poverty_relative,2010-2012,2022-2024,9.1333,10.8667,18.98,forkert,15,Danmarks Statistik,
326,poverty_relative,2010-2012,2022-2024,9.7,11.5333,18.9,forkert,15,Danmarks Statistik,
329,poverty_relative,2010-2012,2022-2024,9.9667,10.9333,9.7,stagneret,15,Danmarks Statistik,
330,poverty_relative,2010-2012,2022-2024,12.1667,14.0667,15.62,forkert,15,Danmarks Statistik,
336,poverty_relative,2010-2012,2022-2024,7.5667,9.3,22.91,forkert,15,Danmarks Statistik,
340,poverty_relative,2010-2012,2022-2024,8.7,10.2,17.24,forkert,15,Danmarks Statistik,
350,poverty_relative,2010-2012,2022-2024,5.9667,7.4,24.02,forkert,15,Danmarks Statistik,
360,poverty_relative,2010-2012,2022-2024,14.0,17.3667,24.05,forkert,15,Danmarks Statistik,
370,poverty_relative,2010-2012,2022-2024,9.8333,12.1667,23.73,forkert,15,Danmarks Statistik,
376,poverty_relative,2010-2012,2022-2024,11.9,15.1667,27.45,forkert,15,Danmarks Statistik,
390,poverty_relative,2010-2012,2022-2024,11.1667,13.4,20.0,forkert,15,Danmarks Statistik,
400,poverty_relative,2010-2012,2022-2024,10.0,13.0667,30.67,forkert,15,Danmarks Statistik,
410,poverty_relative,2010-2012,2022-2024,7.1333,8.6,20.56,forkert,15,Danmarks Statistik,
420,poverty_relative,2010-2012,2022-2024,8.6,10.8333,25.97,forkert,15,Danmarks Statistik,
430,poverty_relative,2010-2012,2022-2024,8.5667,10.6,23.74,forkert,15,Danmarks Statistik,
440,poverty_relative,2010-2012,2022-2024,7.8333,10.4667,33.62,forkert,15,Danmarks Statistik,
450,poverty_relative,2010-2012,2022-2024,8.4333,11.5,36.36,forkert,15,Danmarks Statistik,
461,poverty_relative,2010-2012,2022-2024,16.5333,19.1667,15.93,forkert,15,Danmarks Statistik,
479,poverty_relative,2010-2012,2022-2024,11.6,13.6,17.24,forkert,15,Danmarks Statistik,
480,poverty_relative,2010-2012,2022-2024,8.5333,11.0333,29.3,forkert,15,Danmarks Statistik,
482,poverty_relative,2010-2012,2022-2024,12.6667,16.1333,27.37,forkert,15,Danmarks Statistik,
492,poverty_relative,2010-2012,2022-2024,12.8667,17.9,39.12,forkert,15,Danmarks Statistik,
510,poverty_relative,2010-2012,2022-2024,11.0333,13.0667,18.43,forkert,15,Danmarks Statistik,
530,poverty_relative,2010-2012,2022-2024,8.4,9.1667,9.13,forkert,15,Danmarks Statistik,
540,poverty_relative,2010-2012,2022-2024,10.8667,13.4,23.31,forkert,15,Danmarks Statistik,
550,poverty_relative,2010-2012,2022-2024,12.4333,14.6333,17.69,forkert,15,Danmarks Statistik,
561,poverty_relative,2010-2012,2022-2024,11.3,12.0,6.19,stagneret,15,Danmarks Statistik,
563,poverty_relative,2010-2012,2022-2024,7.5,8.4667,12.89,forkert,15,Danmarks Statistik,
573,poverty_relative,2010-2012,2022-2024,9.3333,9.7,3.93,forkert,15,Danmarks Statistik,
575,poverty_relative,2010-2012,2022-2024,9.4667,10.4,9.86,stagneret,15,Danmarks Statistik,
580,poverty_relative,2010-2012,2022-2024,11.4333,13.1,14.58,forkert,15,Danmarks Statistik,
607,poverty_relative,2010-2012,2022-2024,10.3,12.8333,24.6,forkert,15,Danmarks Statistik,
615,poverty_relative,2010-2012,2022-2024,10.9667,11.3333,3.34,stagneret,15,Danmarks Statistik,
621,poverty_relative,2010-2012,2022-2024,10.1667,11.9,17.05,forkert,15,Danmarks Statistik,
630,poverty_relative,2010-2012,2022-2024,9.3667,10.1333,8.19,stagneret,15,Danmarks Statistik,
657,poverty_relative,2010-2012,2022-2024,10.0667,10.6333,5.63,stagneret,15,Danmarks Statistik,
661,poverty_relative,2010-2012,2022-2024,10.0667,11.2333,11.59,forkert,15,Danmarks Statistik,
665,poverty_relative,2010-2012,2022-2024,9.4,10.6667,13.48,forkert,15,Danmarks Statistik,
671,poverty_relative,2010-2012,2022-2024,8.9333,11.3667,27.24,forkert,15,Danmarks Statistik,
706,poverty_relative,2010-2012,2022-2024,7.9667,10.0667,26.36,forkert,15,Danmarks Statistik,
707,poverty_relative,2010-2012,2022-2024,11.1333,12.9667,16.47,forkert,15,Danmarks Statistik,
710,poverty_relative,2010-2012,2022-2024,6.1667,7.3333,18.92,forkert,15,Danmarks Statistik,
727,poverty_relative,2010-2012,2022-2024,6.7667,8.3667,23.65,forkert,15,Danmarks Statistik,
730,poverty_relative,2010-2012,2022-2024,10.7667,13.1333,21.98,forkert,15,Danmarks Statistik,
740,poverty_relative,2010-2012,2022-2024,8.8333,9.0,1.89,forkert,15,Danmarks Statistik,
741,poverty_relative,2010-2012,2022-2024,11.2,13.7667,22.92,forkert,15,Danmarks Statistik,
746,poverty_relative,2010-2012,2022-2024,5.6667,6.6333,17.06,forkert,15,Danmarks Statistik,
751,poverty_relative,2010-2012,2022-2024,18.5667,20.7333,11.67,forkert,15,Danmarks Statistik,
756,poverty_relative,2010-2012,2022-2024,9.1,10.8667,19.41,forkert,15,Danmarks Statistik,
760,poverty_relative,2010-2012,2022-2024,8.8,9.7333,10.61,forkert,15,Danmarks Statistik,
766,poverty_relative,2010-2012,2022-2024,7.3667,8.0667,9.5,forkert,15,Danmarks Statistik,
773,poverty_relative,2010-2012,2022-2024,11.3333,13.0667,15.29,forkert,15,Danmarks Statistik,
779,poverty_relative,2010-2012,2022-2024,9.7,10.9333,12.71,forkert,15,Danmarks Statistik,
787,poverty_relative,2010-2012,2022-2024,10.9,12.4333,14.07,forkert,15,Danmarks Statistik,
791,poverty_relative,2010-2012,2022-2024,9.3,10.8,16.13,forkert,15,Danmarks Statistik,
810,poverty_relative,2010-2012,2022-2024,9.6333,11.2333,16.61,forkert,15,Danmarks Statistik,
813,poverty_relative,2010-2012,2022-2024,9.1333,11.5,25.91,forkert,15,Danmarks Statistik,
820,poverty_relative,2010-2012,2022-2024,11.1667,12.3,10.15,forkert,15,Danmarks Statistik,
825,poverty_relative,2010-2012,2022-2024,8.6667,13.6,56.92,forkert,15,Danmarks Statistik,
840,poverty_relative,2010-2012,2022-2024,8.0667,7.5667,-6.2,rigtig,15,Danmarks Statistik,
846,poverty_relative,2010-2012,2022-2024,9.5667,11.4,19.16,forkert,15,Danmarks Statistik,
849,poverty_relative,2010-2012,2022-2024,9.4667,11.2667,19.01,forkert,15,Danmarks Statistik,
851,poverty_relative,2010-2012,2022-2024,14.4,17.1333,18.98,forkert,15,Danmarks Statistik,
860,poverty_relative,2010-2012,2022-2024,10.5667,12.1,14.51,forkert,15,Danmarks Statistik,
101,rygning,2017,2025,17.3,10.6,-38.73,rigtig,2,Danmarks Statistik,
147,rygning,2017,2025,12.6,9.0,-28.57,tempo,2,Danmarks Statistik,
151,rygning,2017,2025,17.3,8.5,-50.87,rigtig,2,Danmarks Statistik,
153,rygning,2017,2025,18.5,15.7,-15.14,tempo,2,Danmarks Statistik,
155,rygning,2017,2025,12.2,8.1,-33.61,tempo,2,Danmarks Statistik,
157,rygning,2017,2025,11.1,6.1,-45.05,rigtig,2,Danmarks Statistik,
159,rygning,2017,2025,16.1,9.4,-41.61,rigtig,2,Danmarks Statistik,
161,rygning,2017,2025,17.3,11.4,-34.1,tempo,2,Danmarks Statistik,
163,rygning,2017,2025,15.8,11.1,-29.75,tempo,2,Danmarks Statistik,
165,rygning,2017,2025,19.2,13.4,-30.21,tempo,2,Danmarks Statistik,
167,rygning,2017,2025,16.4,11.4,-30.49,tempo,2,Danmarks Statistik,
169,rygning,2017,2025,18.2,12.1,-33.52,tempo,2,Danmarks Statistik,
173,rygning,2017,2025,12.3,5.1,-58.54,rigtig,2,Danmarks Statistik,
175,rygning,2017,2025,17.1,9.4,-45.03,rigtig,2,Danmarks Statistik,
183,rygning,2017,2025,19.7,17.4,-11.68,tempo,2,Danmarks Statistik,
185,rygning,2017,2025,17.0,10.7,-37.06,rigtig,2,Danmarks Statistik,
187,rygning,2017,2025,12.2,9.3,-23.77,tempo,2,Danmarks Statistik,
190,rygning,2017,2025,13.1,7.0,-46.56,rigtig,2,Danmarks Statistik,
201,rygning,2017,2025,9.1,5.1,-43.96,rigtig,2,Danmarks Statistik,
210,rygning,2017,2025,13.5,8.0,-40.74,rigtig,2,Danmarks Statistik,
217,rygning,2017,2025,19.7,10.6,-46.19,rigtig,2,Danmarks Statistik,
219,rygning,2017,2025,13.9,7.7,-44.6,rigtig,2,Danmarks Statistik,
223,rygning,2017,2025,9.6,6.8,-29.17,tempo,2,Danmarks Statistik,
230,rygning,2017,2025,11.2,5.3,-52.68,rigtig,2,Danmarks Statistik,
240,rygning,2017,2025,12.1,7.4,-38.84,rigtig,2,Danmarks Statistik,
250,rygning,2017,2025,17.4,11.2,-35.63,tempo,2,Danmarks Statistik,
253,rygning,2017,2025,14.8,9.9,-33.11,tempo,2,Danmarks Statistik,
259,rygning,2017,2025,15.0,10.7,-28.67,tempo,2,Danmarks Statistik,
260,rygning,2017,2025,20.0,14.0,-30.0,tempo,2,Danmarks Statistik,
265,rygning,2017,2025,15.3,8.1,-47.06,rigtig,2,Danmarks Statistik,
269,rygning,2017,2025,13.2,8.8,-33.33,tempo,2,Danmarks Statistik,
270,rygning,2017,2025,17.3,9.9,-42.77,rigtig,2,Danmarks Statistik,
306,rygning,2017,2025,22.5,14.3,-36.44,rigtig,2,Danmarks Statistik,
316,rygning,2017,2025,18.6,12.9,-30.65,tempo,2,Danmarks Statistik,
320,rygning,2017,2025,18.2,12.2,-32.97,tempo,2,Danmarks Statistik,
326,rygning,2017,2025,21.6,14.2,-34.26,tempo,2,Danmarks Statistik,
329,rygning,2017,2025,18.5,12.1,-34.59,tempo,2,Danmarks Statistik,
330,rygning,2017,2025,20.8,13.4,-35.58,tempo,2,Danmarks Statistik,
336,rygning,2017,2025,20.3,12.8,-36.95,rigtig,2,Danmarks Statistik,
340,rygning,2017,2025,17.7,13.0,-26.55,tempo,2,Danmarks Statistik,
350,rygning,2017,2025,13.5,10.1,-25.19,tempo,2,Danmarks Statistik,
360,rygning,2017,2025,22.8,18.3,-19.74,tempo,2,Danmarks Statistik,
370,rygning,2017,2025,16.5,11.7,-29.09,tempo,2,Danmarks Statistik,
376,rygning,2017,2025,21.0,13.6,-35.24,tempo,2,Danmarks Statistik,
390,rygning,2017,2025,20.7,14.8,-28.5,tempo,2,Danmarks Statistik,
400,rygning,2017,2025,20.2,15.2,-24.75,tempo,2,Danmarks Statistik,
410,rygning,2017,2025,18.5,10.0,-45.95,rigtig,2,Danmarks Statistik,
420,rygning,2017,2025,20.5,12.1,-40.98,rigtig,2,Danmarks Statistik,
430,rygning,2017,2025,18.0,13.1,-27.22,tempo,2,Danmarks Statistik,
440,rygning,2017,2025,20.6,10.4,-49.51,rigtig,2,Danmarks Statistik,
450,rygning,2017,2025,20.2,12.1,-40.1,rigtig,2,Danmarks Statistik,
461,rygning,2017,2025,16.7,8.3,-50.3,rigtig,2,Danmarks Statistik,
479,rygning,2017,2025,18.5,11.2,-39.46,rigtig,2,Danmarks Statistik,
480,rygning,2017,2025,20.0,12.9,-35.5,tempo,2,Danmarks Statistik,
482,rygning,2017,2025,23.8,14.6,-38.66,rigtig,2,Danmarks Statistik,
492,rygning,2017,2025,23.7,12.5,-47.26,rigtig,2,Danmarks Statistik,
510,rygning,2017,2025,21.8,9.3,-57.34,rigtig,2,Danmarks Statistik,
530,rygning,2017,2025,18.0,10.4,-42.22,rigtig,2,Danmarks Statistik,
540,rygning,2017,2025,18.5,10.4,-43.78,rigtig,2,Danmarks Statistik,
550,rygning,2017,2025,20.1,14.4,-28.36,tempo,2,Danmarks Statistik,
561,rygning,2017,2025,19.0,13.2,-30.53,tempo,2,Danmarks Statistik,
563,rygning,2017,2025,17.0,11.2,-34.12,tempo,2,Danmarks Statistik,
573,rygning,2017,2025,18.5,12.2,-34.05,tempo,2,Danmarks Statistik,
575,rygning,2017,2025,20.7,12.8,-38.16,rigtig,2,Danmarks Statistik,
580,rygning,2017,2025,19.3,11.3,-41.45,rigtig,2,Danmarks Statistik,
607,rygning,2017,2025,20.1,12.5,-37.81,rigtig,2,Danmarks Statistik,
615,rygning,2017,2025,19.6,10.8,-44.9,rigtig,2,Danmarks Statistik,
621,rygning,2017,2025,18.0,9.3,-48.33,rigtig,2,Danmarks Statistik,
630,rygning,2017,2025,16.5,9.2,-44.24,rigtig,2,Danmarks Statistik,
657,rygning,2017,2025,15.7,8.9,-43.31,rigtig,2,Danmarks Statistik,
661,rygning,2017,2025,14.8,9.8,-33.78,tempo,2,Danmarks Statistik,
665,rygning,2017,2025,18.0,12.5,-30.56,tempo,2,Danmarks Statistik,
671,rygning,2017,2025,16.7,14.2,-14.97,tempo,2,Danmarks Statistik,
706,rygning,2017,2025,17.8,11.7,-34.27,tempo,2,Danmarks Statistik,
707,rygning,2017,2025,19.7,14.7,-25.38,tempo,2,Danmarks Statistik,
710,rygning,2017,2025,14.5,9.2,-36.55,rigtig,2,Danmarks Statistik,
727,rygning,2017,2025,16.0,11.2,-30.0,tempo,2,Danmarks Statistik,
730,rygning,2017,2025,17.8,10.9,-38.76,rigtig,2,Danmarks Statistik,
740,rygning,2017,2025,15.5,8.8,-43.23,rigtig,2,Danmarks Statistik,
741,rygning,2017,2025,18.1,10.4,-42.54,rigtig,2,Danmarks Statistik,
746,rygning,2017,2025,13.3,8.7,-34.59,tempo,2,Danmarks Statistik,
751,rygning,2017,2025,12.8,8.3,-35.16,tempo,2,Danmarks Statistik,
756,rygning,2017,2025,17.2,10.5,-38.95,rigtig,2,Danmarks Statistik,
760,rygning,2017,2025,17.1,12.3,-28.07,tempo,2,Danmarks Statistik,
766,rygning,2017,2025,17.6,10.5,-40.34,rigtig,2,Danmarks Statistik,
773,rygning,2017,2025,19.1,13.2,-30.89,tempo,2,Danmarks Statistik,
779,rygning,2017,2025,17.6,10.7,-39.2,rigtig,2,Danmarks Statistik,
787,rygning,2017,2025,17.1,11.9,-30.41,tempo,2,Danmarks Statistik,
791,rygning,2017,2025,16.6,10.8,-34.94,tempo,2,Danmarks Statistik,
810,rygning,2017,2025,17.6,9.1,-48.3,rigtig,2,Danmarks Statistik,
813,rygning,2017,2025,19.4,12.5,-35.57,tempo,2,Danmarks Statistik,
820,rygning,2017,2025,17.3,12.1,-30.06,tempo,2,Danmarks Statistik,
825,rygning,2017,2025,20.4,8.6,-57.84,rigtig,2,Danmarks Statistik,
840,rygning,2017,2025,14.7,8.0,-45.58,rigtig,2,Danmarks Statistik,
846,rygning,2017,2025,17.6,10.4,-40.91,rigtig,2,Danmarks Statistik,
849,rygning,2017,2025,18.4,12.0,-34.78,tempo,2,Danmarks Statistik,
851,rygning,2017,2025,15.6,9.0,-42.31,rigtig,2,Danmarks Statistik,
860,rygning,2017,2025,17.1,10.6,-38.01,rigtig,2,Danmarks Statistik,
101,selvvurderet_helbred,2017,2025,87.2,85.4,-2.06,forkert,2,Danmarks Statistik,
147,selvvurderet_helbred,2017,2025,87.4,85.7,-1.95,forkert,2,Danmarks Statistik,
151,selvvurderet_helbred,2017,2025,83.0,80.0,-3.61,forkert,2,Danmarks Statistik,
153,selvvurderet_helbred,2017,2025,79.7,75.5,-5.27,forkert,2,Danmarks Statistik,
155,selvvurderet_helbred,2017,2025,88.5,84.1,-4.97,forkert,2,Danmarks Statistik,
157,selvvurderet_helbred,2017,2025,88.3,86.8,-1.7,forkert,2,Danmarks Statistik,
159,selvvurderet_helbred,2017,2025,83.2,82.6,-0.72,stagneret,2,Danmarks Statistik,
161,selvvurderet_helbred,2017,2025,81.4,80.8,-0.74,stagneret,2,Danmarks Statistik,
163,selvvurderet_helbred,2017,2025,80.8,81.6,0.99,stagneret,2,Danmarks Statistik,
165,selvvurderet_helbred,2017,2025,80.6,77.2,-4.22,forkert,2,Danmarks Statistik,
167,selvvurderet_helbred,2017,2025,83.8,81.1,-3.22,forkert,2,Danmarks Statistik,
169,selvvurderet_helbred,2017,2025,81.6,82.5,1.1,stagneret,2,Danmarks Statistik,
173,selvvurderet_helbred,2017,2025,86.7,86.5,-0.23,stagneret,2,Danmarks Statistik,
175,selvvurderet_helbred,2017,2025,83.7,83.6,-0.12,stagneret,2,Danmarks Statistik,
183,selvvurderet_helbred,2017,2025,79.3,78.1,-1.51,forkert,2,Danmarks Statistik,
185,selvvurderet_helbred,2017,2025,81.3,80.7,-0.74,stagneret,2,Danmarks Statistik,
187,selvvurderet_helbred,2017,2025,85.9,86.9,1.16,rigtig,2,Danmarks Statistik,
190,selvvurderet_helbred,2017,2025,86.9,85.7,-1.38,forkert,2,Danmarks Statistik,
201,selvvurderet_helbred,2017,2025,87.4,85.5,-2.17,forkert,2,Danmarks Statistik,
210,selvvurderet_helbred,2017,2025,83.6,82.6,-1.2,forkert,2,Danmarks Statistik,
217,selvvurderet_helbred,2017,2025,82.6,81.3,-1.57,forkert,2,Danmarks Statistik,
219,selvvurderet_helbred,2017,2025,85.4,83.1,-2.69,forkert,2,Danmarks Statistik,
223,selvvurderet_helbred,2017,2025,87.9,85.1,-3.19,forkert,2,Danmarks Statistik,
230,selvvurderet_helbred,2017,2025,87.8,87.5,-0.34,stagneret,2,Danmarks Statistik,
240,selvvurderet_helbred,2017,2025,86.2,85.4,-0.93,stagneret,2,Danmarks Statistik,
250,selvvurderet_helbred,2017,2025,83.6,78.9,-5.62,forkert,2,Danmarks Statistik,
253,selvvurderet_helbred,2017,2025,84.7,81.9,-3.31,forkert,2,Danmarks Statistik,
259,selvvurderet_helbred,2017,2025,82.7,80.2,-3.02,forkert,2,Danmarks Statistik,
260,selvvurderet_helbred,2017,2025,78.8,76.2,-3.3,forkert,2,Danmarks Statistik,
265,selvvurderet_helbred,2017,2025,84.2,82.9,-1.54,forkert,2,Danmarks Statistik,
269,selvvurderet_helbred,2017,2025,85.3,82.3,-3.52,forkert,2,Danmarks Statistik,
270,selvvurderet_helbred,2017,2025,83.6,81.0,-3.11,forkert,2,Danmarks Statistik,
306,selvvurderet_helbred,2017,2025,75.2,77.7,3.32,rigtig,2,Danmarks Statistik,
316,selvvurderet_helbred,2017,2025,80.4,80.6,0.25,stagneret,2,Danmarks Statistik,
320,selvvurderet_helbred,2017,2025,82.0,77.9,-5.0,forkert,2,Danmarks Statistik,
326,selvvurderet_helbred,2017,2025,78.3,76.5,-2.3,forkert,2,Danmarks Statistik,
329,selvvurderet_helbred,2017,2025,81.9,80.0,-2.32,forkert,2,Danmarks Statistik,
330,selvvurderet_helbred,2017,2025,78.8,78.7,-0.13,stagneret,2,Danmarks Statistik,
336,selvvurderet_helbred,2017,2025,81.9,83.2,1.59,rigtig,2,Danmarks Statistik,
340,selvvurderet_helbred,2017,2025,81.6,80.0,-1.96,forkert,2,Danmarks Statistik,
350,selvvurderet_helbred,2017,2025,84.8,83.0,-2.12,forkert,2,Danmarks Statistik,
360,selvvurderet_helbred,2017,2025,76.7,77.1,0.52,stagneret,2,Danmarks Statistik,
370,selvvurderet_helbred,2017,2025,84.2,80.3,-4.63,forkert,2,Danmarks Statistik,
376,selvvurderet_helbred,2017,2025,80.0,77.4,-3.25,forkert,2,Danmarks Statistik,
390,selvvurderet_helbred,2017,2025,80.8,74.3,-8.04,forkert,2,Danmarks Statistik,
400,selvvurderet_helbred,2017,2025,77.3,78.7,1.81,rigtig,2,Danmarks Statistik,
410,selvvurderet_helbred,2017,2025,81.9,84.7,3.42,rigtig,2,Danmarks Statistik,
420,selvvurderet_helbred,2017,2025,80.2,79.9,-0.37,stagneret,2,Danmarks Statistik,
430,selvvurderet_helbred,2017,2025,81.2,81.1,-0.12,stagneret,2,Danmarks Statistik,
440,selvvurderet_helbred,2017,2025,79.5,79.1,-0.5,stagneret,2,Danmarks Statistik,
450,selvvurderet_helbred,2017,2025,79.1,81.1,2.53,rigtig,2,Danmarks Statistik,
461,selvvurderet_helbred,2017,2025,81.6,82.7,1.35,rigtig,2,Danmarks Statistik,
479,selvvurderet_helbred,2017,2025,83.6,83.3,-0.36,stagneret,2,Danmarks Statistik,
480,selvvurderet_helbred,2017,2025,80.1,81.0,1.12,stagneret,2,Danmarks Statistik,
482,selvvurderet_helbred,2017,2025,76.5,74.5,-2.61,forkert,2,Danmarks Statistik,
492,selvvurderet_helbred,2017,2025,79.1,81.5,3.03,rigtig,2,Danmarks Statistik,
510,selvvurderet_helbred,2017,2025,81.2,81.2,0.0,stagneret,2,Danmarks Statistik,
530,selvvurderet_helbred,2017,2025,82.3,80.8,-1.82,forkert,2,Danmarks Statistik,
540,selvvurderet_helbred,2017,2025,80.9,81.9,1.24,rigtig,2,Danmarks Statistik,
550,selvvurderet_helbred,2017,2025,81.7,79.6,-2.57,forkert,2,Danmarks Statistik,
561,selvvurderet_helbred,2017,2025,78.3,79.2,1.15,stagneret,2,Danmarks Statistik,
563,selvvurderet_helbred,2017,2025,80.7,84.0,4.09,rigtig,2,Danmarks Statistik,
573,selvvurderet_helbred,2017,2025,81.7,82.2,0.61,stagneret,2,Danmarks Statistik,
575,selvvurderet_helbred,2017,2025,81.0,80.5,-0.62,stagneret,2,Danmarks Statistik,
580,selvvurderet_helbred,2017,2025,79.7,81.1,1.76,rigtig,2,Danmarks Statistik,
607,selvvurderet_helbred,2017,2025,80.8,79.7,-1.36,forkert,2,Danmarks Statistik,
615,selvvurderet_helbred,2017,2025,83.5,82.7,-0.96,stagneret,2,Danmarks Statistik,
621,selvvurderet_helbred,2017,2025,81.1,80.3,-0.99,stagneret,2,Danmarks Statistik,
630,selvvurderet_helbred,2017,2025,80.9,81.5,0.74,stagneret,2,Danmarks Statistik,
657,selvvurderet_helbred,2017,2025,82.9,82.7,-0.24,stagneret,2,Danmarks Statistik,
661,selvvurderet_helbred,2017,2025,85.9,82.7,-3.73,forkert,2,Danmarks Statistik,
665,selvvurderet_helbred,2017,2025,85.0,82.1,-3.41,forkert,2,Danmarks Statistik,
671,selvvurderet_helbred,2017,2025,82.6,78.6,-4.84,forkert,2,Danmarks Statistik,
706,selvvurderet_helbred,2017,2025,81.7,83.3,1.96,rigtig,2,Danmarks Statistik,
707,selvvurderet_helbred,2017,2025,83.8,77.8,-7.16,forkert,2,Danmarks Statistik,
710,selvvurderet_helbred,2017,2025,86.7,84.1,-3.0,forkert,2,Danmarks Statistik,
727,selvvurderet_helbred,2017,2025,85.4,81.5,-4.57,forkert,2,Danmarks Statistik,
730,selvvurderet_helbred,2017,2025,83.2,81.0,-2.64,forkert,2,Danmarks Statistik,
740,selvvurderet_helbred,2017,2025,85.1,81.8,-3.88,forkert,2,Danmarks Statistik,
741,selvvurderet_helbred,2017,2025,82.9,81.5,-1.69,forkert,2,Danmarks Statistik,
746,selvvurderet_helbred,2017,2025,86.6,84.3,-2.66,forkert,2,Danmarks Statistik,
751,selvvurderet_helbred,2017,2025,86.7,84.0,-3.11,forkert,2,Danmarks Statistik,
756,selvvurderet_helbred,2017,2025,83.4,81.5,-2.28,forkert,2,Danmarks Statistik,
760,selvvurderet_helbred,2017,2025,82.6,81.7,-1.09,stagneret,2,Danmarks Statistik,
766,selvvurderet_helbred,2017,2025,83.0,82.2,-0.96,stagneret,2,Danmarks Statistik,
773,selvvurderet_helbred,2017,2025,80.6,80.2,-0.5,stagneret,2,Danmarks Statistik,
779,selvvurderet_helbred,2017,2025,82.0,80.2,-2.2,forkert,2,Danmarks Statistik,
787,selvvurderet_helbred,2017,2025,80.6,79.8,-0.99,stagneret,2,Danmarks Statistik,
791,selvvurderet_helbred,2017,2025,83.1,83.0,-0.12,stagneret,2,Danmarks Statistik,
810,selvvurderet_helbred,2017,2025,81.5,80.6,-1.1,stagneret,2,Danmarks Statistik,
813,selvvurderet_helbred,2017,2025,81.8,79.2,-3.18,forkert,2,Danmarks Statistik,
820,selvvurderet_helbred,2017,2025,80.9,78.3,-3.21,forkert,2,Danmarks Statistik,
825,selvvurderet_helbred,2017,2025,74.3,80.3,8.08,rigtig,2,Danmarks Statistik,
840,selvvurderet_helbred,2017,2025,83.3,84.1,0.96,stagneret,2,Danmarks Statistik,
846,selvvurderet_helbred,2017,2025,81.2,81.3,0.12,stagneret,2,Danmarks Statistik,
849,selvvurderet_helbred,2017,2025,80.0,78.7,-1.62,forkert,2,Danmarks Statistik,
851,selvvurderet_helbred,2017,2025,83.3,82.5,-0.96,stagneret,2,Danmarks Statistik,
860,selvvurderet_helbred,2017,2025,81.2,79.4,-2.22,forkert,2,Danmarks Statistik,
101,social_stoette,2017,2025,4.7,6.1,29.79,forkert,2,Danmarks Statistik,
147,social_stoette,2017,2025,4.4,4.3,-2.27,rigtig,2,Danmarks Statistik,
151,social_stoette,2017,2025,5.9,4.6,-22.03,rigtig,2,Danmarks Statistik,
153,social_stoette,2017,2025,8.0,7.4,-7.5,rigtig,2,Danmarks Statistik,
155,social_stoette,2017,2025,3.2,4.7,46.88,forkert,2,Danmarks Statistik,
157,social_stoette,2017,2025,5.0,4.2,-16.0,rigtig,2,Danmarks Statistik,
159,social_stoette,2017,2025,6.0,6.5,8.33,forkert,2,Danmarks Statistik,
161,social_stoette,2017,2025,4.2,5.9,40.48,forkert,2,Danmarks Statistik,
163,social_stoette,2017,2025,4.8,5.6,16.67,forkert,2,Danmarks Statistik,
165,social_stoette,2017,2025,5.1,7.0,37.25,forkert,2,Danmarks Statistik,
167,social_stoette,2017,2025,4.7,4.9,4.26,forkert,2,Danmarks Statistik,
169,social_stoette,2017,2025,6.5,6.3,-3.08,rigtig,2,Danmarks Statistik,
173,social_stoette,2017,2025,3.8,4.3,13.16,forkert,2,Danmarks Statistik,
175,social_stoette,2017,2025,3.9,6.1,56.41,forkert,2,Danmarks Statistik,
183,social_stoette,2017,2025,5.8,9.1,56.9,forkert,2,Danmarks Statistik,
185,social_stoette,2017,2025,5.4,5.5,1.85,forkert,2,Danmarks Statistik,
187,social_stoette,2017,2025,5.1,5.2,1.96,forkert,2,Danmarks Statistik,
190,social_stoette,2017,2025,3.8,4.9,28.95,forkert,2,Danmarks Statistik,
201,social_stoette,2017,2025,3.1,3.1,0.0,stagneret,2,Danmarks Statistik,
210,social_stoette,2017,2025,5.7,5.0,-12.28,rigtig,2,Danmarks Statistik,
217,social_stoette,2017,2025,6.4,3.3,-48.44,rigtig,2,Danmarks Statistik,
219,social_stoette,2017,2025,3.7,5.3,43.24,forkert,2,Danmarks Statistik,
223,social_stoette,2017,2025,4.1,4.2,2.44,forkert,2,Danmarks Statistik,
230,social_stoette,2017,2025,3.3,5.0,51.52,forkert,2,Danmarks Statistik,
240,social_stoette,2017,2025,2.9,3.4,17.24,forkert,2,Danmarks Statistik,
250,social_stoette,2017,2025,4.6,6.0,30.43,forkert,2,Danmarks Statistik,
253,social_stoette,2017,2025,4.6,6.3,36.96,forkert,2,Danmarks Statistik,
259,social_stoette,2017,2025,4.5,4.2,-6.67,rigtig,2,Danmarks Statistik,
260,social_stoette,2017,2025,6.1,5.2,-14.75,rigtig,2,Danmarks Statistik,
265,social_stoette,2017,2025,4.2,3.4,-19.05,rigtig,2,Danmarks Statistik,
269,social_stoette,2017,2025,4.0,4.2,5.0,forkert,2,Danmarks Statistik,
270,social_stoette,2017,2025,4.6,5.3,15.22,forkert,2,Danmarks Statistik,
306,social_stoette,2017,2025,5.9,5.2,-11.86,rigtig,2,Danmarks Statistik,
316,social_stoette,2017,2025,5.8,5.6,-3.45,rigtig,2,Danmarks Statistik,
320,social_stoette,2017,2025,5.0,4.2,-16.0,rigtig,2,Danmarks Statistik,
326,social_stoette,2017,2025,6.2,6.0,-3.23,rigtig,2,Danmarks Statistik,
329,social_stoette,2017,2025,5.2,6.9,32.69,forkert,2,Danmarks Statistik,
330,social_stoette,2017,2025,6.0,4.8,-20.0,rigtig,2,Danmarks Statistik,
336,social_stoette,2017,2025,4.2,6.3,50.0,forkert,2,Danmarks Statistik,
340,social_stoette,2017,2025,4.7,4.4,-6.38,rigtig,2,Danmarks Statistik,
350,social_stoette,2017,2025,3.5,3.4,-2.86,rigtig,2,Danmarks Statistik,
360,social_stoette,2017,2025,6.8,5.5,-19.12,rigtig,2,Danmarks Statistik,
370,social_stoette,2017,2025,4.1,4.5,9.76,forkert,2,Danmarks Statistik,
376,social_stoette,2017,2025,5.6,5.6,0.0,stagneret,2,Danmarks Statistik,
390,social_stoette,2017,2025,5.8,6.3,8.62,forkert,2,Danmarks Statistik,
400,social_stoette,2017,2025,4.4,5.1,15.91,forkert,2,Danmarks Statistik,
410,social_stoette,2017,2025,4.2,5.8,38.1,forkert,2,Danmarks Statistik,
420,social_stoette,2017,2025,4.7,5.4,14.89,forkert,2,Danmarks Statistik,
430,social_stoette,2017,2025,4.2,4.9,16.67,forkert,2,Danmarks Statistik,
440,social_stoette,2017,2025,4.1,4.2,2.44,forkert,2,Danmarks Statistik,
450,social_stoette,2017,2025,5.3,3.3,-37.74,rigtig,2,Danmarks Statistik,
461,social_stoette,2017,2025,5.0,4.9,-2.0,rigtig,2,Danmarks Statistik,
479,social_stoette,2017,2025,5.1,4.1,-19.61,rigtig,2,Danmarks Statistik,
480,social_stoette,2017,2025,5.8,5.1,-12.07,rigtig,2,Danmarks Statistik,
482,social_stoette,2017,2025,5.7,5.0,-12.28,rigtig,2,Danmarks Statistik,
492,social_stoette,2017,2025,6.1,4.1,-32.79,rigtig,2,Danmarks Statistik,
510,social_stoette,2017,2025,4.6,5.1,10.87,forkert,2,Danmarks Statistik,
530,social_stoette,2017,2025,5.1,6.5,27.45,forkert,2,Danmarks Statistik,
540,social_stoette,2017,2025,3.8,5.5,44.74,forkert,2,Danmarks Statistik,
550,social_stoette,2017,2025,5.4,4.7,-12.96,rigtig,2,Danmarks Statistik,
561,social_stoette,2017,2025,5.5,5.4,-1.82,rigtig,2,Danmarks Statistik,
563,social_stoette,2017,2025,4.9,4.9,0.0,stagneret,2,Danmarks Statistik,
573,social_stoette,2017,2025,5.3,4.0,-24.53,rigtig,2,Danmarks Statistik,
575,social_stoette,2017,2025,5.8,3.2,-44.83,rigtig,2,Danmarks Statistik,
580,social_stoette,2017,2025,4.9,4.6,-6.12,rigtig,2,Danmarks Statistik,
607,social_stoette,2017,2025,5.2,6.7,28.85,forkert,2,Danmarks Statistik,
615,social_stoette,2017,2025,6.3,5.9,-6.35,rigtig,2,Danmarks Statistik,
621,social_stoette,2017,2025,5.0,6.4,28.0,forkert,2,Danmarks Statistik,
630,social_stoette,2017,2025,5.1,4.5,-11.76,rigtig,2,Danmarks Statistik,
657,social_stoette,2017,2025,4.7,5.4,14.89,forkert,2,Danmarks Statistik,
661,social_stoette,2017,2025,4.6,5.8,26.09,forkert,2,Danmarks Statistik,
665,social_stoette,2017,2025,6.0,5.3,-11.67,rigtig,2,Danmarks Statistik,
671,social_stoette,2017,2025,6.2,4.6,-25.81,rigtig,2,Danmarks Statistik,
706,social_stoette,2017,2025,5.8,4.6,-20.69,rigtig,2,Danmarks Statistik,
707,social_stoette,2017,2025,4.5,4.7,4.44,forkert,2,Danmarks Statistik,
710,social_stoette,2017,2025,4.3,4.6,6.98,forkert,2,Danmarks Statistik,
727,social_stoette,2017,2025,4.1,5.0,21.95,forkert,2,Danmarks Statistik,
730,social_stoette,2017,2025,5.4,4.2,-22.22,rigtig,2,Danmarks Statistik,
740,social_stoette,2017,2025,4.5,6.0,33.33,forkert,2,Danmarks Statistik,
741,social_stoette,2017,2025,4.3,3.9,-9.3,rigtig,2,Danmarks Statistik,
746,social_stoette,2017,2025,4.2,4.1,-2.38,rigtig,2,Danmarks Statistik,
751,social_stoette,2017,2025,4.5,5.4,20.0,forkert,2,Danmarks Statistik,
756,social_stoette,2017,2025,5.5,5.9,7.27,forkert,2,Danmarks Statistik,
760,social_stoette,2017,2025,5.1,4.8,-5.88,rigtig,2,Danmarks Statistik,
766,social_stoette,2017,2025,4.8,5.9,22.92,forkert,2,Danmarks Statistik,
773,social_stoette,2017,2025,4.0,4.3,7.5,forkert,2,Danmarks Statistik,
779,social_stoette,2017,2025,4.6,6.2,34.78,forkert,2,Danmarks Statistik,
787,social_stoette,2017,2025,3.6,3.9,8.33,forkert,2,Danmarks Statistik,
791,social_stoette,2017,2025,4.2,5.6,33.33,forkert,2,Danmarks Statistik,
810,social_stoette,2017,2025,4.0,6.6,65.0,forkert,2,Danmarks Statistik,
813,social_stoette,2017,2025,5.1,5.5,7.84,forkert,2,Danmarks Statistik,
820,social_stoette,2017,2025,3.7,4.9,32.43,forkert,2,Danmarks Statistik,
825,social_stoette,2017,2025,4.8,7.0,45.83,forkert,2,Danmarks Statistik,
840,social_stoette,2017,2025,4.2,4.6,9.52,forkert,2,Danmarks Statistik,
846,social_stoette,2017,2025,2.8,5.4,92.86,forkert,2,Danmarks Statistik,
849,social_stoette,2017,2025,4.2,3.4,-19.05,rigtig,2,Danmarks Statistik,
851,social_stoette,2017,2025,4.8,4.5,-6.25,rigtig,2,Danmarks Statistik,
860,social_stoette,2017,2025,4.7,4.8,2.13,forkert,2,Danmarks Statistik,
101,sports_membership,2014-2016,2023-2025,45.9,42.1333,-8.21,forkert,12,Danmarks Statistik,
147,sports_membership,2014-2016,2023-2025,20.9,26.7,27.75,rigtig,12,Danmarks Statistik,
151,sports_membership,2014-2016,2023-2025,32.9667,33.6333,2.02,stagneret,12,Danmarks Statistik,
153,sports_membership,2014-2016,2023-2025,28.8667,30.7667,6.58,rigtig,12,Danmarks Statistik,
155,sports_membership,2014-2016,2023-2025,42.9667,56.6,31.73,rigtig,12,Danmarks Statistik,
157,sports_membership,2014-2016,2023-2025,37.4667,49.3333,31.67,rigtig,12,Danmarks Statistik,
159,sports_membership,2014-2016,2023-2025,35.8,31.0,-13.41,forkert,12,Danmarks Statistik,
161,sports_membership,2014-2016,2023-2025,30.3667,26.4,-13.06,forkert,12,Danmarks Statistik,
163,sports_membership,2014-2016,2023-2025,49.9333,50.6,1.34,stagneret,12,Danmarks Statistik,
165,sports_membership,2014-2016,2023-2025,25.2,112.7333,347.35,rigtig,12,Danmarks Statistik,
167,sports_membership,2014-2016,2023-2025,26.8,33.4,24.63,rigtig,12,Danmarks Statistik,
169,sports_membership,2014-2016,2023-2025,31.4333,32.7333,4.14,rigtig,12,Danmarks Statistik,
173,sports_membership,2014-2016,2023-2025,38.4667,46.2,20.1,rigtig,12,Danmarks Statistik,
175,sports_membership,2014-2016,2023-2025,21.3333,25.2667,18.44,rigtig,12,Danmarks Statistik,
183,sports_membership,2014-2016,2023-2025,33.3333,35.5667,6.7,rigtig,12,Danmarks Statistik,
185,sports_membership,2014-2016,2023-2025,35.8,40.9,14.25,rigtig,12,Danmarks Statistik,
187,sports_membership,2014-2016,2023-2025,37.7,43.2333,14.68,rigtig,12,Danmarks Statistik,
190,sports_membership,2014-2016,2023-2025,56.7,68.4333,20.69,rigtig,12,Danmarks Statistik,
201,sports_membership,2014-2016,2023-2025,57.7,53.0667,-8.03,forkert,12,Danmarks Statistik,
210,sports_membership,2014-2016,2023-2025,37.7333,45.2333,19.88,rigtig,12,Danmarks Statistik,
217,sports_membership,2014-2016,2023-2025,43.5,42.1,-3.22,forkert,12,Danmarks Statistik,
219,sports_membership,2014-2016,2023-2025,48.6,71.6,47.33,rigtig,12,Danmarks Statistik,
223,sports_membership,2014-2016,2023-2025,56.9667,60.0,5.32,rigtig,12,Danmarks Statistik,
230,sports_membership,2014-2016,2023-2025,47.4333,51.1667,7.87,rigtig,12,Danmarks Statistik,
240,sports_membership,2014-2016,2023-2025,44.9333,46.6667,3.86,rigtig,12,Danmarks Statistik,
250,sports_membership,2014-2016,2023-2025,40.9,42.4,3.67,rigtig,12,Danmarks Statistik,
253,sports_membership,2014-2016,2023-2025,48.4333,52.9333,9.29,rigtig,12,Danmarks Statistik,
259,sports_membership,2014-2016,2023-2025,49.8,50.2,0.8,stagneret,12,Danmarks Statistik,
260,sports_membership,2014-2016,2023-2025,33.1,37.6333,13.7,rigtig,12,Danmarks Statistik,
265,sports_membership,2014-2016,2023-2025,53.5333,60.5667,13.14,rigtig,12,Danmarks Statistik,
269,sports_membership,2014-2016,2023-2025,39.7333,43.6333,9.82,rigtig,12,Danmarks Statistik,
270,sports_membership,2014-2016,2023-2025,43.6333,47.7667,9.47,rigtig,12,Danmarks Statistik,
306,sports_membership,2014-2016,2023-2025,44.3,48.4333,9.33,rigtig,12,Danmarks Statistik,
316,sports_membership,2014-2016,2023-2025,41.4,43.4,4.83,rigtig,12,Danmarks Statistik,
320,sports_membership,2014-2016,2023-2025,35.1333,30.5667,-13.0,forkert,12,Danmarks Statistik,
326,sports_membership,2014-2016,2023-2025,35.1333,41.6667,18.6,rigtig,12,Danmarks Statistik,
329,sports_membership,2014-2016,2023-2025,40.6,37.6,-7.39,forkert,12,Danmarks Statistik,
330,sports_membership,2014-2016,2023-2025,37.4667,36.3,-3.11,forkert,12,Danmarks Statistik,
336,sports_membership,2014-2016,2023-2025,42.3,49.1333,16.15,rigtig,12,Danmarks Statistik,
340,sports_membership,2014-2016,2023-2025,37.3667,37.9667,1.61,stagneret,12,Danmarks Statistik,
350,sports_membership,2014-2016,2023-2025,44.2667,43.1667,-2.48,forkert,12,Danmarks Statistik,
360,sports_membership,2014-2016,2023-2025,38.1,32.8,-13.91,forkert,12,Danmarks Statistik,
370,sports_membership,2014-2016,2023-2025,35.7,31.5,-11.76,forkert,12,Danmarks Statistik,
376,sports_membership,2014-2016,2023-2025,39.8667,40.1,0.59,stagneret,12,Danmarks Statistik,
390,sports_membership,2014-2016,2023-2025,37.7,34.5,-8.49,forkert,12,Danmarks Statistik,
400,sports_membership,2014-2016,2023-2025,45.9,57.7,25.71,rigtig,12,Danmarks Statistik,
410,sports_membership,2014-2016,2023-2025,42.9667,41.9,-2.48,forkert,12,Danmarks Statistik,
420,sports_membership,2014-2016,2023-2025,40.3667,40.4,0.08,stagneret,12,Danmarks Statistik,
430,sports_membership,2014-2016,2023-2025,41.3333,41.6,0.65,stagneret,12,Danmarks Statistik,
440,sports_membership,2014-2016,2023-2025,45.6333,45.8,0.37,stagneret,12,Danmarks Statistik,
450,sports_membership,2014-2016,2023-2025,48.0,51.1667,6.6,rigtig,12,Danmarks Statistik,
461,sports_membership,2014-2016,2023-2025,46.2333,46.0333,-0.43,stagneret,12,Danmarks Statistik,
479,sports_membership,2014-2016,2023-2025,48.0,53.5667,11.6,rigtig,12,Danmarks Statistik,
480,sports_membership,2014-2016,2023-2025,48.0667,48.9667,1.87,stagneret,12,Danmarks Statistik,
482,sports_membership,2014-2016,2023-2025,37.2,44.5667,19.8,rigtig,12,Danmarks Statistik,
492,sports_membership,2014-2016,2023-2025,48.9667,62.4667,27.57,rigtig,12,Danmarks Statistik,
510,sports_membership,2014-2016,2023-2025,50.0333,45.7667,-8.53,forkert,12,Danmarks Statistik,
530,sports_membership,2014-2016,2023-2025,58.5333,66.3333,13.33,rigtig,12,Danmarks Statistik,
540,sports_membership,2014-2016,2023-2025,43.8667,41.2,-6.08,forkert,12,Danmarks Statistik,
550,sports_membership,2014-2016,2023-2025,43.8667,42.1333,-3.95,forkert,12,Danmarks Statistik,
561,sports_membership,2014-2016,2023-2025,43.6333,44.9667,3.06,tempo,12,Danmarks Statistik,
563,sports_membership,2014-2016,2023-2025,63.5,59.6,-6.14,forkert,12,Danmarks Statistik,
573,sports_membership,2014-2016,2023-2025,54.2333,58.2333,7.38,rigtig,12,Danmarks Statistik,
575,sports_membership,2014-2016,2023-2025,46.1667,40.0333,-13.29,forkert,12,Danmarks Statistik,
580,sports_membership,2014-2016,2023-2025,44.4667,37.2,-16.34,forkert,12,Danmarks Statistik,
607,sports_membership,2014-2016,2023-2025,65.8333,46.4333,-29.47,forkert,12,Danmarks Statistik,
615,sports_membership,2014-2016,2023-2025,44.7333,35.9667,-19.6,forkert,12,Danmarks Statistik,
621,sports_membership,2014-2016,2023-2025,48.3333,42.2333,-12.62,forkert,12,Danmarks Statistik,
630,sports_membership,2014-2016,2023-2025,47.2333,46.7667,-0.99,stagneret,12,Danmarks Statistik,
657,sports_membership,2014-2016,2023-2025,50.1,52.5667,4.92,rigtig,12,Danmarks Statistik,
661,sports_membership,2014-2016,2023-2025,51.0333,50.0333,-1.96,forkert,12,Danmarks Statistik,
665,sports_membership,2014-2016,2023-2025,71.9333,86.9667,20.9,rigtig,12,Danmarks Statistik,
671,sports_membership,2014-2016,2023-2025,80.0333,47.2667,-40.94,forkert,12,Danmarks Statistik,
706,sports_membership,2014-2016,2023-2025,50.1333,49.3667,-1.53,stagneret,12,Danmarks Statistik,
707,sports_membership,2014-2016,2023-2025,36.0333,36.8333,2.22,stagneret,12,Danmarks Statistik,
710,sports_membership,2014-2016,2023-2025,49.9333,51.8667,3.87,rigtig,12,Danmarks Statistik,
727,sports_membership,2014-2016,2023-2025,50.8,46.3333,-8.79,forkert,12,Danmarks Statistik,
730,sports_membership,2014-2016,2023-2025,40.1667,38.1333,-5.06,forkert,12,Danmarks Statistik,
740,sports_membership,2014-2016,2023-2025,50.5333,51.9667,2.84,tempo,12,Danmarks Statistik,
741,sports_membership,2014-2016,2023-2025,61.1,96.6,58.1,rigtig,12,Danmarks Statistik,
746,sports_membership,2014-2016,2023-2025,44.6333,60.1333,34.73,rigtig,12,Danmarks Statistik,
751,sports_membership,2014-2016,2023-2025,39.5333,45.0667,14.0,rigtig,12,Danmarks Statistik,
756,sports_membership,2014-2016,2023-2025,47.3,44.0,-6.98,forkert,12,Danmarks Statistik,
760,sports_membership,2014-2016,2023-2025,59.1333,61.6,4.17,rigtig,12,Danmarks Statistik,
766,sports_membership,2014-2016,2023-2025,46.6,51.4,10.3,rigtig,12,Danmarks Statistik,
773,sports_membership,2014-2016,2023-2025,45.0333,45.5,1.04,stagneret,12,Danmarks Statistik,
779,sports_membership,2014-2016,2023-2025,50.6333,51.0667,0.86,stagneret,12,Danmarks Statistik,
787,sports_membership,2014-2016,2023-2025,46.5667,48.5333,4.22,rigtig,12,Danmarks Statistik,
791,sports_membership,2014-2016,2023-2025,47.4333,49.9667,5.34,rigtig,12,Danmarks Statistik,
810,sports_membership,2014-2016,2023-2025,82.3333,49.1333,-40.32,forkert,12,Danmarks Statistik,
813,sports_membership,2014-2016,2023-2025,54.9333,56.3667,2.61,tempo,12,Danmarks Statistik,
820,sports_membership,2014-2016,2023-2025,53.8667,54.6,1.36,stagneret,12,Danmarks Statistik,
825,sports_membership,2014-2016,2023-2025,124.3333,112.8667,-9.22,forkert,12,Danmarks Statistik,
840,sports_membership,2014-2016,2023-2025,48.2,51.1667,6.15,rigtig,12,Danmarks Statistik,
846,sports_membership,2014-2016,2023-2025,44.9667,40.9333,-8.97,forkert,12,Danmarks Statistik,
849,sports_membership,2014-2016,2023-2025,48.7667,52.7667,8.2,rigtig,12,Danmarks Statistik,
851,sports_membership,2014-2016,2023-2025,44.9,59.3667,32.22,rigtig,12,Danmarks Statistik,
860,sports_membership,2014-2016,2023-2025,41.6333,51.2667,23.14,rigtig,12,Danmarks Statistik,
101,svaer_overvaegt,2017,2025,10.5,11.4,8.57,stagneret,2,Danmarks Statistik,
147,svaer_overvaegt,2017,2025,9.4,9.3,-1.06,rigtig,2,Danmarks Statistik,
151,svaer_overvaegt,2017,2025,18.5,18.7,1.08,stagneret,2,Danmarks Statistik,
153,svaer_overvaegt,2017,2025,22.2,27.6,24.32,forkert,2,Danmarks Statistik,
155,svaer_overvaegt,2017,2025,12.8,12.4,-3.13,stagneret,2,Danmarks Statistik,
157,svaer_overvaegt,2017,2025,7.8,7.5,-3.85,rigtig,2,Danmarks Statistik,
159,svaer_overvaegt,2017,2025,14.5,14.8,2.07,stagneret,2,Danmarks Statistik,
161,svaer_overvaegt,2017,2025,19.7,22.3,13.2,forkert,2,Danmarks Statistik,
163,svaer_overvaegt,2017,2025,17.9,19.4,8.38,forkert,2,Danmarks Statistik,
165,svaer_overvaegt,2017,2025,19.4,22.6,16.49,forkert,2,Danmarks Statistik,
167,svaer_overvaegt,2017,2025,14.6,19.2,31.51,forkert,2,Danmarks Statistik,
169,svaer_overvaegt,2017,2025,19.6,21.3,8.67,forkert,2,Danmarks Statistik,
173,svaer_overvaegt,2017,2025,8.7,11.2,28.74,forkert,2,Danmarks Statistik,
175,svaer_overvaegt,2017,2025,17.3,16.6,-4.05,stagneret,2,Danmarks Statistik,
183,svaer_overvaegt,2017,2025,20.4,22.2,8.82,forkert,2,Danmarks Statistik,
185,svaer_overvaegt,2017,2025,16.9,17.1,1.18,stagneret,2,Danmarks Statistik,
187,svaer_overvaegt,2017,2025,17.4,16.3,-6.32,rigtig,2,Danmarks Statistik,
190,svaer_overvaegt,2017,2025,10.4,13.0,25.0,forkert,2,Danmarks Statistik,
201,svaer_overvaegt,2017,2025,13.1,13.0,-0.76,stagneret,2,Danmarks Statistik,
210,svaer_overvaegt,2017,2025,14.3,15.6,9.09,forkert,2,Danmarks Statistik,
217,svaer_overvaegt,2017,2025,17.3,15.4,-10.98,rigtig,2,Danmarks Statistik,
219,svaer_overvaegt,2017,2025,14.2,18.2,28.17,forkert,2,Danmarks Statistik,
223,svaer_overvaegt,2017,2025,9.7,10.1,4.12,stagneret,2,Danmarks Statistik,
230,svaer_overvaegt,2017,2025,10.2,9.2,-9.8,rigtig,2,Danmarks Statistik,
240,svaer_overvaegt,2017,2025,16.1,17.6,9.32,forkert,2,Danmarks Statistik,
250,svaer_overvaegt,2017,2025,19.1,20.5,7.33,forkert,2,Danmarks Statistik,
253,svaer_overvaegt,2017,2025,16.6,17.5,5.42,stagneret,2,Danmarks Statistik,
259,svaer_overvaegt,2017,2025,18.2,20.5,12.64,forkert,2,Danmarks Statistik,
260,svaer_overvaegt,2017,2025,21.8,23.0,5.5,forkert,2,Danmarks Statistik,
265,svaer_overvaegt,2017,2025,15.8,15.8,0.0,stagneret,2,Danmarks Statistik,
269,svaer_overvaegt,2017,2025,15.6,15.6,0.0,stagneret,2,Danmarks Statistik,
270,svaer_overvaegt,2017,2025,18.2,16.7,-8.24,rigtig,2,Danmarks Statistik,
306,svaer_overvaegt,2017,2025,21.6,24.1,11.57,forkert,2,Danmarks Statistik,
316,svaer_overvaegt,2017,2025,21.5,20.6,-4.19,stagneret,2,Danmarks Statistik,
320,svaer_overvaegt,2017,2025,23.8,25.3,6.3,forkert,2,Danmarks Statistik,
326,svaer_overvaegt,2017,2025,21.4,24.8,15.89,forkert,2,Danmarks Statistik,
329,svaer_overvaegt,2017,2025,21.2,24.8,16.98,forkert,2,Danmarks Statistik,
330,svaer_overvaegt,2017,2025,22.7,23.3,2.64,stagneret,2,Danmarks Statistik,
336,svaer_overvaegt,2017,2025,21.5,20.2,-6.05,rigtig,2,Danmarks Statistik,
340,svaer_overvaegt,2017,2025,18.9,20.3,7.41,forkert,2,Danmarks Statistik,
350,svaer_overvaegt,2017,2025,17.0,17.4,2.35,stagneret,2,Danmarks Statistik,
360,svaer_overvaegt,2017,2025,24.0,25.7,7.08,forkert,2,Danmarks Statistik,
370,svaer_overvaegt,2017,2025,21.5,21.5,0.0,stagneret,2,Danmarks Statistik,
376,svaer_overvaegt,2017,2025,21.2,24.0,13.21,forkert,2,Danmarks Statistik,
390,svaer_overvaegt,2017,2025,23.5,22.8,-2.98,stagneret,2,Danmarks Statistik,
400,svaer_overvaegt,2017,2025,17.5,19.7,12.57,forkert,2,Danmarks Statistik,
410,svaer_overvaegt,2017,2025,18.9,20.2,6.88,forkert,2,Danmarks Statistik,
420,svaer_overvaegt,2017,2025,18.3,24.4,33.33,forkert,2,Danmarks Statistik,
430,svaer_overvaegt,2017,2025,18.1,21.9,20.99,forkert,2,Danmarks Statistik,
440,svaer_overvaegt,2017,2025,20.6,22.5,9.22,forkert,2,Danmarks Statistik,
450,svaer_overvaegt,2017,2025,19.9,21.8,9.55,forkert,2,Danmarks Statistik,
461,svaer_overvaegt,2017,2025,15.6,15.9,1.92,stagneret,2,Danmarks Statistik,
479,svaer_overvaegt,2017,2025,16.9,17.8,5.33,stagneret,2,Danmarks Statistik,
480,svaer_overvaegt,2017,2025,23.5,25.6,8.94,forkert,2,Danmarks Statistik,
482,svaer_overvaegt,2017,2025,22.3,24.8,11.21,forkert,2,Danmarks Statistik,
492,svaer_overvaegt,2017,2025,18.0,18.7,3.89,stagneret,2,Danmarks Statistik,
510,svaer_overvaegt,2017,2025,19.9,22.4,12.56,forkert,2,Danmarks Statistik,
530,svaer_overvaegt,2017,2025,22.2,24.3,9.46,forkert,2,Danmarks Statistik,
540,svaer_overvaegt,2017,2025,20.4,20.2,-0.98,stagneret,2,Danmarks Statistik,
550,svaer_overvaegt,2017,2025,21.5,24.0,11.63,forkert,2,Danmarks Statistik,
561,svaer_overvaegt,2017,2025,18.9,20.2,6.88,forkert,2,Danmarks Statistik,
563,svaer_overvaegt,2017,2025,15.7,17.0,8.28,forkert,2,Danmarks Statistik,
573,svaer_overvaegt,2017,2025,20.7,21.8,5.31,forkert,2,Danmarks Statistik,
575,svaer_overvaegt,2017,2025,21.9,24.3,10.96,forkert,2,Danmarks Statistik,
580,svaer_overvaegt,2017,2025,20.4,20.6,0.98,stagneret,2,Danmarks Statistik,
607,svaer_overvaegt,2017,2025,19.4,23.1,19.07,forkert,2,Danmarks Statistik,
615,svaer_overvaegt,2017,2025,17.2,21.9,27.33,forkert,2,Danmarks Statistik,
621,svaer_overvaegt,2017,2025,18.4,20.7,12.5,forkert,2,Danmarks Statistik,
630,svaer_overvaegt,2017,2025,16.8,19.4,15.48,forkert,2,Danmarks Statistik,
657,svaer_overvaegt,2017,2025,17.5,19.2,9.71,forkert,2,Danmarks Statistik,
661,svaer_overvaegt,2017,2025,18.5,22.4,21.08,forkert,2,Danmarks Statistik,
665,svaer_overvaegt,2017,2025,20.7,23.5,13.53,forkert,2,Danmarks Statistik,
671,svaer_overvaegt,2017,2025,19.3,22.2,15.03,forkert,2,Danmarks Statistik,
706,svaer_overvaegt,2017,2025,19.0,21.6,13.68,forkert,2,Danmarks Statistik,
707,svaer_overvaegt,2017,2025,21.3,24.8,16.43,forkert,2,Danmarks Statistik,
710,svaer_overvaegt,2017,2025,16.9,21.6,27.81,forkert,2,Danmarks Statistik,
727,svaer_overvaegt,2017,2025,17.0,20.8,22.35,forkert,2,Danmarks Statistik,
730,svaer_overvaegt,2017,2025,19.8,23.9,20.71,forkert,2,Danmarks Statistik,
740,svaer_overvaegt,2017,2025,17.5,18.2,4.0,stagneret,2,Danmarks Statistik,
741,svaer_overvaegt,2017,2025,21.1,19.0,-9.95,rigtig,2,Danmarks Statistik,
746,svaer_overvaegt,2017,2025,15.1,17.9,18.54,forkert,2,Danmarks Statistik,
751,svaer_overvaegt,2017,2025,11.3,12.6,11.5,forkert,2,Danmarks Statistik,
756,svaer_overvaegt,2017,2025,20.1,22.2,10.45,forkert,2,Danmarks Statistik,
760,svaer_overvaegt,2017,2025,20.9,21.6,3.35,stagneret,2,Danmarks Statistik,
766,svaer_overvaegt,2017,2025,18.8,23.6,25.53,forkert,2,Danmarks Statistik,
773,svaer_overvaegt,2017,2025,20.1,23.6,17.41,forkert,2,Danmarks Statistik,
779,svaer_overvaegt,2017,2025,22.1,24.4,10.41,forkert,2,Danmarks Statistik,
787,svaer_overvaegt,2017,2025,20.1,26.6,32.34,forkert,2,Danmarks Statistik,
791,svaer_overvaegt,2017,2025,19.6,21.5,9.69,forkert,2,Danmarks Statistik,
810,svaer_overvaegt,2017,2025,20.3,25.3,24.63,forkert,2,Danmarks Statistik,
813,svaer_overvaegt,2017,2025,19.5,24.9,27.69,forkert,2,Danmarks Statistik,
820,svaer_overvaegt,2017,2025,21.7,24.0,10.6,forkert,2,Danmarks Statistik,
825,svaer_overvaegt,2017,2025,22.4,25.2,12.5,forkert,2,Danmarks Statistik,
840,svaer_overvaegt,2017,2025,20.4,21.4,4.9,forkert,2,Danmarks Statistik,
846,svaer_overvaegt,2017,2025,19.7,22.1,12.18,forkert,2,Danmarks Statistik,
849,svaer_overvaegt,2017,2025,22.9,25.6,11.79,forkert,2,Danmarks Statistik,
851,svaer_overvaegt,2017,2025,17.7,18.1,2.26,stagneret,2,Danmarks Statistik,
860,svaer_overvaegt,2017,2025,20.2,23.9,18.32,forkert,2,Danmarks Statistik,
101,traffic_accidents,2010-2012,2023-2025,72.96,49.3967,-32.3,tempo,16,Danmarks Statistik,
147,traffic_accidents,2010-2012,2023-2025,51.9233,44.8433,-13.64,tempo,16,Danmarks Statistik,
151,traffic_accidents,2010-2012,2023-2025,45.71,25.91,-43.32,tempo,16,Danmarks Statistik,
153,traffic_accidents,2010-2012,2023-2025,60.69,30.4167,-49.88,rigtig,16,Danmarks Statistik,
155,traffic_accidents,2010-2012,2023-2025,25.53,24.4133,-4.37,tempo,16,Danmarks Statistik,
157,traffic_accidents,2010-2012,2023-2025,49.29,36.1167,-26.73,tempo,16,Danmarks Statistik,
159,traffic_accidents,2010-2012,2023-2025,41.9167,25.9,-38.21,tempo,16,Danmarks Statistik,
161,traffic_accidents,2010-2012,2023-2025,79.69,36.4167,-54.3,rigtig,16,Danmarks Statistik,
163,traffic_accidents,2010-2012,2023-2025,33.8467,19.5167,-42.34,tempo,16,Danmarks Statistik,
165,traffic_accidents,2010-2012,2023-2025,48.4867,30.1567,-37.8,tempo,16,Danmarks Statistik,
167,traffic_accidents,2010-2012,2023-2025,41.77,22.6467,-45.78,rigtig,16,Danmarks Statistik,
169,traffic_accidents,2010-2012,2023-2025,58.3667,28.08,-51.89,rigtig,16,Danmarks Statistik,
173,traffic_accidents,2010-2012,2023-2025,49.5033,26.7533,-45.96,rigtig,16,Danmarks Statistik,
175,traffic_accidents,2010-2012,2023-2025,56.63,26.1633,-53.8,rigtig,16,Danmarks Statistik,
183,traffic_accidents,2010-2012,2023-2025,55.7333,21.1533,-62.05,rigtig,16,Danmarks Statistik,
185,traffic_accidents,2010-2012,2023-2025,67.1233,48.52,-27.72,tempo,16,Danmarks Statistik,
187,traffic_accidents,2010-2012,2023-2025,35.7767,35.74,-0.1,stagneret,16,Danmarks Statistik,
190,traffic_accidents,2010-2012,2023-2025,42.3667,29.4133,-30.57,tempo,16,Danmarks Statistik,
201,traffic_accidents,2010-2012,2023-2025,44.1,36.3533,-17.57,tempo,16,Danmarks Statistik,
210,traffic_accidents,2010-2012,2023-2025,46.0567,20.5667,-55.34,rigtig,16,Danmarks Statistik,
217,traffic_accidents,2010-2012,2023-2025,51.41,34.5533,-32.79,tempo,16,Danmarks Statistik,
219,traffic_accidents,2010-2012,2023-2025,75.4333,55.5933,-26.3,tempo,16,Danmarks Statistik,
223,traffic_accidents,2010-2012,2023-2025,53.4033,29.5533,-44.66,tempo,16,Danmarks Statistik,
230,traffic_accidents,2010-2012,2023-2025,38.25,24.86,-35.01,tempo,16,Danmarks Statistik,
240,traffic_accidents,2010-2012,2023-2025,39.2433,36.69,-6.51,tempo,16,Danmarks Statistik,
250,traffic_accidents,2010-2012,2023-2025,59.5533,39.0,-34.51,tempo,16,Danmarks Statistik,
253,traffic_accidents,2010-2012,2023-2025,43.37,21.3033,-50.88,rigtig,16,Danmarks Statistik,
259,traffic_accidents,2010-2012,2023-2025,62.1467,33.51,-46.08,rigtig,16,Danmarks Statistik,
260,traffic_accidents,2010-2012,2023-2025,70.23,53.34,-24.05,tempo,16,Danmarks Statistik,
265,traffic_accidents,2010-2012,2023-2025,48.4433,35.23,-27.28,tempo,16,Danmarks Statistik,
269,traffic_accidents,2010-2012,2023-2025,49.0167,23.62,-51.81,rigtig,16,Danmarks Statistik,
270,traffic_accidents,2010-2012,2023-2025,62.8767,44.95,-28.51,tempo,16,Danmarks Statistik,
306,traffic_accidents,2010-2012,2023-2025,91.8667,51.17,-44.3,tempo,16,Danmarks Statistik,
316,traffic_accidents,2010-2012,2023-2025,53.77,44.9067,-16.48,tempo,16,Danmarks Statistik,
320,traffic_accidents,2010-2012,2023-2025,92.1433,57.9233,-37.14,tempo,16,Danmarks Statistik,
326,traffic_accidents,2010-2012,2023-2025,101.7867,63.3367,-37.78,tempo,16,Danmarks Statistik,
329,traffic_accidents,2010-2012,2023-2025,71.29,32.9167,-53.83,rigtig,16,Danmarks Statistik,
330,traffic_accidents,2010-2012,2023-2025,74.6067,55.8467,-25.15,tempo,16,Danmarks Statistik,
336,traffic_accidents,2010-2012,2023-2025,45.14,39.1667,-13.23,tempo,16,Danmarks Statistik,
340,traffic_accidents,2010-2012,2023-2025,100.7533,64.05,-36.43,tempo,16,Danmarks Statistik,
350,traffic_accidents,2010-2012,2023-2025,51.0667,37.6267,-26.32,tempo,16,Danmarks Statistik,
360,traffic_accidents,2010-2012,2023-2025,89.0133,54.11,-39.21,tempo,16,Danmarks Statistik,
370,traffic_accidents,2010-2012,2023-2025,62.98,58.8033,-6.63,tempo,16,Danmarks Statistik,
376,traffic_accidents,2010-2012,2023-2025,93.42,53.6733,-42.55,tempo,16,Danmarks Statistik,
390,traffic_accidents,2010-2012,2023-2025,84.62,53.8067,-36.41,tempo,16,Danmarks Statistik,
400,traffic_accidents,2010-2012,2023-2025,147.5433,67.04,-54.56,rigtig,16,Danmarks Statistik,
410,traffic_accidents,2010-2012,2023-2025,113.48,42.69,-62.38,rigtig,16,Danmarks Statistik,
420,traffic_accidents,2010-2012,2023-2025,106.4967,40.0167,-62.42,rigtig,16,Danmarks Statistik,
430,traffic_accidents,2010-2012,2023-2025,88.4433,43.0733,-51.3,rigtig,16,Danmarks Statistik,
440,traffic_accidents,2010-2012,2023-2025,67.3867,29.6733,-55.97,rigtig,16,Danmarks Statistik,
450,traffic_accidents,2010-2012,2023-2025,130.01,56.9333,-56.21,rigtig,16,Danmarks Statistik,
461,traffic_accidents,2010-2012,2023-2025,84.86,31.5067,-62.87,rigtig,16,Danmarks Statistik,
479,traffic_accidents,2010-2012,2023-2025,87.2333,46.6433,-46.53,rigtig,16,Danmarks Statistik,
480,traffic_accidents,2010-2012,2023-2025,77.4,38.6067,-50.12,rigtig,16,Danmarks Statistik,
482,traffic_accidents,2010-2012,2023-2025,77.4167,31.67,-59.09,rigtig,16,Danmarks Statistik,
492,traffic_accidents,2010-2012,2023-2025,91.45,61.2833,-32.99,tempo,16,Danmarks Statistik,
510,traffic_accidents,2010-2012,2023-2025,101.5133,46.5533,-54.14,rigtig,16,Danmarks Statistik,
530,traffic_accidents,2010-2012,2023-2025,76.8,56.1667,-26.87,tempo,16,Danmarks Statistik,
540,traffic_accidents,2010-2012,2023-2025,127.64,52.8067,-58.63,rigtig,16,Danmarks Statistik,
550,traffic_accidents,2010-2012,2023-2025,180.6267,76.38,-57.71,rigtig,16,Danmarks Statistik,
561,traffic_accidents,2010-2012,2023-2025,96.2267,38.1833,-60.32,rigtig,16,Danmarks Statistik,
563,traffic_accidents,2010-2012,2023-2025,27.75,62.0367,123.56,forkert,16,Danmarks Statistik,
573,traffic_accidents,2010-2012,2023-2025,144.1033,59.8233,-58.49,rigtig,16,Danmarks Statistik,
575,traffic_accidents,2010-2012,2023-2025,115.4933,44.1467,-61.78,rigtig,16,Danmarks Statistik,
580,traffic_accidents,2010-2012,2023-2025,120.99,50.6567,-58.13,rigtig,16,Danmarks Statistik,
607,traffic_accidents,2010-2012,2023-2025,64.9033,46.1433,-28.9,tempo,16,Danmarks Statistik,
615,traffic_accidents,2010-2012,2023-2025,92.8167,38.53,-58.49,rigtig,16,Danmarks Statistik,
621,traffic_accidents,2010-2012,2023-2025,90.7167,44.26,-51.21,rigtig,16,Danmarks Statistik,
630,traffic_accidents,2010-2012,2023-2025,86.9667,38.98,-55.18,rigtig,16,Danmarks Statistik,
657,traffic_accidents,2010-2012,2023-2025,114.1033,38.7667,-66.02,rigtig,16,Danmarks Statistik,
661,traffic_accidents,2010-2012,2023-2025,127.3767,72.3067,-43.23,tempo,16,Danmarks Statistik,
665,traffic_accidents,2010-2012,2023-2025,97.38,83.04,-14.73,tempo,16,Danmarks Statistik,
671,traffic_accidents,2010-2012,2023-2025,115.3833,52.5567,-54.45,rigtig,16,Danmarks Statistik,
706,traffic_accidents,2010-2012,2023-2025,99.94,52.3767,-47.59,rigtig,16,Danmarks Statistik,
707,traffic_accidents,2010-2012,2023-2025,138.4,63.86,-53.86,rigtig,16,Danmarks Statistik,
710,traffic_accidents,2010-2012,2023-2025,83.73,46.1,-44.94,tempo,16,Danmarks Statistik,
727,traffic_accidents,2010-2012,2023-2025,71.69,38.2,-46.72,rigtig,16,Danmarks Statistik,
730,traffic_accidents,2010-2012,2023-2025,99.57,49.18,-50.61,rigtig,16,Danmarks Statistik,
740,traffic_accidents,2010-2012,2023-2025,104.8433,40.8833,-61.01,rigtig,16,Danmarks Statistik,
741,traffic_accidents,2010-2012,2023-2025,117.0167,89.84,-23.22,tempo,16,Danmarks Statistik,
746,traffic_accidents,2010-2012,2023-2025,61.36,28.08,-54.24,rigtig,16,Danmarks Statistik,
751,traffic_accidents,2010-2012,2023-2025,62.1167,51.71,-16.75,tempo,16,Danmarks Statistik,
756,traffic_accidents,2010-2012,2023-2025,110.7867,39.8967,-63.99,rigtig,16,Danmarks Statistik,
760,traffic_accidents,2010-2012,2023-2025,111.09,76.8833,-30.79,tempo,16,Danmarks Statistik,
766,traffic_accidents,2010-2012,2023-2025,104.34,50.3267,-51.77,rigtig,16,Danmarks Statistik,
773,traffic_accidents,2010-2012,2023-2025,152.4833,83.1333,-45.48,rigtig,16,Danmarks Statistik,
779,traffic_accidents,2010-2012,2023-2025,103.43,56.6333,-45.24,tempo,16,Danmarks Statistik,
787,traffic_accidents,2010-2012,2023-2025,150.1867,49.2867,-67.18,rigtig,16,Danmarks Statistik,
791,traffic_accidents,2010-2012,2023-2025,95.7067,63.34,-33.82,tempo,16,Danmarks Statistik,
810,traffic_accidents,2010-2012,2023-2025,127.4833,54.0567,-57.6,rigtig,16,Danmarks Statistik,
813,traffic_accidents,2010-2012,2023-2025,104.3967,60.04,-42.49,tempo,16,Danmarks Statistik,
820,traffic_accidents,2010-2012,2023-2025,120.65,80.57,-33.22,tempo,16,Danmarks Statistik,
825,traffic_accidents,2010-2012,2023-2025,50.63,56.4967,11.59,forkert,16,Danmarks Statistik,
840,traffic_accidents,2010-2012,2023-2025,142.3967,72.84,-48.85,rigtig,16,Danmarks Statistik,
846,traffic_accidents,2010-2012,2023-2025,165.99,70.0433,-57.8,rigtig,16,Danmarks Statistik,
849,traffic_accidents,2010-2012,2023-2025,167.2167,81.1133,-51.49,rigtig,16,Danmarks Statistik,
851,traffic_accidents,2010-2012,2023-2025,112.9833,56.2367,-50.23,rigtig,16,Danmarks Statistik,
860,traffic_accidents,2010-2012,2023-2025,137.71,76.0933,-44.74,tempo,16,Danmarks Statistik,
101,vacant_housing,2010-2012,2024-2026,5.28,4.7767,-9.53,rigtig,15,Danmarks Statistik,
147,vacant_housing,2010-2012,2024-2026,4.3367,3.2433,-25.21,rigtig,15,Danmarks Statistik,
151,vacant_housing,2010-2012,2024-2026,2.12,2.3867,12.58,forkert,15,Danmarks Statistik,
153,vacant_housing,2010-2012,2024-2026,1.9167,2.8533,48.87,forkert,15,Danmarks Statistik,
155,vacant_housing,2010-2012,2024-2026,2.9233,2.8167,-3.65,rigtig,15,Danmarks Statistik,
157,vacant_housing,2010-2012,2024-2026,7.6367,5.7267,-25.01,rigtig,15,Danmarks Statistik,
159,vacant_housing,2010-2012,2024-2026,3.57,3.5633,-0.19,stagneret,15,Danmarks Statistik,
161,vacant_housing,2010-2012,2024-2026,3.12,3.9767,27.46,forkert,15,Danmarks Statistik,
163,vacant_housing,2010-2012,2024-2026,2.7067,3.3167,22.54,forkert,15,Danmarks Statistik,
165,vacant_housing,2010-2012,2024-2026,2.3867,8.0467,237.15,forkert,15,Danmarks Statistik,
167,vacant_housing,2010-2012,2024-2026,3.3,2.5733,-22.02,rigtig,15,Danmarks Statistik,
169,vacant_housing,2010-2012,2024-2026,3.53,5.1133,44.85,forkert,15,Danmarks Statistik,
173,vacant_housing,2010-2012,2024-2026,4.5867,4.4167,-3.71,rigtig,15,Danmarks Statistik,
175,vacant_housing,2010-2012,2024-2026,4.2933,3.4033,-20.73,rigtig,15,Danmarks Statistik,
183,vacant_housing,2010-2012,2024-2026,4.6033,2.6967,-41.42,rigtig,15,Danmarks Statistik,
185,vacant_housing,2010-2012,2024-2026,2.3133,2.31,-0.14,stagneret,15,Danmarks Statistik,
187,vacant_housing,2010-2012,2024-2026,3.8567,2.6867,-30.34,rigtig,15,Danmarks Statistik,
190,vacant_housing,2010-2012,2024-2026,4.4467,3.2167,-27.66,rigtig,15,Danmarks Statistik,
201,vacant_housing,2010-2012,2024-2026,2.46,2.89,17.48,forkert,15,Danmarks Statistik,
210,vacant_housing,2010-2012,2024-2026,4.0,3.6433,-8.92,rigtig,15,Danmarks Statistik,
217,vacant_housing,2010-2012,2024-2026,5.2067,4.41,-15.3,rigtig,15,Danmarks Statistik,
219,vacant_housing,2010-2012,2024-2026,3.9667,4.0767,2.77,forkert,15,Danmarks Statistik,
223,vacant_housing,2010-2012,2024-2026,4.4967,4.4367,-1.33,rigtig,15,Danmarks Statistik,
230,vacant_housing,2010-2012,2024-2026,4.5133,5.08,12.56,forkert,15,Danmarks Statistik,
240,vacant_housing,2010-2012,2024-2026,2.4967,2.7933,11.88,forkert,15,Danmarks Statistik,
250,vacant_housing,2010-2012,2024-2026,4.14,3.9,-5.8,rigtig,15,Danmarks Statistik,
253,vacant_housing,2010-2012,2024-2026,3.1167,2.7833,-10.7,rigtig,15,Danmarks Statistik,
259,vacant_housing,2010-2012,2024-2026,3.4233,3.4467,0.68,stagneret,15,Danmarks Statistik,
260,vacant_housing,2010-2012,2024-2026,5.51,4.2767,-22.38,rigtig,15,Danmarks Statistik,
265,vacant_housing,2010-2012,2024-2026,3.3933,3.8133,12.38,forkert,15,Danmarks Statistik,
269,vacant_housing,2010-2012,2024-2026,2.9367,2.6667,-9.19,rigtig,15,Danmarks Statistik,
270,vacant_housing,2010-2012,2024-2026,5.4167,5.22,-3.63,rigtig,15,Danmarks Statistik,
306,vacant_housing,2010-2012,2024-2026,9.2767,8.9833,-3.16,rigtig,15,Danmarks Statistik,
316,vacant_housing,2010-2012,2024-2026,4.94,4.8333,-2.16,rigtig,15,Danmarks Statistik,
320,vacant_housing,2010-2012,2024-2026,6.69,5.5467,-17.09,rigtig,15,Danmarks Statistik,
326,vacant_housing,2010-2012,2024-2026,6.9267,7.3033,5.44,forkert,15,Danmarks Statistik,
329,vacant_housing,2010-2012,2024-2026,4.8767,4.2067,-13.74,rigtig,15,Danmarks Statistik,
330,vacant_housing,2010-2012,2024-2026,6.65,6.4133,-3.56,rigtig,15,Danmarks Statistik,
336,vacant_housing,2010-2012,2024-2026,7.2067,6.2833,-12.81,rigtig,15,Danmarks Statistik,
340,vacant_housing,2010-2012,2024-2026,6.18,5.19,-16.02,rigtig,15,Danmarks Statistik,
350,vacant_housing,2010-2012,2024-2026,3.9033,3.7267,-4.53,rigtig,15,Danmarks Statistik,
360,vacant_housing,2010-2012,2024-2026,12.17,15.1133,24.19,forkert,15,Danmarks Statistik,
370,vacant_housing,2010-2012,2024-2026,5.8167,4.2033,-27.74,rigtig,15,Danmarks Statistik,
376,vacant_housing,2010-2012,2024-2026,9.0033,9.9033,10.0,forkert,15,Danmarks Statistik,
390,vacant_housing,2010-2012,2024-2026,9.9133,10.75,8.44,stagneret,15,Danmarks Statistik,
400,vacant_housing,2010-2012,2024-2026,6.7467,11.4033,69.02,forkert,15,Danmarks Statistik,
410,vacant_housing,2010-2012,2024-2026,5.76,5.9333,3.01,forkert,15,Danmarks Statistik,
420,vacant_housing,2010-2012,2024-2026,6.52,7.3133,12.17,forkert,15,Danmarks Statistik,
430,vacant_housing,2010-2012,2024-2026,6.2,7.13,15.0,forkert,15,Danmarks Statistik,
440,vacant_housing,2010-2012,2024-2026,4.87,5.63,15.61,forkert,15,Danmarks Statistik,
450,vacant_housing,2010-2012,2024-2026,5.4033,6.1833,14.44,forkert,15,Danmarks Statistik,
461,vacant_housing,2010-2012,2024-2026,4.28,5.7367,34.03,forkert,15,Danmarks Statistik,
479,vacant_housing,2010-2012,2024-2026,6.1433,6.0633,-1.3,rigtig,15,Danmarks Statistik,
480,vacant_housing,2010-2012,2024-2026,6.4467,7.0533,9.41,forkert,15,Danmarks Statistik,
482,vacant_housing,2010-2012,2024-2026,22.9133,26.6533,16.32,forkert,15,Danmarks Statistik,
492,vacant_housing,2010-2012,2024-2026,22.2467,29.34,31.88,forkert,15,Danmarks Statistik,
510,vacant_housing,2010-2012,2024-2026,7.48,7.72,3.21,forkert,15,Danmarks Statistik,
530,vacant_housing,2010-2012,2024-2026,6.4633,7.7,19.13,forkert,15,Danmarks Statistik,
540,vacant_housing,2010-2012,2024-2026,7.1067,6.79,-4.46,rigtig,15,Danmarks Statistik,
550,vacant_housing,2010-2012,2024-2026,12.9967,12.8833,-0.87,stagneret,15,Danmarks Statistik,
561,vacant_housing,2010-2012,2024-2026,4.6733,6.59,41.01,forkert,15,Danmarks Statistik,
563,vacant_housing,2010-2012,2024-2026,5.86,7.47,27.47,forkert,15,Danmarks Statistik,
573,vacant_housing,2010-2012,2024-2026,7.6167,8.42,10.55,forkert,15,Danmarks Statistik,
575,vacant_housing,2010-2012,2024-2026,6.2667,6.55,4.52,forkert,15,Danmarks Statistik,
580,vacant_housing,2010-2012,2024-2026,7.1967,6.6267,-7.92,rigtig,15,Danmarks Statistik,
607,vacant_housing,2010-2012,2024-2026,5.6167,5.7233,1.9,forkert,15,Danmarks Statistik,
615,vacant_housing,2010-2012,2024-2026,5.7233,5.8467,2.15,forkert,15,Danmarks Statistik,
621,vacant_housing,2010-2012,2024-2026,5.5133,6.8667,24.55,forkert,15,Danmarks Statistik,
630,vacant_housing,2010-2012,2024-2026,6.5867,5.84,-11.34,rigtig,15,Danmarks Statistik,
657,vacant_housing,2010-2012,2024-2026,5.8367,7.5033,28.56,forkert,15,Danmarks Statistik,
661,vacant_housing,2010-2012,2024-2026,6.3067,7.5,18.92,forkert,15,Danmarks Statistik,
665,vacant_housing,2010-2012,2024-2026,11.2667,14.55,29.14,forkert,15,Danmarks Statistik,
671,vacant_housing,2010-2012,2024-2026,8.4267,9.9867,18.51,forkert,15,Danmarks Statistik,
706,vacant_housing,2010-2012,2024-2026,7.4767,8.3867,12.17,forkert,15,Danmarks Statistik,
707,vacant_housing,2010-2012,2024-2026,8.0467,9.2633,15.12,forkert,15,Danmarks Statistik,
710,vacant_housing,2010-2012,2024-2026,3.9033,4.47,14.52,forkert,15,Danmarks Statistik,
727,vacant_housing,2010-2012,2024-2026,5.0633,5.2167,3.03,forkert,15,Danmarks Statistik,
730,vacant_housing,2010-2012,2024-2026,5.6933,6.58,15.57,forkert,15,Danmarks Statistik,
740,vacant_housing,2010-2012,2024-2026,4.5467,5.3633,17.96,forkert,15,Danmarks Statistik,
741,vacant_housing,2010-2012,2024-2026,28.9833,35.1467,21.27,forkert,15,Danmarks Statistik,
746,vacant_housing,2010-2012,2024-2026,3.5,3.85,10.0,forkert,15,Danmarks Statistik,
751,vacant_housing,2010-2012,2024-2026,3.2733,4.3767,33.71,forkert,15,Danmarks Statistik,
756,vacant_housing,2010-2012,2024-2026,5.5167,6.41,16.19,forkert,15,Danmarks Statistik,
760,vacant_housing,2010-2012,2024-2026,7.8367,8.5433,9.02,forkert,15,Danmarks Statistik,
766,vacant_housing,2010-2012,2024-2026,5.1533,6.0467,17.34,forkert,15,Danmarks Statistik,
773,vacant_housing,2010-2012,2024-2026,10.18,12.1033,18.89,forkert,15,Danmarks Statistik,
779,vacant_housing,2010-2012,2024-2026,7.7567,9.6167,23.98,forkert,15,Danmarks Statistik,
787,vacant_housing,2010-2012,2024-2026,10.09,11.4167,13.15,forkert,15,Danmarks Statistik,
791,vacant_housing,2010-2012,2024-2026,5.9633,7.3033,22.47,forkert,15,Danmarks Statistik,
810,vacant_housing,2010-2012,2024-2026,7.2667,8.4933,16.88,forkert,15,Danmarks Statistik,
813,vacant_housing,2010-2012,2024-2026,11.0033,15.0733,36.99,forkert,15,Danmarks Statistik,
820,vacant_housing,2010-2012,2024-2026,8.85,11.24,27.01,forkert,15,Danmarks Statistik,
825,vacant_housing,2010-2012,2024-2026,27.7433,35.4433,27.75,forkert,15,Danmarks Statistik,
840,vacant_housing,2010-2012,2024-2026,6.0067,6.4267,6.99,forkert,15,Danmarks Statistik,
846,vacant_housing,2010-2012,2024-2026,7.9233,9.13,15.23,forkert,15,Danmarks Statistik,
849,vacant_housing,2010-2012,2024-2026,9.63,12.3433,28.18,forkert,15,Danmarks Statistik,
851,vacant_housing,2010-2012,2024-2026,4.81,6.5833,36.87,forkert,15,Danmarks Statistik,
860,vacant_housing,2010-2012,2024-2026,9.3,11.2367,20.82,forkert,15,Danmarks Statistik,
147,vandindvinding,2010-2012,2022-2024,24.0133,23.31,-2.93,stagneret,15,Danmarks Statistik,
151,vandindvinding,2010-2012,2022-2024,59.9167,49.1533,-17.96,rigtig,15,Danmarks Statistik,
153,vandindvinding,2010-2012,2022-2024,29.41,18.8,-36.08,rigtig,13,Danmarks Statistik,
155,vandindvinding,2010-2012,2020-2022,48.8233,13.73,-71.88,rigtig,13,Danmarks Statistik,
157,vandindvinding,2010-2012,2022-2024,46.8267,45.53,-2.77,tempo,15,Danmarks Statistik,
159,vandindvinding,2010-2012,2022-2024,26.2533,31.9333,21.64,forkert,15,Danmarks Statistik,
161,vandindvinding,2010-2012,2022-2024,48.17,70.6233,46.61,forkert,15,Danmarks Statistik,
165,vandindvinding,2010-2012,2018-2020,16.7867,13.1967,-21.39,rigtig,8,Danmarks Statistik,
167,vandindvinding,2010,2014,12.07,11.57,-4.14,stagneret,4,Danmarks Statistik,
169,vandindvinding,2010-2012,2022-2024,62.7367,34.6233,-44.81,rigtig,15,Danmarks Statistik,
173,vandindvinding,2010-2012,2022-2024,25.29,28.0,10.72,forkert,15,Danmarks Statistik,
175,vandindvinding,2010-2012,2022-2024,23.7067,14.8533,-37.35,rigtig,15,Danmarks Statistik,
183,vandindvinding,2010-2012,2022-2024,267.1667,235.9533,-11.68,rigtig,15,Danmarks Statistik,
185,vandindvinding,2010-2012,2020-2022,19.6133,16.3533,-16.62,rigtig,13,Danmarks Statistik,
187,vandindvinding,2010-2015,2022-2024,13.5467,30.8533,127.76,forkert,12,Danmarks Statistik,
190,vandindvinding,2010-2012,2022-2024,231.7833,240.4733,3.75,forkert,15,Danmarks Statistik,
201,vandindvinding,2010-2012,2022-2024,120.4567,87.2233,-27.59,rigtig,15,Danmarks Statistik,
210,vandindvinding,2010-2012,2022-2024,77.0267,86.54,12.35,forkert,15,Danmarks Statistik,
217,vandindvinding,2010-2012,2022-2024,58.1467,55.23,-5.02,tempo,15,Danmarks Statistik,
219,vandindvinding,2010-2012,2022-2024,172.6967,139.7133,-19.1,rigtig,15,Danmarks Statistik,
223,vandindvinding,2010-2012,2022-2024,84.7467,76.73,-9.46,rigtig,15,Danmarks Statistik,
230,vandindvinding,2010-2012,2022-2024,93.9933,65.2367,-30.59,rigtig,15,Danmarks Statistik,
240,vandindvinding,2010-2012,2022-2024,164.1267,142.1933,-13.36,rigtig,15,Danmarks Statistik,
250,vandindvinding,2010-2012,2022-2024,118.94,116.43,-2.11,tempo,15,Danmarks Statistik,
253,vandindvinding,2010-2012,2022-2024,68.8733,53.7167,-22.01,rigtig,15,Danmarks Statistik,
259,vandindvinding,2010-2012,2022-2024,190.44,191.42,0.51,stagneret,15,Danmarks Statistik,
260,vandindvinding,2010-2012,2022-2024,88.06,54.0767,-38.59,rigtig,15,Danmarks Statistik,
265,vandindvinding,2010-2012,2022-2024,149.05,155.9533,4.63,forkert,15,Danmarks Statistik,
269,vandindvinding,2010-2012,2022-2024,123.8033,110.4467,-10.79,rigtig,15,Danmarks Statistik,
270,vandindvinding,2010-2012,2022-2024,63.1167,57.7833,-8.45,rigtig,15,Danmarks Statistik,
306,vandindvinding,2010-2012,2022-2024,80.1867,75.1533,-6.28,tempo,15,Danmarks Statistik,
316,vandindvinding,2010-2012,2022-2024,84.9,75.8,-10.72,rigtig,15,Danmarks Statistik,
320,vandindvinding,2010-2012,2022-2024,123.0467,114.0033,-7.35,tempo,15,Danmarks Statistik,
326,vandindvinding,2010-2012,2022-2024,155.1067,164.51,6.06,forkert,15,Danmarks Statistik,
329,vandindvinding,2010-2012,2022-2024,232.18,238.5033,2.72,forkert,15,Danmarks Statistik,
330,vandindvinding,2010-2012,2022-2024,72.3433,65.18,-9.9,rigtig,15,Danmarks Statistik,
336,vandindvinding,2010-2012,2022-2024,57.89,25.42,-56.09,rigtig,14,Danmarks Statistik,
340,vandindvinding,2010-2012,2022-2024,61.0767,48.4433,-20.68,rigtig,15,Danmarks Statistik,
350,vandindvinding,2010-2012,2022-2024,333.1567,185.22,-44.4,rigtig,15,Danmarks Statistik,
360,vandindvinding,2010-2012,2022-2024,69.3733,71.8667,3.59,forkert,15,Danmarks Statistik,
370,vandindvinding,2010-2012,2022-2024,44.0167,33.5867,-23.7,rigtig,15,Danmarks Statistik,
376,vandindvinding,2010-2012,2022-2024,73.0967,60.4533,-17.3,rigtig,15,Danmarks Statistik,
390,vandindvinding,2010-2012,2022-2024,66.5133,60.0733,-9.68,rigtig,15,Danmarks Statistik,
400,vandindvinding,2010-2012,2022-2024,82.23,83.55,1.61,forkert,15,Danmarks Statistik,
410,vandindvinding,2010-2012,2022-2024,62.85,56.8,-9.63,rigtig,15,Danmarks Statistik,
420,vandindvinding,2010-2012,2022-2024,83.9033,89.7467,6.96,forkert,15,Danmarks Statistik,
430,vandindvinding,2010-2012,2022-2024,82.2367,72.27,-12.12,rigtig,15,Danmarks Statistik,
440,vandindvinding,2010-2012,2022-2024,53.2833,52.8333,-0.84,stagneret,15,Danmarks Statistik,
450,vandindvinding,2010-2012,2022-2024,83.44,72.5,-13.11,rigtig,15,Danmarks Statistik,
461,vandindvinding,2010-2012,2022-2024,58.0167,55.5567,-4.24,tempo,15,Danmarks Statistik,
479,vandindvinding,2010-2012,2022-2024,64.6733,54.3,-16.04,rigtig,15,Danmarks Statistik,
480,vandindvinding,2010-2012,2022-2024,84.7633,71.8667,-15.21,rigtig,15,Danmarks Statistik,
482,vandindvinding,2010-2012,2022-2024,97.6967,94.71,-3.06,tempo,15,Danmarks Statistik,
492,vandindvinding,2010-2012,2022-2024,65.09,38.88,-40.27,rigtig,15,Danmarks Statistik,
510,vandindvinding,2010-2012,2022-2024,97.83,54.7767,-44.01,rigtig,15,Danmarks Statistik,
530,vandindvinding,2010-2012,2022-2024,81.4733,95.34,17.02,forkert,15,Danmarks Statistik,
540,vandindvinding,2010-2012,2022-2024,70.3867,63.43,-9.88,rigtig,15,Danmarks Statistik,
550,vandindvinding,2010-2012,2022-2024,134.46,149.4867,11.18,forkert,15,Danmarks Statistik,
561,vandindvinding,2010-2012,2022-2024,46.03,48.1733,4.66,forkert,15,Danmarks Statistik,
563,vandindvinding,2010-2012,2022-2024,92.95,88.16,-5.15,tempo,15,Danmarks Statistik,
573,vandindvinding,2010-2012,2022-2024,116.6167,111.75,-4.17,tempo,15,Danmarks Statistik,
575,vandindvinding,2010-2012,2022-2024,162.9767,165.2233,1.38,forkert,15,Danmarks Statistik,
580,vandindvinding,2010-2012,2022-2024,79.7167,86.1933,8.12,forkert,15,Danmarks Statistik,
607,vandindvinding,2010-2012,2022-2024,70.6033,71.04,0.62,stagneret,15,Danmarks Statistik,
615,vandindvinding,2010-2012,2022-2024,74.8867,65.89,-12.01,rigtig,15,Danmarks Statistik,
621,vandindvinding,2010-2012,2022-2024,63.13,58.3067,-7.64,tempo,15,Danmarks Statistik,
630,vandindvinding,2010-2012,2022-2024,73.67,63.0267,-14.45,rigtig,15,Danmarks Statistik,
657,vandindvinding,2010-2012,2022-2024,76.04,71.7433,-5.65,tempo,15,Danmarks Statistik,
661,vandindvinding,2010-2012,2022-2024,86.3633,79.8733,-7.51,tempo,15,Danmarks Statistik,
665,vandindvinding,2010-2012,2022-2024,125.12,131.3033,4.94,forkert,15,Danmarks Statistik,
671,vandindvinding,2010-2012,2022-2024,88.33,77.15,-12.66,rigtig,15,Danmarks Statistik,
706,vandindvinding,2010-2012,2022-2024,54.4367,69.7533,28.14,forkert,15,Danmarks Statistik,
707,vandindvinding,2010-2012,2022-2024,85.9267,97.5833,13.57,forkert,15,Danmarks Statistik,
710,vandindvinding,2010-2012,2022-2024,60.49,49.45,-18.25,rigtig,15,Danmarks Statistik,
727,vandindvinding,2010-2012,2022-2024,67.3567,62.15,-7.73,tempo,15,Danmarks Statistik,
730,vandindvinding,2010-2012,2022-2024,58.08,51.86,-10.71,rigtig,15,Danmarks Statistik,
740,vandindvinding,2010-2012,2022-2024,59.2433,53.7933,-9.2,rigtig,15,Danmarks Statistik,
741,vandindvinding,2010-2012,2022-2024,101.8533,107.2933,5.34,forkert,15,Danmarks Statistik,
746,vandindvinding,2010-2012,2022-2024,56.0633,50.35,-10.19,rigtig,15,Danmarks Statistik,
751,vandindvinding,2010-2012,2022-2024,58.7933,51.2167,-12.89,rigtig,15,Danmarks Statistik,
756,vandindvinding,2010-2012,2022-2024,79.8033,83.35,4.44,forkert,15,Danmarks Statistik,
760,vandindvinding,2010-2012,2022-2024,100.9067,109.6167,8.63,forkert,15,Danmarks Statistik,
766,vandindvinding,2010-2012,2022-2024,89.1367,84.2633,-5.47,tempo,15,Danmarks Statistik,
773,vandindvinding,2010-2012,2022-2024,95.5133,95.4367,-0.08,stagneret,15,Danmarks Statistik,
779,vandindvinding,2010-2012,2022-2024,84.8633,81.5433,-3.91,tempo,15,Danmarks Statistik,
787,vandindvinding,2010-2012,2022-2024,115.98,103.51,-10.75,rigtig,15,Danmarks Statistik,
791,vandindvinding,2010-2012,2022-2024,67.7067,57.86,-14.54,rigtig,15,Danmarks Statistik,
810,vandindvinding,2010-2012,2022-2024,86.6333,69.5133,-19.76,rigtig,15,Danmarks Statistik,
813,vandindvinding,2010-2012,2022-2024,72.5167,56.7533,-21.74,rigtig,15,Danmarks Statistik,
820,vandindvinding,2010-2012,2022-2024,74.0133,93.7833,26.71,forkert,15,Danmarks Statistik,
825,vandindvinding,2010-2012,2022-2024,103.2067,112.85,9.34,forkert,15,Danmarks Statistik,
840,vandindvinding,2010-2012,2022-2024,66.8933,55.1633,-17.54,rigtig,15,Danmarks Statistik,
846,vandindvinding,2010-2012,2022-2024,67.3967,59.0533,-12.38,rigtig,15,Danmarks Statistik,
849,vandindvinding,2010-2012,2022-2024,97.18,90.6067,-6.76,tempo,15,Danmarks Statistik,
851,vandindvinding,2010-2012,2022-2024,62.4133,54.44,-12.78,rigtig,15,Danmarks Statistik,
860,vandindvinding,2010-2012,2022-2024,122.8267,115.4733,-5.99,tempo,15,Danmarks Statistik,
101,voter_turnout,2013,2025,61.21,65.58,7.14,rigtig,4,Danmarks Statistik,
147,voter_turnout,2013,2025,70.34,73.24,4.12,rigtig,4,Danmarks Statistik,
151,voter_turnout,2013,2025,70.96,65.05,-8.33,forkert,4,Danmarks Statistik,
153,voter_turnout,2013,2025,64.59,56.24,-12.93,forkert,4,Danmarks Statistik,
155,voter_turnout,2013,2025,78.66,77.34,-1.68,forkert,4,Danmarks Statistik,
157,voter_turnout,2013,2025,72.39,73.4,1.4,rigtig,4,Danmarks Statistik,
159,voter_turnout,2013,2025,68.4,65.06,-4.88,forkert,4,Danmarks Statistik,
161,voter_turnout,2013,2025,66.72,61.78,-7.4,forkert,4,Danmarks Statistik,
163,voter_turnout,2013,2025,69.6,64.17,-7.8,forkert,4,Danmarks Statistik,
165,voter_turnout,2013,2025,66.87,62.3,-6.83,forkert,4,Danmarks Statistik,
167,voter_turnout,2013,2025,68.55,64.34,-6.14,forkert,4,Danmarks Statistik,
169,voter_turnout,2013,2025,69.08,58.9,-14.74,forkert,4,Danmarks Statistik,
173,voter_turnout,2013,2025,74.04,71.99,-2.77,forkert,4,Danmarks Statistik,
175,voter_turnout,2013,2025,67.39,62.1,-7.85,forkert,4,Danmarks Statistik,
183,voter_turnout,2013,2025,67.24,57.49,-14.5,forkert,4,Danmarks Statistik,
185,voter_turnout,2013,2025,69.56,66.52,-4.37,forkert,4,Danmarks Statistik,
187,voter_turnout,2013,2025,73.57,65.01,-11.64,forkert,4,Danmarks Statistik,
190,voter_turnout,2013,2025,79.13,76.74,-3.02,forkert,4,Danmarks Statistik,
201,voter_turnout,2013,2025,81.99,79.66,-2.84,forkert,4,Danmarks Statistik,
210,voter_turnout,2013,2025,74.56,71.36,-4.29,forkert,4,Danmarks Statistik,
217,voter_turnout,2013,2025,73.84,70.49,-4.54,forkert,4,Danmarks Statistik,
219,voter_turnout,2013,2025,76.19,70.79,-7.09,forkert,4,Danmarks Statistik,
223,voter_turnout,2013,2025,77.08,75.98,-1.43,forkert,4,Danmarks Statistik,
230,voter_turnout,2013,2025,75.79,75.63,-0.21,stagneret,4,Danmarks Statistik,
240,voter_turnout,2013,2025,77.35,73.76,-4.64,forkert,4,Danmarks Statistik,
250,voter_turnout,2013,2025,73.41,71.03,-3.24,forkert,4,Danmarks Statistik,
253,voter_turnout,2013,2025,74.16,68.56,-7.55,forkert,4,Danmarks Statistik,
259,voter_turnout,2013,2025,75.94,71.44,-5.93,forkert,4,Danmarks Statistik,
260,voter_turnout,2013,2025,73.14,66.96,-8.45,forkert,4,Danmarks Statistik,
265,voter_turnout,2013,2025,73.73,72.84,-1.21,stagneret,4,Danmarks Statistik,
269,voter_turnout,2013,2025,76.77,74.33,-3.18,forkert,4,Danmarks Statistik,
270,voter_turnout,2013,2025,75.29,70.06,-6.95,forkert,4,Danmarks Statistik,
306,voter_turnout,2013,2025,73.85,69.45,-5.96,forkert,4,Danmarks Statistik,
316,voter_turnout,2013,2025,71.41,70.32,-1.53,forkert,4,Danmarks Statistik,
320,voter_turnout,2013,2025,72.47,66.85,-7.75,forkert,4,Danmarks Statistik,
326,voter_turnout,2013,2025,71.2,65.97,-7.35,forkert,4,Danmarks Statistik,
329,voter_turnout,2013,2025,73.28,67.97,-7.25,forkert,4,Danmarks Statistik,
330,voter_turnout,2013,2025,71.1,64.7,-9.0,forkert,4,Danmarks Statistik,
336,voter_turnout,2013,2025,75.19,71.04,-5.52,forkert,4,Danmarks Statistik,
340,voter_turnout,2013,2025,74.7,69.96,-6.35,forkert,4,Danmarks Statistik,
350,voter_turnout,2013,2025,80.62,75.05,-6.91,forkert,4,Danmarks Statistik,
360,voter_turnout,2013,2025,73.37,66.1,-9.91,forkert,4,Danmarks Statistik,
370,voter_turnout,2013,2025,74.01,68.6,-7.31,forkert,4,Danmarks Statistik,
376,voter_turnout,2013,2025,74.32,68.96,-7.21,forkert,4,Danmarks Statistik,
390,voter_turnout,2013,2025,75.85,70.97,-6.43,forkert,4,Danmarks Statistik,
400,voter_turnout,2013,2025,77.1,72.31,-6.21,forkert,4,Danmarks Statistik,
410,voter_turnout,2013,2025,76.98,73.7,-4.26,forkert,4,Danmarks Statistik,
420,voter_turnout,2013,2025,76.4,72.41,-5.22,forkert,4,Danmarks Statistik,
430,voter_turnout,2013,2025,76.51,71.38,-6.71,forkert,4,Danmarks Statistik,
440,voter_turnout,2013,2025,79.1,74.69,-5.58,forkert,4,Danmarks Statistik,
450,voter_turnout,2013,2025,77.33,73.91,-4.42,forkert,4,Danmarks Statistik,
461,voter_turnout,2013,2025,70.55,69.22,-1.89,forkert,4,Danmarks Statistik,
479,voter_turnout,2013,2025,76.21,73.3,-3.82,forkert,4,Danmarks Statistik,
480,voter_turnout,2013,2025,76.32,71.27,-6.62,forkert,4,Danmarks Statistik,
482,voter_turnout,2013,2025,77.26,73.94,-4.3,forkert,4,Danmarks Statistik,
492,voter_turnout,2013,2025,81.26,80.0,-1.55,forkert,4,Danmarks Statistik,
510,voter_turnout,2013,2025,74.09,66.63,-10.07,forkert,4,Danmarks Statistik,
530,voter_turnout,2013,2025,74.12,67.85,-8.46,forkert,4,Danmarks Statistik,
540,voter_turnout,2013,2025,74.15,68.84,-7.16,forkert,4,Danmarks Statistik,
550,voter_turnout,2013,2025,73.32,68.76,-6.22,forkert,4,Danmarks Statistik,
561,voter_turnout,2013,2025,68.94,65.12,-5.54,forkert,4,Danmarks Statistik,
563,voter_turnout,2013,2025,85.42,85.71,0.34,stagneret,4,Danmarks Statistik,
573,voter_turnout,2013,2025,73.4,68.92,-6.1,forkert,4,Danmarks Statistik,
575,voter_turnout,2013,2025,72.45,67.85,-6.35,forkert,4,Danmarks Statistik,
580,voter_turnout,2013,2025,71.85,66.44,-7.53,forkert,4,Danmarks Statistik,
607,voter_turnout,2013,2025,73.31,66.49,-9.3,forkert,4,Danmarks Statistik,
615,voter_turnout,2013,2025,70.48,64.61,-8.33,forkert,4,Danmarks Statistik,
621,voter_turnout,2013,2025,71.96,68.06,-5.42,forkert,4,Danmarks Statistik,
630,voter_turnout,2013,2025,71.3,68.29,-4.22,forkert,4,Danmarks Statistik,
657,voter_turnout,2013,2025,75.26,69.47,-7.69,forkert,4,Danmarks Statistik,
661,voter_turnout,2013,2025,78.52,72.51,-7.65,forkert,4,Danmarks Statistik,
665,voter_turnout,2013,2025,77.54,76.57,-1.25,stagneret,4,Danmarks Statistik,
671,voter_turnout,2013,2025,78.66,73.57,-6.47,forkert,4,Danmarks Statistik,
706,voter_turnout,2013,2025,74.83,72.68,-2.87,forkert,4,Danmarks Statistik,
707,voter_turnout,2013,2025,70.41,67.67,-3.89,forkert,4,Danmarks Statistik,
710,voter_turnout,2013,2025,78.03,75.69,-3.0,forkert,4,Danmarks Statistik,
727,voter_turnout,2013,2025,79.41,75.53,-4.89,forkert,4,Danmarks Statistik,
730,voter_turnout,2013,2025,72.68,67.36,-7.32,forkert,4,Danmarks Statistik,
740,voter_turnout,2013,2025,76.28,73.89,-3.13,forkert,4,Danmarks Statistik,
741,voter_turnout,2013,2025,82.29,80.88,-1.71,forkert,4,Danmarks Statistik,
746,voter_turnout,2013,2025,78.44,77.04,-1.78,forkert,4,Danmarks Statistik,
751,voter_turnout,2013,2025,70.5,71.62,1.59,rigtig,4,Danmarks Statistik,
756,voter_turnout,2013,2025,75.35,67.17,-10.86,forkert,4,Danmarks Statistik,
760,voter_turnout,2013,2025,76.03,72.19,-5.05,forkert,4,Danmarks Statistik,
766,voter_turnout,2013,2025,76.14,70.06,-7.99,forkert,4,Danmarks Statistik,
773,voter_turnout,2013,2025,79.99,75.69,-5.38,forkert,4,Danmarks Statistik,
779,voter_turnout,2013,2025,75.34,71.82,-4.67,forkert,4,Danmarks Statistik,
787,voter_turnout,2013,2025,74.97,72.17,-3.73,forkert,4,Danmarks Statistik,
791,voter_turnout,2013,2025,74.34,71.86,-3.34,forkert,4,Danmarks Statistik,
810,voter_turnout,2013,2025,75.67,70.95,-6.24,forkert,4,Danmarks Statistik,
813,voter_turnout,2013,2025,72.32,67.49,-6.68,forkert,4,Danmarks Statistik,
820,voter_turnout,2013,2025,73.82,68.73,-6.9,forkert,4,Danmarks Statistik,
825,voter_turnout,2013,2025,83.69,85.69,2.39,rigtig,4,Danmarks Statistik,
840,voter_turnout,2013,2025,80.75,76.14,-5.71,forkert,4,Danmarks Statistik,
846,voter_turnout,2013,2025,72.76,69.63,-4.3,forkert,4,Danmarks Statistik,
849,voter_turnout,2013,2025,76.95,73.12,-4.98,forkert,4,Danmarks Statistik,
851,voter_turnout,2013,2025,68.41,66.7,-2.5,forkert,4,Danmarks Statistik,
860,voter_turnout,2013,2025,74.03,69.53,-6.08,forkert,4,Danmarks Statistik,
101,voter_turnout_national,2011,2026,85.67,84.21,-1.7,forkert,5,Danmarks Statistik,
147,voter_turnout_national,2011,2026,89.27,87.54,-1.94,forkert,5,Danmarks Statistik,
151,voter_turnout_national,2011,2026,88.59,81.52,-7.98,forkert,5,Danmarks Statistik,
153,voter_turnout_national,2011,2026,84.4,75.63,-10.39,forkert,5,Danmarks Statistik,
155,voter_turnout_national,2011,2026,91.14,88.32,-3.09,forkert,5,Danmarks Statistik,
157,voter_turnout_national,2011,2026,91.27,89.4,-2.05,forkert,5,Danmarks Statistik,
159,voter_turnout_national,2011,2026,88.2,83.26,-5.6,forkert,5,Danmarks Statistik,
161,voter_turnout_national,2011,2026,87.3,80.52,-7.77,forkert,5,Danmarks Statistik,
163,voter_turnout_national,2011,2026,87.58,80.97,-7.55,forkert,5,Danmarks Statistik,
165,voter_turnout_national,2011,2026,86.99,77.76,-10.61,forkert,5,Danmarks Statistik,
167,voter_turnout_national,2011,2026,86.87,81.8,-5.84,forkert,5,Danmarks Statistik,
169,voter_turnout_national,2011,2026,86.81,79.17,-8.8,forkert,5,Danmarks Statistik,
173,voter_turnout_national,2011,2026,90.45,87.84,-2.89,forkert,5,Danmarks Statistik,
175,voter_turnout_national,2011,2026,86.86,81.07,-6.67,forkert,5,Danmarks Statistik,
183,voter_turnout_national,2011,2026,84.68,73.81,-12.84,forkert,5,Danmarks Statistik,
185,voter_turnout_national,2011,2026,87.43,83.33,-4.69,forkert,5,Danmarks Statistik,
187,voter_turnout_national,2011,2026,90.53,82.63,-8.73,forkert,5,Danmarks Statistik,
190,voter_turnout_national,2011,2026,91.46,88.82,-2.89,forkert,5,Danmarks Statistik,
201,voter_turnout_national,2011,2026,93.31,90.1,-3.44,forkert,5,Danmarks Statistik,
210,voter_turnout_national,2011,2026,89.88,85.78,-4.56,forkert,5,Danmarks Statistik,
217,voter_turnout_national,2011,2026,87.39,83.2,-4.79,forkert,5,Danmarks Statistik,
219,voter_turnout_national,2011,2026,90.26,85.85,-4.89,forkert,5,Danmarks Statistik,
223,voter_turnout_national,2011,2026,92.39,88.33,-4.39,forkert,5,Danmarks Statistik,
230,voter_turnout_national,2011,2026,92.2,89.4,-3.04,forkert,5,Danmarks Statistik,
240,voter_turnout_national,2011,2026,92.59,88.01,-4.95,forkert,5,Danmarks Statistik,
250,voter_turnout_national,2011,2026,88.31,84.04,-4.84,forkert,5,Danmarks Statistik,
253,voter_turnout_national,2011,2026,89.74,84.06,-6.33,forkert,5,Danmarks Statistik,
259,voter_turnout_national,2011,2026,89.01,83.88,-5.76,forkert,5,Danmarks Statistik,
260,voter_turnout_national,2011,2026,86.44,82.02,-5.11,forkert,5,Danmarks Statistik,
265,voter_turnout_national,2011,2026,90.11,86.52,-3.98,forkert,5,Danmarks Statistik,
269,voter_turnout_national,2011,2026,91.64,87.44,-4.58,forkert,5,Danmarks Statistik,
270,voter_turnout_national,2011,2026,89.36,84.78,-5.13,forkert,5,Danmarks Statistik,
306,voter_turnout_national,2011,2026,86.63,81.59,-5.82,forkert,5,Danmarks Statistik,
316,voter_turnout_national,2011,2026,87.37,83.21,-4.76,forkert,5,Danmarks Statistik,
320,voter_turnout_national,2011,2026,87.86,82.99,-5.54,forkert,5,Danmarks Statistik,
326,voter_turnout_national,2011,2026,86.04,80.85,-6.03,forkert,5,Danmarks Statistik,
329,voter_turnout_national,2011,2026,88.25,83.13,-5.8,forkert,5,Danmarks Statistik,
330,voter_turnout_national,2011,2026,85.67,79.46,-7.25,forkert,5,Danmarks Statistik,
336,voter_turnout_national,2011,2026,88.99,85.03,-4.45,forkert,5,Danmarks Statistik,
340,voter_turnout_national,2011,2026,87.87,83.83,-4.6,forkert,5,Danmarks Statistik,
350,voter_turnout_national,2011,2026,91.78,88.32,-3.77,forkert,5,Danmarks Statistik,
360,voter_turnout_national,2011,2026,84.23,76.94,-8.65,forkert,5,Danmarks Statistik,
370,voter_turnout_national,2011,2026,87.53,82.43,-5.83,forkert,5,Danmarks Statistik,
376,voter_turnout_national,2011,2026,86.4,80.85,-6.42,forkert,5,Danmarks Statistik,
390,voter_turnout_national,2011,2026,87.69,82.41,-6.02,forkert,5,Danmarks Statistik,
400,voter_turnout_national,2011,2026,85.24,80.71,-5.31,forkert,5,Danmarks Statistik,
410,voter_turnout_national,2011,2026,89.56,85.77,-4.23,forkert,5,Danmarks Statistik,
420,voter_turnout_national,2011,2026,88.39,84.44,-4.47,forkert,5,Danmarks Statistik,
430,voter_turnout_national,2011,2026,88.03,84.28,-4.26,forkert,5,Danmarks Statistik,
440,voter_turnout_national,2011,2026,89.81,84.69,-5.7,forkert,5,Danmarks Statistik,
450,voter_turnout_national,2011,2026,88.1,84.17,-4.46,forkert,5,Danmarks Statistik,
461,voter_turnout_national,2011,2026,86.9,82.6,-4.95,forkert,5,Danmarks Statistik,
479,voter_turnout_national,2011,2026,88.39,84.58,-4.31,forkert,5,Danmarks Statistik,
480,voter_turnout_national,2011,2026,87.77,84.11,-4.17,forkert,5,Danmarks Statistik,
482,voter_turnout_national,2011,2026,85.63,81.89,-4.37,forkert,5,Danmarks Statistik,
492,voter_turnout_national,2011,2026,87.66,84.23,-3.91,forkert,5,Danmarks Statistik,
510,voter_turnout_national,2011,2026,86.99,82.04,-5.69,forkert,5,Danmarks Statistik,
530,voter_turnout_national,2011,2026,87.83,83.39,-5.06,forkert,5,Danmarks Statistik,
540,voter_turnout_national,2011,2026,86.58,82.28,-4.97,forkert,5,Danmarks Statistik,
550,voter_turnout_national,2011,2026,85.43,82.24,-3.73,forkert,5,Danmarks Statistik,
561,voter_turnout_national,2011,2026,86.46,81.63,-5.59,forkert,5,Danmarks Statistik,
563,voter_turnout_national,2011,2026,90.95,89.3,-1.81,forkert,5,Danmarks Statistik,
573,voter_turnout_national,2011,2026,87.69,84.82,-3.27,forkert,5,Danmarks Statistik,
575,voter_turnout_national,2011,2026,87.41,83.96,-3.95,forkert,5,Danmarks Statistik,
580,voter_turnout_national,2011,2026,85.81,81.96,-4.49,forkert,5,Danmarks Statistik,
607,voter_turnout_national,2011,2026,87.11,81.5,-6.44,forkert,5,Danmarks Statistik,
615,voter_turnout_national,2011,2026,88.02,83.4,-5.25,forkert,5,Danmarks Statistik,
621,voter_turnout_national,2011,2026,87.69,83.14,-5.19,forkert,5,Danmarks Statistik,
630,voter_turnout_national,2011,2026,88.16,84.34,-4.33,forkert,5,Danmarks Statistik,
657,voter_turnout_national,2011,2026,88.76,84.64,-4.64,forkert,5,Danmarks Statistik,
661,voter_turnout_national,2011,2026,88.68,84.75,-4.43,forkert,5,Danmarks Statistik,
665,voter_turnout_national,2011,2026,87.67,85.84,-2.09,forkert,5,Danmarks Statistik,
671,voter_turnout_national,2011,2026,89.05,84.71,-4.87,forkert,5,Danmarks Statistik,
706,voter_turnout_national,2011,2026,87.93,85.92,-2.29,forkert,5,Danmarks Statistik,
707,voter_turnout_national,2011,2026,84.87,81.54,-3.92,forkert,5,Danmarks Statistik,
710,voter_turnout_national,2011,2026,90.01,88.14,-2.08,forkert,5,Danmarks Statistik,
727,voter_turnout_national,2011,2026,90.08,87.58,-2.78,forkert,5,Danmarks Statistik,
730,voter_turnout_national,2011,2026,86.36,81.84,-5.23,forkert,5,Danmarks Statistik,
740,voter_turnout_national,2011,2026,89.41,86.73,-3.0,forkert,5,Danmarks Statistik,
741,voter_turnout_national,2011,2026,87.42,85.7,-1.97,forkert,5,Danmarks Statistik,
746,voter_turnout_national,2011,2026,90.68,89.04,-1.81,forkert,5,Danmarks Statistik,
751,voter_turnout_national,2011,2026,88.97,86.34,-2.96,forkert,5,Danmarks Statistik,
756,voter_turnout_national,2011,2026,87.92,83.45,-5.08,forkert,5,Danmarks Statistik,
760,voter_turnout_national,2011,2026,88.53,84.77,-4.25,forkert,5,Danmarks Statistik,
766,voter_turnout_national,2011,2026,89.57,85.87,-4.13,forkert,5,Danmarks Statistik,
773,voter_turnout_national,2011,2026,87.15,82.53,-5.3,forkert,5,Danmarks Statistik,
779,voter_turnout_national,2011,2026,87.42,83.17,-4.86,forkert,5,Danmarks Statistik,
787,voter_turnout_national,2011,2026,87.14,84.01,-3.59,forkert,5,Danmarks Statistik,
791,voter_turnout_national,2011,2026,87.86,84.31,-4.04,forkert,5,Danmarks Statistik,
810,voter_turnout_national,2011,2026,87.8,84.34,-3.94,forkert,5,Danmarks Statistik,
813,voter_turnout_national,2011,2026,85.56,81.14,-5.17,forkert,5,Danmarks Statistik,
820,voter_turnout_national,2011,2026,85.11,81.91,-3.76,forkert,5,Danmarks Statistik,
825,voter_turnout_national,2011,2026,85.96,85.82,-0.16,stagneret,5,Danmarks Statistik,
840,voter_turnout_national,2011,2026,88.85,87.57,-1.44,forkert,5,Danmarks Statistik,
846,voter_turnout_national,2011,2026,85.63,82.99,-3.08,forkert,5,Danmarks Statistik,
849,voter_turnout_national,2011,2026,87.02,83.71,-3.8,forkert,5,Danmarks Statistik,
851,voter_turnout_national,2011,2026,86.65,83.26,-3.91,forkert,5,Danmarks Statistik,
860,voter_turnout_national,2011,2026,86.36,82.74,-4.19,forkert,5,Danmarks Statistik,
101,vulnerable_children,2015-2017,2023-2025,1.8667,2.3333,25.0,forkert,11,Danmarks Statistik,
147,vulnerable_children,2015-2017,2023-2025,1.1667,1.9333,65.71,forkert,11,Danmarks Statistik,
151,vulnerable_children,2015-2017,2023-2025,3.9,3.8333,-1.71,rigtig,11,Danmarks Statistik,
153,vulnerable_children,2015-2017,2023-2025,2.3667,3.2333,36.62,forkert,11,Danmarks Statistik,
155,vulnerable_children,2015-2017,2023-2025,1.2333,2.8333,129.73,forkert,11,Danmarks Statistik,
157,vulnerable_children,2015-2017,2023-2025,1.5333,2.4333,58.7,forkert,11,Danmarks Statistik,
159,vulnerable_children,2015-2017,2023-2025,2.2333,4.6333,107.46,forkert,11,Danmarks Statistik,
161,vulnerable_children,2015-2017,2023-2025,1.7,2.5,47.06,forkert,11,Danmarks Statistik,
163,vulnerable_children,2015-2017,2023-2025,2.3667,3.0333,28.17,forkert,11,Danmarks Statistik,
165,vulnerable_children,2015-2017,2023-2025,3.2,3.6,12.5,forkert,11,Danmarks Statistik,
167,vulnerable_children,2015-2017,2023-2025,2.9667,3.3333,12.36,forkert,11,Danmarks Statistik,
169,vulnerable_children,2015-2017,2023-2025,2.7333,3.7667,37.8,forkert,11,Danmarks Statistik,
173,vulnerable_children,2015-2017,2023-2025,1.9,2.4333,28.07,forkert,11,Danmarks Statistik,
175,vulnerable_children,2015-2017,2023-2025,2.6667,3.7333,40.0,forkert,11,Danmarks Statistik,
183,vulnerable_children,2015-2017,2023-2025,4.2667,3.9667,-7.03,rigtig,11,Danmarks Statistik,
185,vulnerable_children,2015-2017,2023-2025,1.5,1.9667,31.11,forkert,11,Danmarks Statistik,
187,vulnerable_children,2015-2017,2023-2025,2.1,3.3,57.14,forkert,11,Danmarks Statistik,
190,vulnerable_children,2015-2017,2023-2025,2.9667,4.8,61.8,forkert,11,Danmarks Statistik,
201,vulnerable_children,2015-2017,2023-2025,1.3667,2.7,97.56,forkert,11,Danmarks Statistik,
210,vulnerable_children,2015-2017,2023-2025,2.8667,4.3,50.0,forkert,11,Danmarks Statistik,
217,vulnerable_children,2015-2017,2023-2025,2.7,3.2333,19.75,forkert,11,Danmarks Statistik,
219,vulnerable_children,2015-2017,2023-2025,2.3667,3.2,35.21,forkert,11,Danmarks Statistik,
223,vulnerable_children,2015-2017,2023-2025,1.3,2.3667,82.05,forkert,11,Danmarks Statistik,
230,vulnerable_children,2015-2017,2023-2025,2.1,2.8667,36.51,forkert,11,Danmarks Statistik,
240,vulnerable_children,2015-2017,2023-2025,2.8667,2.7333,-4.65,rigtig,11,Danmarks Statistik,
250,vulnerable_children,2015-2017,2023-2025,2.6,4.4,69.23,forkert,11,Danmarks Statistik,
253,vulnerable_children,2015-2017,2023-2025,2.4,2.9,20.83,forkert,11,Danmarks Statistik,
259,vulnerable_children,2015-2017,2023-2025,2.3667,4.5,90.14,forkert,11,Danmarks Statistik,
260,vulnerable_children,2015-2017,2023-2025,4.4,6.4333,46.21,forkert,11,Danmarks Statistik,
265,vulnerable_children,2015-2017,2023-2025,2.2667,3.3333,47.06,forkert,11,Danmarks Statistik,
269,vulnerable_children,2015-2017,2023-2025,1.6,2.4,50.0,forkert,11,Danmarks Statistik,
270,vulnerable_children,2015-2017,2023-2025,3.6,5.5333,53.7,forkert,11,Danmarks Statistik,
306,vulnerable_children,2015-2017,2023-2025,6.1333,4.5,-26.63,rigtig,11,Danmarks Statistik,
316,vulnerable_children,2015-2017,2023-2025,3.1333,3.8333,22.34,forkert,11,Danmarks Statistik,
320,vulnerable_children,2015-2017,2023-2025,3.4333,5.1667,50.49,forkert,11,Danmarks Statistik,
326,vulnerable_children,2015-2017,2023-2025,3.7667,6.0,59.29,forkert,11,Danmarks Statistik,
329,vulnerable_children,2015-2017,2023-2025,3.2,3.6,12.5,forkert,11,Danmarks Statistik,
330,vulnerable_children,2015-2017,2023-2025,2.8333,6.0,111.76,forkert,11,Danmarks Statistik,
336,vulnerable_children,2015-2017,2023-2025,4.5667,3.7667,-17.52,rigtig,11,Danmarks Statistik,
340,vulnerable_children,2015-2017,2023-2025,4.3,4.0667,-5.43,rigtig,11,Danmarks Statistik,
350,vulnerable_children,2015-2017,2023-2025,2.1333,2.9333,37.5,forkert,11,Danmarks Statistik,
360,vulnerable_children,2015-2017,2023-2025,6.1,7.8,27.87,forkert,11,Danmarks Statistik,
370,vulnerable_children,2015-2017,2023-2025,2.7667,4.5,62.65,forkert,11,Danmarks Statistik,
376,vulnerable_children,2015-2017,2023-2025,3.5333,8.4667,139.62,forkert,11,Danmarks Statistik,
390,vulnerable_children,2015-2017,2023-2025,3.1667,5.8333,84.21,forkert,11,Danmarks Statistik,
400,vulnerable_children,2015-2017,2023-2025,3.4667,6.0667,75.0,forkert,11,Danmarks Statistik,
410,vulnerable_children,2015-2017,2023-2025,3.5333,3.9333,11.32,forkert,11,Danmarks Statistik,
420,vulnerable_children,2015-2017,2023-2025,3.6,4.4333,23.15,forkert,11,Danmarks Statistik,
430,vulnerable_children,2015-2017,2023-2025,3.3333,4.4333,33.0,forkert,11,Danmarks Statistik,
440,vulnerable_children,2015-2017,2023-2025,2.5,4.7,88.0,forkert,11,Danmarks Statistik,
450,vulnerable_children,2015-2017,2023-2025,2.8,4.5333,61.9,forkert,11,Danmarks Statistik,
461,vulnerable_children,2015-2017,2023-2025,2.2333,3.9,74.63,forkert,11,Danmarks Statistik,
479,vulnerable_children,2015-2017,2023-2025,5.1,3.8667,-24.18,rigtig,11,Danmarks Statistik,
480,vulnerable_children,2015-2017,2023-2025,1.9667,3.9333,100.0,forkert,11,Danmarks Statistik,
482,vulnerable_children,2015-2017,2023-2025,4.8,6.6,37.5,forkert,11,Danmarks Statistik,
492,vulnerable_children,2015-2017,2023-2025,3.1,4.8333,55.91,forkert,11,Danmarks Statistik,
510,vulnerable_children,2015-2017,2023-2025,3.0333,4.2667,40.66,forkert,11,Danmarks Statistik,
530,vulnerable_children,2015-2017,2023-2025,4.1333,4.2333,2.42,forkert,11,Danmarks Statistik,
540,vulnerable_children,2015-2017,2023-2025,3.7333,4.8333,29.46,forkert,11,Danmarks Statistik,
550,vulnerable_children,2015-2017,2023-2025,4.2333,4.9333,16.54,forkert,11,Danmarks Statistik,
561,vulnerable_children,2015-2017,2023-2025,5.1333,4.0333,-21.43,rigtig,11,Danmarks Statistik,
563,vulnerable_children,2015-2017,2022-2025,2.3333,1.1,-52.86,rigtig,10,Danmarks Statistik,
573,vulnerable_children,2015-2017,2023-2025,4.9333,4.6667,-5.41,rigtig,11,Danmarks Statistik,
575,vulnerable_children,2015-2017,2023-2025,3.1667,4.2333,33.68,forkert,11,Danmarks Statistik,
580,vulnerable_children,2015-2017,2023-2025,3.7,5.5,48.65,forkert,11,Danmarks Statistik,
607,vulnerable_children,2015-2017,2023-2025,3.7667,5.1,35.4,forkert,11,Danmarks Statistik,
615,vulnerable_children,2015-2017,2023-2025,2.6333,2.9333,11.39,forkert,11,Danmarks Statistik,
621,vulnerable_children,2015-2017,2023-2025,2.5333,3.6,42.11,forkert,11,Danmarks Statistik,
630,vulnerable_children,2015-2017,2023-2025,2.7,3.3667,24.69,forkert,11,Danmarks Statistik,
657,vulnerable_children,2015-2017,2023-2025,2.8,2.9333,4.76,forkert,11,Danmarks Statistik,
661,vulnerable_children,2015-2017,2023-2025,2.8333,2.9,2.35,forkert,11,Danmarks Statistik,
665,vulnerable_children,2015-2017,2023-2025,3.0667,4.8333,57.61,forkert,11,Danmarks Statistik,
671,vulnerable_children,2015-2017,2023-2025,4.1,4.1,0.0,stagneret,11,Danmarks Statistik,
706,vulnerable_children,2015-2017,2023-2025,4.6,3.4667,-24.64,rigtig,11,Danmarks Statistik,
707,vulnerable_children,2015-2017,2023-2025,5.6333,6.0667,7.69,forkert,11,Danmarks Statistik,
710,vulnerable_children,2015-2017,2023-2025,2.7,2.3667,-12.35,rigtig,11,Danmarks Statistik,
727,vulnerable_children,2015-2017,2023-2025,4.1,3.8,-7.32,rigtig,11,Danmarks Statistik,
730,vulnerable_children,2015-2017,2023-2025,2.7333,3.2,17.07,forkert,11,Danmarks Statistik,
740,vulnerable_children,2015-2017,2023-2025,2.1333,2.9,35.94,forkert,11,Danmarks Statistik,
741,vulnerable_children,2015-2017,2023-2025,5.5667,9.9,77.84,forkert,11,Danmarks Statistik,
746,vulnerable_children,2015-2017,2023-2025,1.8,1.8667,3.7,forkert,11,Danmarks Statistik,
751,vulnerable_children,2015-2017,2023-2025,2.4667,2.0667,-16.22,rigtig,11,Danmarks Statistik,
756,vulnerable_children,2015-2017,2023-2025,1.4667,2.6333,79.55,forkert,11,Danmarks Statistik,
760,vulnerable_children,2015-2017,2023-2025,3.1667,3.5333,11.58,forkert,11,Danmarks Statistik,
766,vulnerable_children,2015-2017,2023-2025,3.3333,2.9667,-11.0,rigtig,11,Danmarks Statistik,
773,vulnerable_children,2015-2017,2023-2025,5.2667,5.0667,-3.8,rigtig,11,Danmarks Statistik,
779,vulnerable_children,2015-2017,2023-2025,3.4333,3.8667,12.62,forkert,11,Danmarks Statistik,
787,vulnerable_children,2015-2017,2023-2025,3.7333,4.3333,16.07,forkert,11,Danmarks Statistik,
791,vulnerable_children,2015-2017,2023-2025,3.2333,2.9333,-9.28,rigtig,11,Danmarks Statistik,
810,vulnerable_children,2015-2017,2023-2025,3.9333,5.3667,36.44,forkert,11,Danmarks Statistik,
813,vulnerable_children,2015-2017,2023-2025,3.8667,5.7667,49.14,forkert,11,Danmarks Statistik,
820,vulnerable_children,2015-2017,2023-2025,4.6,4.3667,-5.07,rigtig,11,Danmarks Statistik,
825,vulnerable_children,2015-2017,2023-2025,4.0667,4.4333,9.02,forkert,11,Danmarks Statistik,
840,vulnerable_children,2015-2017,2023-2025,2.1667,3.0333,40.0,forkert,11,Danmarks Statistik,
846,vulnerable_children,2015-2017,2023-2025,3.9333,4.2,6.78,forkert,11,Danmarks Statistik,
849,vulnerable_children,2015-2017,2023-2025,4.5667,5.0,9.49,forkert,11,Danmarks Statistik,
851,vulnerable_children,2015-2017,2023-2025,2.5333,3.8333,51.32,forkert,11,Danmarks Statistik,
860,vulnerable_children,2015-2017,2023-2025,2.9667,4.6333,56.18,forkert,11,Danmarks Statistik,
147,wellbeing,2015-2017,2024-2026,3.7,3.6067,-2.52,forkert,12,Danmarks Statistik,
151,wellbeing,2015-2017,2024-2026,3.6667,3.5867,-2.18,forkert,12,Danmarks Statistik,
153,wellbeing,2015-2017,2024-2026,3.7067,3.5067,-5.4,forkert,12,Danmarks Statistik,
155,wellbeing,2015-2017,2024-2026,3.76,3.66,-2.66,forkert,12,Danmarks Statistik,
161,wellbeing,2015-2017,2024-2026,3.64,3.4933,-4.03,forkert,12,Danmarks Statistik,
163,wellbeing,2015-2017,2024-2026,3.6533,3.5133,-3.83,forkert,12,Danmarks Statistik,
165,wellbeing,2015-2017,2024-2026,3.64,3.54,-2.75,forkert,12,Danmarks Statistik,
167,wellbeing,2015-2017,2024-2026,3.6867,3.52,-4.52,forkert,12,Danmarks Statistik,
169,wellbeing,2015-2017,2024-2026,3.6467,3.4867,-4.39,forkert,12,Danmarks Statistik,
173,wellbeing,2015-2017,2024-2026,3.82,3.6867,-3.49,forkert,12,Danmarks Statistik,
175,wellbeing,2015-2017,2024-2026,3.68,3.5133,-4.53,forkert,12,Danmarks Statistik,
183,wellbeing,2015-2017,2024-2026,3.66,3.5867,-2.0,forkert,12,Danmarks Statistik,
185,wellbeing,2015-2017,2024-2026,3.66,3.5067,-4.19,forkert,12,Danmarks Statistik,
187,wellbeing,2015-2017,2024-2026,3.7333,3.5933,-3.75,forkert,12,Danmarks Statistik,
190,wellbeing,2015-2017,2024-2026,3.7933,3.66,-3.51,forkert,12,Danmarks Statistik,
201,wellbeing,2015-2017,2024-2026,3.7733,3.68,-2.47,forkert,12,Danmarks Statistik,
210,wellbeing,2015-2017,2024-2026,3.8267,3.58,-6.45,forkert,12,Danmarks Statistik,
217,wellbeing,2015-2017,2024-2026,3.6933,3.56,-3.61,forkert,12,Danmarks Statistik,
219,wellbeing,2015-2017,2024-2026,3.7067,3.5533,-4.14,forkert,12,Danmarks Statistik,
223,wellbeing,2015-2017,2024-2026,3.8467,3.6733,-4.51,forkert,12,Danmarks Statistik,
230,wellbeing,2015-2017,2024-2026,3.82,3.6467,-4.54,forkert,12,Danmarks Statistik,
240,wellbeing,2015-2017,2024-2026,3.6467,3.4733,-4.75,forkert,12,Danmarks Statistik,
250,wellbeing,2015-2017,2024-2026,3.6267,3.5467,-2.21,forkert,12,Danmarks Statistik,
253,wellbeing,2015-2017,2024-2026,3.72,3.54,-4.84,forkert,12,Danmarks Statistik,
259,wellbeing,2015-2017,2024-2026,3.6933,3.5467,-3.97,forkert,12,Danmarks Statistik,
260,wellbeing,2015-2017,2024-2026,3.5867,3.4467,-3.9,forkert,12,Danmarks Statistik,
265,wellbeing,2015-2017,2024-2026,3.76,3.56,-5.32,forkert,12,Danmarks Statistik,
269,wellbeing,2015-2017,2024-2026,3.7333,3.6,-3.57,forkert,12,Danmarks Statistik,
270,wellbeing,2015-2017,2024-2026,3.6533,3.46,-5.29,forkert,12,Danmarks Statistik,
306,wellbeing,2015-2017,2024-2026,3.6067,3.4667,-3.88,forkert,12,Danmarks Statistik,
316,wellbeing,2015-2017,2024-2026,3.6533,3.48,-4.74,forkert,12,Danmarks Statistik,
320,wellbeing,2015-2017,2024-2026,3.6467,3.3867,-7.13,forkert,12,Danmarks Statistik,
326,wellbeing,2015-2017,2024-2026,3.5867,3.5,-2.42,forkert,12,Danmarks Statistik,
329,wellbeing,2015-2017,2024-2026,3.68,3.5533,-3.44,forkert,12,Danmarks Statistik,
330,wellbeing,2015-2017,2024-2026,3.68,3.54,-3.8,forkert,12,Danmarks Statistik,
336,wellbeing,2015-2017,2024-2026,3.6333,3.4733,-4.4,forkert,12,Danmarks Statistik,
340,wellbeing,2015-2017,2024-2026,3.6267,3.5267,-2.76,forkert,12,Danmarks Statistik,
350,wellbeing,2015-2017,2024-2026,3.6533,3.48,-4.74,forkert,12,Danmarks Statistik,
360,wellbeing,2015-2017,2024-2026,3.6333,3.52,-3.12,forkert,12,Danmarks Statistik,
370,wellbeing,2015-2017,2024-2026,3.7,3.5467,-4.14,forkert,12,Danmarks Statistik,
376,wellbeing,2015-2017,2024-2026,3.6733,3.52,-4.17,forkert,12,Danmarks Statistik,
390,wellbeing,2015-2017,2024-2026,3.6133,3.54,-2.03,forkert,12,Danmarks Statistik,
400,wellbeing,2015-2017,2024-2026,3.5867,3.4933,-2.6,forkert,12,Danmarks Statistik,
410,wellbeing,2015-2017,2024-2026,3.7733,3.6,-4.59,forkert,12,Danmarks Statistik,
420,wellbeing,2015-2017,2024-2026,3.6867,3.54,-3.98,forkert,12,Danmarks Statistik,
430,wellbeing,2015-2017,2024-2026,3.6667,3.48,-5.09,forkert,12,Danmarks Statistik,
440,wellbeing,2015-2017,2024-2026,3.7533,3.54,-5.68,forkert,12,Danmarks Statistik,
450,wellbeing,2015-2017,2024-2026,3.6867,3.5267,-4.34,forkert,12,Danmarks Statistik,
461,wellbeing,2015-2017,2024-2026,3.7533,3.5933,-4.26,forkert,12,Danmarks Statistik,
479,wellbeing,2015-2017,2024-2026,3.7267,3.5667,-4.29,forkert,12,Danmarks Statistik,
480,wellbeing,2015-2017,2024-2026,3.76,3.56,-5.32,forkert,12,Danmarks Statistik,
482,wellbeing,2015-2017,2024-2026,3.7,3.52,-4.86,forkert,12,Danmarks Statistik,
492,wellbeing,2015-2017,2024-2026,3.6867,3.5333,-4.16,forkert,12,Danmarks Statistik,
510,wellbeing,2015-2017,2024-2026,3.74,3.58,-4.28,forkert,12,Danmarks Statistik,
530,wellbeing,2015-2017,2024-2026,3.7,3.44,-7.03,forkert,12,Danmarks Statistik,
540,wellbeing,2015-2017,2024-2026,3.76,3.6,-4.26,forkert,12,Danmarks Statistik,
550,wellbeing,2015-2017,2024-2026,3.64,3.5467,-2.56,forkert,12,Danmarks Statistik,
561,wellbeing,2015-2017,2024-2026,3.84,3.5867,-6.6,forkert,12,Danmarks Statistik,
563,wellbeing,2015-2017,2024-2026,3.72,3.5267,-5.2,forkert,12,Danmarks Statistik,
573,wellbeing,2015-2017,2024-2026,3.6867,3.54,-3.98,forkert,12,Danmarks Statistik,
575,wellbeing,2015-2017,2024-2026,3.7133,3.54,-4.67,forkert,12,Danmarks Statistik,
580,wellbeing,2015-2017,2024-2026,3.6733,3.56,-3.09,forkert,12,Danmarks Statistik,
607,wellbeing,2015-2017,2024-2026,3.6867,3.54,-3.98,forkert,12,Danmarks Statistik,
615,wellbeing,2015-2017,2024-2026,3.7333,3.5533,-4.82,forkert,12,Danmarks Statistik,
621,wellbeing,2015-2017,2024-2026,3.8133,3.6333,-4.72,forkert,12,Danmarks Statistik,
630,wellbeing,2015-2017,2024-2026,3.8267,3.58,-6.45,forkert,12,Danmarks Statistik,
657,wellbeing,2015-2017,2024-2026,3.7867,3.6667,-3.17,forkert,12,Danmarks Statistik,
661,wellbeing,2015-2017,2024-2026,3.7867,3.62,-4.4,forkert,12,Danmarks Statistik,
665,wellbeing,2015-2017,2024-2026,3.8067,3.6067,-5.25,forkert,12,Danmarks Statistik,
671,wellbeing,2015-2017,2024-2026,3.74,3.6067,-3.57,forkert,12,Danmarks Statistik,
706,wellbeing,2015-2017,2024-2026,3.6733,3.52,-4.17,forkert,12,Danmarks Statistik,
707,wellbeing,2015-2017,2024-2026,3.5933,3.4733,-3.34,forkert,12,Danmarks Statistik,
710,wellbeing,2015-2017,2024-2026,3.7733,3.5933,-4.77,forkert,12,Danmarks Statistik,
727,wellbeing,2015-2017,2024-2026,3.6867,3.52,-4.52,forkert,12,Danmarks Statistik,
730,wellbeing,2015-2017,2024-2026,3.6933,3.5933,-2.71,forkert,12,Danmarks Statistik,
740,wellbeing,2015-2017,2024-2026,3.7533,3.5733,-4.8,forkert,12,Danmarks Statistik,
741,wellbeing,2015-2017,2024-2026,3.6267,3.4267,-5.51,forkert,12,Danmarks Statistik,
746,wellbeing,2015-2017,2024-2026,3.72,3.6267,-2.51,forkert,12,Danmarks Statistik,
751,wellbeing,2015-2017,2024-2026,3.7333,3.6133,-3.21,forkert,12,Danmarks Statistik,
756,wellbeing,2015-2017,2024-2026,3.72,3.6267,-2.51,forkert,12,Danmarks Statistik,
760,wellbeing,2015-2017,2024-2026,3.76,3.6467,-3.01,forkert,12,Danmarks Statistik,
766,wellbeing,2015-2017,2024-2026,3.72,3.58,-3.76,forkert,12,Danmarks Statistik,
773,wellbeing,2015-2017,2024-2026,3.7333,3.5133,-5.89,forkert,12,Danmarks Statistik,
779,wellbeing,2015-2017,2024-2026,3.74,3.5933,-3.92,forkert,12,Danmarks Statistik,
787,wellbeing,2015-2017,2024-2026,3.7733,3.5733,-5.3,forkert,12,Danmarks Statistik,
791,wellbeing,2015-2017,2024-2026,3.7333,3.5667,-4.46,forkert,12,Danmarks Statistik,
810,wellbeing,2015-2017,2024-2026,3.7867,3.6067,-4.75,forkert,12,Danmarks Statistik,
813,wellbeing,2015-2017,2024-2026,3.6533,3.54,-3.1,forkert,12,Danmarks Statistik,
820,wellbeing,2015-2017,2024-2026,3.66,3.6,-1.64,forkert,12,Danmarks Statistik,
825,wellbeing,2015-2017,2024-2026,3.6267,3.5733,-1.47,forkert,11,Danmarks Statistik,
840,wellbeing,2015-2017,2024-2026,3.7333,3.5867,-3.93,forkert,12,Danmarks Statistik,
846,wellbeing,2015-2017,2024-2026,3.7467,3.64,-2.85,forkert,12,Danmarks Statistik,
849,wellbeing,2015-2017,2024-2026,3.7267,3.5533,-4.65,forkert,12,Danmarks Statistik,
851,wellbeing,2015-2017,2024-2026,3.74,3.5933,-3.92,forkert,12,Danmarks Statistik,
860,wellbeing,2015-2017,2024-2026,3.6867,3.6067,-2.17,forkert,12,Danmarks Statistik,
101,youth_education,2010-2012,2021-2023,78.1333,85.6667,9.64,rigtig,14,Danmarks Statistik,
147,youth_education,2010-2012,2021-2023,83.4333,88.7333,6.35,rigtig,14,Danmarks Statistik,
151,youth_education,2010-2012,2021-2023,83.7667,86.3,3.02,rigtig,14,Danmarks Statistik,
153,youth_education,2010-2012,2021-2023,78.7,85.3,8.39,rigtig,14,Danmarks Statistik,
155,youth_education,2010-2012,2021-2023,88.4333,90.5667,2.41,rigtig,14,Danmarks Statistik,
157,youth_education,2010-2012,2021-2023,91.0667,93.2,2.34,rigtig,14,Danmarks Statistik,
159,youth_education,2010-2012,2021-2023,85.3333,88.1333,3.28,rigtig,14,Danmarks Statistik,
161,youth_education,2010-2012,2021-2023,82.5667,87.3667,5.81,rigtig,14,Danmarks Statistik,
163,youth_education,2010-2012,2021-2023,80.9667,85.9,6.09,rigtig,14,Danmarks Statistik,
165,youth_education,2010-2012,2021-2023,79.5667,84.0333,5.61,rigtig,14,Danmarks Statistik,
167,youth_education,2010-2012,2021-2023,80.7667,85.4333,5.78,rigtig,14,Danmarks Statistik,
169,youth_education,2010-2012,2021-2023,80.3667,85.3667,6.22,rigtig,14,Danmarks Statistik,
173,youth_education,2010-2012,2021-2023,91.1333,92.6333,1.65,rigtig,14,Danmarks Statistik,
175,youth_education,2010-2012,2021-2023,81.6667,85.3333,4.49,rigtig,14,Danmarks Statistik,
183,youth_education,2010-2012,2021-2023,76.1333,84.0,10.33,rigtig,14,Danmarks Statistik,
185,youth_education,2010-2012,2021-2023,79.8667,86.4,8.18,rigtig,14,Danmarks Statistik,
187,youth_education,2010-2012,2021-2023,86.3667,90.5667,4.86,rigtig,14,Danmarks Statistik,
190,youth_education,2010-2012,2021-2023,88.9,91.0333,2.4,rigtig,14,Danmarks Statistik,
201,youth_education,2010-2012,2021-2023,91.4333,93.4667,2.22,rigtig,14,Danmarks Statistik,
210,youth_education,2010-2012,2021-2023,85.9,89.7333,4.46,rigtig,14,Danmarks Statistik,
217,youth_education,2010-2012,2021-2023,83.5333,87.4667,4.71,rigtig,14,Danmarks Statistik,
219,youth_education,2010-2012,2021-2023,88.2667,89.5333,1.44,tempo,14,Danmarks Statistik,
223,youth_education,2010-2012,2021-2023,91.5333,93.0333,1.64,rigtig,14,Danmarks Statistik,
230,youth_education,2010-2012,2021-2023,91.3333,93.0667,1.9,rigtig,14,Danmarks Statistik,
240,youth_education,2010-2012,2021-2023,87.8,90.3667,2.92,rigtig,14,Danmarks Statistik,
250,youth_education,2010-2012,2021-2023,83.1,86.0333,3.53,rigtig,14,Danmarks Statistik,
253,youth_education,2010-2012,2021-2023,84.7,87.6,3.42,rigtig,14,Danmarks Statistik,
259,youth_education,2010-2012,2021-2023,82.2333,86.3667,5.03,rigtig,14,Danmarks Statistik,
260,youth_education,2010-2012,2021-2023,81.7667,82.6,1.02,stagneret,14,Danmarks Statistik,
265,youth_education,2010-2012,2021-2023,86.6333,89.9,3.77,rigtig,14,Danmarks Statistik,
269,youth_education,2010-2012,2021-2023,88.0667,89.8667,2.04,rigtig,14,Danmarks Statistik,
270,youth_education,2010-2012,2021-2023,81.4,85.3,4.79,rigtig,14,Danmarks Statistik,
306,youth_education,2010-2012,2021-2023,77.6333,80.4333,3.61,rigtig,14,Danmarks Statistik,
316,youth_education,2010-2012,2021-2023,81.3333,82.8333,1.84,rigtig,14,Danmarks Statistik,
320,youth_education,2010-2012,2021-2023,81.6,79.9,-2.08,forkert,14,Danmarks Statistik,
326,youth_education,2010-2012,2021-2023,80.1333,81.1,1.21,stagneret,14,Danmarks Statistik,
329,youth_education,2010-2012,2021-2023,82.0,83.9,2.32,rigtig,14,Danmarks Statistik,
330,youth_education,2010-2012,2021-2023,80.2667,82.6667,2.99,rigtig,14,Danmarks Statistik,
336,youth_education,2010-2012,2021-2023,82.2,83.4667,1.54,tempo,14,Danmarks Statistik,
340,youth_education,2010-2012,2021-2023,82.9333,82.8667,-0.08,stagneret,14,Danmarks Statistik,
350,youth_education,2010-2012,2021-2023,86.2,87.8,1.86,rigtig,14,Danmarks Statistik,
360,youth_education,2010-2012,2021-2023,77.8333,76.7333,-1.41,forkert,14,Danmarks Statistik,
370,youth_education,2010-2012,2021-2023,83.3333,84.2667,1.12,stagneret,14,Danmarks Statistik,
376,youth_education,2010-2012,2021-2023,81.7333,82.4,0.82,stagneret,14,Danmarks Statistik,
390,youth_education,2010-2012,2021-2023,80.4,81.0667,0.83,stagneret,14,Danmarks Statistik,
400,youth_education,2010-2012,2021-2023,81.4333,84.3667,3.6,rigtig,14,Danmarks Statistik,
410,youth_education,2010-2012,2021-2023,84.5333,86.7,2.56,rigtig,14,Danmarks Statistik,
420,youth_education,2010-2012,2021-2023,83.2,81.5333,-2.0,forkert,14,Danmarks Statistik,
430,youth_education,2010-2012,2021-2023,82.8667,82.8,-0.08,stagneret,14,Danmarks Statistik,
440,youth_education,2010-2012,2021-2023,81.5333,83.8333,2.82,rigtig,14,Danmarks Statistik,
450,youth_education,2010-2012,2021-2023,81.3667,83.4,2.5,rigtig,14,Danmarks Statistik,
461,youth_education,2010-2012,2021-2023,81.9,86.0333,5.05,rigtig,14,Danmarks Statistik,
479,youth_education,2010-2012,2021-2023,81.4,85.6333,5.2,rigtig,14,Danmarks Statistik,
480,youth_education,2010-2012,2021-2023,81.4667,82.5,1.27,tempo,14,Danmarks Statistik,
482,youth_education,2010-2012,2021-2023,79.9667,78.3333,-2.04,forkert,14,Danmarks Statistik,
492,youth_education,2010-2012,2021-2023,84.1,77.9667,-7.29,forkert,14,Danmarks Statistik,
510,youth_education,2010-2012,2021-2023,86.2667,83.7333,-2.94,forkert,14,Danmarks Statistik,
530,youth_education,2010-2012,2021-2023,85.7667,83.6667,-2.45,forkert,14,Danmarks Statistik,
540,youth_education,2010-2012,2021-2023,83.9333,84.7333,0.95,stagneret,14,Danmarks Statistik,
550,youth_education,2010-2012,2021-2023,84.3333,81.9667,-2.81,forkert,14,Danmarks Statistik,
561,youth_education,2010-2012,2021-2023,82.7333,84.6,2.26,rigtig,14,Danmarks Statistik,
563,youth_education,2010-2012,2021-2023,79.3667,82.3,3.7,rigtig,14,Danmarks Statistik,
573,youth_education,2010-2012,2021-2023,86.3,83.7667,-2.94,forkert,14,Danmarks Statistik,
575,youth_education,2010-2012,2021-2023,85.2,83.9,-1.53,forkert,14,Danmarks Statistik,
580,youth_education,2010-2012,2021-2023,82.2667,80.9,-1.66,forkert,14,Danmarks Statistik,
607,youth_education,2010-2012,2021-2023,82.9333,83.6667,0.88,stagneret,14,Danmarks Statistik,
615,youth_education,2010-2012,2021-2023,82.0667,84.9333,3.49,rigtig,14,Danmarks Statistik,
621,youth_education,2010-2012,2021-2023,84.9667,86.8667,2.24,rigtig,14,Danmarks Statistik,
630,youth_education,2010-2012,2021-2023,84.9667,84.7333,-0.27,stagneret,14,Danmarks Statistik,
657,youth_education,2010-2012,2021-2023,86.4,85.5667,-0.96,stagneret,14,Danmarks Statistik,
661,youth_education,2010-2012,2021-2023,86.3333,86.6,0.31,stagneret,14,Danmarks Statistik,
665,youth_education,2010-2012,2021-2023,86.3333,86.5,0.19,stagneret,14,Danmarks Statistik,
671,youth_education,2010-2012,2021-2023,84.3333,82.9333,-1.66,forkert,14,Danmarks Statistik,
706,youth_education,2010-2012,2021-2023,84.7,83.3333,-1.61,forkert,14,Danmarks Statistik,
707,youth_education,2010-2012,2021-2023,81.4667,79.0333,-2.99,forkert,14,Danmarks Statistik,
710,youth_education,2010-2012,2021-2023,86.3333,86.3,-0.04,stagneret,14,Danmarks Statistik,
727,youth_education,2010-2012,2021-2023,84.6667,83.7667,-1.06,stagneret,14,Danmarks Statistik,
730,youth_education,2010-2012,2021-2023,84.1,85.8333,2.06,rigtig,14,Danmarks Statistik,
740,youth_education,2010-2012,2021-2023,87.2,87.2333,0.04,stagneret,14,Danmarks Statistik,
741,youth_education,2010-2012,2021-2023,78.0,79.1333,1.45,tempo,14,Danmarks Statistik,
746,youth_education,2010-2012,2021-2023,86.6667,87.6667,1.15,tempo,14,Danmarks Statistik,
751,youth_education,2010-2012,2021-2023,83.5,85.6,2.51,rigtig,14,Danmarks Statistik,
756,youth_education,2010-2012,2021-2023,84.4333,84.0333,-0.47,stagneret,14,Danmarks Statistik,
760,youth_education,2010-2012,2021-2023,88.5,85.6333,-3.24,forkert,14,Danmarks Statistik,
766,youth_education,2010-2012,2021-2023,85.3333,81.5333,-4.45,forkert,14,Danmarks Statistik,
773,youth_education,2010-2012,2021-2023,82.5333,81.6333,-1.09,stagneret,14,Danmarks Statistik,
779,youth_education,2010-2012,2021-2023,86.9667,85.6,-1.57,forkert,14,Danmarks Statistik,
787,youth_education,2010-2012,2021-2023,81.8333,84.0,2.65,rigtig,14,Danmarks Statistik,
791,youth_education,2010-2012,2021-2023,86.3667,85.0333,-1.54,forkert,14,Danmarks Statistik,
810,youth_education,2010-2012,2021-2023,85.1333,84.6,-0.63,stagneret,14,Danmarks Statistik,
813,youth_education,2010-2012,2021-2023,84.0333,82.9667,-1.27,forkert,14,Danmarks Statistik,
820,youth_education,2010-2012,2021-2023,82.1333,81.9,-0.28,stagneret,14,Danmarks Statistik,
825,youth_education,2010-2012,2021-2023,78.7667,76.1,-3.39,forkert,14,Danmarks Statistik,
840,youth_education,2010-2012,2021-2023,85.5667,85.7,0.16,stagneret,14,Danmarks Statistik,
846,youth_education,2010-2012,2021-2023,84.5,83.6,-1.07,stagneret,14,Danmarks Statistik,
849,youth_education,2010-2012,2021-2023,85.0333,82.8,-2.63,forkert,14,Danmarks Statistik,
851,youth_education,2010-2012,2021-2023,84.4333,86.5333,2.49,rigtig,14,Danmarks Statistik,
860,youth_education,2010-2012,2021-2023,84.7,82.3,-2.83,forkert,14,Danmarks Statistik,
